<xilinx:hls_fe_msgs>
    <msg msg_groups="" msg_id="207-2709" msg_severity="ERROR" msg_loc="../fpga_hls_LinearSolver/linearsolver.h:24:69" msg_body="'x' declared as array of references of type 'THETA_TYPE &amp;' (aka 'ap_fixed&lt;16, 3&gt; &amp;')">
        <args/>
    </msg>
    <msg msg_groups="" msg_id="207-2709" msg_severity="ERROR" msg_loc="../fpga_hls_LinearSolver/linearsolver.cpp:14:69" msg_body="'x' declared as array of references of type 'THETA_TYPE &amp;' (aka 'ap_fixed&lt;16, 3&gt; &amp;')">
        <args/>
    </msg>
    <msg msg_groups="" msg_id="207-5286" msg_severity="WARNING" msg_loc="../fpga_hls_LinearSolver/linearsolver.cpp:120:2" msg_body="expression result unused">
        <args ClangWarningOption="unused-value"/>
    </msg>
    <msg msg_groups="" msg_id="207-5286" msg_severity="WARNING" msg_loc="../fpga_hls_LinearSolver/linearsolver.cpp:120:9" msg_body="expression result unused">
        <args ClangWarningOption="unused-value"/>
    </msg>
</xilinx:hls_fe_msgs>

