{"sourceFile": [{
      "name": "",
      "directive": [
        {
          "functionName": "qr",
          "label": "",
          "functionLabel": "",
          "id": "1",
          "sourceFile": "C:\/ELEC522\/sl186\/Assignment5V3\/A5V3FIX\/solution1\/directives.tcl",
          "sourceLine": "6",
          "pragma": {
            "name": "TOP",
            "option": [{
                "name": "name",
                "value": "qr"
              }]
          }
        },
        {
          "functionName": "qr",
          "label": "",
          "functionLabel": "",
          "id": "2",
          "sourceFile": "C:\/ELEC522\/sl186\/Assignment5V3\/A5V3FIX\/solution1\/csynth.tcl",
          "sourceLine": "17",
          "pragma": {
            "name": "TOP",
            "option": [{
                "name": "name",
                "value": "qr"
              }]
          }
        },
        {
          "functionName": "qr",
          "label": "",
          "functionLabel": "",
          "id": "3",
          "sourceFile": "C:\/ELEC522\/sl186\/Assignment5V3\/A5V3FIX\/solution1\/csynth.tcl",
          "sourceLine": "17",
          "pragma": {
            "name": "TOP",
            "option": [{
                "name": "name",
                "value": "qr"
              }]
          }
        }
      ]
    }]}
