<stg><name>cordic</name>


<trans_list>

<trans id="206" from="1" to="2">
<condition id="-1">
<or_exp><and_exp></and_exp></or_exp>
</condition>
</trans>

<trans id="207" from="2" to="3">
<condition id="-1">
<or_exp><and_exp></and_exp></or_exp>
</condition>
</trans>

<trans id="208" from="3" to="4">
<condition id="-1">
<or_exp><and_exp></and_exp></or_exp>
</condition>
</trans>

<trans id="209" from="4" to="5">
<condition id="-1">
<or_exp><and_exp></and_exp></or_exp>
</condition>
</trans>

<trans id="210" from="5" to="6">
<condition id="-1">
<or_exp><and_exp></and_exp></or_exp>
</condition>
</trans>

<trans id="211" from="6" to="7">
<condition id="-1">
<or_exp><and_exp></and_exp></or_exp>
</condition>
</trans>
</trans_list>



<state_list>

<state id="1" st_id="1">

<operation id="8" st_id="1" stage="1" lat="1">
<core>NULL</core>
<MemPortIdVec></MemPortIdVec>
<condition id="-1">
<or_exp><and_exp></and_exp></or_exp>
</condition>

<Node id="4" bw="24" op_0_bw="24" op_1_bw="24">
<![CDATA[
entry:0 %ti_read = read i24 @_ssdm_op_Read.ap_auto.i24, i24 %ti

]]></Node>
<StgValue><ssdm name="ti_read"/></StgValue>
</operation>

<operation id="9" st_id="1" stage="1" lat="1">
<core>NULL</core>
<MemPortIdVec></MemPortIdVec>
<condition id="-1">
<or_exp><and_exp></and_exp></or_exp>
</condition>

<Node id="5" bw="24" op_0_bw="24" op_1_bw="24">
<![CDATA[
entry:1 %yi_read = read i24 @_ssdm_op_Read.ap_auto.i24, i24 %yi

]]></Node>
<StgValue><ssdm name="yi_read"/></StgValue>
</operation>

<operation id="10" st_id="1" stage="1" lat="1">
<core>NULL</core>
<MemPortIdVec></MemPortIdVec>
<condition id="-1">
<or_exp><and_exp></and_exp></or_exp>
</condition>

<Node id="6" bw="24" op_0_bw="24" op_1_bw="24">
<![CDATA[
entry:2 %xi_read = read i24 @_ssdm_op_Read.ap_auto.i24, i24 %xi

]]></Node>
<StgValue><ssdm name="xi_read"/></StgValue>
</operation>

<operation id="11" st_id="1" stage="1" lat="1">
<core>NULL</core>
<MemPortIdVec></MemPortIdVec>
<condition id="-1">
<or_exp><and_exp></and_exp></or_exp>
</condition>

<Node id="7" bw="1" op_0_bw="1" op_1_bw="24" op_2_bw="32">
<![CDATA[
entry:3 %tmp_69 = bitselect i1 @_ssdm_op_BitSelect.i1.i24.i32, i24 %ti_read, i32 23

]]></Node>
<StgValue><ssdm name="tmp_69"/></StgValue>
</operation>

<operation id="12" st_id="1" stage="1" lat="1">
<core>Adder</core>
<MemPortIdVec></MemPortIdVec>
<condition id="-1">
<or_exp><and_exp></and_exp></or_exp>
</condition>

<Node id="8" bw="24" op_0_bw="24" op_1_bw="24">
<![CDATA[
entry:4 %sub_ln864 = sub i24 0, i24 %xi_read

]]></Node>
<StgValue><ssdm name="sub_ln864"/></StgValue>
</operation>

<operation id="13" st_id="1" stage="1" lat="1">
<core>Sel</core>
<MemPortIdVec></MemPortIdVec>
<condition id="-1">
<or_exp><and_exp></and_exp></or_exp>
</condition>

<Node id="9" bw="24" op_0_bw="1" op_1_bw="24" op_2_bw="24">
<![CDATA[
entry:5 %select_ln864 = select i1 %tmp_69, i24 %sub_ln864, i24 %xi_read

]]></Node>
<StgValue><ssdm name="select_ln864"/></StgValue>
</operation>

<operation id="14" st_id="1" stage="1" lat="1">
<core>Adder</core>
<MemPortIdVec></MemPortIdVec>
<condition id="-1">
<or_exp><and_exp></and_exp></or_exp>
</condition>

<Node id="10" bw="24" op_0_bw="24" op_1_bw="24">
<![CDATA[
entry:6 %sub_ln864_2 = sub i24 0, i24 %yi_read

]]></Node>
<StgValue><ssdm name="sub_ln864_2"/></StgValue>
</operation>

<operation id="15" st_id="1" stage="1" lat="1">
<core>Sel</core>
<MemPortIdVec></MemPortIdVec>
<condition id="-1">
<or_exp><and_exp></and_exp></or_exp>
</condition>

<Node id="11" bw="24" op_0_bw="1" op_1_bw="24" op_2_bw="24">
<![CDATA[
entry:7 %select_ln864_2 = select i1 %tmp_69, i24 %sub_ln864_2, i24 %yi_read

]]></Node>
<StgValue><ssdm name="select_ln864_2"/></StgValue>
</operation>

<operation id="16" st_id="1" stage="1" lat="1">
<core>Adder</core>
<MemPortIdVec></MemPortIdVec>
<condition id="-1">
<or_exp><and_exp></and_exp></or_exp>
</condition>

<Node id="12" bw="24" op_0_bw="24" op_1_bw="24">
<![CDATA[
entry:8 %sub_ln859 = sub i24 %xi_read, i24 %select_ln864_2

]]></Node>
<StgValue><ssdm name="sub_ln859"/></StgValue>
</operation>

<operation id="17" st_id="1" stage="1" lat="1">
<core>Adder</core>
<MemPortIdVec></MemPortIdVec>
<condition id="-1">
<or_exp><and_exp></and_exp></or_exp>
</condition>

<Node id="13" bw="24" op_0_bw="24" op_1_bw="24">
<![CDATA[
entry:9 %add_ln859 = add i24 %select_ln864, i24 %yi_read

]]></Node>
<StgValue><ssdm name="add_ln859"/></StgValue>
</operation>

<operation id="18" st_id="1" stage="1" lat="1">
<core>NULL</core>
<MemPortIdVec></MemPortIdVec>
<condition id="-1">
<or_exp><and_exp></and_exp></or_exp>
</condition>

<Node id="14" bw="1" op_0_bw="1" op_1_bw="24" op_2_bw="32">
<![CDATA[
entry:10 %tmp_70 = bitselect i1 @_ssdm_op_BitSelect.i1.i24.i32, i24 %ti_read, i32 23

]]></Node>
<StgValue><ssdm name="tmp_70"/></StgValue>
</operation>

<operation id="19" st_id="1" stage="1" lat="1">
<core>Sel</core>
<MemPortIdVec></MemPortIdVec>
<condition id="-1">
<or_exp><and_exp></and_exp></or_exp>
</condition>

<Node id="15" bw="24" op_0_bw="1" op_1_bw="24" op_2_bw="24">
<![CDATA[
entry:11 %select_ln859 = select i1 %tmp_70, i24 16725745, i24 51471

]]></Node>
<StgValue><ssdm name="select_ln859"/></StgValue>
</operation>

<operation id="20" st_id="1" stage="1" lat="1">
<core>Adder</core>
<MemPortIdVec></MemPortIdVec>
<condition id="-1">
<or_exp><and_exp></and_exp></or_exp>
</condition>

<Node id="16" bw="24" op_0_bw="24" op_1_bw="24">
<![CDATA[
entry:12 %sub_ln859_19 = sub i24 %ti_read, i24 %select_ln859

]]></Node>
<StgValue><ssdm name="sub_ln859_19"/></StgValue>
</operation>

<operation id="21" st_id="1" stage="1" lat="1">
<core>NULL</core>
<MemPortIdVec></MemPortIdVec>
<condition id="-1">
<or_exp><and_exp></and_exp></or_exp>
</condition>

<Node id="17" bw="1" op_0_bw="1" op_1_bw="24" op_2_bw="32">
<![CDATA[
entry:13 %tmp_71 = bitselect i1 @_ssdm_op_BitSelect.i1.i24.i32, i24 %sub_ln859_19, i32 23

]]></Node>
<StgValue><ssdm name="tmp_71"/></StgValue>
</operation>

<operation id="22" st_id="1" stage="1" lat="1">
<core>NULL</core>
<MemPortIdVec></MemPortIdVec>
<condition id="-1">
<or_exp><and_exp></and_exp></or_exp>
</condition>

<Node id="32" bw="1" op_0_bw="1" op_1_bw="24" op_2_bw="32">
<![CDATA[
entry:28 %tmp_72 = bitselect i1 @_ssdm_op_BitSelect.i1.i24.i32, i24 %sub_ln859_19, i32 23

]]></Node>
<StgValue><ssdm name="tmp_72"/></StgValue>
</operation>

<operation id="23" st_id="1" stage="1" lat="1">
<core>Sel</core>
<MemPortIdVec></MemPortIdVec>
<condition id="-1">
<or_exp><and_exp></and_exp></or_exp>
</condition>

<Node id="33" bw="24" op_0_bw="1" op_1_bw="24" op_2_bw="24">
<![CDATA[
entry:29 %select_ln859_9 = select i1 %tmp_72, i24 16746831, i24 30385

]]></Node>
<StgValue><ssdm name="select_ln859_9"/></StgValue>
</operation>

<operation id="24" st_id="1" stage="1" lat="1">
<core>Adder</core>
<MemPortIdVec></MemPortIdVec>
<condition id="-1">
<or_exp><and_exp></and_exp></or_exp>
</condition>

<Node id="34" bw="24" op_0_bw="24" op_1_bw="24">
<![CDATA[
entry:30 %sub_ln859_21 = sub i24 %sub_ln859_19, i24 %select_ln859_9

]]></Node>
<StgValue><ssdm name="sub_ln859_21"/></StgValue>
</operation>

<operation id="25" st_id="1" stage="1" lat="1">
<core>NULL</core>
<MemPortIdVec></MemPortIdVec>
<condition id="-1">
<or_exp><and_exp></and_exp></or_exp>
</condition>

<Node id="35" bw="1" op_0_bw="1" op_1_bw="24" op_2_bw="32">
<![CDATA[
entry:31 %tmp_73 = bitselect i1 @_ssdm_op_BitSelect.i1.i24.i32, i24 %sub_ln859_21, i32 23

]]></Node>
<StgValue><ssdm name="tmp_73"/></StgValue>
</operation>

<operation id="26" st_id="1" stage="1" lat="1">
<core>NULL</core>
<MemPortIdVec></MemPortIdVec>
<condition id="-1">
<or_exp><and_exp></and_exp></or_exp>
</condition>

<Node id="52" bw="1" op_0_bw="1" op_1_bw="24" op_2_bw="32">
<![CDATA[
entry:48 %tmp_74 = bitselect i1 @_ssdm_op_BitSelect.i1.i24.i32, i24 %sub_ln859_21, i32 23

]]></Node>
<StgValue><ssdm name="tmp_74"/></StgValue>
</operation>

<operation id="27" st_id="1" stage="1" lat="1">
<core>Sel</core>
<MemPortIdVec></MemPortIdVec>
<condition id="-1">
<or_exp><and_exp></and_exp></or_exp>
</condition>

<Node id="53" bw="24" op_0_bw="1" op_1_bw="24" op_2_bw="24">
<![CDATA[
entry:49 %select_ln859_10 = select i1 %tmp_74, i24 16761162, i24 16054

]]></Node>
<StgValue><ssdm name="select_ln859_10"/></StgValue>
</operation>

<operation id="28" st_id="1" stage="1" lat="1">
<core>Adder</core>
<MemPortIdVec></MemPortIdVec>
<condition id="-1">
<or_exp><and_exp></and_exp></or_exp>
</condition>

<Node id="54" bw="24" op_0_bw="24" op_1_bw="24">
<![CDATA[
entry:50 %sub_ln859_23 = sub i24 %sub_ln859_21, i24 %select_ln859_10

]]></Node>
<StgValue><ssdm name="sub_ln859_23"/></StgValue>
</operation>

<operation id="29" st_id="1" stage="1" lat="1">
<core>NULL</core>
<MemPortIdVec></MemPortIdVec>
<condition id="-1">
<or_exp><and_exp></and_exp></or_exp>
</condition>

<Node id="55" bw="1" op_0_bw="1" op_1_bw="24" op_2_bw="32">
<![CDATA[
entry:51 %tmp_75 = bitselect i1 @_ssdm_op_BitSelect.i1.i24.i32, i24 %sub_ln859_23, i32 23

]]></Node>
<StgValue><ssdm name="tmp_75"/></StgValue>
</operation>
</state>

<state id="2" st_id="2">

<operation id="30" st_id="2" stage="1" lat="1">
<core>NULL</core>
<MemPortIdVec></MemPortIdVec>
<condition id="-1">
<or_exp><and_exp><literal name="tmp_71" val="1"/>
</and_exp></or_exp>
</condition>

<Node id="18" bw="25" op_0_bw="24">
<![CDATA[
entry:14 %sext_ln1319 = sext i24 %sub_ln859

]]></Node>
<StgValue><ssdm name="sext_ln1319"/></StgValue>
</operation>

<operation id="31" st_id="2" stage="1" lat="1">
<core>Adder</core>
<MemPortIdVec></MemPortIdVec>
<condition id="-1">
<or_exp><and_exp><literal name="tmp_71" val="1"/>
</and_exp></or_exp>
</condition>

<Node id="19" bw="25" op_0_bw="25" op_1_bw="25">
<![CDATA[
entry:15 %sub_ln1319 = sub i25 0, i25 %sext_ln1319

]]></Node>
<StgValue><ssdm name="sub_ln1319"/></StgValue>
</operation>

<operation id="32" st_id="2" stage="1" lat="1">
<core>NULL</core>
<MemPortIdVec></MemPortIdVec>
<condition id="-1">
<or_exp><and_exp><literal name="tmp_71" val="0"/>
</and_exp></or_exp>
</condition>

<Node id="20" bw="23" op_0_bw="23" op_1_bw="24" op_2_bw="32" op_3_bw="32">
<![CDATA[
entry:16 %tmp = partselect i23 @_ssdm_op_PartSelect.i23.i24.i32.i32, i24 %sub_ln859, i32 1, i32 23

]]></Node>
<StgValue><ssdm name="tmp"/></StgValue>
</operation>

<operation id="33" st_id="2" stage="1" lat="1">
<core>NULL</core>
<MemPortIdVec></MemPortIdVec>
<condition id="-1">
<or_exp><and_exp><literal name="tmp_71" val="0"/>
</and_exp></or_exp>
</condition>

<Node id="21" bw="24" op_0_bw="23">
<![CDATA[
entry:17 %sext_ln864_32 = sext i23 %tmp

]]></Node>
<StgValue><ssdm name="sext_ln864_32"/></StgValue>
</operation>

<operation id="34" st_id="2" stage="1" lat="1">
<core>NULL</core>
<MemPortIdVec></MemPortIdVec>
<condition id="-1">
<or_exp><and_exp><literal name="tmp_71" val="1"/>
</and_exp></or_exp>
</condition>

<Node id="22" bw="24" op_0_bw="24" op_1_bw="25" op_2_bw="32" op_3_bw="32">
<![CDATA[
entry:18 %tmp_s = partselect i24 @_ssdm_op_PartSelect.i24.i25.i32.i32, i25 %sub_ln1319, i32 1, i32 24

]]></Node>
<StgValue><ssdm name="tmp_s"/></StgValue>
</operation>

<operation id="35" st_id="2" stage="1" lat="1">
<core>Sel</core>
<MemPortIdVec></MemPortIdVec>
<condition id="-1">
<or_exp><and_exp></and_exp></or_exp>
</condition>

<Node id="23" bw="24" op_0_bw="1" op_1_bw="24" op_2_bw="24">
<![CDATA[
entry:19 %select_ln1319 = select i1 %tmp_71, i24 %tmp_s, i24 %sext_ln864_32

]]></Node>
<StgValue><ssdm name="select_ln1319"/></StgValue>
</operation>

<operation id="36" st_id="2" stage="1" lat="1">
<core>NULL</core>
<MemPortIdVec></MemPortIdVec>
<condition id="-1">
<or_exp><and_exp><literal name="tmp_71" val="1"/>
</and_exp></or_exp>
</condition>

<Node id="24" bw="25" op_0_bw="24">
<![CDATA[
entry:20 %sext_ln1319_17 = sext i24 %add_ln859

]]></Node>
<StgValue><ssdm name="sext_ln1319_17"/></StgValue>
</operation>

<operation id="37" st_id="2" stage="1" lat="1">
<core>Adder</core>
<MemPortIdVec></MemPortIdVec>
<condition id="-1">
<or_exp><and_exp><literal name="tmp_71" val="1"/>
</and_exp></or_exp>
</condition>

<Node id="25" bw="25" op_0_bw="25" op_1_bw="25">
<![CDATA[
entry:21 %sub_ln1319_17 = sub i25 0, i25 %sext_ln1319_17

]]></Node>
<StgValue><ssdm name="sub_ln1319_17"/></StgValue>
</operation>

<operation id="38" st_id="2" stage="1" lat="1">
<core>NULL</core>
<MemPortIdVec></MemPortIdVec>
<condition id="-1">
<or_exp><and_exp><literal name="tmp_71" val="0"/>
</and_exp></or_exp>
</condition>

<Node id="26" bw="23" op_0_bw="23" op_1_bw="24" op_2_bw="32" op_3_bw="32">
<![CDATA[
entry:22 %tmp_33 = partselect i23 @_ssdm_op_PartSelect.i23.i24.i32.i32, i24 %add_ln859, i32 1, i32 23

]]></Node>
<StgValue><ssdm name="tmp_33"/></StgValue>
</operation>

<operation id="39" st_id="2" stage="1" lat="1">
<core>NULL</core>
<MemPortIdVec></MemPortIdVec>
<condition id="-1">
<or_exp><and_exp><literal name="tmp_71" val="0"/>
</and_exp></or_exp>
</condition>

<Node id="27" bw="24" op_0_bw="23">
<![CDATA[
entry:23 %sext_ln864_33 = sext i23 %tmp_33

]]></Node>
<StgValue><ssdm name="sext_ln864_33"/></StgValue>
</operation>

<operation id="40" st_id="2" stage="1" lat="1">
<core>NULL</core>
<MemPortIdVec></MemPortIdVec>
<condition id="-1">
<or_exp><and_exp><literal name="tmp_71" val="1"/>
</and_exp></or_exp>
</condition>

<Node id="28" bw="24" op_0_bw="24" op_1_bw="25" op_2_bw="32" op_3_bw="32">
<![CDATA[
entry:24 %tmp_34 = partselect i24 @_ssdm_op_PartSelect.i24.i25.i32.i32, i25 %sub_ln1319_17, i32 1, i32 24

]]></Node>
<StgValue><ssdm name="tmp_34"/></StgValue>
</operation>

<operation id="41" st_id="2" stage="1" lat="1">
<core>Sel</core>
<MemPortIdVec></MemPortIdVec>
<condition id="-1">
<or_exp><and_exp></and_exp></or_exp>
</condition>

<Node id="29" bw="24" op_0_bw="1" op_1_bw="24" op_2_bw="24">
<![CDATA[
entry:25 %select_ln1319_17 = select i1 %tmp_71, i24 %tmp_34, i24 %sext_ln864_33

]]></Node>
<StgValue><ssdm name="select_ln1319_17"/></StgValue>
</operation>

<operation id="42" st_id="2" stage="1" lat="1">
<core>Adder</core>
<MemPortIdVec></MemPortIdVec>
<condition id="-1">
<or_exp><and_exp></and_exp></or_exp>
</condition>

<Node id="30" bw="24" op_0_bw="24" op_1_bw="24">
<![CDATA[
entry:26 %sub_ln859_20 = sub i24 %sub_ln859, i24 %select_ln1319_17

]]></Node>
<StgValue><ssdm name="sub_ln859_20"/></StgValue>
</operation>

<operation id="43" st_id="2" stage="1" lat="1">
<core>Adder</core>
<MemPortIdVec></MemPortIdVec>
<condition id="-1">
<or_exp><and_exp></and_exp></or_exp>
</condition>

<Node id="31" bw="24" op_0_bw="24" op_1_bw="24">
<![CDATA[
entry:27 %add_ln859_9 = add i24 %select_ln1319, i24 %add_ln859

]]></Node>
<StgValue><ssdm name="add_ln859_9"/></StgValue>
</operation>

<operation id="44" st_id="2" stage="1" lat="1">
<core>NULL</core>
<MemPortIdVec></MemPortIdVec>
<condition id="-1">
<or_exp><and_exp><literal name="tmp_73" val="1"/>
</and_exp></or_exp>
</condition>

<Node id="36" bw="25" op_0_bw="24">
<![CDATA[
entry:32 %sext_ln1319_18 = sext i24 %sub_ln859_20

]]></Node>
<StgValue><ssdm name="sext_ln1319_18"/></StgValue>
</operation>

<operation id="45" st_id="2" stage="1" lat="1">
<core>Adder</core>
<MemPortIdVec></MemPortIdVec>
<condition id="-1">
<or_exp><and_exp><literal name="tmp_73" val="1"/>
</and_exp></or_exp>
</condition>

<Node id="37" bw="25" op_0_bw="25" op_1_bw="25">
<![CDATA[
entry:33 %sub_ln1319_18 = sub i25 0, i25 %sext_ln1319_18

]]></Node>
<StgValue><ssdm name="sub_ln1319_18"/></StgValue>
</operation>

<operation id="46" st_id="2" stage="1" lat="1">
<core>NULL</core>
<MemPortIdVec></MemPortIdVec>
<condition id="-1">
<or_exp><and_exp><literal name="tmp_73" val="1"/>
</and_exp></or_exp>
</condition>

<Node id="43" bw="25" op_0_bw="24">
<![CDATA[
entry:39 %sext_ln1319_19 = sext i24 %add_ln859_9

]]></Node>
<StgValue><ssdm name="sext_ln1319_19"/></StgValue>
</operation>

<operation id="47" st_id="2" stage="1" lat="1">
<core>Adder</core>
<MemPortIdVec></MemPortIdVec>
<condition id="-1">
<or_exp><and_exp><literal name="tmp_73" val="1"/>
</and_exp></or_exp>
</condition>

<Node id="44" bw="25" op_0_bw="25" op_1_bw="25">
<![CDATA[
entry:40 %sub_ln1319_19 = sub i25 0, i25 %sext_ln1319_19

]]></Node>
<StgValue><ssdm name="sub_ln1319_19"/></StgValue>
</operation>

<operation id="48" st_id="2" stage="1" lat="1">
<core>NULL</core>
<MemPortIdVec></MemPortIdVec>
<condition id="-1">
<or_exp><and_exp></and_exp></or_exp>
</condition>

<Node id="72" bw="1" op_0_bw="1" op_1_bw="24" op_2_bw="32">
<![CDATA[
entry:68 %tmp_76 = bitselect i1 @_ssdm_op_BitSelect.i1.i24.i32, i24 %sub_ln859_23, i32 23

]]></Node>
<StgValue><ssdm name="tmp_76"/></StgValue>
</operation>

<operation id="49" st_id="2" stage="1" lat="1">
<core>Sel</core>
<MemPortIdVec></MemPortIdVec>
<condition id="-1">
<or_exp><and_exp></and_exp></or_exp>
</condition>

<Node id="73" bw="24" op_0_bw="1" op_1_bw="24" op_2_bw="24">
<![CDATA[
entry:69 %select_ln859_11 = select i1 %tmp_76, i24 16769067, i24 8149

]]></Node>
<StgValue><ssdm name="select_ln859_11"/></StgValue>
</operation>

<operation id="50" st_id="2" stage="1" lat="1">
<core>Adder</core>
<MemPortIdVec></MemPortIdVec>
<condition id="-1">
<or_exp><and_exp></and_exp></or_exp>
</condition>

<Node id="74" bw="24" op_0_bw="24" op_1_bw="24">
<![CDATA[
entry:70 %sub_ln859_25 = sub i24 %sub_ln859_23, i24 %select_ln859_11

]]></Node>
<StgValue><ssdm name="sub_ln859_25"/></StgValue>
</operation>

<operation id="51" st_id="2" stage="1" lat="1">
<core>NULL</core>
<MemPortIdVec></MemPortIdVec>
<condition id="-1">
<or_exp><and_exp></and_exp></or_exp>
</condition>

<Node id="75" bw="1" op_0_bw="1" op_1_bw="24" op_2_bw="32">
<![CDATA[
entry:71 %tmp_77 = bitselect i1 @_ssdm_op_BitSelect.i1.i24.i32, i24 %sub_ln859_25, i32 23

]]></Node>
<StgValue><ssdm name="tmp_77"/></StgValue>
</operation>

<operation id="52" st_id="2" stage="1" lat="1">
<core>NULL</core>
<MemPortIdVec></MemPortIdVec>
<condition id="-1">
<or_exp><and_exp></and_exp></or_exp>
</condition>

<Node id="92" bw="1" op_0_bw="1" op_1_bw="24" op_2_bw="32">
<![CDATA[
entry:88 %tmp_78 = bitselect i1 @_ssdm_op_BitSelect.i1.i24.i32, i24 %sub_ln859_25, i32 23

]]></Node>
<StgValue><ssdm name="tmp_78"/></StgValue>
</operation>

<operation id="53" st_id="2" stage="1" lat="1">
<core>Sel</core>
<MemPortIdVec></MemPortIdVec>
<condition id="-1">
<or_exp><and_exp></and_exp></or_exp>
</condition>

<Node id="93" bw="24" op_0_bw="1" op_1_bw="24" op_2_bw="24">
<![CDATA[
entry:89 %select_ln859_12 = select i1 %tmp_78, i24 16773126, i24 4090

]]></Node>
<StgValue><ssdm name="select_ln859_12"/></StgValue>
</operation>

<operation id="54" st_id="2" stage="1" lat="1">
<core>Adder</core>
<MemPortIdVec></MemPortIdVec>
<condition id="-1">
<or_exp><and_exp></and_exp></or_exp>
</condition>

<Node id="94" bw="24" op_0_bw="24" op_1_bw="24">
<![CDATA[
entry:90 %sub_ln859_27 = sub i24 %sub_ln859_25, i24 %select_ln859_12

]]></Node>
<StgValue><ssdm name="sub_ln859_27"/></StgValue>
</operation>

<operation id="55" st_id="2" stage="1" lat="1">
<core>NULL</core>
<MemPortIdVec></MemPortIdVec>
<condition id="-1">
<or_exp><and_exp></and_exp></or_exp>
</condition>

<Node id="95" bw="1" op_0_bw="1" op_1_bw="24" op_2_bw="32">
<![CDATA[
entry:91 %tmp_79 = bitselect i1 @_ssdm_op_BitSelect.i1.i24.i32, i24 %sub_ln859_27, i32 23

]]></Node>
<StgValue><ssdm name="tmp_79"/></StgValue>
</operation>

<operation id="56" st_id="2" stage="1" lat="1">
<core>NULL</core>
<MemPortIdVec></MemPortIdVec>
<condition id="-1">
<or_exp><and_exp></and_exp></or_exp>
</condition>

<Node id="112" bw="1" op_0_bw="1" op_1_bw="24" op_2_bw="32">
<![CDATA[
entry:108 %tmp_80 = bitselect i1 @_ssdm_op_BitSelect.i1.i24.i32, i24 %sub_ln859_27, i32 23

]]></Node>
<StgValue><ssdm name="tmp_80"/></StgValue>
</operation>

<operation id="57" st_id="2" stage="1" lat="1">
<core>Sel</core>
<MemPortIdVec></MemPortIdVec>
<condition id="-1">
<or_exp><and_exp></and_exp></or_exp>
</condition>

<Node id="113" bw="24" op_0_bw="1" op_1_bw="24" op_2_bw="24">
<![CDATA[
entry:109 %select_ln859_13 = select i1 %tmp_80, i24 16775169, i24 2047

]]></Node>
<StgValue><ssdm name="select_ln859_13"/></StgValue>
</operation>

<operation id="58" st_id="2" stage="1" lat="1">
<core>Adder</core>
<MemPortIdVec></MemPortIdVec>
<condition id="-1">
<or_exp><and_exp></and_exp></or_exp>
</condition>

<Node id="114" bw="24" op_0_bw="24" op_1_bw="24">
<![CDATA[
entry:110 %sub_ln859_29 = sub i24 %sub_ln859_27, i24 %select_ln859_13

]]></Node>
<StgValue><ssdm name="sub_ln859_29"/></StgValue>
</operation>

<operation id="59" st_id="2" stage="1" lat="1">
<core>NULL</core>
<MemPortIdVec></MemPortIdVec>
<condition id="-1">
<or_exp><and_exp></and_exp></or_exp>
</condition>

<Node id="115" bw="1" op_0_bw="1" op_1_bw="24" op_2_bw="32">
<![CDATA[
entry:111 %tmp_81 = bitselect i1 @_ssdm_op_BitSelect.i1.i24.i32, i24 %sub_ln859_29, i32 23

]]></Node>
<StgValue><ssdm name="tmp_81"/></StgValue>
</operation>
</state>

<state id="3" st_id="3">

<operation id="60" st_id="3" stage="1" lat="1">
<core>NULL</core>
<MemPortIdVec></MemPortIdVec>
<condition id="-1">
<or_exp><and_exp><literal name="tmp_73" val="0"/>
</and_exp></or_exp>
</condition>

<Node id="38" bw="22" op_0_bw="22" op_1_bw="24" op_2_bw="32" op_3_bw="32">
<![CDATA[
entry:34 %tmp_35 = partselect i22 @_ssdm_op_PartSelect.i22.i24.i32.i32, i24 %sub_ln859_20, i32 2, i32 23

]]></Node>
<StgValue><ssdm name="tmp_35"/></StgValue>
</operation>

<operation id="61" st_id="3" stage="1" lat="1">
<core>NULL</core>
<MemPortIdVec></MemPortIdVec>
<condition id="-1">
<or_exp><and_exp><literal name="tmp_73" val="0"/>
</and_exp></or_exp>
</condition>

<Node id="39" bw="23" op_0_bw="22">
<![CDATA[
entry:35 %sext_ln864_34 = sext i22 %tmp_35

]]></Node>
<StgValue><ssdm name="sext_ln864_34"/></StgValue>
</operation>

<operation id="62" st_id="3" stage="1" lat="1">
<core>NULL</core>
<MemPortIdVec></MemPortIdVec>
<condition id="-1">
<or_exp><and_exp><literal name="tmp_73" val="1"/>
</and_exp></or_exp>
</condition>

<Node id="40" bw="23" op_0_bw="23" op_1_bw="25" op_2_bw="32" op_3_bw="32">
<![CDATA[
entry:36 %tmp_36 = partselect i23 @_ssdm_op_PartSelect.i23.i25.i32.i32, i25 %sub_ln1319_18, i32 2, i32 24

]]></Node>
<StgValue><ssdm name="tmp_36"/></StgValue>
</operation>

<operation id="63" st_id="3" stage="1" lat="1">
<core>Sel</core>
<MemPortIdVec></MemPortIdVec>
<condition id="-1">
<or_exp><and_exp></and_exp></or_exp>
</condition>

<Node id="41" bw="23" op_0_bw="1" op_1_bw="23" op_2_bw="23">
<![CDATA[
entry:37 %select_ln1319_18 = select i1 %tmp_73, i23 %tmp_36, i23 %sext_ln864_34

]]></Node>
<StgValue><ssdm name="select_ln1319_18"/></StgValue>
</operation>

<operation id="64" st_id="3" stage="1" lat="1">
<core>NULL</core>
<MemPortIdVec></MemPortIdVec>
<condition id="-1">
<or_exp><and_exp></and_exp></or_exp>
</condition>

<Node id="42" bw="24" op_0_bw="23">
<![CDATA[
entry:38 %sext_ln864 = sext i23 %select_ln1319_18

]]></Node>
<StgValue><ssdm name="sext_ln864"/></StgValue>
</operation>

<operation id="65" st_id="3" stage="1" lat="1">
<core>NULL</core>
<MemPortIdVec></MemPortIdVec>
<condition id="-1">
<or_exp><and_exp><literal name="tmp_73" val="0"/>
</and_exp></or_exp>
</condition>

<Node id="45" bw="22" op_0_bw="22" op_1_bw="24" op_2_bw="32" op_3_bw="32">
<![CDATA[
entry:41 %tmp_37 = partselect i22 @_ssdm_op_PartSelect.i22.i24.i32.i32, i24 %add_ln859_9, i32 2, i32 23

]]></Node>
<StgValue><ssdm name="tmp_37"/></StgValue>
</operation>

<operation id="66" st_id="3" stage="1" lat="1">
<core>NULL</core>
<MemPortIdVec></MemPortIdVec>
<condition id="-1">
<or_exp><and_exp><literal name="tmp_73" val="0"/>
</and_exp></or_exp>
</condition>

<Node id="46" bw="23" op_0_bw="22">
<![CDATA[
entry:42 %sext_ln864_35 = sext i22 %tmp_37

]]></Node>
<StgValue><ssdm name="sext_ln864_35"/></StgValue>
</operation>

<operation id="67" st_id="3" stage="1" lat="1">
<core>NULL</core>
<MemPortIdVec></MemPortIdVec>
<condition id="-1">
<or_exp><and_exp><literal name="tmp_73" val="1"/>
</and_exp></or_exp>
</condition>

<Node id="47" bw="23" op_0_bw="23" op_1_bw="25" op_2_bw="32" op_3_bw="32">
<![CDATA[
entry:43 %tmp_38 = partselect i23 @_ssdm_op_PartSelect.i23.i25.i32.i32, i25 %sub_ln1319_19, i32 2, i32 24

]]></Node>
<StgValue><ssdm name="tmp_38"/></StgValue>
</operation>

<operation id="68" st_id="3" stage="1" lat="1">
<core>Sel</core>
<MemPortIdVec></MemPortIdVec>
<condition id="-1">
<or_exp><and_exp></and_exp></or_exp>
</condition>

<Node id="48" bw="23" op_0_bw="1" op_1_bw="23" op_2_bw="23">
<![CDATA[
entry:44 %select_ln1319_19 = select i1 %tmp_73, i23 %tmp_38, i23 %sext_ln864_35

]]></Node>
<StgValue><ssdm name="select_ln1319_19"/></StgValue>
</operation>

<operation id="69" st_id="3" stage="1" lat="1">
<core>NULL</core>
<MemPortIdVec></MemPortIdVec>
<condition id="-1">
<or_exp><and_exp></and_exp></or_exp>
</condition>

<Node id="49" bw="24" op_0_bw="23">
<![CDATA[
entry:45 %sext_ln864_15 = sext i23 %select_ln1319_19

]]></Node>
<StgValue><ssdm name="sext_ln864_15"/></StgValue>
</operation>

<operation id="70" st_id="3" stage="1" lat="1">
<core>Adder</core>
<MemPortIdVec></MemPortIdVec>
<condition id="-1">
<or_exp><and_exp></and_exp></or_exp>
</condition>

<Node id="50" bw="24" op_0_bw="24" op_1_bw="24">
<![CDATA[
entry:46 %sub_ln859_22 = sub i24 %sub_ln859_20, i24 %sext_ln864_15

]]></Node>
<StgValue><ssdm name="sub_ln859_22"/></StgValue>
</operation>

<operation id="71" st_id="3" stage="1" lat="1">
<core>Adder</core>
<MemPortIdVec></MemPortIdVec>
<condition id="-1">
<or_exp><and_exp></and_exp></or_exp>
</condition>

<Node id="51" bw="24" op_0_bw="24" op_1_bw="24">
<![CDATA[
entry:47 %add_ln859_10 = add i24 %sext_ln864, i24 %add_ln859_9

]]></Node>
<StgValue><ssdm name="add_ln859_10"/></StgValue>
</operation>

<operation id="72" st_id="3" stage="1" lat="1">
<core>NULL</core>
<MemPortIdVec></MemPortIdVec>
<condition id="-1">
<or_exp><and_exp><literal name="tmp_75" val="1"/>
</and_exp></or_exp>
</condition>

<Node id="56" bw="25" op_0_bw="24">
<![CDATA[
entry:52 %sext_ln1319_20 = sext i24 %sub_ln859_22

]]></Node>
<StgValue><ssdm name="sext_ln1319_20"/></StgValue>
</operation>

<operation id="73" st_id="3" stage="1" lat="1">
<core>Adder</core>
<MemPortIdVec></MemPortIdVec>
<condition id="-1">
<or_exp><and_exp><literal name="tmp_75" val="1"/>
</and_exp></or_exp>
</condition>

<Node id="57" bw="25" op_0_bw="25" op_1_bw="25">
<![CDATA[
entry:53 %sub_ln1319_20 = sub i25 0, i25 %sext_ln1319_20

]]></Node>
<StgValue><ssdm name="sub_ln1319_20"/></StgValue>
</operation>

<operation id="74" st_id="3" stage="1" lat="1">
<core>NULL</core>
<MemPortIdVec></MemPortIdVec>
<condition id="-1">
<or_exp><and_exp><literal name="tmp_75" val="0"/>
</and_exp></or_exp>
</condition>

<Node id="58" bw="21" op_0_bw="21" op_1_bw="24" op_2_bw="32" op_3_bw="32">
<![CDATA[
entry:54 %tmp_39 = partselect i21 @_ssdm_op_PartSelect.i21.i24.i32.i32, i24 %sub_ln859_22, i32 3, i32 23

]]></Node>
<StgValue><ssdm name="tmp_39"/></StgValue>
</operation>

<operation id="75" st_id="3" stage="1" lat="1">
<core>NULL</core>
<MemPortIdVec></MemPortIdVec>
<condition id="-1">
<or_exp><and_exp><literal name="tmp_75" val="0"/>
</and_exp></or_exp>
</condition>

<Node id="59" bw="22" op_0_bw="21">
<![CDATA[
entry:55 %sext_ln864_36 = sext i21 %tmp_39

]]></Node>
<StgValue><ssdm name="sext_ln864_36"/></StgValue>
</operation>

<operation id="76" st_id="3" stage="1" lat="1">
<core>NULL</core>
<MemPortIdVec></MemPortIdVec>
<condition id="-1">
<or_exp><and_exp><literal name="tmp_75" val="1"/>
</and_exp></or_exp>
</condition>

<Node id="60" bw="22" op_0_bw="22" op_1_bw="25" op_2_bw="32" op_3_bw="32">
<![CDATA[
entry:56 %tmp_40 = partselect i22 @_ssdm_op_PartSelect.i22.i25.i32.i32, i25 %sub_ln1319_20, i32 3, i32 24

]]></Node>
<StgValue><ssdm name="tmp_40"/></StgValue>
</operation>

<operation id="77" st_id="3" stage="1" lat="1">
<core>Sel</core>
<MemPortIdVec></MemPortIdVec>
<condition id="-1">
<or_exp><and_exp></and_exp></or_exp>
</condition>

<Node id="61" bw="22" op_0_bw="1" op_1_bw="22" op_2_bw="22">
<![CDATA[
entry:57 %select_ln1319_20 = select i1 %tmp_75, i22 %tmp_40, i22 %sext_ln864_36

]]></Node>
<StgValue><ssdm name="select_ln1319_20"/></StgValue>
</operation>

<operation id="78" st_id="3" stage="1" lat="1">
<core>NULL</core>
<MemPortIdVec></MemPortIdVec>
<condition id="-1">
<or_exp><and_exp></and_exp></or_exp>
</condition>

<Node id="62" bw="24" op_0_bw="22">
<![CDATA[
entry:58 %sext_ln864_16 = sext i22 %select_ln1319_20

]]></Node>
<StgValue><ssdm name="sext_ln864_16"/></StgValue>
</operation>

<operation id="79" st_id="3" stage="1" lat="1">
<core>NULL</core>
<MemPortIdVec></MemPortIdVec>
<condition id="-1">
<or_exp><and_exp><literal name="tmp_75" val="1"/>
</and_exp></or_exp>
</condition>

<Node id="63" bw="25" op_0_bw="24">
<![CDATA[
entry:59 %sext_ln1319_21 = sext i24 %add_ln859_10

]]></Node>
<StgValue><ssdm name="sext_ln1319_21"/></StgValue>
</operation>

<operation id="80" st_id="3" stage="1" lat="1">
<core>Adder</core>
<MemPortIdVec></MemPortIdVec>
<condition id="-1">
<or_exp><and_exp><literal name="tmp_75" val="1"/>
</and_exp></or_exp>
</condition>

<Node id="64" bw="25" op_0_bw="25" op_1_bw="25">
<![CDATA[
entry:60 %sub_ln1319_21 = sub i25 0, i25 %sext_ln1319_21

]]></Node>
<StgValue><ssdm name="sub_ln1319_21"/></StgValue>
</operation>

<operation id="81" st_id="3" stage="1" lat="1">
<core>NULL</core>
<MemPortIdVec></MemPortIdVec>
<condition id="-1">
<or_exp><and_exp><literal name="tmp_75" val="0"/>
</and_exp></or_exp>
</condition>

<Node id="65" bw="21" op_0_bw="21" op_1_bw="24" op_2_bw="32" op_3_bw="32">
<![CDATA[
entry:61 %tmp_41 = partselect i21 @_ssdm_op_PartSelect.i21.i24.i32.i32, i24 %add_ln859_10, i32 3, i32 23

]]></Node>
<StgValue><ssdm name="tmp_41"/></StgValue>
</operation>

<operation id="82" st_id="3" stage="1" lat="1">
<core>NULL</core>
<MemPortIdVec></MemPortIdVec>
<condition id="-1">
<or_exp><and_exp><literal name="tmp_75" val="0"/>
</and_exp></or_exp>
</condition>

<Node id="66" bw="22" op_0_bw="21">
<![CDATA[
entry:62 %sext_ln864_37 = sext i21 %tmp_41

]]></Node>
<StgValue><ssdm name="sext_ln864_37"/></StgValue>
</operation>

<operation id="83" st_id="3" stage="1" lat="1">
<core>NULL</core>
<MemPortIdVec></MemPortIdVec>
<condition id="-1">
<or_exp><and_exp><literal name="tmp_75" val="1"/>
</and_exp></or_exp>
</condition>

<Node id="67" bw="22" op_0_bw="22" op_1_bw="25" op_2_bw="32" op_3_bw="32">
<![CDATA[
entry:63 %tmp_42 = partselect i22 @_ssdm_op_PartSelect.i22.i25.i32.i32, i25 %sub_ln1319_21, i32 3, i32 24

]]></Node>
<StgValue><ssdm name="tmp_42"/></StgValue>
</operation>

<operation id="84" st_id="3" stage="1" lat="1">
<core>Sel</core>
<MemPortIdVec></MemPortIdVec>
<condition id="-1">
<or_exp><and_exp></and_exp></or_exp>
</condition>

<Node id="68" bw="22" op_0_bw="1" op_1_bw="22" op_2_bw="22">
<![CDATA[
entry:64 %select_ln1319_21 = select i1 %tmp_75, i22 %tmp_42, i22 %sext_ln864_37

]]></Node>
<StgValue><ssdm name="select_ln1319_21"/></StgValue>
</operation>

<operation id="85" st_id="3" stage="1" lat="1">
<core>NULL</core>
<MemPortIdVec></MemPortIdVec>
<condition id="-1">
<or_exp><and_exp></and_exp></or_exp>
</condition>

<Node id="69" bw="24" op_0_bw="22">
<![CDATA[
entry:65 %sext_ln864_17 = sext i22 %select_ln1319_21

]]></Node>
<StgValue><ssdm name="sext_ln864_17"/></StgValue>
</operation>

<operation id="86" st_id="3" stage="1" lat="1">
<core>Adder</core>
<MemPortIdVec></MemPortIdVec>
<condition id="-1">
<or_exp><and_exp></and_exp></or_exp>
</condition>

<Node id="70" bw="24" op_0_bw="24" op_1_bw="24">
<![CDATA[
entry:66 %sub_ln859_24 = sub i24 %sub_ln859_22, i24 %sext_ln864_17

]]></Node>
<StgValue><ssdm name="sub_ln859_24"/></StgValue>
</operation>

<operation id="87" st_id="3" stage="1" lat="1">
<core>Adder</core>
<MemPortIdVec></MemPortIdVec>
<condition id="-1">
<or_exp><and_exp></and_exp></or_exp>
</condition>

<Node id="71" bw="24" op_0_bw="24" op_1_bw="24">
<![CDATA[
entry:67 %add_ln859_11 = add i24 %sext_ln864_16, i24 %add_ln859_10

]]></Node>
<StgValue><ssdm name="add_ln859_11"/></StgValue>
</operation>

<operation id="88" st_id="3" stage="1" lat="1">
<core>NULL</core>
<MemPortIdVec></MemPortIdVec>
<condition id="-1">
<or_exp><and_exp></and_exp></or_exp>
</condition>

<Node id="132" bw="1" op_0_bw="1" op_1_bw="24" op_2_bw="32">
<![CDATA[
entry:128 %tmp_82 = bitselect i1 @_ssdm_op_BitSelect.i1.i24.i32, i24 %sub_ln859_29, i32 23

]]></Node>
<StgValue><ssdm name="tmp_82"/></StgValue>
</operation>

<operation id="89" st_id="3" stage="1" lat="1">
<core>Sel</core>
<MemPortIdVec></MemPortIdVec>
<condition id="-1">
<or_exp><and_exp></and_exp></or_exp>
</condition>

<Node id="133" bw="24" op_0_bw="1" op_1_bw="24" op_2_bw="24">
<![CDATA[
entry:129 %select_ln859_14 = select i1 %tmp_82, i24 16776193, i24 1023

]]></Node>
<StgValue><ssdm name="select_ln859_14"/></StgValue>
</operation>

<operation id="90" st_id="3" stage="1" lat="1">
<core>Adder</core>
<MemPortIdVec></MemPortIdVec>
<condition id="-1">
<or_exp><and_exp></and_exp></or_exp>
</condition>

<Node id="134" bw="24" op_0_bw="24" op_1_bw="24">
<![CDATA[
entry:130 %sub_ln859_31 = sub i24 %sub_ln859_29, i24 %select_ln859_14

]]></Node>
<StgValue><ssdm name="sub_ln859_31"/></StgValue>
</operation>

<operation id="91" st_id="3" stage="1" lat="1">
<core>NULL</core>
<MemPortIdVec></MemPortIdVec>
<condition id="-1">
<or_exp><and_exp></and_exp></or_exp>
</condition>

<Node id="135" bw="1" op_0_bw="1" op_1_bw="24" op_2_bw="32">
<![CDATA[
entry:131 %tmp_83 = bitselect i1 @_ssdm_op_BitSelect.i1.i24.i32, i24 %sub_ln859_31, i32 23

]]></Node>
<StgValue><ssdm name="tmp_83"/></StgValue>
</operation>

<operation id="92" st_id="3" stage="1" lat="1">
<core>NULL</core>
<MemPortIdVec></MemPortIdVec>
<condition id="-1">
<or_exp><and_exp></and_exp></or_exp>
</condition>

<Node id="152" bw="1" op_0_bw="1" op_1_bw="24" op_2_bw="32">
<![CDATA[
entry:148 %tmp_84 = bitselect i1 @_ssdm_op_BitSelect.i1.i24.i32, i24 %sub_ln859_31, i32 23

]]></Node>
<StgValue><ssdm name="tmp_84"/></StgValue>
</operation>

<operation id="93" st_id="3" stage="1" lat="1">
<core>Sel</core>
<MemPortIdVec></MemPortIdVec>
<condition id="-1">
<or_exp><and_exp></and_exp></or_exp>
</condition>

<Node id="153" bw="24" op_0_bw="1" op_1_bw="24" op_2_bw="24">
<![CDATA[
entry:149 %select_ln859_15 = select i1 %tmp_84, i24 16776705, i24 511

]]></Node>
<StgValue><ssdm name="select_ln859_15"/></StgValue>
</operation>

<operation id="94" st_id="3" stage="1" lat="1">
<core>Adder</core>
<MemPortIdVec></MemPortIdVec>
<condition id="-1">
<or_exp><and_exp></and_exp></or_exp>
</condition>

<Node id="154" bw="24" op_0_bw="24" op_1_bw="24">
<![CDATA[
entry:150 %sub_ln859_33 = sub i24 %sub_ln859_31, i24 %select_ln859_15

]]></Node>
<StgValue><ssdm name="sub_ln859_33"/></StgValue>
</operation>

<operation id="95" st_id="3" stage="1" lat="1">
<core>NULL</core>
<MemPortIdVec></MemPortIdVec>
<condition id="-1">
<or_exp><and_exp></and_exp></or_exp>
</condition>

<Node id="155" bw="1" op_0_bw="1" op_1_bw="24" op_2_bw="32">
<![CDATA[
entry:151 %tmp_85 = bitselect i1 @_ssdm_op_BitSelect.i1.i24.i32, i24 %sub_ln859_33, i32 23

]]></Node>
<StgValue><ssdm name="tmp_85"/></StgValue>
</operation>

<operation id="96" st_id="3" stage="1" lat="1">
<core>NULL</core>
<MemPortIdVec></MemPortIdVec>
<condition id="-1">
<or_exp><and_exp></and_exp></or_exp>
</condition>

<Node id="172" bw="1" op_0_bw="1" op_1_bw="24" op_2_bw="32">
<![CDATA[
entry:168 %tmp_86 = bitselect i1 @_ssdm_op_BitSelect.i1.i24.i32, i24 %sub_ln859_33, i32 23

]]></Node>
<StgValue><ssdm name="tmp_86"/></StgValue>
</operation>

<operation id="97" st_id="3" stage="1" lat="1">
<core>Sel</core>
<MemPortIdVec></MemPortIdVec>
<condition id="-1">
<or_exp><and_exp></and_exp></or_exp>
</condition>

<Node id="173" bw="24" op_0_bw="1" op_1_bw="24" op_2_bw="24">
<![CDATA[
entry:169 %select_ln859_16 = select i1 %tmp_86, i24 16776961, i24 255

]]></Node>
<StgValue><ssdm name="select_ln859_16"/></StgValue>
</operation>

<operation id="98" st_id="3" stage="1" lat="1">
<core>Adder</core>
<MemPortIdVec></MemPortIdVec>
<condition id="-1">
<or_exp><and_exp></and_exp></or_exp>
</condition>

<Node id="174" bw="24" op_0_bw="24" op_1_bw="24">
<![CDATA[
entry:170 %sub_ln859_35 = sub i24 %sub_ln859_33, i24 %select_ln859_16

]]></Node>
<StgValue><ssdm name="sub_ln859_35"/></StgValue>
</operation>

<operation id="99" st_id="3" stage="1" lat="1">
<core>NULL</core>
<MemPortIdVec></MemPortIdVec>
<condition id="-1">
<or_exp><and_exp></and_exp></or_exp>
</condition>

<Node id="175" bw="1" op_0_bw="1" op_1_bw="24" op_2_bw="32">
<![CDATA[
entry:171 %tmp_87 = bitselect i1 @_ssdm_op_BitSelect.i1.i24.i32, i24 %sub_ln859_35, i32 23

]]></Node>
<StgValue><ssdm name="tmp_87"/></StgValue>
</operation>
</state>

<state id="4" st_id="4">

<operation id="100" st_id="4" stage="1" lat="1">
<core>NULL</core>
<MemPortIdVec></MemPortIdVec>
<condition id="-1">
<or_exp><and_exp><literal name="tmp_77" val="1"/>
</and_exp></or_exp>
</condition>

<Node id="76" bw="25" op_0_bw="24">
<![CDATA[
entry:72 %sext_ln1319_22 = sext i24 %sub_ln859_24

]]></Node>
<StgValue><ssdm name="sext_ln1319_22"/></StgValue>
</operation>

<operation id="101" st_id="4" stage="1" lat="1">
<core>Adder</core>
<MemPortIdVec></MemPortIdVec>
<condition id="-1">
<or_exp><and_exp><literal name="tmp_77" val="1"/>
</and_exp></or_exp>
</condition>

<Node id="77" bw="25" op_0_bw="25" op_1_bw="25">
<![CDATA[
entry:73 %sub_ln1319_22 = sub i25 0, i25 %sext_ln1319_22

]]></Node>
<StgValue><ssdm name="sub_ln1319_22"/></StgValue>
</operation>

<operation id="102" st_id="4" stage="1" lat="1">
<core>NULL</core>
<MemPortIdVec></MemPortIdVec>
<condition id="-1">
<or_exp><and_exp><literal name="tmp_77" val="0"/>
</and_exp></or_exp>
</condition>

<Node id="78" bw="20" op_0_bw="20" op_1_bw="24" op_2_bw="32" op_3_bw="32">
<![CDATA[
entry:74 %tmp_43 = partselect i20 @_ssdm_op_PartSelect.i20.i24.i32.i32, i24 %sub_ln859_24, i32 4, i32 23

]]></Node>
<StgValue><ssdm name="tmp_43"/></StgValue>
</operation>

<operation id="103" st_id="4" stage="1" lat="1">
<core>NULL</core>
<MemPortIdVec></MemPortIdVec>
<condition id="-1">
<or_exp><and_exp><literal name="tmp_77" val="0"/>
</and_exp></or_exp>
</condition>

<Node id="79" bw="21" op_0_bw="20">
<![CDATA[
entry:75 %sext_ln864_38 = sext i20 %tmp_43

]]></Node>
<StgValue><ssdm name="sext_ln864_38"/></StgValue>
</operation>

<operation id="104" st_id="4" stage="1" lat="1">
<core>NULL</core>
<MemPortIdVec></MemPortIdVec>
<condition id="-1">
<or_exp><and_exp><literal name="tmp_77" val="1"/>
</and_exp></or_exp>
</condition>

<Node id="80" bw="21" op_0_bw="21" op_1_bw="25" op_2_bw="32" op_3_bw="32">
<![CDATA[
entry:76 %tmp_44 = partselect i21 @_ssdm_op_PartSelect.i21.i25.i32.i32, i25 %sub_ln1319_22, i32 4, i32 24

]]></Node>
<StgValue><ssdm name="tmp_44"/></StgValue>
</operation>

<operation id="105" st_id="4" stage="1" lat="1">
<core>Sel</core>
<MemPortIdVec></MemPortIdVec>
<condition id="-1">
<or_exp><and_exp></and_exp></or_exp>
</condition>

<Node id="81" bw="21" op_0_bw="1" op_1_bw="21" op_2_bw="21">
<![CDATA[
entry:77 %select_ln1319_22 = select i1 %tmp_77, i21 %tmp_44, i21 %sext_ln864_38

]]></Node>
<StgValue><ssdm name="select_ln1319_22"/></StgValue>
</operation>

<operation id="106" st_id="4" stage="1" lat="1">
<core>NULL</core>
<MemPortIdVec></MemPortIdVec>
<condition id="-1">
<or_exp><and_exp></and_exp></or_exp>
</condition>

<Node id="82" bw="24" op_0_bw="21">
<![CDATA[
entry:78 %sext_ln864_18 = sext i21 %select_ln1319_22

]]></Node>
<StgValue><ssdm name="sext_ln864_18"/></StgValue>
</operation>

<operation id="107" st_id="4" stage="1" lat="1">
<core>NULL</core>
<MemPortIdVec></MemPortIdVec>
<condition id="-1">
<or_exp><and_exp><literal name="tmp_77" val="1"/>
</and_exp></or_exp>
</condition>

<Node id="83" bw="25" op_0_bw="24">
<![CDATA[
entry:79 %sext_ln1319_23 = sext i24 %add_ln859_11

]]></Node>
<StgValue><ssdm name="sext_ln1319_23"/></StgValue>
</operation>

<operation id="108" st_id="4" stage="1" lat="1">
<core>Adder</core>
<MemPortIdVec></MemPortIdVec>
<condition id="-1">
<or_exp><and_exp><literal name="tmp_77" val="1"/>
</and_exp></or_exp>
</condition>

<Node id="84" bw="25" op_0_bw="25" op_1_bw="25">
<![CDATA[
entry:80 %sub_ln1319_23 = sub i25 0, i25 %sext_ln1319_23

]]></Node>
<StgValue><ssdm name="sub_ln1319_23"/></StgValue>
</operation>

<operation id="109" st_id="4" stage="1" lat="1">
<core>NULL</core>
<MemPortIdVec></MemPortIdVec>
<condition id="-1">
<or_exp><and_exp><literal name="tmp_77" val="0"/>
</and_exp></or_exp>
</condition>

<Node id="85" bw="20" op_0_bw="20" op_1_bw="24" op_2_bw="32" op_3_bw="32">
<![CDATA[
entry:81 %tmp_45 = partselect i20 @_ssdm_op_PartSelect.i20.i24.i32.i32, i24 %add_ln859_11, i32 4, i32 23

]]></Node>
<StgValue><ssdm name="tmp_45"/></StgValue>
</operation>

<operation id="110" st_id="4" stage="1" lat="1">
<core>NULL</core>
<MemPortIdVec></MemPortIdVec>
<condition id="-1">
<or_exp><and_exp><literal name="tmp_77" val="0"/>
</and_exp></or_exp>
</condition>

<Node id="86" bw="21" op_0_bw="20">
<![CDATA[
entry:82 %sext_ln864_39 = sext i20 %tmp_45

]]></Node>
<StgValue><ssdm name="sext_ln864_39"/></StgValue>
</operation>

<operation id="111" st_id="4" stage="1" lat="1">
<core>NULL</core>
<MemPortIdVec></MemPortIdVec>
<condition id="-1">
<or_exp><and_exp><literal name="tmp_77" val="1"/>
</and_exp></or_exp>
</condition>

<Node id="87" bw="21" op_0_bw="21" op_1_bw="25" op_2_bw="32" op_3_bw="32">
<![CDATA[
entry:83 %tmp_46 = partselect i21 @_ssdm_op_PartSelect.i21.i25.i32.i32, i25 %sub_ln1319_23, i32 4, i32 24

]]></Node>
<StgValue><ssdm name="tmp_46"/></StgValue>
</operation>

<operation id="112" st_id="4" stage="1" lat="1">
<core>Sel</core>
<MemPortIdVec></MemPortIdVec>
<condition id="-1">
<or_exp><and_exp></and_exp></or_exp>
</condition>

<Node id="88" bw="21" op_0_bw="1" op_1_bw="21" op_2_bw="21">
<![CDATA[
entry:84 %select_ln1319_23 = select i1 %tmp_77, i21 %tmp_46, i21 %sext_ln864_39

]]></Node>
<StgValue><ssdm name="select_ln1319_23"/></StgValue>
</operation>

<operation id="113" st_id="4" stage="1" lat="1">
<core>NULL</core>
<MemPortIdVec></MemPortIdVec>
<condition id="-1">
<or_exp><and_exp></and_exp></or_exp>
</condition>

<Node id="89" bw="24" op_0_bw="21">
<![CDATA[
entry:85 %sext_ln864_19 = sext i21 %select_ln1319_23

]]></Node>
<StgValue><ssdm name="sext_ln864_19"/></StgValue>
</operation>

<operation id="114" st_id="4" stage="1" lat="1">
<core>Adder</core>
<MemPortIdVec></MemPortIdVec>
<condition id="-1">
<or_exp><and_exp></and_exp></or_exp>
</condition>

<Node id="90" bw="24" op_0_bw="24" op_1_bw="24">
<![CDATA[
entry:86 %sub_ln859_26 = sub i24 %sub_ln859_24, i24 %sext_ln864_19

]]></Node>
<StgValue><ssdm name="sub_ln859_26"/></StgValue>
</operation>

<operation id="115" st_id="4" stage="1" lat="1">
<core>Adder</core>
<MemPortIdVec></MemPortIdVec>
<condition id="-1">
<or_exp><and_exp></and_exp></or_exp>
</condition>

<Node id="91" bw="24" op_0_bw="24" op_1_bw="24">
<![CDATA[
entry:87 %add_ln859_12 = add i24 %sext_ln864_18, i24 %add_ln859_11

]]></Node>
<StgValue><ssdm name="add_ln859_12"/></StgValue>
</operation>

<operation id="116" st_id="4" stage="1" lat="1">
<core>NULL</core>
<MemPortIdVec></MemPortIdVec>
<condition id="-1">
<or_exp><and_exp><literal name="tmp_79" val="1"/>
</and_exp></or_exp>
</condition>

<Node id="96" bw="25" op_0_bw="24">
<![CDATA[
entry:92 %sext_ln1319_24 = sext i24 %sub_ln859_26

]]></Node>
<StgValue><ssdm name="sext_ln1319_24"/></StgValue>
</operation>

<operation id="117" st_id="4" stage="1" lat="1">
<core>Adder</core>
<MemPortIdVec></MemPortIdVec>
<condition id="-1">
<or_exp><and_exp><literal name="tmp_79" val="1"/>
</and_exp></or_exp>
</condition>

<Node id="97" bw="25" op_0_bw="25" op_1_bw="25">
<![CDATA[
entry:93 %sub_ln1319_24 = sub i25 0, i25 %sext_ln1319_24

]]></Node>
<StgValue><ssdm name="sub_ln1319_24"/></StgValue>
</operation>

<operation id="118" st_id="4" stage="1" lat="1">
<core>NULL</core>
<MemPortIdVec></MemPortIdVec>
<condition id="-1">
<or_exp><and_exp><literal name="tmp_79" val="1"/>
</and_exp></or_exp>
</condition>

<Node id="103" bw="25" op_0_bw="24">
<![CDATA[
entry:99 %sext_ln1319_25 = sext i24 %add_ln859_12

]]></Node>
<StgValue><ssdm name="sext_ln1319_25"/></StgValue>
</operation>

<operation id="119" st_id="4" stage="1" lat="1">
<core>Adder</core>
<MemPortIdVec></MemPortIdVec>
<condition id="-1">
<or_exp><and_exp><literal name="tmp_79" val="1"/>
</and_exp></or_exp>
</condition>

<Node id="104" bw="25" op_0_bw="25" op_1_bw="25">
<![CDATA[
entry:100 %sub_ln1319_25 = sub i25 0, i25 %sext_ln1319_25

]]></Node>
<StgValue><ssdm name="sub_ln1319_25"/></StgValue>
</operation>
</state>

<state id="5" st_id="5">

<operation id="120" st_id="5" stage="1" lat="1">
<core>NULL</core>
<MemPortIdVec></MemPortIdVec>
<condition id="-1">
<or_exp><and_exp><literal name="tmp_79" val="0"/>
</and_exp></or_exp>
</condition>

<Node id="98" bw="19" op_0_bw="19" op_1_bw="24" op_2_bw="32" op_3_bw="32">
<![CDATA[
entry:94 %tmp_47 = partselect i19 @_ssdm_op_PartSelect.i19.i24.i32.i32, i24 %sub_ln859_26, i32 5, i32 23

]]></Node>
<StgValue><ssdm name="tmp_47"/></StgValue>
</operation>

<operation id="121" st_id="5" stage="1" lat="1">
<core>NULL</core>
<MemPortIdVec></MemPortIdVec>
<condition id="-1">
<or_exp><and_exp><literal name="tmp_79" val="0"/>
</and_exp></or_exp>
</condition>

<Node id="99" bw="20" op_0_bw="19">
<![CDATA[
entry:95 %sext_ln864_40 = sext i19 %tmp_47

]]></Node>
<StgValue><ssdm name="sext_ln864_40"/></StgValue>
</operation>

<operation id="122" st_id="5" stage="1" lat="1">
<core>NULL</core>
<MemPortIdVec></MemPortIdVec>
<condition id="-1">
<or_exp><and_exp><literal name="tmp_79" val="1"/>
</and_exp></or_exp>
</condition>

<Node id="100" bw="20" op_0_bw="20" op_1_bw="25" op_2_bw="32" op_3_bw="32">
<![CDATA[
entry:96 %tmp_48 = partselect i20 @_ssdm_op_PartSelect.i20.i25.i32.i32, i25 %sub_ln1319_24, i32 5, i32 24

]]></Node>
<StgValue><ssdm name="tmp_48"/></StgValue>
</operation>

<operation id="123" st_id="5" stage="1" lat="1">
<core>Sel</core>
<MemPortIdVec></MemPortIdVec>
<condition id="-1">
<or_exp><and_exp></and_exp></or_exp>
</condition>

<Node id="101" bw="20" op_0_bw="1" op_1_bw="20" op_2_bw="20">
<![CDATA[
entry:97 %select_ln1319_24 = select i1 %tmp_79, i20 %tmp_48, i20 %sext_ln864_40

]]></Node>
<StgValue><ssdm name="select_ln1319_24"/></StgValue>
</operation>

<operation id="124" st_id="5" stage="1" lat="1">
<core>NULL</core>
<MemPortIdVec></MemPortIdVec>
<condition id="-1">
<or_exp><and_exp></and_exp></or_exp>
</condition>

<Node id="102" bw="24" op_0_bw="20">
<![CDATA[
entry:98 %sext_ln864_20 = sext i20 %select_ln1319_24

]]></Node>
<StgValue><ssdm name="sext_ln864_20"/></StgValue>
</operation>

<operation id="125" st_id="5" stage="1" lat="1">
<core>NULL</core>
<MemPortIdVec></MemPortIdVec>
<condition id="-1">
<or_exp><and_exp><literal name="tmp_79" val="0"/>
</and_exp></or_exp>
</condition>

<Node id="105" bw="19" op_0_bw="19" op_1_bw="24" op_2_bw="32" op_3_bw="32">
<![CDATA[
entry:101 %tmp_49 = partselect i19 @_ssdm_op_PartSelect.i19.i24.i32.i32, i24 %add_ln859_12, i32 5, i32 23

]]></Node>
<StgValue><ssdm name="tmp_49"/></StgValue>
</operation>

<operation id="126" st_id="5" stage="1" lat="1">
<core>NULL</core>
<MemPortIdVec></MemPortIdVec>
<condition id="-1">
<or_exp><and_exp><literal name="tmp_79" val="0"/>
</and_exp></or_exp>
</condition>

<Node id="106" bw="20" op_0_bw="19">
<![CDATA[
entry:102 %sext_ln864_41 = sext i19 %tmp_49

]]></Node>
<StgValue><ssdm name="sext_ln864_41"/></StgValue>
</operation>

<operation id="127" st_id="5" stage="1" lat="1">
<core>NULL</core>
<MemPortIdVec></MemPortIdVec>
<condition id="-1">
<or_exp><and_exp><literal name="tmp_79" val="1"/>
</and_exp></or_exp>
</condition>

<Node id="107" bw="20" op_0_bw="20" op_1_bw="25" op_2_bw="32" op_3_bw="32">
<![CDATA[
entry:103 %tmp_50 = partselect i20 @_ssdm_op_PartSelect.i20.i25.i32.i32, i25 %sub_ln1319_25, i32 5, i32 24

]]></Node>
<StgValue><ssdm name="tmp_50"/></StgValue>
</operation>

<operation id="128" st_id="5" stage="1" lat="1">
<core>Sel</core>
<MemPortIdVec></MemPortIdVec>
<condition id="-1">
<or_exp><and_exp></and_exp></or_exp>
</condition>

<Node id="108" bw="20" op_0_bw="1" op_1_bw="20" op_2_bw="20">
<![CDATA[
entry:104 %select_ln1319_25 = select i1 %tmp_79, i20 %tmp_50, i20 %sext_ln864_41

]]></Node>
<StgValue><ssdm name="select_ln1319_25"/></StgValue>
</operation>

<operation id="129" st_id="5" stage="1" lat="1">
<core>NULL</core>
<MemPortIdVec></MemPortIdVec>
<condition id="-1">
<or_exp><and_exp></and_exp></or_exp>
</condition>

<Node id="109" bw="24" op_0_bw="20">
<![CDATA[
entry:105 %sext_ln864_21 = sext i20 %select_ln1319_25

]]></Node>
<StgValue><ssdm name="sext_ln864_21"/></StgValue>
</operation>

<operation id="130" st_id="5" stage="1" lat="1">
<core>Adder</core>
<MemPortIdVec></MemPortIdVec>
<condition id="-1">
<or_exp><and_exp></and_exp></or_exp>
</condition>

<Node id="110" bw="24" op_0_bw="24" op_1_bw="24">
<![CDATA[
entry:106 %sub_ln859_28 = sub i24 %sub_ln859_26, i24 %sext_ln864_21

]]></Node>
<StgValue><ssdm name="sub_ln859_28"/></StgValue>
</operation>

<operation id="131" st_id="5" stage="1" lat="1">
<core>Adder</core>
<MemPortIdVec></MemPortIdVec>
<condition id="-1">
<or_exp><and_exp></and_exp></or_exp>
</condition>

<Node id="111" bw="24" op_0_bw="24" op_1_bw="24">
<![CDATA[
entry:107 %add_ln859_13 = add i24 %sext_ln864_20, i24 %add_ln859_12

]]></Node>
<StgValue><ssdm name="add_ln859_13"/></StgValue>
</operation>

<operation id="132" st_id="5" stage="1" lat="1">
<core>NULL</core>
<MemPortIdVec></MemPortIdVec>
<condition id="-1">
<or_exp><and_exp><literal name="tmp_81" val="1"/>
</and_exp></or_exp>
</condition>

<Node id="116" bw="25" op_0_bw="24">
<![CDATA[
entry:112 %sext_ln1319_26 = sext i24 %sub_ln859_28

]]></Node>
<StgValue><ssdm name="sext_ln1319_26"/></StgValue>
</operation>

<operation id="133" st_id="5" stage="1" lat="1">
<core>Adder</core>
<MemPortIdVec></MemPortIdVec>
<condition id="-1">
<or_exp><and_exp><literal name="tmp_81" val="1"/>
</and_exp></or_exp>
</condition>

<Node id="117" bw="25" op_0_bw="25" op_1_bw="25">
<![CDATA[
entry:113 %sub_ln1319_26 = sub i25 0, i25 %sext_ln1319_26

]]></Node>
<StgValue><ssdm name="sub_ln1319_26"/></StgValue>
</operation>

<operation id="134" st_id="5" stage="1" lat="1">
<core>NULL</core>
<MemPortIdVec></MemPortIdVec>
<condition id="-1">
<or_exp><and_exp><literal name="tmp_81" val="0"/>
</and_exp></or_exp>
</condition>

<Node id="118" bw="18" op_0_bw="18" op_1_bw="24" op_2_bw="32" op_3_bw="32">
<![CDATA[
entry:114 %tmp_51 = partselect i18 @_ssdm_op_PartSelect.i18.i24.i32.i32, i24 %sub_ln859_28, i32 6, i32 23

]]></Node>
<StgValue><ssdm name="tmp_51"/></StgValue>
</operation>

<operation id="135" st_id="5" stage="1" lat="1">
<core>NULL</core>
<MemPortIdVec></MemPortIdVec>
<condition id="-1">
<or_exp><and_exp><literal name="tmp_81" val="0"/>
</and_exp></or_exp>
</condition>

<Node id="119" bw="19" op_0_bw="18">
<![CDATA[
entry:115 %sext_ln864_42 = sext i18 %tmp_51

]]></Node>
<StgValue><ssdm name="sext_ln864_42"/></StgValue>
</operation>

<operation id="136" st_id="5" stage="1" lat="1">
<core>NULL</core>
<MemPortIdVec></MemPortIdVec>
<condition id="-1">
<or_exp><and_exp><literal name="tmp_81" val="1"/>
</and_exp></or_exp>
</condition>

<Node id="120" bw="19" op_0_bw="19" op_1_bw="25" op_2_bw="32" op_3_bw="32">
<![CDATA[
entry:116 %tmp_52 = partselect i19 @_ssdm_op_PartSelect.i19.i25.i32.i32, i25 %sub_ln1319_26, i32 6, i32 24

]]></Node>
<StgValue><ssdm name="tmp_52"/></StgValue>
</operation>

<operation id="137" st_id="5" stage="1" lat="1">
<core>Sel</core>
<MemPortIdVec></MemPortIdVec>
<condition id="-1">
<or_exp><and_exp></and_exp></or_exp>
</condition>

<Node id="121" bw="19" op_0_bw="1" op_1_bw="19" op_2_bw="19">
<![CDATA[
entry:117 %select_ln1319_26 = select i1 %tmp_81, i19 %tmp_52, i19 %sext_ln864_42

]]></Node>
<StgValue><ssdm name="select_ln1319_26"/></StgValue>
</operation>

<operation id="138" st_id="5" stage="1" lat="1">
<core>NULL</core>
<MemPortIdVec></MemPortIdVec>
<condition id="-1">
<or_exp><and_exp></and_exp></or_exp>
</condition>

<Node id="122" bw="24" op_0_bw="19">
<![CDATA[
entry:118 %sext_ln864_22 = sext i19 %select_ln1319_26

]]></Node>
<StgValue><ssdm name="sext_ln864_22"/></StgValue>
</operation>

<operation id="139" st_id="5" stage="1" lat="1">
<core>NULL</core>
<MemPortIdVec></MemPortIdVec>
<condition id="-1">
<or_exp><and_exp><literal name="tmp_81" val="1"/>
</and_exp></or_exp>
</condition>

<Node id="123" bw="25" op_0_bw="24">
<![CDATA[
entry:119 %sext_ln1319_27 = sext i24 %add_ln859_13

]]></Node>
<StgValue><ssdm name="sext_ln1319_27"/></StgValue>
</operation>

<operation id="140" st_id="5" stage="1" lat="1">
<core>Adder</core>
<MemPortIdVec></MemPortIdVec>
<condition id="-1">
<or_exp><and_exp><literal name="tmp_81" val="1"/>
</and_exp></or_exp>
</condition>

<Node id="124" bw="25" op_0_bw="25" op_1_bw="25">
<![CDATA[
entry:120 %sub_ln1319_27 = sub i25 0, i25 %sext_ln1319_27

]]></Node>
<StgValue><ssdm name="sub_ln1319_27"/></StgValue>
</operation>

<operation id="141" st_id="5" stage="1" lat="1">
<core>NULL</core>
<MemPortIdVec></MemPortIdVec>
<condition id="-1">
<or_exp><and_exp><literal name="tmp_81" val="0"/>
</and_exp></or_exp>
</condition>

<Node id="125" bw="18" op_0_bw="18" op_1_bw="24" op_2_bw="32" op_3_bw="32">
<![CDATA[
entry:121 %tmp_53 = partselect i18 @_ssdm_op_PartSelect.i18.i24.i32.i32, i24 %add_ln859_13, i32 6, i32 23

]]></Node>
<StgValue><ssdm name="tmp_53"/></StgValue>
</operation>

<operation id="142" st_id="5" stage="1" lat="1">
<core>NULL</core>
<MemPortIdVec></MemPortIdVec>
<condition id="-1">
<or_exp><and_exp><literal name="tmp_81" val="0"/>
</and_exp></or_exp>
</condition>

<Node id="126" bw="19" op_0_bw="18">
<![CDATA[
entry:122 %sext_ln864_43 = sext i18 %tmp_53

]]></Node>
<StgValue><ssdm name="sext_ln864_43"/></StgValue>
</operation>

<operation id="143" st_id="5" stage="1" lat="1">
<core>NULL</core>
<MemPortIdVec></MemPortIdVec>
<condition id="-1">
<or_exp><and_exp><literal name="tmp_81" val="1"/>
</and_exp></or_exp>
</condition>

<Node id="127" bw="19" op_0_bw="19" op_1_bw="25" op_2_bw="32" op_3_bw="32">
<![CDATA[
entry:123 %tmp_54 = partselect i19 @_ssdm_op_PartSelect.i19.i25.i32.i32, i25 %sub_ln1319_27, i32 6, i32 24

]]></Node>
<StgValue><ssdm name="tmp_54"/></StgValue>
</operation>

<operation id="144" st_id="5" stage="1" lat="1">
<core>Sel</core>
<MemPortIdVec></MemPortIdVec>
<condition id="-1">
<or_exp><and_exp></and_exp></or_exp>
</condition>

<Node id="128" bw="19" op_0_bw="1" op_1_bw="19" op_2_bw="19">
<![CDATA[
entry:124 %select_ln1319_27 = select i1 %tmp_81, i19 %tmp_54, i19 %sext_ln864_43

]]></Node>
<StgValue><ssdm name="select_ln1319_27"/></StgValue>
</operation>

<operation id="145" st_id="5" stage="1" lat="1">
<core>NULL</core>
<MemPortIdVec></MemPortIdVec>
<condition id="-1">
<or_exp><and_exp></and_exp></or_exp>
</condition>

<Node id="129" bw="24" op_0_bw="19">
<![CDATA[
entry:125 %sext_ln864_23 = sext i19 %select_ln1319_27

]]></Node>
<StgValue><ssdm name="sext_ln864_23"/></StgValue>
</operation>

<operation id="146" st_id="5" stage="1" lat="1">
<core>Adder</core>
<MemPortIdVec></MemPortIdVec>
<condition id="-1">
<or_exp><and_exp></and_exp></or_exp>
</condition>

<Node id="130" bw="24" op_0_bw="24" op_1_bw="24">
<![CDATA[
entry:126 %sub_ln859_30 = sub i24 %sub_ln859_28, i24 %sext_ln864_23

]]></Node>
<StgValue><ssdm name="sub_ln859_30"/></StgValue>
</operation>

<operation id="147" st_id="5" stage="1" lat="1">
<core>Adder</core>
<MemPortIdVec></MemPortIdVec>
<condition id="-1">
<or_exp><and_exp></and_exp></or_exp>
</condition>

<Node id="131" bw="24" op_0_bw="24" op_1_bw="24">
<![CDATA[
entry:127 %add_ln859_14 = add i24 %sext_ln864_22, i24 %add_ln859_13

]]></Node>
<StgValue><ssdm name="add_ln859_14"/></StgValue>
</operation>
</state>

<state id="6" st_id="6">

<operation id="148" st_id="6" stage="1" lat="1">
<core>NULL</core>
<MemPortIdVec></MemPortIdVec>
<condition id="-1">
<or_exp><and_exp><literal name="tmp_83" val="1"/>
</and_exp></or_exp>
</condition>

<Node id="136" bw="25" op_0_bw="24">
<![CDATA[
entry:132 %sext_ln1319_28 = sext i24 %sub_ln859_30

]]></Node>
<StgValue><ssdm name="sext_ln1319_28"/></StgValue>
</operation>

<operation id="149" st_id="6" stage="1" lat="1">
<core>Adder</core>
<MemPortIdVec></MemPortIdVec>
<condition id="-1">
<or_exp><and_exp><literal name="tmp_83" val="1"/>
</and_exp></or_exp>
</condition>

<Node id="137" bw="25" op_0_bw="25" op_1_bw="25">
<![CDATA[
entry:133 %sub_ln1319_28 = sub i25 0, i25 %sext_ln1319_28

]]></Node>
<StgValue><ssdm name="sub_ln1319_28"/></StgValue>
</operation>

<operation id="150" st_id="6" stage="1" lat="1">
<core>NULL</core>
<MemPortIdVec></MemPortIdVec>
<condition id="-1">
<or_exp><and_exp><literal name="tmp_83" val="0"/>
</and_exp></or_exp>
</condition>

<Node id="138" bw="17" op_0_bw="17" op_1_bw="24" op_2_bw="32" op_3_bw="32">
<![CDATA[
entry:134 %tmp_55 = partselect i17 @_ssdm_op_PartSelect.i17.i24.i32.i32, i24 %sub_ln859_30, i32 7, i32 23

]]></Node>
<StgValue><ssdm name="tmp_55"/></StgValue>
</operation>

<operation id="151" st_id="6" stage="1" lat="1">
<core>NULL</core>
<MemPortIdVec></MemPortIdVec>
<condition id="-1">
<or_exp><and_exp><literal name="tmp_83" val="0"/>
</and_exp></or_exp>
</condition>

<Node id="139" bw="18" op_0_bw="17">
<![CDATA[
entry:135 %sext_ln864_44 = sext i17 %tmp_55

]]></Node>
<StgValue><ssdm name="sext_ln864_44"/></StgValue>
</operation>

<operation id="152" st_id="6" stage="1" lat="1">
<core>NULL</core>
<MemPortIdVec></MemPortIdVec>
<condition id="-1">
<or_exp><and_exp><literal name="tmp_83" val="1"/>
</and_exp></or_exp>
</condition>

<Node id="140" bw="18" op_0_bw="18" op_1_bw="25" op_2_bw="32" op_3_bw="32">
<![CDATA[
entry:136 %tmp_56 = partselect i18 @_ssdm_op_PartSelect.i18.i25.i32.i32, i25 %sub_ln1319_28, i32 7, i32 24

]]></Node>
<StgValue><ssdm name="tmp_56"/></StgValue>
</operation>

<operation id="153" st_id="6" stage="1" lat="1">
<core>Sel</core>
<MemPortIdVec></MemPortIdVec>
<condition id="-1">
<or_exp><and_exp></and_exp></or_exp>
</condition>

<Node id="141" bw="18" op_0_bw="1" op_1_bw="18" op_2_bw="18">
<![CDATA[
entry:137 %select_ln1319_28 = select i1 %tmp_83, i18 %tmp_56, i18 %sext_ln864_44

]]></Node>
<StgValue><ssdm name="select_ln1319_28"/></StgValue>
</operation>

<operation id="154" st_id="6" stage="1" lat="1">
<core>NULL</core>
<MemPortIdVec></MemPortIdVec>
<condition id="-1">
<or_exp><and_exp></and_exp></or_exp>
</condition>

<Node id="142" bw="24" op_0_bw="18">
<![CDATA[
entry:138 %sext_ln864_24 = sext i18 %select_ln1319_28

]]></Node>
<StgValue><ssdm name="sext_ln864_24"/></StgValue>
</operation>

<operation id="155" st_id="6" stage="1" lat="1">
<core>NULL</core>
<MemPortIdVec></MemPortIdVec>
<condition id="-1">
<or_exp><and_exp><literal name="tmp_83" val="1"/>
</and_exp></or_exp>
</condition>

<Node id="143" bw="25" op_0_bw="24">
<![CDATA[
entry:139 %sext_ln1319_29 = sext i24 %add_ln859_14

]]></Node>
<StgValue><ssdm name="sext_ln1319_29"/></StgValue>
</operation>

<operation id="156" st_id="6" stage="1" lat="1">
<core>Adder</core>
<MemPortIdVec></MemPortIdVec>
<condition id="-1">
<or_exp><and_exp><literal name="tmp_83" val="1"/>
</and_exp></or_exp>
</condition>

<Node id="144" bw="25" op_0_bw="25" op_1_bw="25">
<![CDATA[
entry:140 %sub_ln1319_29 = sub i25 0, i25 %sext_ln1319_29

]]></Node>
<StgValue><ssdm name="sub_ln1319_29"/></StgValue>
</operation>

<operation id="157" st_id="6" stage="1" lat="1">
<core>NULL</core>
<MemPortIdVec></MemPortIdVec>
<condition id="-1">
<or_exp><and_exp><literal name="tmp_83" val="0"/>
</and_exp></or_exp>
</condition>

<Node id="145" bw="17" op_0_bw="17" op_1_bw="24" op_2_bw="32" op_3_bw="32">
<![CDATA[
entry:141 %tmp_57 = partselect i17 @_ssdm_op_PartSelect.i17.i24.i32.i32, i24 %add_ln859_14, i32 7, i32 23

]]></Node>
<StgValue><ssdm name="tmp_57"/></StgValue>
</operation>

<operation id="158" st_id="6" stage="1" lat="1">
<core>NULL</core>
<MemPortIdVec></MemPortIdVec>
<condition id="-1">
<or_exp><and_exp><literal name="tmp_83" val="0"/>
</and_exp></or_exp>
</condition>

<Node id="146" bw="18" op_0_bw="17">
<![CDATA[
entry:142 %sext_ln864_45 = sext i17 %tmp_57

]]></Node>
<StgValue><ssdm name="sext_ln864_45"/></StgValue>
</operation>

<operation id="159" st_id="6" stage="1" lat="1">
<core>NULL</core>
<MemPortIdVec></MemPortIdVec>
<condition id="-1">
<or_exp><and_exp><literal name="tmp_83" val="1"/>
</and_exp></or_exp>
</condition>

<Node id="147" bw="18" op_0_bw="18" op_1_bw="25" op_2_bw="32" op_3_bw="32">
<![CDATA[
entry:143 %tmp_58 = partselect i18 @_ssdm_op_PartSelect.i18.i25.i32.i32, i25 %sub_ln1319_29, i32 7, i32 24

]]></Node>
<StgValue><ssdm name="tmp_58"/></StgValue>
</operation>

<operation id="160" st_id="6" stage="1" lat="1">
<core>Sel</core>
<MemPortIdVec></MemPortIdVec>
<condition id="-1">
<or_exp><and_exp></and_exp></or_exp>
</condition>

<Node id="148" bw="18" op_0_bw="1" op_1_bw="18" op_2_bw="18">
<![CDATA[
entry:144 %select_ln1319_29 = select i1 %tmp_83, i18 %tmp_58, i18 %sext_ln864_45

]]></Node>
<StgValue><ssdm name="select_ln1319_29"/></StgValue>
</operation>

<operation id="161" st_id="6" stage="1" lat="1">
<core>NULL</core>
<MemPortIdVec></MemPortIdVec>
<condition id="-1">
<or_exp><and_exp></and_exp></or_exp>
</condition>

<Node id="149" bw="24" op_0_bw="18">
<![CDATA[
entry:145 %sext_ln864_25 = sext i18 %select_ln1319_29

]]></Node>
<StgValue><ssdm name="sext_ln864_25"/></StgValue>
</operation>

<operation id="162" st_id="6" stage="1" lat="1">
<core>Adder</core>
<MemPortIdVec></MemPortIdVec>
<condition id="-1">
<or_exp><and_exp></and_exp></or_exp>
</condition>

<Node id="150" bw="24" op_0_bw="24" op_1_bw="24">
<![CDATA[
entry:146 %sub_ln859_32 = sub i24 %sub_ln859_30, i24 %sext_ln864_25

]]></Node>
<StgValue><ssdm name="sub_ln859_32"/></StgValue>
</operation>

<operation id="163" st_id="6" stage="1" lat="1">
<core>Adder</core>
<MemPortIdVec></MemPortIdVec>
<condition id="-1">
<or_exp><and_exp></and_exp></or_exp>
</condition>

<Node id="151" bw="24" op_0_bw="24" op_1_bw="24">
<![CDATA[
entry:147 %add_ln859_15 = add i24 %sext_ln864_24, i24 %add_ln859_14

]]></Node>
<StgValue><ssdm name="add_ln859_15"/></StgValue>
</operation>

<operation id="164" st_id="6" stage="1" lat="1">
<core>NULL</core>
<MemPortIdVec></MemPortIdVec>
<condition id="-1">
<or_exp><and_exp><literal name="tmp_85" val="1"/>
</and_exp></or_exp>
</condition>

<Node id="156" bw="25" op_0_bw="24">
<![CDATA[
entry:152 %sext_ln1319_30 = sext i24 %sub_ln859_32

]]></Node>
<StgValue><ssdm name="sext_ln1319_30"/></StgValue>
</operation>

<operation id="165" st_id="6" stage="1" lat="1">
<core>Adder</core>
<MemPortIdVec></MemPortIdVec>
<condition id="-1">
<or_exp><and_exp><literal name="tmp_85" val="1"/>
</and_exp></or_exp>
</condition>

<Node id="157" bw="25" op_0_bw="25" op_1_bw="25">
<![CDATA[
entry:153 %sub_ln1319_30 = sub i25 0, i25 %sext_ln1319_30

]]></Node>
<StgValue><ssdm name="sub_ln1319_30"/></StgValue>
</operation>

<operation id="166" st_id="6" stage="1" lat="1">
<core>NULL</core>
<MemPortIdVec></MemPortIdVec>
<condition id="-1">
<or_exp><and_exp><literal name="tmp_85" val="1"/>
</and_exp></or_exp>
</condition>

<Node id="163" bw="25" op_0_bw="24">
<![CDATA[
entry:159 %sext_ln1319_31 = sext i24 %add_ln859_15

]]></Node>
<StgValue><ssdm name="sext_ln1319_31"/></StgValue>
</operation>

<operation id="167" st_id="6" stage="1" lat="1">
<core>Adder</core>
<MemPortIdVec></MemPortIdVec>
<condition id="-1">
<or_exp><and_exp><literal name="tmp_85" val="1"/>
</and_exp></or_exp>
</condition>

<Node id="164" bw="25" op_0_bw="25" op_1_bw="25">
<![CDATA[
entry:160 %sub_ln1319_31 = sub i25 0, i25 %sext_ln1319_31

]]></Node>
<StgValue><ssdm name="sub_ln1319_31"/></StgValue>
</operation>
</state>

<state id="7" st_id="7">

<operation id="168" st_id="7" stage="1" lat="1">
<core>NULL</core>
<MemPortIdVec></MemPortIdVec>
<condition id="-1">
<or_exp><and_exp><literal name="tmp_85" val="0"/>
</and_exp></or_exp>
</condition>

<Node id="158" bw="16" op_0_bw="16" op_1_bw="24" op_2_bw="32" op_3_bw="32">
<![CDATA[
entry:154 %tmp_59 = partselect i16 @_ssdm_op_PartSelect.i16.i24.i32.i32, i24 %sub_ln859_32, i32 8, i32 23

]]></Node>
<StgValue><ssdm name="tmp_59"/></StgValue>
</operation>

<operation id="169" st_id="7" stage="1" lat="1">
<core>NULL</core>
<MemPortIdVec></MemPortIdVec>
<condition id="-1">
<or_exp><and_exp><literal name="tmp_85" val="0"/>
</and_exp></or_exp>
</condition>

<Node id="159" bw="17" op_0_bw="16">
<![CDATA[
entry:155 %sext_ln864_46 = sext i16 %tmp_59

]]></Node>
<StgValue><ssdm name="sext_ln864_46"/></StgValue>
</operation>

<operation id="170" st_id="7" stage="1" lat="1">
<core>NULL</core>
<MemPortIdVec></MemPortIdVec>
<condition id="-1">
<or_exp><and_exp><literal name="tmp_85" val="1"/>
</and_exp></or_exp>
</condition>

<Node id="160" bw="17" op_0_bw="17" op_1_bw="25" op_2_bw="32" op_3_bw="32">
<![CDATA[
entry:156 %tmp_60 = partselect i17 @_ssdm_op_PartSelect.i17.i25.i32.i32, i25 %sub_ln1319_30, i32 8, i32 24

]]></Node>
<StgValue><ssdm name="tmp_60"/></StgValue>
</operation>

<operation id="171" st_id="7" stage="1" lat="1">
<core>Sel</core>
<MemPortIdVec></MemPortIdVec>
<condition id="-1">
<or_exp><and_exp></and_exp></or_exp>
</condition>

<Node id="161" bw="17" op_0_bw="1" op_1_bw="17" op_2_bw="17">
<![CDATA[
entry:157 %select_ln1319_30 = select i1 %tmp_85, i17 %tmp_60, i17 %sext_ln864_46

]]></Node>
<StgValue><ssdm name="select_ln1319_30"/></StgValue>
</operation>

<operation id="172" st_id="7" stage="1" lat="1">
<core>NULL</core>
<MemPortIdVec></MemPortIdVec>
<condition id="-1">
<or_exp><and_exp></and_exp></or_exp>
</condition>

<Node id="162" bw="24" op_0_bw="17">
<![CDATA[
entry:158 %sext_ln864_26 = sext i17 %select_ln1319_30

]]></Node>
<StgValue><ssdm name="sext_ln864_26"/></StgValue>
</operation>

<operation id="173" st_id="7" stage="1" lat="1">
<core>NULL</core>
<MemPortIdVec></MemPortIdVec>
<condition id="-1">
<or_exp><and_exp><literal name="tmp_85" val="0"/>
</and_exp></or_exp>
</condition>

<Node id="165" bw="16" op_0_bw="16" op_1_bw="24" op_2_bw="32" op_3_bw="32">
<![CDATA[
entry:161 %tmp_61 = partselect i16 @_ssdm_op_PartSelect.i16.i24.i32.i32, i24 %add_ln859_15, i32 8, i32 23

]]></Node>
<StgValue><ssdm name="tmp_61"/></StgValue>
</operation>

<operation id="174" st_id="7" stage="1" lat="1">
<core>NULL</core>
<MemPortIdVec></MemPortIdVec>
<condition id="-1">
<or_exp><and_exp><literal name="tmp_85" val="0"/>
</and_exp></or_exp>
</condition>

<Node id="166" bw="17" op_0_bw="16">
<![CDATA[
entry:162 %sext_ln864_47 = sext i16 %tmp_61

]]></Node>
<StgValue><ssdm name="sext_ln864_47"/></StgValue>
</operation>

<operation id="175" st_id="7" stage="1" lat="1">
<core>NULL</core>
<MemPortIdVec></MemPortIdVec>
<condition id="-1">
<or_exp><and_exp><literal name="tmp_85" val="1"/>
</and_exp></or_exp>
</condition>

<Node id="167" bw="17" op_0_bw="17" op_1_bw="25" op_2_bw="32" op_3_bw="32">
<![CDATA[
entry:163 %tmp_62 = partselect i17 @_ssdm_op_PartSelect.i17.i25.i32.i32, i25 %sub_ln1319_31, i32 8, i32 24

]]></Node>
<StgValue><ssdm name="tmp_62"/></StgValue>
</operation>

<operation id="176" st_id="7" stage="1" lat="1">
<core>Sel</core>
<MemPortIdVec></MemPortIdVec>
<condition id="-1">
<or_exp><and_exp></and_exp></or_exp>
</condition>

<Node id="168" bw="17" op_0_bw="1" op_1_bw="17" op_2_bw="17">
<![CDATA[
entry:164 %select_ln1319_31 = select i1 %tmp_85, i17 %tmp_62, i17 %sext_ln864_47

]]></Node>
<StgValue><ssdm name="select_ln1319_31"/></StgValue>
</operation>

<operation id="177" st_id="7" stage="1" lat="1">
<core>NULL</core>
<MemPortIdVec></MemPortIdVec>
<condition id="-1">
<or_exp><and_exp></and_exp></or_exp>
</condition>

<Node id="169" bw="24" op_0_bw="17">
<![CDATA[
entry:165 %sext_ln864_27 = sext i17 %select_ln1319_31

]]></Node>
<StgValue><ssdm name="sext_ln864_27"/></StgValue>
</operation>

<operation id="178" st_id="7" stage="1" lat="1">
<core>Adder</core>
<MemPortIdVec></MemPortIdVec>
<condition id="-1">
<or_exp><and_exp></and_exp></or_exp>
</condition>

<Node id="170" bw="24" op_0_bw="24" op_1_bw="24">
<![CDATA[
entry:166 %sub_ln859_34 = sub i24 %sub_ln859_32, i24 %sext_ln864_27

]]></Node>
<StgValue><ssdm name="sub_ln859_34"/></StgValue>
</operation>

<operation id="179" st_id="7" stage="1" lat="1">
<core>Adder</core>
<MemPortIdVec></MemPortIdVec>
<condition id="-1">
<or_exp><and_exp></and_exp></or_exp>
</condition>

<Node id="171" bw="24" op_0_bw="24" op_1_bw="24">
<![CDATA[
entry:167 %add_ln859_16 = add i24 %sext_ln864_26, i24 %add_ln859_15

]]></Node>
<StgValue><ssdm name="add_ln859_16"/></StgValue>
</operation>

<operation id="180" st_id="7" stage="1" lat="1">
<core>NULL</core>
<MemPortIdVec></MemPortIdVec>
<condition id="-1">
<or_exp><and_exp><literal name="tmp_87" val="1"/>
</and_exp></or_exp>
</condition>

<Node id="176" bw="25" op_0_bw="24">
<![CDATA[
entry:172 %sext_ln1319_32 = sext i24 %sub_ln859_34

]]></Node>
<StgValue><ssdm name="sext_ln1319_32"/></StgValue>
</operation>

<operation id="181" st_id="7" stage="1" lat="1">
<core>Adder</core>
<MemPortIdVec></MemPortIdVec>
<condition id="-1">
<or_exp><and_exp><literal name="tmp_87" val="1"/>
</and_exp></or_exp>
</condition>

<Node id="177" bw="25" op_0_bw="25" op_1_bw="25">
<![CDATA[
entry:173 %sub_ln1319_32 = sub i25 0, i25 %sext_ln1319_32

]]></Node>
<StgValue><ssdm name="sub_ln1319_32"/></StgValue>
</operation>

<operation id="182" st_id="7" stage="1" lat="1">
<core>NULL</core>
<MemPortIdVec></MemPortIdVec>
<condition id="-1">
<or_exp><and_exp><literal name="tmp_87" val="0"/>
</and_exp></or_exp>
</condition>

<Node id="178" bw="15" op_0_bw="15" op_1_bw="24" op_2_bw="32" op_3_bw="32">
<![CDATA[
entry:174 %tmp_63 = partselect i15 @_ssdm_op_PartSelect.i15.i24.i32.i32, i24 %sub_ln859_34, i32 9, i32 23

]]></Node>
<StgValue><ssdm name="tmp_63"/></StgValue>
</operation>

<operation id="183" st_id="7" stage="1" lat="1">
<core>NULL</core>
<MemPortIdVec></MemPortIdVec>
<condition id="-1">
<or_exp><and_exp><literal name="tmp_87" val="0"/>
</and_exp></or_exp>
</condition>

<Node id="179" bw="16" op_0_bw="15">
<![CDATA[
entry:175 %sext_ln864_48 = sext i15 %tmp_63

]]></Node>
<StgValue><ssdm name="sext_ln864_48"/></StgValue>
</operation>

<operation id="184" st_id="7" stage="1" lat="1">
<core>NULL</core>
<MemPortIdVec></MemPortIdVec>
<condition id="-1">
<or_exp><and_exp><literal name="tmp_87" val="1"/>
</and_exp></or_exp>
</condition>

<Node id="180" bw="16" op_0_bw="16" op_1_bw="25" op_2_bw="32" op_3_bw="32">
<![CDATA[
entry:176 %tmp_64 = partselect i16 @_ssdm_op_PartSelect.i16.i25.i32.i32, i25 %sub_ln1319_32, i32 9, i32 24

]]></Node>
<StgValue><ssdm name="tmp_64"/></StgValue>
</operation>

<operation id="185" st_id="7" stage="1" lat="1">
<core>Sel</core>
<MemPortIdVec></MemPortIdVec>
<condition id="-1">
<or_exp><and_exp></and_exp></or_exp>
</condition>

<Node id="181" bw="16" op_0_bw="1" op_1_bw="16" op_2_bw="16">
<![CDATA[
entry:177 %select_ln1319_32 = select i1 %tmp_87, i16 %tmp_64, i16 %sext_ln864_48

]]></Node>
<StgValue><ssdm name="select_ln1319_32"/></StgValue>
</operation>

<operation id="186" st_id="7" stage="1" lat="1">
<core>NULL</core>
<MemPortIdVec></MemPortIdVec>
<condition id="-1">
<or_exp><and_exp></and_exp></or_exp>
</condition>

<Node id="182" bw="24" op_0_bw="16">
<![CDATA[
entry:178 %sext_ln864_28 = sext i16 %select_ln1319_32

]]></Node>
<StgValue><ssdm name="sext_ln864_28"/></StgValue>
</operation>

<operation id="187" st_id="7" stage="1" lat="1">
<core>NULL</core>
<MemPortIdVec></MemPortIdVec>
<condition id="-1">
<or_exp><and_exp><literal name="tmp_87" val="1"/>
</and_exp></or_exp>
</condition>

<Node id="183" bw="25" op_0_bw="24">
<![CDATA[
entry:179 %sext_ln1319_33 = sext i24 %add_ln859_16

]]></Node>
<StgValue><ssdm name="sext_ln1319_33"/></StgValue>
</operation>

<operation id="188" st_id="7" stage="1" lat="1">
<core>Adder</core>
<MemPortIdVec></MemPortIdVec>
<condition id="-1">
<or_exp><and_exp><literal name="tmp_87" val="1"/>
</and_exp></or_exp>
</condition>

<Node id="184" bw="25" op_0_bw="25" op_1_bw="25">
<![CDATA[
entry:180 %sub_ln1319_33 = sub i25 0, i25 %sext_ln1319_33

]]></Node>
<StgValue><ssdm name="sub_ln1319_33"/></StgValue>
</operation>

<operation id="189" st_id="7" stage="1" lat="1">
<core>NULL</core>
<MemPortIdVec></MemPortIdVec>
<condition id="-1">
<or_exp><and_exp><literal name="tmp_87" val="0"/>
</and_exp></or_exp>
</condition>

<Node id="185" bw="15" op_0_bw="15" op_1_bw="24" op_2_bw="32" op_3_bw="32">
<![CDATA[
entry:181 %tmp_65 = partselect i15 @_ssdm_op_PartSelect.i15.i24.i32.i32, i24 %add_ln859_16, i32 9, i32 23

]]></Node>
<StgValue><ssdm name="tmp_65"/></StgValue>
</operation>

<operation id="190" st_id="7" stage="1" lat="1">
<core>NULL</core>
<MemPortIdVec></MemPortIdVec>
<condition id="-1">
<or_exp><and_exp><literal name="tmp_87" val="0"/>
</and_exp></or_exp>
</condition>

<Node id="186" bw="16" op_0_bw="15">
<![CDATA[
entry:182 %sext_ln864_49 = sext i15 %tmp_65

]]></Node>
<StgValue><ssdm name="sext_ln864_49"/></StgValue>
</operation>

<operation id="191" st_id="7" stage="1" lat="1">
<core>NULL</core>
<MemPortIdVec></MemPortIdVec>
<condition id="-1">
<or_exp><and_exp><literal name="tmp_87" val="1"/>
</and_exp></or_exp>
</condition>

<Node id="187" bw="16" op_0_bw="16" op_1_bw="25" op_2_bw="32" op_3_bw="32">
<![CDATA[
entry:183 %tmp_66 = partselect i16 @_ssdm_op_PartSelect.i16.i25.i32.i32, i25 %sub_ln1319_33, i32 9, i32 24

]]></Node>
<StgValue><ssdm name="tmp_66"/></StgValue>
</operation>

<operation id="192" st_id="7" stage="1" lat="1">
<core>Sel</core>
<MemPortIdVec></MemPortIdVec>
<condition id="-1">
<or_exp><and_exp></and_exp></or_exp>
</condition>

<Node id="188" bw="16" op_0_bw="1" op_1_bw="16" op_2_bw="16">
<![CDATA[
entry:184 %select_ln1319_33 = select i1 %tmp_87, i16 %tmp_66, i16 %sext_ln864_49

]]></Node>
<StgValue><ssdm name="select_ln1319_33"/></StgValue>
</operation>

<operation id="193" st_id="7" stage="1" lat="1">
<core>NULL</core>
<MemPortIdVec></MemPortIdVec>
<condition id="-1">
<or_exp><and_exp></and_exp></or_exp>
</condition>

<Node id="189" bw="24" op_0_bw="16">
<![CDATA[
entry:185 %sext_ln864_29 = sext i16 %select_ln1319_33

]]></Node>
<StgValue><ssdm name="sext_ln864_29"/></StgValue>
</operation>

<operation id="194" st_id="7" stage="1" lat="1">
<core>Adder</core>
<MemPortIdVec></MemPortIdVec>
<condition id="-1">
<or_exp><and_exp></and_exp></or_exp>
</condition>

<Node id="190" bw="24" op_0_bw="24" op_1_bw="24">
<![CDATA[
entry:186 %sub_ln859_36 = sub i24 %sub_ln859_34, i24 %sext_ln864_29

]]></Node>
<StgValue><ssdm name="sub_ln859_36"/></StgValue>
</operation>

<operation id="195" st_id="7" stage="1" lat="1">
<core>Adder</core>
<MemPortIdVec></MemPortIdVec>
<condition id="-1">
<or_exp><and_exp></and_exp></or_exp>
</condition>

<Node id="191" bw="24" op_0_bw="24" op_1_bw="24">
<![CDATA[
entry:187 %add_ln859_17 = add i24 %sext_ln864_28, i24 %add_ln859_16

]]></Node>
<StgValue><ssdm name="add_ln859_17"/></StgValue>
</operation>

<operation id="196" st_id="7" stage="1" lat="1">
<core>NULL</core>
<MemPortIdVec></MemPortIdVec>
<condition id="-1">
<or_exp><and_exp></and_exp></or_exp>
</condition>

<Node id="192" bw="48" op_0_bw="48" op_1_bw="24">
<![CDATA[
entry:188 %newret = insertvalue i48 <undef>, i24 %sub_ln859_36

]]></Node>
<StgValue><ssdm name="newret"/></StgValue>
</operation>

<operation id="197" st_id="7" stage="1" lat="1">
<core>NULL</core>
<MemPortIdVec></MemPortIdVec>
<condition id="-1">
<or_exp><and_exp></and_exp></or_exp>
</condition>

<Node id="193" bw="48" op_0_bw="48" op_1_bw="24">
<![CDATA[
entry:189 %newret2 = insertvalue i48 %newret, i24 %add_ln859_17

]]></Node>
<StgValue><ssdm name="newret2"/></StgValue>
</operation>

<operation id="198" st_id="7" stage="1" lat="1">
<core>NULL</core>
<MemPortIdVec></MemPortIdVec>
<condition id="-1">
<or_exp><and_exp></and_exp></or_exp>
</condition>

<Node id="194" bw="0" op_0_bw="48">
<![CDATA[
entry:190 %ret_ln859 = ret i48 %newret2

]]></Node>
<StgValue><ssdm name="ret_ln859"/></StgValue>
</operation>
</state>
</state_list>


<ports>
</ports>


<dataflows>
</dataflows>


</stg>
