<profile>

<section name = "Vitis HLS Report for 'qr'" level="0">
<item name = "Date">Sun Nov 27 09:26:46 2022
</item>
<item name = "Version">2022.1 (Build 3526262 on Mon Apr 18 15:48:16 MDT 2022)</item>
<item name = "Project">A5V3FIX</item>
<item name = "Solution">solution1 (Vivado IP Flow Target)</item>
<item name = "Product family">zynq</item>
<item name = "Target device">xc7z020-clg484-1</item>
</section>

<section name = "Performance Estimates" level="0">
<item name = "Timing">
<section name = "" level="1">
<item name = "Summary"><table name="" hasTotal="0">
<keys size="4">Clock, Target, Estimated, Uncertainty</keys>
<column name="ap_clk">10.00 ns, 7.257 ns, 2.70 ns</column>
</table>
</item>
</section>
</item>
<item name = "Latency">
<section name = "" level="1">
<item name = "Summary"><table name="" hasTotal="0">
<keys size="8">, min, max, min, max, min, max, Type</keys>
<column name="">426, 426, 4.260 us, 4.260 us, 427, 427, no</column>
</table>
</item>
<item name = "Detail">
<section name = "" level="1">
<item name = "Instance"><table name="" hasTotal="0">
<keys size="9">Instance, Module, min, max, min, max, min, max, Type</keys>
<column name="grp_qr_Pipeline_VITIS_LOOP_97_1_fu_1536">qr_Pipeline_VITIS_LOOP_97_1, 51, 51, 0.510 us, 0.510 us, 51, 51, no</column>
<column name="grp_qr_Pipeline_VITIS_LOOP_106_2_fu_1553">qr_Pipeline_VITIS_LOOP_106_2, 51, 51, 0.510 us, 0.510 us, 51, 51, no</column>
<column name="grp_qr_Pipeline_VITIS_LOOP_114_3_fu_1574">qr_Pipeline_VITIS_LOOP_114_3, 51, 51, 0.510 us, 0.510 us, 51, 51, no</column>
<column name="grp_qr_Pipeline_VITIS_LOOP_122_4_fu_1595">qr_Pipeline_VITIS_LOOP_122_4, 51, 51, 0.510 us, 0.510 us, 51, 51, no</column>
<column name="grp_qr_Pipeline_VITIS_LOOP_207_11_fu_1616">qr_Pipeline_VITIS_LOOP_207_11, 51, 51, 0.510 us, 0.510 us, 51, 51, no</column>
<column name="grp_qr_Pipeline_VITIS_LOOP_215_12_fu_1629">qr_Pipeline_VITIS_LOOP_215_12, 51, 51, 0.510 us, 0.510 us, 51, 51, no</column>
<column name="grp_qr_Pipeline_VITIS_LOOP_223_13_fu_1642">qr_Pipeline_VITIS_LOOP_223_13, 51, 51, 0.510 us, 0.510 us, 51, 51, no</column>
<column name="grp_qr_Pipeline_VITIS_LOOP_231_14_fu_1655">qr_Pipeline_VITIS_LOOP_231_14, 51, 51, 0.510 us, 0.510 us, 51, 51, no</column>
<column name="grp_qr_Pipeline_VITIS_LOOP_131_5_fu_1668">qr_Pipeline_VITIS_LOOP_131_5, 51, 51, 0.510 us, 0.510 us, 51, 51, no</column>
<column name="grp_qr_Pipeline_VITIS_LOOP_140_6_fu_1681">qr_Pipeline_VITIS_LOOP_140_6, 51, 51, 0.510 us, 0.510 us, 51, 51, no</column>
<column name="grp_qr_Pipeline_VITIS_LOOP_148_7_fu_1698">qr_Pipeline_VITIS_LOOP_148_7, 51, 51, 0.510 us, 0.510 us, 51, 51, no</column>
<column name="grp_qr_Pipeline_VITIS_LOOP_240_15_fu_1715">qr_Pipeline_VITIS_LOOP_240_15, 51, 51, 0.510 us, 0.510 us, 51, 51, no</column>
<column name="grp_qr_Pipeline_VITIS_LOOP_248_16_fu_1732">qr_Pipeline_VITIS_LOOP_248_16, 51, 51, 0.510 us, 0.510 us, 51, 51, no</column>
<column name="grp_qr_Pipeline_VITIS_LOOP_256_17_fu_1749">qr_Pipeline_VITIS_LOOP_256_17, 51, 51, 0.510 us, 0.510 us, 51, 51, no</column>
<column name="grp_qr_Pipeline_VITIS_LOOP_264_18_fu_1766">qr_Pipeline_VITIS_LOOP_264_18, 51, 51, 0.510 us, 0.510 us, 51, 51, no</column>
<column name="grp_qr_Pipeline_VITIS_LOOP_157_8_fu_1783">qr_Pipeline_VITIS_LOOP_157_8, 51, 51, 0.510 us, 0.510 us, 51, 51, no</column>
<column name="grp_qr_Pipeline_VITIS_LOOP_167_9_fu_1796">qr_Pipeline_VITIS_LOOP_167_9, 51, 51, 0.510 us, 0.510 us, 51, 51, no</column>
<column name="grp_qr_Pipeline_VITIS_LOOP_273_19_fu_1813">qr_Pipeline_VITIS_LOOP_273_19, 51, 51, 0.510 us, 0.510 us, 51, 51, no</column>
<column name="grp_qr_Pipeline_VITIS_LOOP_281_20_fu_1830">qr_Pipeline_VITIS_LOOP_281_20, 51, 51, 0.510 us, 0.510 us, 51, 51, no</column>
<column name="grp_qr_Pipeline_VITIS_LOOP_289_21_fu_1847">qr_Pipeline_VITIS_LOOP_289_21, 51, 51, 0.510 us, 0.510 us, 51, 51, no</column>
<column name="grp_qr_Pipeline_VITIS_LOOP_297_22_fu_1864">qr_Pipeline_VITIS_LOOP_297_22, 51, 51, 0.510 us, 0.510 us, 51, 51, no</column>
<column name="grp_qr_Pipeline_VITIS_LOOP_177_10_fu_1881">qr_Pipeline_VITIS_LOOP_177_10, 51, 51, 0.510 us, 0.510 us, 51, 51, no</column>
<column name="grp_qr_Pipeline_VITIS_LOOP_307_23_fu_1894">qr_Pipeline_VITIS_LOOP_307_23, 51, 51, 0.510 us, 0.510 us, 51, 51, no</column>
<column name="grp_qr_Pipeline_VITIS_LOOP_315_24_fu_1907">qr_Pipeline_VITIS_LOOP_315_24, 51, 51, 0.510 us, 0.510 us, 51, 51, no</column>
<column name="grp_qr_Pipeline_VITIS_LOOP_323_25_fu_1920">qr_Pipeline_VITIS_LOOP_323_25, 51, 51, 0.510 us, 0.510 us, 51, 51, no</column>
<column name="grp_qr_Pipeline_VITIS_LOOP_331_26_fu_1933">qr_Pipeline_VITIS_LOOP_331_26, 51, 51, 0.510 us, 0.510 us, 51, 51, no</column>
</table>
</item>
<item name = "Loop"><table name="" hasTotal="0">
<keys size="8">Loop Name, min, max, Latency, achieved, target, Count, Pipelined</keys>
</table>
</item>
</section>
</item>
</section>
</item>
</section>
</profile>
