<profile>

<section name = "Vitis HLS Report for 'qr'" level="0">
<item name = "Date">Sun Nov 27 09:27:04 2022
</item>
<item name = "Version">2022.1 (Build 3526262 on Mon Apr 18 15:48:16 MDT 2022)</item>
<item name = "Project">A5V3FIX</item>
<item name = "Solution">solution1 (Vivado IP Flow Target)</item>
<item name = "Product family">zynq</item>
<item name = "Target device">xc7z020-clg484-1</item>
</section>

<section name = "Performance Estimates" level="0">
<item name = "Timing">
<section name = "" level="1">
<item name = "Summary"><table name="" hasTotal="0">
<keys size="4">Clock, Target, Estimated, Uncertainty</keys>
<column name="ap_clk">10.00 ns, 7.257 ns, 2.70 ns</column>
</table>
</item>
</section>
</item>
<item name = "Latency">
<section name = "" level="1">
<item name = "Summary"><table name="" hasTotal="0">
<keys size="8">, min, max, min, max, min, max, Type</keys>
<column name="">426, 426, 4.260 us, 4.260 us, 427, 427, no</column>
</table>
</item>
<item name = "Detail">
<section name = "" level="1">
<item name = "Instance"><table name="" hasTotal="0">
<keys size="9">Instance, Module, min, max, min, max, min, max, Type</keys>
<column name="grp_qr_Pipeline_VITIS_LOOP_97_1_fu_1536">qr_Pipeline_VITIS_LOOP_97_1, 51, 51, 0.510 us, 0.510 us, 51, 51, no</column>
<column name="grp_qr_Pipeline_VITIS_LOOP_106_2_fu_1553">qr_Pipeline_VITIS_LOOP_106_2, 51, 51, 0.510 us, 0.510 us, 51, 51, no</column>
<column name="grp_qr_Pipeline_VITIS_LOOP_114_3_fu_1574">qr_Pipeline_VITIS_LOOP_114_3, 51, 51, 0.510 us, 0.510 us, 51, 51, no</column>
<column name="grp_qr_Pipeline_VITIS_LOOP_122_4_fu_1595">qr_Pipeline_VITIS_LOOP_122_4, 51, 51, 0.510 us, 0.510 us, 51, 51, no</column>
<column name="grp_qr_Pipeline_VITIS_LOOP_207_11_fu_1616">qr_Pipeline_VITIS_LOOP_207_11, 51, 51, 0.510 us, 0.510 us, 51, 51, no</column>
<column name="grp_qr_Pipeline_VITIS_LOOP_215_12_fu_1629">qr_Pipeline_VITIS_LOOP_215_12, 51, 51, 0.510 us, 0.510 us, 51, 51, no</column>
<column name="grp_qr_Pipeline_VITIS_LOOP_223_13_fu_1642">qr_Pipeline_VITIS_LOOP_223_13, 51, 51, 0.510 us, 0.510 us, 51, 51, no</column>
<column name="grp_qr_Pipeline_VITIS_LOOP_231_14_fu_1655">qr_Pipeline_VITIS_LOOP_231_14, 51, 51, 0.510 us, 0.510 us, 51, 51, no</column>
<column name="grp_qr_Pipeline_VITIS_LOOP_131_5_fu_1668">qr_Pipeline_VITIS_LOOP_131_5, 51, 51, 0.510 us, 0.510 us, 51, 51, no</column>
<column name="grp_qr_Pipeline_VITIS_LOOP_140_6_fu_1681">qr_Pipeline_VITIS_LOOP_140_6, 51, 51, 0.510 us, 0.510 us, 51, 51, no</column>
<column name="grp_qr_Pipeline_VITIS_LOOP_148_7_fu_1698">qr_Pipeline_VITIS_LOOP_148_7, 51, 51, 0.510 us, 0.510 us, 51, 51, no</column>
<column name="grp_qr_Pipeline_VITIS_LOOP_240_15_fu_1715">qr_Pipeline_VITIS_LOOP_240_15, 51, 51, 0.510 us, 0.510 us, 51, 51, no</column>
<column name="grp_qr_Pipeline_VITIS_LOOP_248_16_fu_1732">qr_Pipeline_VITIS_LOOP_248_16, 51, 51, 0.510 us, 0.510 us, 51, 51, no</column>
<column name="grp_qr_Pipeline_VITIS_LOOP_256_17_fu_1749">qr_Pipeline_VITIS_LOOP_256_17, 51, 51, 0.510 us, 0.510 us, 51, 51, no</column>
<column name="grp_qr_Pipeline_VITIS_LOOP_264_18_fu_1766">qr_Pipeline_VITIS_LOOP_264_18, 51, 51, 0.510 us, 0.510 us, 51, 51, no</column>
<column name="grp_qr_Pipeline_VITIS_LOOP_157_8_fu_1783">qr_Pipeline_VITIS_LOOP_157_8, 51, 51, 0.510 us, 0.510 us, 51, 51, no</column>
<column name="grp_qr_Pipeline_VITIS_LOOP_167_9_fu_1796">qr_Pipeline_VITIS_LOOP_167_9, 51, 51, 0.510 us, 0.510 us, 51, 51, no</column>
<column name="grp_qr_Pipeline_VITIS_LOOP_273_19_fu_1813">qr_Pipeline_VITIS_LOOP_273_19, 51, 51, 0.510 us, 0.510 us, 51, 51, no</column>
<column name="grp_qr_Pipeline_VITIS_LOOP_281_20_fu_1830">qr_Pipeline_VITIS_LOOP_281_20, 51, 51, 0.510 us, 0.510 us, 51, 51, no</column>
<column name="grp_qr_Pipeline_VITIS_LOOP_289_21_fu_1847">qr_Pipeline_VITIS_LOOP_289_21, 51, 51, 0.510 us, 0.510 us, 51, 51, no</column>
<column name="grp_qr_Pipeline_VITIS_LOOP_297_22_fu_1864">qr_Pipeline_VITIS_LOOP_297_22, 51, 51, 0.510 us, 0.510 us, 51, 51, no</column>
<column name="grp_qr_Pipeline_VITIS_LOOP_177_10_fu_1881">qr_Pipeline_VITIS_LOOP_177_10, 51, 51, 0.510 us, 0.510 us, 51, 51, no</column>
<column name="grp_qr_Pipeline_VITIS_LOOP_307_23_fu_1894">qr_Pipeline_VITIS_LOOP_307_23, 51, 51, 0.510 us, 0.510 us, 51, 51, no</column>
<column name="grp_qr_Pipeline_VITIS_LOOP_315_24_fu_1907">qr_Pipeline_VITIS_LOOP_315_24, 51, 51, 0.510 us, 0.510 us, 51, 51, no</column>
<column name="grp_qr_Pipeline_VITIS_LOOP_323_25_fu_1920">qr_Pipeline_VITIS_LOOP_323_25, 51, 51, 0.510 us, 0.510 us, 51, 51, no</column>
<column name="grp_qr_Pipeline_VITIS_LOOP_331_26_fu_1933">qr_Pipeline_VITIS_LOOP_331_26, 51, 51, 0.510 us, 0.510 us, 51, 51, no</column>
</table>
</item>
<item name = "Loop"><table name="" hasTotal="0">
<keys size="8">Loop Name, min, max, Latency, achieved, target, Count, Pipelined</keys>
</table>
</item>
</section>
</item>
</section>
</item>
</section>

<section name = "Utilization Estimates" level="0">
<item name = "Summary"><table name="" hasTotal="1">
<keys size="6">Name, BRAM_18K, DSP, FF, LUT, URAM</keys>
<column name="DSP">-, -, -, -, -</column>
<column name="Expression">-, -, 0, 39, -</column>
<column name="FIFO">-, -, -, -, -</column>
<column name="Instance">-, 48, 14996, 24491, -</column>
<column name="Memory">0, -, 624, 52, 0</column>
<column name="Multiplexer">-, -, -, 2164, -</column>
<column name="Register">-, -, 45, -, -</column>
<specialColumn name="Available">280, 220, 106400, 53200, 0</specialColumn>
<specialColumn name="Utilization (%)">0, 21, 14, 50, 0</specialColumn>
</table>
</item>
<item name = "Detail">
<section name = "" level="1">
<item name = "Instance"><table name="" hasTotal="1">
<keys size="7">Instance, Module, BRAM_18K, DSP, FF, LUT, URAM</keys>
<column name="grp_cordic_fu_3384">cordic, 0, 0, 890, 2222, 0</column>
<column name="grp_cordic_fu_3390">cordic, 0, 0, 890, 2222, 0</column>
<column name="grp_cordic_fu_3396">cordic, 0, 0, 890, 2222, 0</column>
<column name="grp_cordic_fu_3402">cordic, 0, 0, 890, 2222, 0</column>
<column name="grp_cordic_fu_3408">cordic, 0, 0, 890, 2222, 0</column>
<column name="grp_cordic_fu_3414">cordic, 0, 0, 890, 2222, 0</column>
<column name="grp_cordic_1_fu_3379">cordic_1, 0, 0, 674, 1867, 0</column>
<column name="grp_qr_Pipeline_VITIS_LOOP_106_2_fu_1553">qr_Pipeline_VITIS_LOOP_106_2, 0, 2, 334, 275, 0</column>
<column name="grp_qr_Pipeline_VITIS_LOOP_114_3_fu_1574">qr_Pipeline_VITIS_LOOP_114_3, 0, 2, 334, 275, 0</column>
<column name="grp_qr_Pipeline_VITIS_LOOP_122_4_fu_1595">qr_Pipeline_VITIS_LOOP_122_4, 0, 2, 334, 275, 0</column>
<column name="grp_qr_Pipeline_VITIS_LOOP_131_5_fu_1668">qr_Pipeline_VITIS_LOOP_131_5, 0, 1, 308, 255, 0</column>
<column name="grp_qr_Pipeline_VITIS_LOOP_140_6_fu_1681">qr_Pipeline_VITIS_LOOP_140_6, 0, 2, 334, 275, 0</column>
<column name="grp_qr_Pipeline_VITIS_LOOP_148_7_fu_1698">qr_Pipeline_VITIS_LOOP_148_7, 0, 2, 334, 275, 0</column>
<column name="grp_qr_Pipeline_VITIS_LOOP_157_8_fu_1783">qr_Pipeline_VITIS_LOOP_157_8, 0, 1, 308, 255, 0</column>
<column name="grp_qr_Pipeline_VITIS_LOOP_167_9_fu_1796">qr_Pipeline_VITIS_LOOP_167_9, 0, 2, 334, 275, 0</column>
<column name="grp_qr_Pipeline_VITIS_LOOP_177_10_fu_1881">qr_Pipeline_VITIS_LOOP_177_10, 0, 1, 308, 255, 0</column>
<column name="grp_qr_Pipeline_VITIS_LOOP_207_11_fu_1616">qr_Pipeline_VITIS_LOOP_207_11, 0, 2, 334, 275, 0</column>
<column name="grp_qr_Pipeline_VITIS_LOOP_215_12_fu_1629">qr_Pipeline_VITIS_LOOP_215_12, 0, 2, 334, 275, 0</column>
<column name="grp_qr_Pipeline_VITIS_LOOP_223_13_fu_1642">qr_Pipeline_VITIS_LOOP_223_13, 0, 2, 334, 275, 0</column>
<column name="grp_qr_Pipeline_VITIS_LOOP_231_14_fu_1655">qr_Pipeline_VITIS_LOOP_231_14, 0, 2, 1224, 2497, 0</column>
<column name="grp_qr_Pipeline_VITIS_LOOP_240_15_fu_1715">qr_Pipeline_VITIS_LOOP_240_15, 0, 2, 334, 275, 0</column>
<column name="grp_qr_Pipeline_VITIS_LOOP_248_16_fu_1732">qr_Pipeline_VITIS_LOOP_248_16, 0, 2, 334, 275, 0</column>
<column name="grp_qr_Pipeline_VITIS_LOOP_256_17_fu_1749">qr_Pipeline_VITIS_LOOP_256_17, 0, 2, 334, 275, 0</column>
<column name="grp_qr_Pipeline_VITIS_LOOP_264_18_fu_1766">qr_Pipeline_VITIS_LOOP_264_18, 0, 2, 334, 275, 0</column>
<column name="grp_qr_Pipeline_VITIS_LOOP_273_19_fu_1813">qr_Pipeline_VITIS_LOOP_273_19, 0, 2, 334, 275, 0</column>
<column name="grp_qr_Pipeline_VITIS_LOOP_281_20_fu_1830">qr_Pipeline_VITIS_LOOP_281_20, 0, 2, 334, 275, 0</column>
<column name="grp_qr_Pipeline_VITIS_LOOP_289_21_fu_1847">qr_Pipeline_VITIS_LOOP_289_21, 0, 2, 334, 275, 0</column>
<column name="grp_qr_Pipeline_VITIS_LOOP_297_22_fu_1864">qr_Pipeline_VITIS_LOOP_297_22, 0, 2, 334, 275, 0</column>
<column name="grp_qr_Pipeline_VITIS_LOOP_307_23_fu_1894">qr_Pipeline_VITIS_LOOP_307_23, 0, 2, 212, 275, 0</column>
<column name="grp_qr_Pipeline_VITIS_LOOP_315_24_fu_1907">qr_Pipeline_VITIS_LOOP_315_24, 0, 2, 212, 275, 0</column>
<column name="grp_qr_Pipeline_VITIS_LOOP_323_25_fu_1920">qr_Pipeline_VITIS_LOOP_323_25, 0, 2, 212, 275, 0</column>
<column name="grp_qr_Pipeline_VITIS_LOOP_331_26_fu_1933">qr_Pipeline_VITIS_LOOP_331_26, 0, 2, 212, 275, 0</column>
<column name="grp_qr_Pipeline_VITIS_LOOP_97_1_fu_1536">qr_Pipeline_VITIS_LOOP_97_1, 0, 1, 308, 255, 0</column>
</table>
</item>
<item name = "DSP"><table name="" hasTotal="0">
<keys size="3">Instance, Module, Expression</keys>
</table>
</item>
<item name = "Memory"><table name="" hasTotal="1">
<keys size="10">Memory, Module, BRAM_18K, FF, LUT, URAM, Words, Bits, Banks, W*Bits*Banks</keys>
<column name="TempV1_V_U">TempV1_V_RAM_AUTO_1R1W, 0, 24, 2, 0, 5, 24, 1, 120</column>
<column name="TempR1_1_V_U">TempV1_V_RAM_AUTO_1R1W, 0, 24, 2, 0, 5, 24, 1, 120</column>
<column name="TempR1_2_V_U">TempV1_V_RAM_AUTO_1R1W, 0, 24, 2, 0, 5, 24, 1, 120</column>
<column name="TempR1_3_V_U">TempV1_V_RAM_AUTO_1R1W, 0, 24, 2, 0, 5, 24, 1, 120</column>
<column name="TempV2_V_U">TempV1_V_RAM_AUTO_1R1W, 0, 24, 2, 0, 5, 24, 1, 120</column>
<column name="TempR2_2_V_U">TempV1_V_RAM_AUTO_1R1W, 0, 24, 2, 0, 5, 24, 1, 120</column>
<column name="TempR2_3_V_U">TempV1_V_RAM_AUTO_1R1W, 0, 24, 2, 0, 5, 24, 1, 120</column>
<column name="TempV3_V_U">TempV1_V_RAM_AUTO_1R1W, 0, 24, 2, 0, 5, 24, 1, 120</column>
<column name="TempR3_3_V_U">TempV1_V_RAM_AUTO_1R1W, 0, 24, 2, 0, 5, 24, 1, 120</column>
<column name="TempV4_V_U">TempV1_V_RAM_AUTO_1R1W, 0, 24, 2, 0, 5, 24, 1, 120</column>
<column name="TempQ1_1_V_U">TempV1_V_RAM_AUTO_1R1W, 0, 24, 2, 0, 5, 24, 1, 120</column>
<column name="TempQ1_2_V_U">TempV1_V_RAM_AUTO_1R1W, 0, 24, 2, 0, 5, 24, 1, 120</column>
<column name="TempQ1_3_V_U">TempV1_V_RAM_AUTO_1R1W, 0, 24, 2, 0, 5, 24, 1, 120</column>
<column name="TempQ1_4_V_U">TempV1_V_RAM_AUTO_1R1W, 0, 24, 2, 0, 5, 24, 1, 120</column>
<column name="TempQ2_1_V_U">TempV1_V_RAM_AUTO_1R1W, 0, 24, 2, 0, 5, 24, 1, 120</column>
<column name="TempQ2_2_V_U">TempV1_V_RAM_AUTO_1R1W, 0, 24, 2, 0, 5, 24, 1, 120</column>
<column name="TempQ2_3_V_U">TempV1_V_RAM_AUTO_1R1W, 0, 24, 2, 0, 5, 24, 1, 120</column>
<column name="TempQ2_4_V_U">TempV1_V_RAM_AUTO_1R1W, 0, 24, 2, 0, 5, 24, 1, 120</column>
<column name="TempQ3_1_V_U">TempV1_V_RAM_AUTO_1R1W, 0, 24, 2, 0, 5, 24, 1, 120</column>
<column name="TempQ3_2_V_U">TempV1_V_RAM_AUTO_1R1W, 0, 24, 2, 0, 5, 24, 1, 120</column>
<column name="TempQ3_3_V_U">TempV1_V_RAM_AUTO_1R1W, 0, 24, 2, 0, 5, 24, 1, 120</column>
<column name="TempQ3_4_V_U">TempV1_V_RAM_AUTO_1R1W, 0, 24, 2, 0, 5, 24, 1, 120</column>
<column name="TempQ4_1_V_U">TempV1_V_RAM_AUTO_1R1W, 0, 24, 2, 0, 5, 24, 1, 120</column>
<column name="TempQ4_2_V_U">TempV1_V_RAM_AUTO_1R1W, 0, 24, 2, 0, 5, 24, 1, 120</column>
<column name="TempQ4_3_V_U">TempV1_V_RAM_AUTO_1R1W, 0, 24, 2, 0, 5, 24, 1, 120</column>
<column name="TempQ4_4_V_U">TempV1_V_RAM_AUTO_1R1W, 0, 24, 2, 0, 5, 24, 1, 120</column>
</table>
</item>
<item name = "FIFO"><table name="" hasTotal="1">
<keys size="8">Name, BRAM_18K, FF, LUT, URAM, Depth, Bits, Size:D*B</keys>
</table>
</item>
<item name = "Expression"><table name="" hasTotal="1">
<keys size="7">Variable Name, Operation, DSP, FF, LUT, Bitwidth P0, Bitwidth P1</keys>
<column name="done">+, 0, 0, 31, 24, 17</column>
<column name="ap_block_state13_on_subcall_done">or, 0, 0, 2, 1, 1</column>
<column name="ap_block_state17_on_subcall_done">or, 0, 0, 2, 1, 1</column>
<column name="ap_block_state5_on_subcall_done">or, 0, 0, 2, 1, 1</column>
<column name="ap_block_state9_on_subcall_done">or, 0, 0, 2, 1, 1</column>
</table>
</item>
<item name = "Multiplexer"><table name="" hasTotal="1">
<keys size="5">Name, LUT, Input Size, Bits, Total Bits</keys>
<column name="TempQ1_1_V_address0">20, 4, 3, 12</column>
<column name="TempQ1_1_V_ce0">14, 3, 1, 3</column>
<column name="TempQ1_1_V_d0">14, 3, 24, 72</column>
<column name="TempQ1_1_V_we0">14, 3, 1, 3</column>
<column name="TempQ1_2_V_address0">20, 4, 3, 12</column>
<column name="TempQ1_2_V_ce0">14, 3, 1, 3</column>
<column name="TempQ1_2_V_d0">14, 3, 24, 72</column>
<column name="TempQ1_2_V_we0">14, 3, 1, 3</column>
<column name="TempQ1_3_V_address0">20, 4, 3, 12</column>
<column name="TempQ1_3_V_ce0">14, 3, 1, 3</column>
<column name="TempQ1_3_V_d0">14, 3, 24, 72</column>
<column name="TempQ1_3_V_we0">14, 3, 1, 3</column>
<column name="TempQ1_4_V_address0">20, 4, 3, 12</column>
<column name="TempQ1_4_V_ce0">14, 3, 1, 3</column>
<column name="TempQ1_4_V_d0">14, 3, 24, 72</column>
<column name="TempQ1_4_V_we0">14, 3, 1, 3</column>
<column name="TempQ2_1_V_address0">20, 4, 3, 12</column>
<column name="TempQ2_1_V_ce0">14, 3, 1, 3</column>
<column name="TempQ2_1_V_d0">14, 3, 24, 72</column>
<column name="TempQ2_1_V_we0">14, 3, 1, 3</column>
<column name="TempQ2_2_V_address0">20, 4, 3, 12</column>
<column name="TempQ2_2_V_ce0">14, 3, 1, 3</column>
<column name="TempQ2_2_V_d0">14, 3, 24, 72</column>
<column name="TempQ2_2_V_we0">14, 3, 1, 3</column>
<column name="TempQ2_3_V_address0">20, 4, 3, 12</column>
<column name="TempQ2_3_V_ce0">14, 3, 1, 3</column>
<column name="TempQ2_3_V_d0">14, 3, 24, 72</column>
<column name="TempQ2_3_V_we0">14, 3, 1, 3</column>
<column name="TempQ2_4_V_address0">20, 4, 3, 12</column>
<column name="TempQ2_4_V_ce0">14, 3, 1, 3</column>
<column name="TempQ2_4_V_d0">14, 3, 24, 72</column>
<column name="TempQ2_4_V_we0">14, 3, 1, 3</column>
<column name="TempQ3_1_V_address0">20, 4, 3, 12</column>
<column name="TempQ3_1_V_ce0">14, 3, 1, 3</column>
<column name="TempQ3_1_V_d0">14, 3, 24, 72</column>
<column name="TempQ3_1_V_we0">14, 3, 1, 3</column>
<column name="TempQ3_2_V_address0">20, 4, 3, 12</column>
<column name="TempQ3_2_V_ce0">14, 3, 1, 3</column>
<column name="TempQ3_2_V_d0">14, 3, 24, 72</column>
<column name="TempQ3_2_V_we0">14, 3, 1, 3</column>
<column name="TempQ3_3_V_address0">20, 4, 3, 12</column>
<column name="TempQ3_3_V_ce0">14, 3, 1, 3</column>
<column name="TempQ3_3_V_d0">14, 3, 24, 72</column>
<column name="TempQ3_3_V_we0">14, 3, 1, 3</column>
<column name="TempQ3_4_V_address0">20, 4, 3, 12</column>
<column name="TempQ3_4_V_ce0">14, 3, 1, 3</column>
<column name="TempQ3_4_V_d0">14, 3, 24, 72</column>
<column name="TempQ3_4_V_we0">14, 3, 1, 3</column>
<column name="TempQ4_1_V_address0">20, 4, 3, 12</column>
<column name="TempQ4_1_V_ce0">14, 3, 1, 3</column>
<column name="TempQ4_1_V_d0">14, 3, 24, 72</column>
<column name="TempQ4_1_V_we0">14, 3, 1, 3</column>
<column name="TempQ4_2_V_address0">20, 4, 3, 12</column>
<column name="TempQ4_2_V_ce0">14, 3, 1, 3</column>
<column name="TempQ4_2_V_d0">14, 3, 24, 72</column>
<column name="TempQ4_2_V_we0">14, 3, 1, 3</column>
<column name="TempQ4_3_V_address0">20, 4, 3, 12</column>
<column name="TempQ4_3_V_ce0">14, 3, 1, 3</column>
<column name="TempQ4_3_V_d0">14, 3, 24, 72</column>
<column name="TempQ4_3_V_we0">14, 3, 1, 3</column>
<column name="TempQ4_4_V_address0">20, 4, 3, 12</column>
<column name="TempQ4_4_V_ce0">14, 3, 1, 3</column>
<column name="TempQ4_4_V_d0">14, 3, 24, 72</column>
<column name="TempQ4_4_V_we0">14, 3, 1, 3</column>
<column name="TempR1_1_V_address0">20, 4, 3, 12</column>
<column name="TempR1_1_V_ce0">14, 3, 1, 3</column>
<column name="TempR1_1_V_d0">14, 3, 24, 72</column>
<column name="TempR1_1_V_we0">14, 3, 1, 3</column>
<column name="TempR1_2_V_address0">20, 4, 3, 12</column>
<column name="TempR1_2_V_ce0">14, 3, 1, 3</column>
<column name="TempR1_2_V_d0">14, 3, 24, 72</column>
<column name="TempR1_2_V_we0">14, 3, 1, 3</column>
<column name="TempR1_3_V_address0">20, 4, 3, 12</column>
<column name="TempR1_3_V_ce0">14, 3, 1, 3</column>
<column name="TempR1_3_V_d0">14, 3, 24, 72</column>
<column name="TempR1_3_V_we0">14, 3, 1, 3</column>
<column name="TempR2_2_V_address0">20, 4, 3, 12</column>
<column name="TempR2_2_V_ce0">14, 3, 1, 3</column>
<column name="TempR2_2_V_d0">14, 3, 24, 72</column>
<column name="TempR2_2_V_we0">14, 3, 1, 3</column>
<column name="TempR2_3_V_address0">20, 4, 3, 12</column>
<column name="TempR2_3_V_ce0">14, 3, 1, 3</column>
<column name="TempR2_3_V_d0">14, 3, 24, 72</column>
<column name="TempR2_3_V_we0">14, 3, 1, 3</column>
<column name="TempR3_3_V_address0">20, 4, 3, 12</column>
<column name="TempR3_3_V_ce0">14, 3, 1, 3</column>
<column name="TempR3_3_V_d0">14, 3, 24, 72</column>
<column name="TempR3_3_V_we0">14, 3, 1, 3</column>
<column name="TempV1_V_address0">20, 4, 3, 12</column>
<column name="TempV1_V_ce0">14, 3, 1, 3</column>
<column name="TempV1_V_d0">14, 3, 24, 72</column>
<column name="TempV1_V_we0">14, 3, 1, 3</column>
<column name="TempV2_V_address0">20, 4, 3, 12</column>
<column name="TempV2_V_ce0">14, 3, 1, 3</column>
<column name="TempV2_V_d0">14, 3, 24, 72</column>
<column name="TempV2_V_we0">14, 3, 1, 3</column>
<column name="TempV3_V_address0">20, 4, 3, 12</column>
<column name="TempV3_V_ce0">14, 3, 1, 3</column>
<column name="TempV3_V_d0">14, 3, 24, 72</column>
<column name="TempV3_V_we0">14, 3, 1, 3</column>
<column name="TempV4_V_address0">20, 4, 3, 12</column>
<column name="TempV4_V_ce0">14, 3, 1, 3</column>
<column name="TempV4_V_d0">14, 3, 24, 72</column>
<column name="TempV4_V_we0">14, 3, 1, 3</column>
<column name="ap_NS_fsm">100, 20, 1, 20</column>
<column name="grp_cordic_1_fu_3379_xi">25, 5, 24, 120</column>
<column name="grp_cordic_1_fu_3379_yi">25, 5, 24, 120</column>
<column name="grp_cordic_fu_3384_ti">25, 5, 24, 120</column>
<column name="grp_cordic_fu_3384_xi">25, 5, 24, 120</column>
<column name="grp_cordic_fu_3384_yi">25, 5, 24, 120</column>
<column name="grp_cordic_fu_3390_ti">25, 5, 24, 120</column>
<column name="grp_cordic_fu_3390_xi">25, 5, 24, 120</column>
<column name="grp_cordic_fu_3390_yi">25, 5, 24, 120</column>
<column name="grp_cordic_fu_3396_ti">25, 5, 24, 120</column>
<column name="grp_cordic_fu_3396_xi">25, 5, 24, 120</column>
<column name="grp_cordic_fu_3396_yi">25, 5, 24, 120</column>
<column name="grp_cordic_fu_3402_ti">25, 5, 24, 120</column>
<column name="grp_cordic_fu_3402_xi">25, 5, 24, 120</column>
<column name="grp_cordic_fu_3402_yi">25, 5, 24, 120</column>
<column name="grp_cordic_fu_3408_ti">20, 4, 24, 96</column>
<column name="grp_cordic_fu_3408_xi">20, 4, 24, 96</column>
<column name="grp_cordic_fu_3408_yi">20, 4, 24, 96</column>
<column name="grp_cordic_fu_3414_ti">14, 3, 24, 72</column>
<column name="grp_cordic_fu_3414_xi">14, 3, 24, 72</column>
<column name="grp_cordic_fu_3414_yi">14, 3, 24, 72</column>
</table>
</item>
<item name = "Register"><table name="" hasTotal="1">
<keys size="5">Name, FF, LUT, Bits, Const Bits</keys>
<column name="ap_CS_fsm">19, 0, 19, 0</column>
<column name="grp_qr_Pipeline_VITIS_LOOP_106_2_fu_1553_ap_start_reg">1, 0, 1, 0</column>
<column name="grp_qr_Pipeline_VITIS_LOOP_114_3_fu_1574_ap_start_reg">1, 0, 1, 0</column>
<column name="grp_qr_Pipeline_VITIS_LOOP_122_4_fu_1595_ap_start_reg">1, 0, 1, 0</column>
<column name="grp_qr_Pipeline_VITIS_LOOP_131_5_fu_1668_ap_start_reg">1, 0, 1, 0</column>
<column name="grp_qr_Pipeline_VITIS_LOOP_140_6_fu_1681_ap_start_reg">1, 0, 1, 0</column>
<column name="grp_qr_Pipeline_VITIS_LOOP_148_7_fu_1698_ap_start_reg">1, 0, 1, 0</column>
<column name="grp_qr_Pipeline_VITIS_LOOP_157_8_fu_1783_ap_start_reg">1, 0, 1, 0</column>
<column name="grp_qr_Pipeline_VITIS_LOOP_167_9_fu_1796_ap_start_reg">1, 0, 1, 0</column>
<column name="grp_qr_Pipeline_VITIS_LOOP_177_10_fu_1881_ap_start_reg">1, 0, 1, 0</column>
<column name="grp_qr_Pipeline_VITIS_LOOP_207_11_fu_1616_ap_start_reg">1, 0, 1, 0</column>
<column name="grp_qr_Pipeline_VITIS_LOOP_215_12_fu_1629_ap_start_reg">1, 0, 1, 0</column>
<column name="grp_qr_Pipeline_VITIS_LOOP_223_13_fu_1642_ap_start_reg">1, 0, 1, 0</column>
<column name="grp_qr_Pipeline_VITIS_LOOP_231_14_fu_1655_ap_start_reg">1, 0, 1, 0</column>
<column name="grp_qr_Pipeline_VITIS_LOOP_240_15_fu_1715_ap_start_reg">1, 0, 1, 0</column>
<column name="grp_qr_Pipeline_VITIS_LOOP_248_16_fu_1732_ap_start_reg">1, 0, 1, 0</column>
<column name="grp_qr_Pipeline_VITIS_LOOP_256_17_fu_1749_ap_start_reg">1, 0, 1, 0</column>
<column name="grp_qr_Pipeline_VITIS_LOOP_264_18_fu_1766_ap_start_reg">1, 0, 1, 0</column>
<column name="grp_qr_Pipeline_VITIS_LOOP_273_19_fu_1813_ap_start_reg">1, 0, 1, 0</column>
<column name="grp_qr_Pipeline_VITIS_LOOP_281_20_fu_1830_ap_start_reg">1, 0, 1, 0</column>
<column name="grp_qr_Pipeline_VITIS_LOOP_289_21_fu_1847_ap_start_reg">1, 0, 1, 0</column>
<column name="grp_qr_Pipeline_VITIS_LOOP_297_22_fu_1864_ap_start_reg">1, 0, 1, 0</column>
<column name="grp_qr_Pipeline_VITIS_LOOP_307_23_fu_1894_ap_start_reg">1, 0, 1, 0</column>
<column name="grp_qr_Pipeline_VITIS_LOOP_315_24_fu_1907_ap_start_reg">1, 0, 1, 0</column>
<column name="grp_qr_Pipeline_VITIS_LOOP_323_25_fu_1920_ap_start_reg">1, 0, 1, 0</column>
<column name="grp_qr_Pipeline_VITIS_LOOP_331_26_fu_1933_ap_start_reg">1, 0, 1, 0</column>
<column name="grp_qr_Pipeline_VITIS_LOOP_97_1_fu_1536_ap_start_reg">1, 0, 1, 0</column>
</table>
</item>
</section>
</item>
</section>

<section name = "Interface" level="0">
<item name = "Summary"><table name="" hasTotal="0">
<keys size="6">RTL Ports, Dir, Bits, Protocol, Source Object, C Type</keys>
<column name="ap_clk">in, 1, ap_ctrl_hs, qr, return value</column>
<column name="ap_rst">in, 1, ap_ctrl_hs, qr, return value</column>
<column name="ap_start">in, 1, ap_ctrl_hs, qr, return value</column>
<column name="ap_done">out, 1, ap_ctrl_hs, qr, return value</column>
<column name="ap_idle">out, 1, ap_ctrl_hs, qr, return value</column>
<column name="ap_ready">out, 1, ap_ctrl_hs, qr, return value</column>
<column name="a11">in, 24, ap_none, a11, scalar</column>
<column name="a12">in, 24, ap_none, a12, scalar</column>
<column name="a13">in, 24, ap_none, a13, scalar</column>
<column name="a14">in, 24, ap_none, a14, scalar</column>
<column name="a21">in, 24, ap_none, a21, scalar</column>
<column name="a22">in, 24, ap_none, a22, scalar</column>
<column name="a23">in, 24, ap_none, a23, scalar</column>
<column name="a24">in, 24, ap_none, a24, scalar</column>
<column name="a31">in, 24, ap_none, a31, scalar</column>
<column name="a32">in, 24, ap_none, a32, scalar</column>
<column name="a33">in, 24, ap_none, a33, scalar</column>
<column name="a34">in, 24, ap_none, a34, scalar</column>
<column name="a41">in, 24, ap_none, a41, scalar</column>
<column name="a42">in, 24, ap_none, a42, scalar</column>
<column name="a43">in, 24, ap_none, a43, scalar</column>
<column name="a44">in, 24, ap_none, a44, scalar</column>
<column name="q11">out, 24, ap_vld, q11, pointer</column>
<column name="q11_ap_vld">out, 1, ap_vld, q11, pointer</column>
<column name="q12">out, 24, ap_vld, q12, pointer</column>
<column name="q12_ap_vld">out, 1, ap_vld, q12, pointer</column>
<column name="q13">out, 24, ap_vld, q13, pointer</column>
<column name="q13_ap_vld">out, 1, ap_vld, q13, pointer</column>
<column name="q14">out, 24, ap_vld, q14, pointer</column>
<column name="q14_ap_vld">out, 1, ap_vld, q14, pointer</column>
<column name="q21">out, 24, ap_vld, q21, pointer</column>
<column name="q21_ap_vld">out, 1, ap_vld, q21, pointer</column>
<column name="q22">out, 24, ap_vld, q22, pointer</column>
<column name="q22_ap_vld">out, 1, ap_vld, q22, pointer</column>
<column name="q23">out, 24, ap_vld, q23, pointer</column>
<column name="q23_ap_vld">out, 1, ap_vld, q23, pointer</column>
<column name="q24">out, 24, ap_vld, q24, pointer</column>
<column name="q24_ap_vld">out, 1, ap_vld, q24, pointer</column>
<column name="q31">out, 24, ap_vld, q31, pointer</column>
<column name="q31_ap_vld">out, 1, ap_vld, q31, pointer</column>
<column name="q32">out, 24, ap_vld, q32, pointer</column>
<column name="q32_ap_vld">out, 1, ap_vld, q32, pointer</column>
<column name="q33">out, 24, ap_vld, q33, pointer</column>
<column name="q33_ap_vld">out, 1, ap_vld, q33, pointer</column>
<column name="q34">out, 24, ap_vld, q34, pointer</column>
<column name="q34_ap_vld">out, 1, ap_vld, q34, pointer</column>
<column name="q41">out, 24, ap_vld, q41, pointer</column>
<column name="q41_ap_vld">out, 1, ap_vld, q41, pointer</column>
<column name="q42">out, 24, ap_vld, q42, pointer</column>
<column name="q42_ap_vld">out, 1, ap_vld, q42, pointer</column>
<column name="q43">out, 24, ap_vld, q43, pointer</column>
<column name="q43_ap_vld">out, 1, ap_vld, q43, pointer</column>
<column name="q44">out, 24, ap_vld, q44, pointer</column>
<column name="q44_ap_vld">out, 1, ap_vld, q44, pointer</column>
<column name="r11">out, 24, ap_vld, r11, pointer</column>
<column name="r11_ap_vld">out, 1, ap_vld, r11, pointer</column>
<column name="r12">out, 24, ap_vld, r12, pointer</column>
<column name="r12_ap_vld">out, 1, ap_vld, r12, pointer</column>
<column name="r13">out, 24, ap_vld, r13, pointer</column>
<column name="r13_ap_vld">out, 1, ap_vld, r13, pointer</column>
<column name="r14">out, 24, ap_vld, r14, pointer</column>
<column name="r14_ap_vld">out, 1, ap_vld, r14, pointer</column>
<column name="r22">out, 24, ap_vld, r22, pointer</column>
<column name="r22_ap_vld">out, 1, ap_vld, r22, pointer</column>
<column name="r23">out, 24, ap_vld, r23, pointer</column>
<column name="r23_ap_vld">out, 1, ap_vld, r23, pointer</column>
<column name="r24">out, 24, ap_vld, r24, pointer</column>
<column name="r24_ap_vld">out, 1, ap_vld, r24, pointer</column>
<column name="r33">out, 24, ap_vld, r33, pointer</column>
<column name="r33_ap_vld">out, 1, ap_vld, r33, pointer</column>
<column name="r34">out, 24, ap_vld, r34, pointer</column>
<column name="r34_ap_vld">out, 1, ap_vld, r34, pointer</column>
<column name="r44">out, 24, ap_vld, r44, pointer</column>
<column name="r44_ap_vld">out, 1, ap_vld, r44, pointer</column>
<column name="din">in, 24, ap_none, din, scalar</column>
<column name="done">out, 24, ap_vld, done, pointer</column>
<column name="done_ap_vld">out, 1, ap_vld, done, pointer</column>
</table>
</item>
</section>
</profile>
