<profile>

<section name = "Vitis HLS Report for 'qr_Pipeline_VITIS_LOOP_167_9'" level="0">
<item name = "Date">Sun Nov 27 09:26:55 2022
</item>
<item name = "Version">2022.1 (Build 3526262 on Mon Apr 18 15:48:16 MDT 2022)</item>
<item name = "Project">A5V3FIX</item>
<item name = "Solution">solution1 (Vivado IP Flow Target)</item>
<item name = "Product family">zynq</item>
<item name = "Target device">xc7z020-clg484-1</item>
</section>

<section name = "Performance Estimates" level="0">
<item name = "Timing">
<section name = "" level="1">
<item name = "Summary"><table name="" hasTotal="0">
<keys size="4">Clock, Target, Estimated, Uncertainty</keys>
<column name="ap_clk">10.00 ns, 6.943 ns, 2.70 ns</column>
</table>
</item>
</section>
</item>
<item name = "Latency">
<section name = "" level="1">
<item name = "Summary"><table name="" hasTotal="0">
<keys size="8">, min, max, min, max, min, max, Type</keys>
<column name="">51, 51, 0.510 us, 0.510 us, 51, 51, no</column>
</table>
</item>
<item name = "Detail">
<section name = "" level="1">
<item name = "Instance"><table name="" hasTotal="0">
<keys size="9">Instance, Module, min, max, min, max, min, max, Type</keys>
<column name="grp_cordic_fu_202">cordic, 6, 6, 60.000 ns, 60.000 ns, 1, 1, yes</column>
</table>
</item>
<item name = "Loop"><table name="" hasTotal="0">
<keys size="8">Loop Name, min, max, Latency, achieved, target, Count, Pipelined</keys>
<column name="- VITIS_LOOP_167_9">49, 49, 14, 12, 1, 4, yes</column>
</table>
</item>
</section>
</item>
</section>
</item>
</section>

<section name = "Utilization Estimates" level="0">
<item name = "Summary"><table name="" hasTotal="1">
<keys size="6">Name, BRAM_18K, DSP, FF, LUT, URAM</keys>
<column name="DSP">-, 2, -, -, -</column>
<column name="Expression">-, -, 0, 75, -</column>
<column name="FIFO">-, -, -, -, -</column>
<column name="Instance">-, -, 0, 40, -</column>
<column name="Memory">-, -, -, -, -</column>
<column name="Multiplexer">-, -, -, 160, -</column>
<column name="Register">-, -, 334, -, -</column>
<specialColumn name="Available">280, 220, 106400, 53200, 0</specialColumn>
<specialColumn name="Utilization (%)">0, ~0, ~0, ~0, 0</specialColumn>
</table>
</item>
<item name = "Detail">
<section name = "" level="1">
<item name = "Instance"><table name="" hasTotal="1">
<keys size="7">Instance, Module, BRAM_18K, DSP, FF, LUT, URAM</keys>
<column name="mux_42_24_1_1_U126">mux_42_24_1_1, 0, 0, 0, 20, 0</column>
<column name="mux_42_24_1_1_U127">mux_42_24_1_1, 0, 0, 0, 20, 0</column>
</table>
</item>
<item name = "DSP"><table name="" hasTotal="0">
<keys size="3">Instance, Module, Expression</keys>
<column name="mul_mul_24s_16ns_40_4_1_U128">mul_mul_24s_16ns_40_4_1, i0 * i1</column>
<column name="mul_mul_24s_16ns_40_4_1_U129">mul_mul_24s_16ns_40_4_1, i0 * i1</column>
</table>
</item>
<item name = "Memory"><table name="" hasTotal="1">
<keys size="10">Memory, Module, BRAM_18K, FF, LUT, URAM, Words, Bits, Banks, W*Bits*Banks</keys>
</table>
</item>
<item name = "FIFO"><table name="" hasTotal="1">
<keys size="8">Name, BRAM_18K, FF, LUT, URAM, Depth, Bits, Size:D*B</keys>
</table>
</item>
<item name = "Expression"><table name="" hasTotal="1">
<keys size="7">Variable Name, Operation, DSP, FF, LUT, Bitwidth P0, Bitwidth P1</keys>
<column name="add_ln169_fu_238_p2">+, 0, 0, 11, 3, 1</column>
<column name="addr_cmp_fu_270_p2">icmp, 0, 0, 29, 64, 64</column>
<column name="icmp_ln167_fu_232_p2">icmp, 0, 0, 9, 3, 4</column>
<column name="r_V_21_fu_289_p3">select, 0, 0, 24, 1, 24</column>
<column name="ap_enable_pp0">xor, 0, 0, 2, 1, 2</column>
</table>
</item>
<item name = "Multiplexer"><table name="" hasTotal="1">
<keys size="5">Name, LUT, Input Size, Bits, Total Bits</keys>
<column name="TempR3_3_V_address0">14, 3, 3, 9</column>
<column name="XOR3_3_V_1_fu_90">9, 2, 24, 48</column>
<column name="ap_NS_fsm">65, 13, 1, 13</column>
<column name="ap_done_int">9, 2, 1, 2</column>
<column name="ap_enable_reg_pp0_iter0">9, 2, 1, 2</column>
<column name="ap_enable_reg_pp0_iter0_reg">9, 2, 1, 2</column>
<column name="ap_enable_reg_pp0_iter1">9, 2, 1, 2</column>
<column name="ap_sig_allocacmp_reuse_reg_load">9, 2, 24, 48</column>
<column name="i_8_fu_86">9, 2, 3, 6</column>
<column name="reuse_addr_reg_fu_78">9, 2, 64, 128</column>
<column name="reuse_reg_fu_82">9, 2, 24, 48</column>
</table>
</item>
<item name = "Register"><table name="" hasTotal="1">
<keys size="5">Name, FF, LUT, Bits, Const Bits</keys>
<column name="TempR3_3_V_addr_1_reg_527">3, 0, 3, 0</column>
<column name="XOR3_3_V_1_1_fu_94">24, 0, 24, 0</column>
<column name="XOR3_3_V_1_2_fu_98">24, 0, 24, 0</column>
<column name="XOR3_3_V_1_3_fu_102">24, 0, 24, 0</column>
<column name="XOR3_3_V_1_5_reg_532">24, 0, 24, 0</column>
<column name="XOR3_3_V_1_fu_90">24, 0, 24, 0</column>
<column name="add_ln169_reg_482">3, 0, 3, 0</column>
<column name="addr_cmp_reg_502">1, 0, 1, 0</column>
<column name="ap_CS_fsm">12, 0, 12, 0</column>
<column name="ap_done_reg">1, 0, 1, 0</column>
<column name="ap_enable_reg_pp0_iter0_reg">1, 0, 1, 0</column>
<column name="ap_enable_reg_pp0_iter1">1, 0, 1, 0</column>
<column name="i_8_fu_86">3, 0, 3, 0</column>
<column name="icmp_ln167_reg_478">1, 0, 1, 0</column>
<column name="newret_reg_537">24, 0, 24, 0</column>
<column name="reuse_addr_reg_fu_78">64, 0, 64, 0</column>
<column name="reuse_reg_fu_82">24, 0, 24, 0</column>
<column name="tmp_3_reg_507">24, 0, 24, 0</column>
<column name="trunc_ln1317_reg_488">2, 0, 2, 0</column>
<column name="trunc_ln1317_reg_488_pp0_iter1_reg">2, 0, 2, 0</column>
<column name="trunc_ln864_11_reg_517">24, 0, 24, 0</column>
<column name="trunc_ln864_13_reg_522">24, 0, 24, 0</column>
</table>
</item>
</section>
</item>
</section>

<section name = "Interface" level="0">
<item name = "Summary"><table name="" hasTotal="0">
<keys size="6">RTL Ports, Dir, Bits, Protocol, Source Object, C Type</keys>
<column name="ap_clk">in, 1, ap_ctrl_hs, qr_Pipeline_VITIS_LOOP_167_9, return value</column>
<column name="ap_rst">in, 1, ap_ctrl_hs, qr_Pipeline_VITIS_LOOP_167_9, return value</column>
<column name="ap_start">in, 1, ap_ctrl_hs, qr_Pipeline_VITIS_LOOP_167_9, return value</column>
<column name="ap_done">out, 1, ap_ctrl_hs, qr_Pipeline_VITIS_LOOP_167_9, return value</column>
<column name="ap_idle">out, 1, ap_ctrl_hs, qr_Pipeline_VITIS_LOOP_167_9, return value</column>
<column name="ap_ready">out, 1, ap_ctrl_hs, qr_Pipeline_VITIS_LOOP_167_9, return value</column>
<column name="grp_cordic_fu_3384_p_din1">out, 24, ap_ctrl_hs, qr_Pipeline_VITIS_LOOP_167_9, return value</column>
<column name="grp_cordic_fu_3384_p_din2">out, 24, ap_ctrl_hs, qr_Pipeline_VITIS_LOOP_167_9, return value</column>
<column name="grp_cordic_fu_3384_p_din3">out, 24, ap_ctrl_hs, qr_Pipeline_VITIS_LOOP_167_9, return value</column>
<column name="grp_cordic_fu_3384_p_dout0_0">in, 24, ap_ctrl_hs, qr_Pipeline_VITIS_LOOP_167_9, return value</column>
<column name="grp_cordic_fu_3384_p_dout0_1">in, 24, ap_ctrl_hs, qr_Pipeline_VITIS_LOOP_167_9, return value</column>
<column name="XOR2_3_V_0_0_reload">in, 24, ap_none, XOR2_3_V_0_0_reload, scalar</column>
<column name="XOR2_3_V_1_031_reload">in, 24, ap_none, XOR2_3_V_1_031_reload, scalar</column>
<column name="XOR2_3_V_2_032_reload">in, 24, ap_none, XOR2_3_V_2_032_reload, scalar</column>
<column name="XOR2_3_V_3_033_reload">in, 24, ap_none, XOR2_3_V_3_033_reload, scalar</column>
<column name="TempR3_3_V_address0">out, 3, ap_memory, TempR3_3_V, array</column>
<column name="TempR3_3_V_ce0">out, 1, ap_memory, TempR3_3_V, array</column>
<column name="TempR3_3_V_we0">out, 1, ap_memory, TempR3_3_V, array</column>
<column name="TempR3_3_V_d0">out, 24, ap_memory, TempR3_3_V, array</column>
<column name="TempR3_3_V_q0">in, 24, ap_memory, TempR3_3_V, array</column>
<column name="PhaseV3_V_0_0_reload">in, 24, ap_none, PhaseV3_V_0_0_reload, scalar</column>
<column name="PhaseV3_V_1_034_reload">in, 24, ap_none, PhaseV3_V_1_034_reload, scalar</column>
<column name="PhaseV3_V_2_035_reload">in, 24, ap_none, PhaseV3_V_2_035_reload, scalar</column>
<column name="PhaseV3_V_3_036_reload">in, 24, ap_none, PhaseV3_V_3_036_reload, scalar</column>
<column name="XOR3_3_V_3_039_out">out, 24, ap_vld, XOR3_3_V_3_039_out, pointer</column>
<column name="XOR3_3_V_3_039_out_ap_vld">out, 1, ap_vld, XOR3_3_V_3_039_out, pointer</column>
<column name="XOR3_3_V_2_038_out">out, 24, ap_vld, XOR3_3_V_2_038_out, pointer</column>
<column name="XOR3_3_V_2_038_out_ap_vld">out, 1, ap_vld, XOR3_3_V_2_038_out, pointer</column>
<column name="XOR3_3_V_1_037_out">out, 24, ap_vld, XOR3_3_V_1_037_out, pointer</column>
<column name="XOR3_3_V_1_037_out_ap_vld">out, 1, ap_vld, XOR3_3_V_1_037_out, pointer</column>
<column name="XOR3_3_V_0_0_out">out, 24, ap_vld, XOR3_3_V_0_0_out, pointer</column>
<column name="XOR3_3_V_0_0_out_ap_vld">out, 1, ap_vld, XOR3_3_V_0_0_out, pointer</column>
</table>
</item>
</section>
</profile>
