<profile>

<section name = "Vitis HLS Report for 'qr_Pipeline_VITIS_LOOP_131_5'" level="0">
<item name = "Date">Sun Nov 27 09:26:53 2022
</item>
<item name = "Version">2022.1 (Build 3526262 on Mon Apr 18 15:48:16 MDT 2022)</item>
<item name = "Project">A5V3FIX</item>
<item name = "Solution">solution1 (Vivado IP Flow Target)</item>
<item name = "Product family">zynq</item>
<item name = "Target device">xc7z020-clg484-1</item>
</section>

<section name = "Performance Estimates" level="0">
<item name = "Timing">
<section name = "" level="1">
<item name = "Summary"><table name="" hasTotal="0">
<keys size="4">Clock, Target, Estimated, Uncertainty</keys>
<column name="ap_clk">10.00 ns, 7.257 ns, 2.70 ns</column>
</table>
</item>
</section>
</item>
<item name = "Latency">
<section name = "" level="1">
<item name = "Summary"><table name="" hasTotal="0">
<keys size="8">, min, max, min, max, min, max, Type</keys>
<column name="">51, 51, 0.510 us, 0.510 us, 51, 51, no</column>
</table>
</item>
<item name = "Detail">
<section name = "" level="1">
<item name = "Instance"><table name="" hasTotal="0">
<keys size="9">Instance, Module, min, max, min, max, min, max, Type</keys>
<column name="grp_cordic_1_fu_170">cordic_1, 6, 6, 60.000 ns, 60.000 ns, 1, 1, yes</column>
</table>
</item>
<item name = "Loop"><table name="" hasTotal="0">
<keys size="8">Loop Name, min, max, Latency, achieved, target, Count, Pipelined</keys>
<column name="- VITIS_LOOP_131_5">49, 49, 14, 12, 1, 4, yes</column>
</table>
</item>
</section>
</item>
</section>
</item>
</section>

<section name = "Utilization Estimates" level="0">
<item name = "Summary"><table name="" hasTotal="1">
<keys size="6">Name, BRAM_18K, DSP, FF, LUT, URAM</keys>
<column name="DSP">-, 1, -, -, -</column>
<column name="Expression">-, -, 0, 75, -</column>
<column name="FIFO">-, -, -, -, -</column>
<column name="Instance">-, -, 0, 20, -</column>
<column name="Memory">-, -, -, -, -</column>
<column name="Multiplexer">-, -, -, 160, -</column>
<column name="Register">-, -, 308, -, -</column>
<specialColumn name="Available">280, 220, 106400, 53200, 0</specialColumn>
<specialColumn name="Utilization (%)">0, ~0, ~0, ~0, 0</specialColumn>
</table>
</item>
<item name = "Detail">
<section name = "" level="1">
<item name = "Instance"><table name="" hasTotal="1">
<keys size="7">Instance, Module, BRAM_18K, DSP, FF, LUT, URAM</keys>
<column name="mux_42_24_1_1_U70">mux_42_24_1_1, 0, 0, 0, 20, 0</column>
</table>
</item>
<item name = "DSP"><table name="" hasTotal="0">
<keys size="3">Instance, Module, Expression</keys>
<column name="mul_mul_24s_16ns_40_4_1_U71">mul_mul_24s_16ns_40_4_1, i0 * i1</column>
</table>
</item>
<item name = "Memory"><table name="" hasTotal="1">
<keys size="10">Memory, Module, BRAM_18K, FF, LUT, URAM, Words, Bits, Banks, W*Bits*Banks</keys>
</table>
</item>
<item name = "FIFO"><table name="" hasTotal="1">
<keys size="8">Name, BRAM_18K, FF, LUT, URAM, Depth, Bits, Size:D*B</keys>
</table>
</item>
<item name = "Expression"><table name="" hasTotal="1">
<keys size="7">Variable Name, Operation, DSP, FF, LUT, Bitwidth P0, Bitwidth P1</keys>
<column name="add_ln133_fu_205_p2">+, 0, 0, 11, 3, 1</column>
<column name="addr_cmp_fu_219_p2">icmp, 0, 0, 29, 64, 64</column>
<column name="icmp_ln131_fu_199_p2">icmp, 0, 0, 9, 3, 4</column>
<column name="reuse_select_fu_242_p3">select, 0, 0, 24, 1, 24</column>
<column name="ap_enable_pp0">xor, 0, 0, 2, 1, 2</column>
</table>
</item>
<item name = "Multiplexer"><table name="" hasTotal="1">
<keys size="5">Name, LUT, Input Size, Bits, Total Bits</keys>
<column name="PhaseV2_V_1_fu_82">9, 2, 24, 48</column>
<column name="TempV2_V_address0">14, 3, 3, 9</column>
<column name="ap_NS_fsm">65, 13, 1, 13</column>
<column name="ap_done_int">9, 2, 1, 2</column>
<column name="ap_enable_reg_pp0_iter0">9, 2, 1, 2</column>
<column name="ap_enable_reg_pp0_iter0_reg">9, 2, 1, 2</column>
<column name="ap_enable_reg_pp0_iter1">9, 2, 1, 2</column>
<column name="ap_sig_allocacmp_reuse_reg_load">9, 2, 24, 48</column>
<column name="i_4_fu_78">9, 2, 3, 6</column>
<column name="reuse_addr_reg_fu_70">9, 2, 64, 128</column>
<column name="reuse_reg_fu_74">9, 2, 24, 48</column>
</table>
</item>
<item name = "Register"><table name="" hasTotal="1">
<keys size="5">Name, FF, LUT, Bits, Const Bits</keys>
<column name="PhaseV2_V_1_1_fu_86">24, 0, 24, 0</column>
<column name="PhaseV2_V_1_2_fu_90">24, 0, 24, 0</column>
<column name="PhaseV2_V_1_3_fu_94">24, 0, 24, 0</column>
<column name="PhaseV2_V_1_5_reg_440">24, 0, 24, 0</column>
<column name="PhaseV2_V_1_fu_82">24, 0, 24, 0</column>
<column name="TempV2_V_addr_1_reg_430">3, 0, 3, 0</column>
<column name="add_ln133_reg_400">3, 0, 3, 0</column>
<column name="addr_cmp_reg_411">1, 0, 1, 0</column>
<column name="ap_CS_fsm">12, 0, 12, 0</column>
<column name="ap_done_reg">1, 0, 1, 0</column>
<column name="ap_enable_reg_pp0_iter0_reg">1, 0, 1, 0</column>
<column name="ap_enable_reg_pp0_iter1">1, 0, 1, 0</column>
<column name="i_4_fu_78">3, 0, 3, 0</column>
<column name="icmp_ln131_reg_396">1, 0, 1, 0</column>
<column name="r_V_9_reg_435">24, 0, 24, 0</column>
<column name="reuse_addr_reg_fu_70">64, 0, 64, 0</column>
<column name="reuse_reg_fu_74">24, 0, 24, 0</column>
<column name="reuse_select_reg_425">24, 0, 24, 0</column>
<column name="tmp_7_reg_420">24, 0, 24, 0</column>
<column name="trunc_ln133_reg_416">2, 0, 2, 0</column>
</table>
</item>
</section>
</item>
</section>

<section name = "Interface" level="0">
<item name = "Summary"><table name="" hasTotal="0">
<keys size="6">RTL Ports, Dir, Bits, Protocol, Source Object, C Type</keys>
<column name="ap_clk">in, 1, ap_ctrl_hs, qr_Pipeline_VITIS_LOOP_131_5, return value</column>
<column name="ap_rst">in, 1, ap_ctrl_hs, qr_Pipeline_VITIS_LOOP_131_5, return value</column>
<column name="ap_start">in, 1, ap_ctrl_hs, qr_Pipeline_VITIS_LOOP_131_5, return value</column>
<column name="ap_done">out, 1, ap_ctrl_hs, qr_Pipeline_VITIS_LOOP_131_5, return value</column>
<column name="ap_idle">out, 1, ap_ctrl_hs, qr_Pipeline_VITIS_LOOP_131_5, return value</column>
<column name="ap_ready">out, 1, ap_ctrl_hs, qr_Pipeline_VITIS_LOOP_131_5, return value</column>
<column name="grp_cordic_1_fu_3379_p_din1">out, 24, ap_ctrl_hs, qr_Pipeline_VITIS_LOOP_131_5, return value</column>
<column name="grp_cordic_1_fu_3379_p_din2">out, 24, ap_ctrl_hs, qr_Pipeline_VITIS_LOOP_131_5, return value</column>
<column name="grp_cordic_1_fu_3379_p_dout0_0">in, 24, ap_ctrl_hs, qr_Pipeline_VITIS_LOOP_131_5, return value</column>
<column name="grp_cordic_1_fu_3379_p_dout0_1">in, 24, ap_ctrl_hs, qr_Pipeline_VITIS_LOOP_131_5, return value</column>
<column name="TempV2_V_address0">out, 3, ap_memory, TempV2_V, array</column>
<column name="TempV2_V_ce0">out, 1, ap_memory, TempV2_V, array</column>
<column name="TempV2_V_we0">out, 1, ap_memory, TempV2_V, array</column>
<column name="TempV2_V_d0">out, 24, ap_memory, TempV2_V, array</column>
<column name="TempV2_V_q0">in, 24, ap_memory, TempV2_V, array</column>
<column name="XOR1_1_V_0_0_reload">in, 24, ap_none, XOR1_1_V_0_0_reload, scalar</column>
<column name="XOR1_1_V_1_016_reload">in, 24, ap_none, XOR1_1_V_1_016_reload, scalar</column>
<column name="XOR1_1_V_2_017_reload">in, 24, ap_none, XOR1_1_V_2_017_reload, scalar</column>
<column name="XOR1_1_V_3_018_reload">in, 24, ap_none, XOR1_1_V_3_018_reload, scalar</column>
<column name="PhaseV2_V_3_027_out">out, 24, ap_vld, PhaseV2_V_3_027_out, pointer</column>
<column name="PhaseV2_V_3_027_out_ap_vld">out, 1, ap_vld, PhaseV2_V_3_027_out, pointer</column>
<column name="PhaseV2_V_2_026_out">out, 24, ap_vld, PhaseV2_V_2_026_out, pointer</column>
<column name="PhaseV2_V_2_026_out_ap_vld">out, 1, ap_vld, PhaseV2_V_2_026_out, pointer</column>
<column name="PhaseV2_V_1_025_out">out, 24, ap_vld, PhaseV2_V_1_025_out, pointer</column>
<column name="PhaseV2_V_1_025_out_ap_vld">out, 1, ap_vld, PhaseV2_V_1_025_out, pointer</column>
<column name="PhaseV2_V_0_0_out">out, 24, ap_vld, PhaseV2_V_0_0_out, pointer</column>
<column name="PhaseV2_V_0_0_out_ap_vld">out, 1, ap_vld, PhaseV2_V_0_0_out, pointer</column>
</table>
</item>
</section>
</profile>
