<root versionMajor = "1" versionMinor = "5">
  <kernel src_name="qr" language="c" hwCtrl="ap_ctrl_hs" mem_layout="fpga64-xilinx-none">
    <args>
      <arg id="0" access_type="r" src_name="a11" src_type="ap_fixed&lt;24, 8, AP_TRN, AP_WRAP, 0&gt;" src_isptr="1" src_bitwidth="32" src_size_or_depth="1">
        <hw hw_usage="data" hw_interface="Register" hw_name="a11" hw_bitwidth="24" hw_size_or_depth="1" hw_kernel_support="false">
          <constraint constraint_type="pragma interface" mode="ap_none" register_option="0"/>
        </hw>
      </arg>
      <arg id="1" access_type="r" src_name="a12" src_type="ap_fixed&lt;24, 8, AP_TRN, AP_WRAP, 0&gt;" src_isptr="1" src_bitwidth="32" src_size_or_depth="1">
        <hw hw_usage="data" hw_interface="Register" hw_name="a12" hw_bitwidth="24" hw_size_or_depth="1" hw_kernel_support="false">
          <constraint constraint_type="pragma interface" mode="ap_none" register_option="0"/>
        </hw>
      </arg>
      <arg id="2" access_type="r" src_name="a13" src_type="ap_fixed&lt;24, 8, AP_TRN, AP_WRAP, 0&gt;" src_isptr="1" src_bitwidth="32" src_size_or_depth="1">
        <hw hw_usage="data" hw_interface="Register" hw_name="a13" hw_bitwidth="24" hw_size_or_depth="1" hw_kernel_support="false">
          <constraint constraint_type="pragma interface" mode="ap_none" register_option="0"/>
        </hw>
      </arg>
      <arg id="3" access_type="r" src_name="a14" src_type="ap_fixed&lt;24, 8, AP_TRN, AP_WRAP, 0&gt;" src_isptr="1" src_bitwidth="32" src_size_or_depth="1">
        <hw hw_usage="data" hw_interface="Register" hw_name="a14" hw_bitwidth="24" hw_size_or_depth="1" hw_kernel_support="false">
          <constraint constraint_type="pragma interface" mode="ap_none" register_option="0"/>
        </hw>
      </arg>
      <arg id="4" access_type="r" src_name="a21" src_type="ap_fixed&lt;24, 8, AP_TRN, AP_WRAP, 0&gt;" src_isptr="1" src_bitwidth="32" src_size_or_depth="1">
        <hw hw_usage="data" hw_interface="Register" hw_name="a21" hw_bitwidth="24" hw_size_or_depth="1" hw_kernel_support="false">
          <constraint constraint_type="pragma interface" mode="ap_none" register_option="0"/>
        </hw>
      </arg>
      <arg id="5" access_type="r" src_name="a22" src_type="ap_fixed&lt;24, 8, AP_TRN, AP_WRAP, 0&gt;" src_isptr="1" src_bitwidth="32" src_size_or_depth="1">
        <hw hw_usage="data" hw_interface="Register" hw_name="a22" hw_bitwidth="24" hw_size_or_depth="1" hw_kernel_support="false">
          <constraint constraint_type="pragma interface" mode="ap_none" register_option="0"/>
        </hw>
      </arg>
      <arg id="6" access_type="r" src_name="a23" src_type="ap_fixed&lt;24, 8, AP_TRN, AP_WRAP, 0&gt;" src_isptr="1" src_bitwidth="32" src_size_or_depth="1">
        <hw hw_usage="data" hw_interface="Register" hw_name="a23" hw_bitwidth="24" hw_size_or_depth="1" hw_kernel_support="false">
          <constraint constraint_type="pragma interface" mode="ap_none" register_option="0"/>
        </hw>
      </arg>
      <arg id="7" access_type="r" src_name="a24" src_type="ap_fixed&lt;24, 8, AP_TRN, AP_WRAP, 0&gt;" src_isptr="1" src_bitwidth="32" src_size_or_depth="1">
        <hw hw_usage="data" hw_interface="Register" hw_name="a24" hw_bitwidth="24" hw_size_or_depth="1" hw_kernel_support="false">
          <constraint constraint_type="pragma interface" mode="ap_none" register_option="0"/>
        </hw>
      </arg>
      <arg id="8" access_type="r" src_name="a31" src_type="ap_fixed&lt;24, 8, AP_TRN, AP_WRAP, 0&gt;" src_isptr="1" src_bitwidth="32" src_size_or_depth="1">
        <hw hw_usage="data" hw_interface="Register" hw_name="a31" hw_bitwidth="24" hw_size_or_depth="1" hw_kernel_support="false">
          <constraint constraint_type="pragma interface" mode="ap_none" register_option="0"/>
        </hw>
      </arg>
      <arg id="9" access_type="r" src_name="a32" src_type="ap_fixed&lt;24, 8, AP_TRN, AP_WRAP, 0&gt;" src_isptr="1" src_bitwidth="32" src_size_or_depth="1">
        <hw hw_usage="data" hw_interface="Register" hw_name="a32" hw_bitwidth="24" hw_size_or_depth="1" hw_kernel_support="false">
          <constraint constraint_type="pragma interface" mode="ap_none" register_option="0"/>
        </hw>
      </arg>
      <arg id="10" access_type="r" src_name="a33" src_type="ap_fixed&lt;24, 8, AP_TRN, AP_WRAP, 0&gt;" src_isptr="1" src_bitwidth="32" src_size_or_depth="1">
        <hw hw_usage="data" hw_interface="Register" hw_name="a33" hw_bitwidth="24" hw_size_or_depth="1" hw_kernel_support="false">
          <constraint constraint_type="pragma interface" mode="ap_none" register_option="0"/>
        </hw>
      </arg>
      <arg id="11" access_type="r" src_name="a34" src_type="ap_fixed&lt;24, 8, AP_TRN, AP_WRAP, 0&gt;" src_isptr="1" src_bitwidth="32" src_size_or_depth="1">
        <hw hw_usage="data" hw_interface="Register" hw_name="a34" hw_bitwidth="24" hw_size_or_depth="1" hw_kernel_support="false">
          <constraint constraint_type="pragma interface" mode="ap_none" register_option="0"/>
        </hw>
      </arg>
      <arg id="12" access_type="r" src_name="a41" src_type="ap_fixed&lt;24, 8, AP_TRN, AP_WRAP, 0&gt;" src_isptr="1" src_bitwidth="32" src_size_or_depth="1">
        <hw hw_usage="data" hw_interface="Register" hw_name="a41" hw_bitwidth="24" hw_size_or_depth="1" hw_kernel_support="false">
          <constraint constraint_type="pragma interface" mode="ap_none" register_option="0"/>
        </hw>
      </arg>
      <arg id="13" access_type="r" src_name="a42" src_type="ap_fixed&lt;24, 8, AP_TRN, AP_WRAP, 0&gt;" src_isptr="1" src_bitwidth="32" src_size_or_depth="1">
        <hw hw_usage="data" hw_interface="Register" hw_name="a42" hw_bitwidth="24" hw_size_or_depth="1" hw_kernel_support="false">
          <constraint constraint_type="pragma interface" mode="ap_none" register_option="0"/>
        </hw>
      </arg>
      <arg id="14" access_type="r" src_name="a43" src_type="ap_fixed&lt;24, 8, AP_TRN, AP_WRAP, 0&gt;" src_isptr="1" src_bitwidth="32" src_size_or_depth="1">
        <hw hw_usage="data" hw_interface="Register" hw_name="a43" hw_bitwidth="24" hw_size_or_depth="1" hw_kernel_support="false">
          <constraint constraint_type="pragma interface" mode="ap_none" register_option="0"/>
        </hw>
      </arg>
      <arg id="15" access_type="r" src_name="a44" src_type="ap_fixed&lt;24, 8, AP_TRN, AP_WRAP, 0&gt;" src_isptr="1" src_bitwidth="32" src_size_or_depth="1">
        <hw hw_usage="data" hw_interface="Register" hw_name="a44" hw_bitwidth="24" hw_size_or_depth="1" hw_kernel_support="false">
          <constraint constraint_type="pragma interface" mode="ap_none" register_option="0"/>
        </hw>
      </arg>
      <arg id="16" access_type="w" src_name="q11" src_type="ap_fixed&lt;24, 8, AP_TRN, AP_WRAP, 0&gt;&amp;" src_isptr="1" src_bitwidth="32" src_size_or_depth="1">
        <hw hw_usage="data" hw_interface="Register" hw_name="q11" hw_bitwidth="24" hw_size_or_depth="1" hw_kernel_support="false">
          <constraint constraint_type="pragma interface" mode="ap_none" register_option="0"/>
        </hw>
      </arg>
      <arg id="17" access_type="w" src_name="q12" src_type="ap_fixed&lt;24, 8, AP_TRN, AP_WRAP, 0&gt;&amp;" src_isptr="1" src_bitwidth="32" src_size_or_depth="1">
        <hw hw_usage="data" hw_interface="Register" hw_name="q12" hw_bitwidth="24" hw_size_or_depth="1" hw_kernel_support="false">
          <constraint constraint_type="pragma interface" mode="ap_none" register_option="0"/>
        </hw>
      </arg>
      <arg id="18" access_type="w" src_name="q13" src_type="ap_fixed&lt;24, 8, AP_TRN, AP_WRAP, 0&gt;&amp;" src_isptr="1" src_bitwidth="32" src_size_or_depth="1">
        <hw hw_usage="data" hw_interface="Register" hw_name="q13" hw_bitwidth="24" hw_size_or_depth="1" hw_kernel_support="false">
          <constraint constraint_type="pragma interface" mode="ap_none" register_option="0"/>
        </hw>
      </arg>
      <arg id="19" access_type="w" src_name="q14" src_type="ap_fixed&lt;24, 8, AP_TRN, AP_WRAP, 0&gt;&amp;" src_isptr="1" src_bitwidth="32" src_size_or_depth="1">
        <hw hw_usage="data" hw_interface="Register" hw_name="q14" hw_bitwidth="24" hw_size_or_depth="1" hw_kernel_support="false">
          <constraint constraint_type="pragma interface" mode="ap_none" register_option="0"/>
        </hw>
      </arg>
      <arg id="20" access_type="w" src_name="q21" src_type="ap_fixed&lt;24, 8, AP_TRN, AP_WRAP, 0&gt;&amp;" src_isptr="1" src_bitwidth="32" src_size_or_depth="1">
        <hw hw_usage="data" hw_interface="Register" hw_name="q21" hw_bitwidth="24" hw_size_or_depth="1" hw_kernel_support="false">
          <constraint constraint_type="pragma interface" mode="ap_none" register_option="0"/>
        </hw>
      </arg>
      <arg id="21" access_type="w" src_name="q22" src_type="ap_fixed&lt;24, 8, AP_TRN, AP_WRAP, 0&gt;&amp;" src_isptr="1" src_bitwidth="32" src_size_or_depth="1">
        <hw hw_usage="data" hw_interface="Register" hw_name="q22" hw_bitwidth="24" hw_size_or_depth="1" hw_kernel_support="false">
          <constraint constraint_type="pragma interface" mode="ap_none" register_option="0"/>
        </hw>
      </arg>
      <arg id="22" access_type="w" src_name="q23" src_type="ap_fixed&lt;24, 8, AP_TRN, AP_WRAP, 0&gt;&amp;" src_isptr="1" src_bitwidth="32" src_size_or_depth="1">
        <hw hw_usage="data" hw_interface="Register" hw_name="q23" hw_bitwidth="24" hw_size_or_depth="1" hw_kernel_support="false">
          <constraint constraint_type="pragma interface" mode="ap_none" register_option="0"/>
        </hw>
      </arg>
      <arg id="23" access_type="w" src_name="q24" src_type="ap_fixed&lt;24, 8, AP_TRN, AP_WRAP, 0&gt;&amp;" src_isptr="1" src_bitwidth="32" src_size_or_depth="1">
        <hw hw_usage="data" hw_interface="Register" hw_name="q24" hw_bitwidth="24" hw_size_or_depth="1" hw_kernel_support="false">
          <constraint constraint_type="pragma interface" mode="ap_none" register_option="0"/>
        </hw>
      </arg>
      <arg id="24" access_type="w" src_name="q31" src_type="ap_fixed&lt;24, 8, AP_TRN, AP_WRAP, 0&gt;&amp;" src_isptr="1" src_bitwidth="32" src_size_or_depth="1">
        <hw hw_usage="data" hw_interface="Register" hw_name="q31" hw_bitwidth="24" hw_size_or_depth="1" hw_kernel_support="false">
          <constraint constraint_type="pragma interface" mode="ap_none" register_option="0"/>
        </hw>
      </arg>
      <arg id="25" access_type="w" src_name="q32" src_type="ap_fixed&lt;24, 8, AP_TRN, AP_WRAP, 0&gt;&amp;" src_isptr="1" src_bitwidth="32" src_size_or_depth="1">
        <hw hw_usage="data" hw_interface="Register" hw_name="q32" hw_bitwidth="24" hw_size_or_depth="1" hw_kernel_support="false">
          <constraint constraint_type="pragma interface" mode="ap_none" register_option="0"/>
        </hw>
      </arg>
      <arg id="26" access_type="w" src_name="q33" src_type="ap_fixed&lt;24, 8, AP_TRN, AP_WRAP, 0&gt;&amp;" src_isptr="1" src_bitwidth="32" src_size_or_depth="1">
        <hw hw_usage="data" hw_interface="Register" hw_name="q33" hw_bitwidth="24" hw_size_or_depth="1" hw_kernel_support="false">
          <constraint constraint_type="pragma interface" mode="ap_none" register_option="0"/>
        </hw>
      </arg>
      <arg id="27" access_type="w" src_name="q34" src_type="ap_fixed&lt;24, 8, AP_TRN, AP_WRAP, 0&gt;&amp;" src_isptr="1" src_bitwidth="32" src_size_or_depth="1">
        <hw hw_usage="data" hw_interface="Register" hw_name="q34" hw_bitwidth="24" hw_size_or_depth="1" hw_kernel_support="false">
          <constraint constraint_type="pragma interface" mode="ap_none" register_option="0"/>
        </hw>
      </arg>
      <arg id="28" access_type="w" src_name="q41" src_type="ap_fixed&lt;24, 8, AP_TRN, AP_WRAP, 0&gt;&amp;" src_isptr="1" src_bitwidth="32" src_size_or_depth="1">
        <hw hw_usage="data" hw_interface="Register" hw_name="q41" hw_bitwidth="24" hw_size_or_depth="1" hw_kernel_support="false">
          <constraint constraint_type="pragma interface" mode="ap_none" register_option="0"/>
        </hw>
      </arg>
      <arg id="29" access_type="w" src_name="q42" src_type="ap_fixed&lt;24, 8, AP_TRN, AP_WRAP, 0&gt;&amp;" src_isptr="1" src_bitwidth="32" src_size_or_depth="1">
        <hw hw_usage="data" hw_interface="Register" hw_name="q42" hw_bitwidth="24" hw_size_or_depth="1" hw_kernel_support="false">
          <constraint constraint_type="pragma interface" mode="ap_none" register_option="0"/>
        </hw>
      </arg>
      <arg id="30" access_type="w" src_name="q43" src_type="ap_fixed&lt;24, 8, AP_TRN, AP_WRAP, 0&gt;&amp;" src_isptr="1" src_bitwidth="32" src_size_or_depth="1">
        <hw hw_usage="data" hw_interface="Register" hw_name="q43" hw_bitwidth="24" hw_size_or_depth="1" hw_kernel_support="false">
          <constraint constraint_type="pragma interface" mode="ap_none" register_option="0"/>
        </hw>
      </arg>
      <arg id="31" access_type="w" src_name="q44" src_type="ap_fixed&lt;24, 8, AP_TRN, AP_WRAP, 0&gt;&amp;" src_isptr="1" src_bitwidth="32" src_size_or_depth="1">
        <hw hw_usage="data" hw_interface="Register" hw_name="q44" hw_bitwidth="24" hw_size_or_depth="1" hw_kernel_support="false">
          <constraint constraint_type="pragma interface" mode="ap_none" register_option="0"/>
        </hw>
      </arg>
      <arg id="32" access_type="w" src_name="r11" src_type="ap_fixed&lt;24, 8, AP_TRN, AP_WRAP, 0&gt;&amp;" src_isptr="1" src_bitwidth="32" src_size_or_depth="1">
        <hw hw_usage="data" hw_interface="Register" hw_name="r11" hw_bitwidth="24" hw_size_or_depth="1" hw_kernel_support="false">
          <constraint constraint_type="pragma interface" mode="ap_none" register_option="0"/>
        </hw>
      </arg>
      <arg id="33" access_type="w" src_name="r12" src_type="ap_fixed&lt;24, 8, AP_TRN, AP_WRAP, 0&gt;&amp;" src_isptr="1" src_bitwidth="32" src_size_or_depth="1">
        <hw hw_usage="data" hw_interface="Register" hw_name="r12" hw_bitwidth="24" hw_size_or_depth="1" hw_kernel_support="false">
          <constraint constraint_type="pragma interface" mode="ap_none" register_option="0"/>
        </hw>
      </arg>
      <arg id="34" access_type="w" src_name="r13" src_type="ap_fixed&lt;24, 8, AP_TRN, AP_WRAP, 0&gt;&amp;" src_isptr="1" src_bitwidth="32" src_size_or_depth="1">
        <hw hw_usage="data" hw_interface="Register" hw_name="r13" hw_bitwidth="24" hw_size_or_depth="1" hw_kernel_support="false">
          <constraint constraint_type="pragma interface" mode="ap_none" register_option="0"/>
        </hw>
      </arg>
      <arg id="35" access_type="w" src_name="r14" src_type="ap_fixed&lt;24, 8, AP_TRN, AP_WRAP, 0&gt;&amp;" src_isptr="1" src_bitwidth="32" src_size_or_depth="1">
        <hw hw_usage="data" hw_interface="Register" hw_name="r14" hw_bitwidth="24" hw_size_or_depth="1" hw_kernel_support="false">
          <constraint constraint_type="pragma interface" mode="ap_none" register_option="0"/>
        </hw>
      </arg>
      <arg id="36" access_type="w" src_name="r22" src_type="ap_fixed&lt;24, 8, AP_TRN, AP_WRAP, 0&gt;&amp;" src_isptr="1" src_bitwidth="32" src_size_or_depth="1">
        <hw hw_usage="data" hw_interface="Register" hw_name="r22" hw_bitwidth="24" hw_size_or_depth="1" hw_kernel_support="false">
          <constraint constraint_type="pragma interface" mode="ap_none" register_option="0"/>
        </hw>
      </arg>
      <arg id="37" access_type="w" src_name="r23" src_type="ap_fixed&lt;24, 8, AP_TRN, AP_WRAP, 0&gt;&amp;" src_isptr="1" src_bitwidth="32" src_size_or_depth="1">
        <hw hw_usage="data" hw_interface="Register" hw_name="r23" hw_bitwidth="24" hw_size_or_depth="1" hw_kernel_support="false">
          <constraint constraint_type="pragma interface" mode="ap_none" register_option="0"/>
        </hw>
      </arg>
      <arg id="38" access_type="w" src_name="r24" src_type="ap_fixed&lt;24, 8, AP_TRN, AP_WRAP, 0&gt;&amp;" src_isptr="1" src_bitwidth="32" src_size_or_depth="1">
        <hw hw_usage="data" hw_interface="Register" hw_name="r24" hw_bitwidth="24" hw_size_or_depth="1" hw_kernel_support="false">
          <constraint constraint_type="pragma interface" mode="ap_none" register_option="0"/>
        </hw>
      </arg>
      <arg id="39" access_type="w" src_name="r33" src_type="ap_fixed&lt;24, 8, AP_TRN, AP_WRAP, 0&gt;&amp;" src_isptr="1" src_bitwidth="32" src_size_or_depth="1">
        <hw hw_usage="data" hw_interface="Register" hw_name="r33" hw_bitwidth="24" hw_size_or_depth="1" hw_kernel_support="false">
          <constraint constraint_type="pragma interface" mode="ap_none" register_option="0"/>
        </hw>
      </arg>
      <arg id="40" access_type="w" src_name="r34" src_type="ap_fixed&lt;24, 8, AP_TRN, AP_WRAP, 0&gt;&amp;" src_isptr="1" src_bitwidth="32" src_size_or_depth="1">
        <hw hw_usage="data" hw_interface="Register" hw_name="r34" hw_bitwidth="24" hw_size_or_depth="1" hw_kernel_support="false">
          <constraint constraint_type="pragma interface" mode="ap_none" register_option="0"/>
        </hw>
      </arg>
      <arg id="41" access_type="w" src_name="r44" src_type="ap_fixed&lt;24, 8, AP_TRN, AP_WRAP, 0&gt;&amp;" src_isptr="1" src_bitwidth="32" src_size_or_depth="1">
        <hw hw_usage="data" hw_interface="Register" hw_name="r44" hw_bitwidth="24" hw_size_or_depth="1" hw_kernel_support="false">
          <constraint constraint_type="pragma interface" mode="ap_none" register_option="0"/>
        </hw>
      </arg>
      <arg id="42" access_type="r" src_name="din" src_type="ap_fixed&lt;24, 8, AP_TRN, AP_WRAP, 0&gt;" src_isptr="1" src_bitwidth="32" src_size_or_depth="1">
        <hw hw_usage="data" hw_interface="Register" hw_name="din" hw_bitwidth="24" hw_size_or_depth="1" hw_kernel_support="false">
          <constraint constraint_type="pragma interface" mode="ap_none" register_option="0"/>
        </hw>
      </arg>
      <arg id="43" access_type="w" src_name="done" src_type="ap_fixed&lt;24, 8, AP_TRN, AP_WRAP, 0&gt;&amp;" src_isptr="1" src_bitwidth="32" src_size_or_depth="1">
        <hw hw_usage="data" hw_interface="Register" hw_name="done" hw_bitwidth="24" hw_size_or_depth="1" hw_kernel_support="false">
          <constraint constraint_type="pragma interface" mode="ap_none" register_option="0"/>
        </hw>
      </arg>
    </args>
    <return src_type="void" src_bitwidth="0" offset="0x0">
      <hw hw_usage="data" hw_interface="" hw_name="" hw_bitwidth="0" hw_kernel_support="true"/>
    </return>
  </kernel>
</root>
