<?xml version="1.0" encoding="UTF-8"?>
<vivadoHLSLog:LogRoot xmlns:vivadoHLSLog="www.xilinx.com/vivadoHLSLog">
  <errorLogs>
    <logs>
      <synLog/>
      <simLog/>
      <mgLog/>
      <packageLog/>
      <csimLog/>
    </logs>
  </errorLogs>
  <warningLogs>
    <logs>
      <synLog>
        <logs message="WARNING: [HLS 207-997] '/*' within block comment (../code/cordic.h:43:25)" projectName="lab_five" solutionName="solution1" date="2022-11-18T03:25:07.559-0600" type="Warning"/>
      </synLog>
      <simLog>
        <logs message="WARNING: [Simtcl 6-197] One or more HDL objects could not be logged because of object type or size limitations.  To see details please rerun the command with -verbose (-v).&#xD;&#xA;## set designtopgroup [add_wave_group &quot;Design Top Signals&quot;]&#xD;&#xA;## set coutputgroup [add_wave_group &quot;C Outputs&quot; -into $designtopgroup]&#xD;&#xA;## set return_group [add_wave_group return(wire) -into $coutputgroup]&#xD;&#xA;## add_wave /apatb_circular_cordic_top/AESL_inst_circular_cordic/sine_Out_ap_vld -into $return_group -color #ffff00 -radix hex&#xD;&#xA;## add_wave /apatb_circular_cordic_top/AESL_inst_circular_cordic/sine_Out -into $return_group -radix hex&#xD;&#xA;## add_wave /apatb_circular_cordic_top/AESL_inst_circular_cordic/cosine_Out_ap_vld -into $return_group -color #ffff00 -radix hex&#xD;&#xA;## add_wave /apatb_circular_cordic_top/AESL_inst_circular_cordic/cosine_Out -into $return_group -radix hex&#xD;&#xA;## add_wave /apatb_circular_cordic_top/AESL_inst_circular_cordic/angle_Out_ap_vld -into $return_group -color #ffff00 -radix hex&#xD;&#xA;## add_wave /apatb_circular_cordic_top/AESL_inst_circular_cordic/angle_Out -into $return_group -radix hex&#xD;&#xA;## set cinputgroup [add_wave_group &quot;C Inputs&quot; -into $designtopgroup]&#xD;&#xA;## set return_group [add_wave_group return(wire) -into $cinputgroup]&#xD;&#xA;## add_wave /apatb_circular_cordic_top/AESL_inst_circular_cordic/arc_tan -into $return_group -radix hex&#xD;&#xA;## add_wave /apatb_circular_cordic_top/AESL_inst_circular_cordic/sine_In -into $return_group -radix hex&#xD;&#xA;## add_wave /apatb_circular_cordic_top/AESL_inst_circular_cordic/cosine_In -into $return_group -radix hex&#xD;&#xA;## add_wave /apatb_circular_cordic_top/AESL_inst_circular_cordic/angle_in -into $return_group -radix hex&#xD;&#xA;## set blocksiggroup [add_wave_group &quot;Block-level IO Handshake&quot; -into $designtopgroup]&#xD;&#xA;## add_wave /apatb_circular_cordic_top/AESL_inst_circular_cordic/ap_start -into $blocksiggroup&#xD;&#xA;## add_wave /apatb_circular_cordic_top/AESL_inst_circular_cordic/ap_done -into $blocksiggroup&#xD;&#xA;## add_wave /apatb_circular_cordic_top/AESL_inst_circular_cordic/ap_idle -into $blocksiggroup&#xD;&#xA;## add_wave /apatb_circular_cordic_top/AESL_inst_circular_cordic/ap_ready -into $blocksiggroup&#xD;&#xA;## set resetgroup [add_wave_group &quot;Reset&quot; -into $designtopgroup]&#xD;&#xA;## add_wave /apatb_circular_cordic_top/AESL_inst_circular_cordic/ap_rst -into $resetgroup&#xD;&#xA;## set clockgroup [add_wave_group &quot;Clock&quot; -into $designtopgroup]&#xD;&#xA;## add_wave /apatb_circular_cordic_top/AESL_inst_circular_cordic/ap_clk -into $clockgroup&#xD;&#xA;## set testbenchgroup [add_wave_group &quot;Test Bench Signals&quot;]&#xD;&#xA;## set tbinternalsiggroup [add_wave_group &quot;Internal Signals&quot; -into $testbenchgroup]&#xD;&#xA;## set tb_simstatus_group [add_wave_group &quot;Simulation Status&quot; -into $tbinternalsiggroup]&#xD;&#xA;## set tb_portdepth_group [add_wave_group &quot;Port Depth&quot; -into $tbinternalsiggroup]&#xD;&#xA;## add_wave /apatb_circular_cordic_top/AUTOTB_TRANSACTION_NUM -into $tb_simstatus_group -radix hex&#xD;&#xA;## add_wave /apatb_circular_cordic_top/ready_cnt -into $tb_simstatus_group -radix hex&#xD;&#xA;## add_wave /apatb_circular_cordic_top/done_cnt -into $tb_simstatus_group -radix hex&#xD;&#xA;## add_wave /apatb_circular_cordic_top/LENGTH_angle_in -into $tb_portdepth_group -radix hex&#xD;&#xA;## add_wave /apatb_circular_cordic_top/LENGTH_cosine_In -into $tb_portdepth_group -radix hex&#xD;&#xA;## add_wave /apatb_circular_cordic_top/LENGTH_sine_In -into $tb_portdepth_group -radix hex&#xD;&#xA;## add_wave /apatb_circular_cordic_top/LENGTH_angle_Out -into $tb_portdepth_group -radix hex&#xD;&#xA;## add_wave /apatb_circular_cordic_top/LENGTH_cosine_Out -into $tb_portdepth_group -radix hex&#xD;&#xA;## add_wave /apatb_circular_cordic_top/LENGTH_sine_Out -into $tb_portdepth_group -radix hex&#xD;&#xA;## add_wave /apatb_circular_cordic_top/LENGTH_arc_tan -into $tb_portdepth_group -radix hex&#xD;&#xA;## set tbcoutputgroup [add_wave_group &quot;C Outputs&quot; -into $testbenchgroup]&#xD;&#xA;## set tb_return_group [add_wave_group return(wire) -into $tbcoutputgroup]&#xD;&#xA;## add_wave /apatb_circular_cordic_top/sine_Out_ap_vld -into $tb_return_group -color #ffff00 -radix hex&#xD;&#xA;## add_wave /apatb_circular_cordic_top/sine_Out -into $tb_return_group -radix hex&#xD;&#xA;## add_wave /apatb_circular_cordic_top/cosine_Out_ap_vld -into $tb_return_group -color #ffff00 -radix hex&#xD;&#xA;## add_wave /apatb_circular_cordic_top/cosine_Out -into $tb_return_group -radix hex&#xD;&#xA;## add_wave /apatb_circular_cordic_top/angle_Out_ap_vld -into $tb_return_group -color #ffff00 -radix hex&#xD;&#xA;## add_wave /apatb_circular_cordic_top/angle_Out -into $tb_return_group -radix hex&#xD;&#xA;## set tbcinputgroup [add_wave_group &quot;C Inputs&quot; -into $testbenchgroup]&#xD;&#xA;## set tb_return_group [add_wave_group return(wire) -into $tbcinputgroup]&#xD;&#xA;## add_wave /apatb_circular_cordic_top/arc_tan -into $tb_return_group -radix hex&#xD;&#xA;## add_wave /apatb_circular_cordic_top/sine_In -into $tb_return_group -radix hex&#xD;&#xA;## add_wave /apatb_circular_cordic_top/cosine_In -into $tb_return_group -radix hex&#xD;&#xA;## add_wave /apatb_circular_cordic_top/angle_in -into $tb_return_group -radix hex&#xD;&#xA;## save_wave_config circular_cordic.wcfg&#xD;&#xA;## run all&#xD;&#xA;////////////////////////////////////////////////////////////////////////////////////&#xD;&#xA;// Inter-Transaction Progress: Completed Transaction / Total Transaction&#xD;&#xA;// Intra-Transaction Progress: Measured Latency / Latency Estimation * 100%&#xD;&#xA;//&#xD;&#xA;// RTL Simulation : &quot;Inter-Transaction Progress&quot; [&quot;Intra-Transaction Progress&quot;] @ &quot;Simulation Time&quot;&#xD;&#xA;////////////////////////////////////////////////////////////////////////////////////&#xD;&#xA;// RTL Simulation : 0 / 180 [0.00%] @ &quot;125000&quot;&#xD;&#xA;// RTL Simulation : 1 / 180 [100.00%] @ &quot;315000&quot;&#xD;&#xA;// RTL Simulation : 2 / 180 [100.00%] @ &quot;495000&quot;&#xD;&#xA;// RTL Simulation : 3 / 180 [100.00%] @ &quot;675000&quot;&#xD;&#xA;// RTL Simulation : 4 / 180 [100.00%] @ &quot;855000&quot;&#xD;&#xA;// RTL Simulation : 5 / 180 [100.00%] @ &quot;1035000&quot;&#xD;&#xA;// RTL Simulation : 6 / 180 [100.00%] @ &quot;1215000&quot;&#xD;&#xA;// RTL Simulation : 7 / 180 [100.00%] @ &quot;1395000&quot;&#xD;&#xA;// RTL Simulation : 8 / 180 [100.00%] @ &quot;1575000&quot;&#xD;&#xA;// RTL Simulation : 9 / 180 [100.00%] @ &quot;1755000&quot;&#xD;&#xA;// RTL Simulation : 10 / 180 [100.00%] @ &quot;1935000&quot;&#xD;&#xA;// RTL Simulation : 11 / 180 [100.00%] @ &quot;2115000&quot;&#xD;&#xA;// RTL Simulation : 12 / 180 [100.00%] @ &quot;2295000&quot;&#xD;&#xA;// RTL Simulation : 13 / 180 [100.00%] @ &quot;2475000&quot;&#xD;&#xA;// RTL Simulation : 14 / 180 [100.00%] @ &quot;2655000&quot;&#xD;&#xA;// RTL Simulation : 15 / 180 [100.00%] @ &quot;2835000&quot;&#xD;&#xA;// RTL Simulation : 16 / 180 [100.00%] @ &quot;3015000&quot;&#xD;&#xA;// RTL Simulation : 17 / 180 [100.00%] @ &quot;3195000&quot;&#xD;&#xA;// RTL Simulation : 18 / 180 [100.00%] @ &quot;3375000&quot;&#xD;&#xA;// RTL Simulation : 19 / 180 [100.00%] @ &quot;3555000&quot;&#xD;&#xA;// RTL Simulation : 20 / 180 [100.00%] @ &quot;3735000&quot;&#xD;&#xA;// RTL Simulation : 21 / 180 [100.00%] @ &quot;3915000&quot;&#xD;&#xA;// RTL Simulation : 22 / 180 [100.00%] @ &quot;4095000&quot;&#xD;&#xA;// RTL Simulation : 23 / 180 [100.00%] @ &quot;4275000&quot;&#xD;&#xA;// RTL Simulation : 24 / 180 [100.00%] @ &quot;4455000&quot;&#xD;&#xA;// RTL Simulation : 25 / 180 [100.00%] @ &quot;4635000&quot;&#xD;&#xA;// RTL Simulation : 26 / 180 [100.00%] @ &quot;4815000&quot;&#xD;&#xA;// RTL Simulation : 27 / 180 [100.00%] @ &quot;4995000&quot;&#xD;&#xA;// RTL Simulation : 28 / 180 [100.00%] @ &quot;5175000&quot;&#xD;&#xA;// RTL Simulation : 29 / 180 [100.00%] @ &quot;5355000&quot;&#xD;&#xA;// RTL Simulation : 30 / 180 [100.00%] @ &quot;5535000&quot;&#xD;&#xA;// RTL Simulation : 31 / 180 [100.00%] @ &quot;5715000&quot;&#xD;&#xA;// RTL Simulation : 32 / 180 [100.00%] @ &quot;5895000&quot;&#xD;&#xA;// RTL Simulation : 33 / 180 [100.00%] @ &quot;6075000&quot;&#xD;&#xA;// RTL Simulation : 34 / 180 [100.00%] @ &quot;6255000&quot;&#xD;&#xA;// RTL Simulation : 35 / 180 [100.00%] @ &quot;6435000&quot;&#xD;&#xA;// RTL Simulation : 36 / 180 [100.00%] @ &quot;6615000&quot;&#xD;&#xA;// RTL Simulation : 37 / 180 [100.00%] @ &quot;6795000&quot;&#xD;&#xA;// RTL Simulation : 38 / 180 [100.00%] @ &quot;6975000&quot;&#xD;&#xA;// RTL Simulation : 39 / 180 [100.00%] @ &quot;7155000&quot;&#xD;&#xA;// RTL Simulation : 40 / 180 [100.00%] @ &quot;7335000&quot;&#xD;&#xA;// RTL Simulation : 41 / 180 [100.00%] @ &quot;7515000&quot;&#xD;&#xA;// RTL Simulation : 42 / 180 [100.00%] @ &quot;7695000&quot;&#xD;&#xA;// RTL Simulation : 43 / 180 [100.00%] @ &quot;7875000&quot;&#xD;&#xA;// RTL Simulation : 44 / 180 [100.00%] @ &quot;8055000&quot;&#xD;&#xA;// RTL Simulation : 45 / 180 [100.00%] @ &quot;8235000&quot;&#xD;&#xA;// RTL Simulation : 46 / 180 [100.00%] @ &quot;8415000&quot;&#xD;&#xA;// RTL Simulation : 47 / 180 [100.00%] @ &quot;8595000&quot;&#xD;&#xA;// RTL Simulation : 48 / 180 [100.00%] @ &quot;8775000&quot;&#xD;&#xA;// RTL Simulation : 49 / 180 [100.00%] @ &quot;8955000&quot;&#xD;&#xA;// RTL Simulation : 50 / 180 [100.00%] @ &quot;9135000&quot;&#xD;&#xA;// RTL Simulation : 51 / 180 [100.00%] @ &quot;9315000&quot;&#xD;&#xA;// RTL Simulation : 52 / 180 [100.00%] @ &quot;9495000&quot;&#xD;&#xA;// RTL Simulation : 53 / 180 [100.00%] @ &quot;9675000&quot;&#xD;&#xA;// RTL Simulation : 54 / 180 [100.00%] @ &quot;9855000&quot;&#xD;&#xA;// RTL Simulation : 55 / 180 [100.00%] @ &quot;10035000&quot;&#xD;&#xA;// RTL Simulation : 56 / 180 [100.00%] @ &quot;10215000&quot;&#xD;&#xA;// RTL Simulation : 57 / 180 [100.00%] @ &quot;10395000&quot;&#xD;&#xA;// RTL Simulation : 58 / 180 [100.00%] @ &quot;10575000&quot;&#xD;&#xA;// RTL Simulation : 59 / 180 [100.00%] @ &quot;10755000&quot;&#xD;&#xA;// RTL Simulation : 60 / 180 [100.00%] @ &quot;10935000&quot;&#xD;&#xA;// RTL Simulation : 61 / 180 [100.00%] @ &quot;11115000&quot;&#xD;&#xA;// RTL Simulation : 62 / 180 [100.00%] @ &quot;11295000&quot;&#xD;&#xA;// RTL Simulation : 63 / 180 [100.00%] @ &quot;11475000&quot;&#xD;&#xA;// RTL Simulation : 64 / 180 [100.00%] @ &quot;11655000&quot;&#xD;&#xA;// RTL Simulation : 65 / 180 [100.00%] @ &quot;11835000&quot;&#xD;&#xA;// RTL Simulation : 66 / 180 [100.00%] @ &quot;12015000&quot;&#xD;&#xA;// RTL Simulation : 67 / 180 [100.00%] @ &quot;12195000&quot;&#xD;&#xA;// RTL Simulation : 68 / 180 [100.00%] @ &quot;12375000&quot;&#xD;&#xA;// RTL Simulation : 69 / 180 [100.00%] @ &quot;12555000&quot;&#xD;&#xA;// RTL Simulation : 70 / 180 [100.00%] @ &quot;12735000&quot;&#xD;&#xA;// RTL Simulation : 71 / 180 [100.00%] @ &quot;12915000&quot;&#xD;&#xA;// RTL Simulation : 72 / 180 [100.00%] @ &quot;13095000&quot;&#xD;&#xA;// RTL Simulation : 73 / 180 [100.00%] @ &quot;13275000&quot;&#xD;&#xA;// RTL Simulation : 74 / 180 [100.00%] @ &quot;13455000&quot;&#xD;&#xA;// RTL Simulation : 75 / 180 [100.00%] @ &quot;13635000&quot;&#xD;&#xA;// RTL Simulation : 76 / 180 [100.00%] @ &quot;13815000&quot;&#xD;&#xA;// RTL Simulation : 77 / 180 [100.00%] @ &quot;13995000&quot;&#xD;&#xA;// RTL Simulation : 78 / 180 [100.00%] @ &quot;14175000&quot;&#xD;&#xA;// RTL Simulation : 79 / 180 [100.00%] @ &quot;14355000&quot;&#xD;&#xA;// RTL Simulation : 80 / 180 [100.00%] @ &quot;14535000&quot;&#xD;&#xA;// RTL Simulation : 81 / 180 [100.00%] @ &quot;14715000&quot;&#xD;&#xA;// RTL Simulation : 82 / 180 [100.00%] @ &quot;14895000&quot;&#xD;&#xA;// RTL Simulation : 83 / 180 [100.00%] @ &quot;15075000&quot;&#xD;&#xA;// RTL Simulation : 84 / 180 [100.00%] @ &quot;15255000&quot;&#xD;&#xA;// RTL Simulation : 85 / 180 [100.00%] @ &quot;15435000&quot;&#xD;&#xA;// RTL Simulation : 86 / 180 [100.00%] @ &quot;15615000&quot;&#xD;&#xA;// RTL Simulation : 87 / 180 [100.00%] @ &quot;15795000&quot;&#xD;&#xA;// RTL Simulation : 88 / 180 [100.00%] @ &quot;15975000&quot;&#xD;&#xA;// RTL Simulation : 89 / 180 [100.00%] @ &quot;16155000&quot;&#xD;&#xA;// RTL Simulation : 90 / 180 [100.00%] @ &quot;16335000&quot;&#xD;&#xA;// RTL Simulation : 91 / 180 [100.00%] @ &quot;16515000&quot;&#xD;&#xA;// RTL Simulation : 92 / 180 [100.00%] @ &quot;16695000&quot;&#xD;&#xA;// RTL Simulation : 93 / 180 [100.00%] @ &quot;16875000&quot;&#xD;&#xA;// RTL Simulation : 94 / 180 [100.00%] @ &quot;17055000&quot;&#xD;&#xA;// RTL Simulation : 95 / 180 [100.00%] @ &quot;17235000&quot;&#xD;&#xA;// RTL Simulation : 96 / 180 [100.00%] @ &quot;17415000&quot;&#xD;&#xA;// RTL Simulation : 97 / 180 [100.00%] @ &quot;17595000&quot;&#xD;&#xA;// RTL Simulation : 98 / 180 [100.00%] @ &quot;17775000&quot;&#xD;&#xA;// RTL Simulation : 99 / 180 [100.00%] @ &quot;17955000&quot;&#xD;&#xA;// RTL Simulation : 100 / 180 [100.00%] @ &quot;18135000&quot;&#xD;&#xA;// RTL Simulation : 101 / 180 [100.00%] @ &quot;18315000&quot;&#xD;&#xA;// RTL Simulation : 102 / 180 [100.00%] @ &quot;18495000&quot;&#xD;&#xA;// RTL Simulation : 103 / 180 [100.00%] @ &quot;18675000&quot;&#xD;&#xA;// RTL Simulation : 104 / 180 [100.00%] @ &quot;18855000&quot;&#xD;&#xA;// RTL Simulation : 105 / 180 [100.00%] @ &quot;19035000&quot;&#xD;&#xA;// RTL Simulation : 106 / 180 [100.00%] @ &quot;19215000&quot;&#xD;&#xA;// RTL Simulation : 107 / 180 [100.00%] @ &quot;19395000&quot;&#xD;&#xA;// RTL Simulation : 108 / 180 [100.00%] @ &quot;19575000&quot;&#xD;&#xA;// RTL Simulation : 109 / 180 [100.00%] @ &quot;19755000&quot;&#xD;&#xA;// RTL Simulation : 110 / 180 [100.00%] @ &quot;19935000&quot;&#xD;&#xA;// RTL Simulation : 111 / 180 [100.00%] @ &quot;20115000&quot;&#xD;&#xA;// RTL Simulation : 112 / 180 [100.00%] @ &quot;20295000&quot;&#xD;&#xA;// RTL Simulation : 113 / 180 [100.00%] @ &quot;20475000&quot;&#xD;&#xA;// RTL Simulation : 114 / 180 [100.00%] @ &quot;20655000&quot;&#xD;&#xA;// RTL Simulation : 115 / 180 [100.00%] @ &quot;20835000&quot;&#xD;&#xA;// RTL Simulation : 116 / 180 [100.00%] @ &quot;21015000&quot;&#xD;&#xA;// RTL Simulation : 117 / 180 [100.00%] @ &quot;21195000&quot;&#xD;&#xA;// RTL Simulation : 118 / 180 [100.00%] @ &quot;21375000&quot;&#xD;&#xA;// RTL Simulation : 119 / 180 [100.00%] @ &quot;21555000&quot;&#xD;&#xA;// RTL Simulation : 120 / 180 [100.00%] @ &quot;21735000&quot;&#xD;&#xA;// RTL Simulation : 121 / 180 [100.00%] @ &quot;21915000&quot;&#xD;&#xA;// RTL Simulation : 122 / 180 [100.00%] @ &quot;22095000&quot;&#xD;&#xA;// RTL Simulation : 123 / 180 [100.00%] @ &quot;22275000&quot;&#xD;&#xA;// RTL Simulation : 124 / 180 [100.00%] @ &quot;22455000&quot;&#xD;&#xA;// RTL Simulation : 125 / 180 [100.00%] @ &quot;22635000&quot;&#xD;&#xA;// RTL Simulation : 126 / 180 [100.00%] @ &quot;22815000&quot;&#xD;&#xA;// RTL Simulation : 127 / 180 [100.00%] @ &quot;22995000&quot;&#xD;&#xA;// RTL Simulation : 128 / 180 [100.00%] @ &quot;23175000&quot;&#xD;&#xA;// RTL Simulation : 129 / 180 [100.00%] @ &quot;23355000&quot;&#xD;&#xA;// RTL Simulation : 130 / 180 [100.00%] @ &quot;23535000&quot;&#xD;&#xA;// RTL Simulation : 131 / 180 [100.00%] @ &quot;23715000&quot;&#xD;&#xA;// RTL Simulation : 132 / 180 [100.00%] @ &quot;23895000&quot;&#xD;&#xA;// RTL Simulation : 133 / 180 [100.00%] @ &quot;24075000&quot;&#xD;&#xA;// RTL Simulation : 134 / 180 [100.00%] @ &quot;24255000&quot;&#xD;&#xA;// RTL Simulation : 135 / 180 [100.00%] @ &quot;24435000&quot;&#xD;&#xA;// RTL Simulation : 136 / 180 [100.00%] @ &quot;24615000&quot;&#xD;&#xA;// RTL Simulation : 137 / 180 [100.00%] @ &quot;24795000&quot;&#xD;&#xA;// RTL Simulation : 138 / 180 [100.00%] @ &quot;24975000&quot;&#xD;&#xA;// RTL Simulation : 139 / 180 [100.00%] @ &quot;25155000&quot;&#xD;&#xA;// RTL Simulation : 140 / 180 [100.00%] @ &quot;25335000&quot;&#xD;&#xA;// RTL Simulation : 141 / 180 [100.00%] @ &quot;25515000&quot;&#xD;&#xA;// RTL Simulation : 142 / 180 [100.00%] @ &quot;25695000&quot;&#xD;&#xA;// RTL Simulation : 143 / 180 [100.00%] @ &quot;25875000&quot;&#xD;&#xA;// RTL Simulation : 144 / 180 [100.00%] @ &quot;26055000&quot;&#xD;&#xA;// RTL Simulation : 145 / 180 [100.00%] @ &quot;26235000&quot;&#xD;&#xA;// RTL Simulation : 146 / 180 [100.00%] @ &quot;26415000&quot;&#xD;&#xA;// RTL Simulation : 147 / 180 [100.00%] @ &quot;26595000&quot;&#xD;&#xA;// RTL Simulation : 148 / 180 [100.00%] @ &quot;26775000&quot;&#xD;&#xA;// RTL Simulation : 149 / 180 [100.00%] @ &quot;26955000&quot;&#xD;&#xA;// RTL Simulation : 150 / 180 [100.00%] @ &quot;27135000&quot;&#xD;&#xA;// RTL Simulation : 151 / 180 [100.00%] @ &quot;27315000&quot;&#xD;&#xA;// RTL Simulation : 152 / 180 [100.00%] @ &quot;27495000&quot;&#xD;&#xA;// RTL Simulation : 153 / 180 [100.00%] @ &quot;27675000&quot;&#xD;&#xA;// RTL Simulation : 154 / 180 [100.00%] @ &quot;27855000&quot;&#xD;&#xA;// RTL Simulation : 155 / 180 [100.00%] @ &quot;28035000&quot;&#xD;&#xA;// RTL Simulation : 156 / 180 [100.00%] @ &quot;28215000&quot;&#xD;&#xA;// RTL Simulation : 157 / 180 [100.00%] @ &quot;28395000&quot;&#xD;&#xA;// RTL Simulation : 158 / 180 [100.00%] @ &quot;28575000&quot;&#xD;&#xA;// RTL Simulation : 159 / 180 [100.00%] @ &quot;28755000&quot;&#xD;&#xA;// RTL Simulation : 160 / 180 [100.00%] @ &quot;28935000&quot;&#xD;&#xA;// RTL Simulation : 161 / 180 [100.00%] @ &quot;29115000&quot;&#xD;&#xA;// RTL Simulation : 162 / 180 [100.00%] @ &quot;29295000&quot;&#xD;&#xA;// RTL Simulation : 163 / 180 [100.00%] @ &quot;29475000&quot;&#xD;&#xA;// RTL Simulation : 164 / 180 [100.00%] @ &quot;29655000&quot;&#xD;&#xA;// RTL Simulation : 165 / 180 [100.00%] @ &quot;29835000&quot;&#xD;&#xA;// RTL Simulation : 166 / 180 [100.00%] @ &quot;30015000&quot;&#xD;&#xA;// RTL Simulation : 167 / 180 [100.00%] @ &quot;30195000&quot;&#xD;&#xA;// RTL Simulation : 168 / 180 [100.00%] @ &quot;30375000&quot;&#xD;&#xA;// RTL Simulation : 169 / 180 [100.00%] @ &quot;30555000&quot;&#xD;&#xA;// RTL Simulation : 170 / 180 [100.00%] @ &quot;30735000&quot;&#xD;&#xA;// RTL Simulation : 171 / 180 [100.00%] @ &quot;30915000&quot;&#xD;&#xA;// RTL Simulation : 172 / 180 [100.00%] @ &quot;31095000&quot;&#xD;&#xA;// RTL Simulation : 173 / 180 [100.00%] @ &quot;31275000&quot;&#xD;&#xA;// RTL Simulation : 174 / 180 [100.00%] @ &quot;31455000&quot;&#xD;&#xA;// RTL Simulation : 175 / 180 [100.00%] @ &quot;31635000&quot;&#xD;&#xA;// RTL Simulation : 176 / 180 [100.00%] @ &quot;31815000&quot;&#xD;&#xA;// RTL Simulation : 177 / 180 [100.00%] @ &quot;31995000&quot;&#xD;&#xA;// RTL Simulation : 178 / 180 [100.00%] @ &quot;32175000&quot;&#xD;&#xA;// RTL Simulation : 179 / 180 [100.00%] @ &quot;32355000&quot;&#xD;&#xA;// RTL Simulation : 180 / 180 [100.00%] @ &quot;32535000&quot;&#xD;&#xA;////////////////////////////////////////////////////////////////////////////////////&#xD;&#xA;$finish called at time : 32595 ns : File &quot;C:/ELEC522/Cameron/lab_five/vitis_hls/lab_five/solution1/sim/verilog/circular_cordic.autotb.v&quot; Line 583&#xD;&#xA;## quit" projectName="lab_five" solutionName="solution1" date="2022-11-18T03:25:44.597-0600" type="Warning"/>
      </simLog>
      <mgLog/>
      <packageLog/>
      <csimLog/>
    </logs>
  </warningLogs>
</vivadoHLSLog:LogRoot>
