{"sourceFile": [{
      "name": "",
      "directive": [
        {
          "functionName": "LinearSolver",
          "label": "",
          "functionLabel": "",
          "id": "1",
          "sourceFile": "F:\/VLSI\/Project6\/project6_final\/Vitis_HLS\/project6_final_hls_linearsolver\/solution1\/directives.tcl",
          "sourceLine": "6",
          "pragma": {
            "name": "TOP",
            "option": [{
                "name": "name",
                "value": "LinearSolver"
              }]
          }
        },
        {
          "functionName": "LinearSolver",
          "label": "",
          "functionLabel": "",
          "id": "2",
          "sourceFile": "F:\/VLSI\/Project6\/project6_final\/Vitis_HLS\/project6_final_hls_linearsolver\/solution1\/csynth.tcl",
          "sourceLine": "16",
          "pragma": {
            "name": "TOP",
            "option": [{
                "name": "name",
                "value": "LinearSolver"
              }]
          }
        }
      ]
    }]}
