<profile>

<section name = "Vitis HLS Report for 'cordic'" level="0">
<item name = "Date">Sun Dec 11 20:57:07 2022
</item>
<item name = "Version">2022.1 (Build 3526262 on Mon Apr 18 15:48:16 MDT 2022)</item>
<item name = "Project">project6_final_hls_linearsolver</item>
<item name = "Solution">solution1 (Vivado IP Flow Target)</item>
<item name = "Product family">zynq</item>
<item name = "Target device">xc7z020-clg484-1</item>
</section>

<section name = "Performance Estimates" level="0">
<item name = "Timing">
<section name = "" level="1">
<item name = "Summary"><table name="" hasTotal="0">
<keys size="4">Clock, Target, Estimated, Uncertainty</keys>
<column name="ap_clk">10.00 ns, 7.296 ns, 2.70 ns</column>
</table>
</item>
</section>
</item>
<item name = "Latency">
<section name = "" level="1">
<item name = "Summary"><table name="" hasTotal="0">
<keys size="8">, min, max, min, max, min, max, Type</keys>
<column name="">27, 27, 0.270 us, 0.270 us, 1, 1, yes</column>
</table>
</item>
<item name = "Detail">
<section name = "" level="1">
<item name = "Instance"><table name="" hasTotal="0">
<keys size="9">Instance, Module, min, max, min, max, min, max, Type</keys>
</table>
</item>
<item name = "Loop"><table name="" hasTotal="0">
<keys size="8">Loop Name, min, max, Latency, achieved, target, Count, Pipelined</keys>
</table>
</item>
</section>
</item>
</section>
</item>
</section>

<section name = "Utilization Estimates" level="0">
<item name = "Summary"><table name="" hasTotal="1">
<keys size="6">Name, BRAM_18K, DSP, FF, LUT, URAM</keys>
<column name="DSP">-, -, -, -, -</column>
<column name="Expression">-, -, 0, 5592, -</column>
<column name="FIFO">-, -, -, -, -</column>
<column name="Instance">-, -, -, -, -</column>
<column name="Memory">-, -, -, -, -</column>
<column name="Multiplexer">-, -, -, 42, -</column>
<column name="Register">-, -, 2091, 224, -</column>
<specialColumn name="Available">280, 220, 106400, 53200, 0</specialColumn>
<specialColumn name="Utilization (%)">0, 0, 1, 11, 0</specialColumn>
</table>
</item>
<item name = "Detail">
<section name = "" level="1">
<item name = "Instance"><table name="" hasTotal="1">
<keys size="7">Instance, Module, BRAM_18K, DSP, FF, LUT, URAM</keys>
</table>
</item>
<item name = "DSP"><table name="" hasTotal="0">
<keys size="3">Instance, Module, Expression</keys>
</table>
</item>
<item name = "Memory"><table name="" hasTotal="1">
<keys size="10">Memory, Module, BRAM_18K, FF, LUT, URAM, Words, Bits, Banks, W*Bits*Banks</keys>
</table>
</item>
<item name = "FIFO"><table name="" hasTotal="1">
<keys size="8">Name, BRAM_18K, FF, LUT, URAM, Depth, Bits, Size:D*B</keys>
</table>
</item>
<item name = "Expression"><table name="" hasTotal="1">
<keys size="7">Variable Name, Operation, DSP, FF, LUT, Bitwidth P0, Bitwidth P1</keys>
<column name="add_ln859_fu_1890_p2">+, 0, 0, 23, 16, 15</column>
<column name="angle_V_1_fu_202_p2">+, 0, 0, 23, 16, 16</column>
<column name="angle_V_fu_190_p2">+, 0, 0, 23, 16, 15</column>
<column name="theta_V_10_fu_1084_p2">+, 0, 0, 20, 15, 15</column>
<column name="theta_V_11_fu_1191_p2">+, 0, 0, 20, 15, 15</column>
<column name="theta_V_12_fu_1298_p2">+, 0, 0, 20, 15, 15</column>
<column name="theta_V_13_fu_1405_p2">+, 0, 0, 20, 15, 15</column>
<column name="theta_V_14_fu_1512_p2">+, 0, 0, 20, 15, 15</column>
<column name="theta_V_15_fu_1619_p2">+, 0, 0, 20, 15, 15</column>
<column name="theta_V_16_fu_1696_p2">+, 0, 0, 20, 15, 15</column>
<column name="theta_V_6_fu_636_p2">+, 0, 0, 20, 15, 15</column>
<column name="theta_V_7_fu_762_p2">+, 0, 0, 20, 15, 15</column>
<column name="theta_V_8_fu_869_p2">+, 0, 0, 20, 15, 15</column>
<column name="theta_V_9_fu_946_p2">+, 0, 0, 20, 15, 15</column>
<column name="theta_V_fu_528_p2">+, 0, 0, 20, 15, 15</column>
<column name="xi_V_100_fu_3486_p2">+, 0, 0, 23, 16, 16</column>
<column name="xi_V_102_fu_3576_p2">+, 0, 0, 23, 16, 16</column>
<column name="xi_V_103_fu_3619_p2">+, 0, 0, 23, 16, 16</column>
<column name="xi_V_104_fu_3663_p2">+, 0, 0, 23, 16, 16</column>
<column name="xi_V_105_fu_3705_p2">+, 0, 0, 23, 16, 16</column>
<column name="xi_V_10_fu_619_p2">+, 0, 0, 23, 16, 16</column>
<column name="xi_V_13_fu_712_p2">+, 0, 0, 23, 16, 16</column>
<column name="xi_V_16_fu_820_p2">+, 0, 0, 23, 16, 16</column>
<column name="xi_V_19_fu_927_p2">+, 0, 0, 23, 16, 16</column>
<column name="xi_V_22_fu_1035_p2">+, 0, 0, 23, 16, 16</column>
<column name="xi_V_25_fu_1142_p2">+, 0, 0, 23, 16, 16</column>
<column name="xi_V_28_fu_1249_p2">+, 0, 0, 23, 16, 16</column>
<column name="xi_V_31_fu_1356_p2">+, 0, 0, 23, 16, 16</column>
<column name="xi_V_34_fu_1463_p2">+, 0, 0, 23, 16, 16</column>
<column name="xi_V_37_fu_1570_p2">+, 0, 0, 23, 16, 16</column>
<column name="xi_V_40_fu_1677_p2">+, 0, 0, 23, 16, 16</column>
<column name="xi_V_43_fu_1794_p2">+, 0, 0, 23, 16, 16</column>
<column name="xi_V_46_fu_1932_p2">+, 0, 0, 23, 16, 16</column>
<column name="xi_V_49_fu_2013_p2">+, 0, 0, 23, 16, 16</column>
<column name="xi_V_52_fu_2098_p2">+, 0, 0, 23, 16, 16</column>
<column name="xi_V_55_fu_2181_p2">+, 0, 0, 23, 16, 16</column>
<column name="xi_V_58_fu_2269_p2">+, 0, 0, 23, 16, 16</column>
<column name="xi_V_61_fu_2360_p2">+, 0, 0, 23, 16, 16</column>
<column name="xi_V_64_fu_2441_p2">+, 0, 0, 23, 16, 16</column>
<column name="xi_V_67_fu_2525_p2">+, 0, 0, 23, 16, 16</column>
<column name="xi_V_70_fu_2616_p2">+, 0, 0, 23, 16, 16</column>
<column name="xi_V_73_fu_2696_p2">+, 0, 0, 23, 16, 16</column>
<column name="xi_V_76_fu_2781_p2">+, 0, 0, 23, 16, 16</column>
<column name="xi_V_79_fu_2871_p2">+, 0, 0, 23, 16, 16</column>
<column name="xi_V_7_fu_502_p2">+, 0, 0, 23, 16, 16</column>
<column name="xi_V_82_fu_2951_p2">+, 0, 0, 23, 16, 16</column>
<column name="xi_V_85_fu_3036_p2">+, 0, 0, 23, 16, 16</column>
<column name="xi_V_88_fu_3119_p2">+, 0, 0, 23, 16, 16</column>
<column name="xi_V_91_fu_3207_p2">+, 0, 0, 23, 16, 16</column>
<column name="xi_V_94_fu_3298_p2">+, 0, 0, 23, 16, 16</column>
<column name="xi_V_97_fu_3378_p2">+, 0, 0, 23, 16, 16</column>
<column name="yi_V_100_fu_3446_p2">+, 0, 0, 23, 16, 16</column>
<column name="yi_V_102_fu_3492_p2">+, 0, 0, 23, 16, 16</column>
<column name="yi_V_104_fu_3538_p2">+, 0, 0, 23, 16, 16</column>
<column name="yi_V_106_fu_3581_p2">+, 0, 0, 23, 16, 16</column>
<column name="yi_V_107_fu_3625_p2">+, 0, 0, 23, 16, 16</column>
<column name="yi_V_108_fu_3669_p2">+, 0, 0, 23, 16, 16</column>
<column name="yi_V_109_fu_3710_p2">+, 0, 0, 23, 16, 16</column>
<column name="yi_V_111_fu_397_p2">+, 0, 0, 23, 16, 16</column>
<column name="yi_V_12_fu_745_p2">+, 0, 0, 23, 16, 16</column>
<column name="yi_V_15_fu_852_p2">+, 0, 0, 23, 16, 16</column>
<column name="yi_V_18_fu_973_p2">+, 0, 0, 23, 16, 16</column>
<column name="yi_V_21_fu_1067_p2">+, 0, 0, 23, 16, 16</column>
<column name="yi_V_24_fu_1174_p2">+, 0, 0, 23, 16, 16</column>
<column name="yi_V_27_fu_1281_p2">+, 0, 0, 23, 16, 16</column>
<column name="yi_V_30_fu_1388_p2">+, 0, 0, 23, 16, 16</column>
<column name="yi_V_33_fu_1495_p2">+, 0, 0, 23, 16, 16</column>
<column name="yi_V_36_fu_1602_p2">+, 0, 0, 23, 16, 16</column>
<column name="yi_V_39_fu_1723_p2">+, 0, 0, 23, 16, 16</column>
<column name="yi_V_42_fu_1788_p2">+, 0, 0, 23, 16, 16</column>
<column name="yi_V_45_fu_1927_p2">+, 0, 0, 23, 16, 16</column>
<column name="yi_V_48_fu_2007_p2">+, 0, 0, 23, 16, 16</column>
<column name="yi_V_51_fu_2092_p2">+, 0, 0, 23, 16, 16</column>
<column name="yi_V_54_fu_2192_p2">+, 0, 0, 23, 16, 16</column>
<column name="yi_V_57_fu_2263_p2">+, 0, 0, 23, 16, 16</column>
<column name="yi_V_60_fu_2355_p2">+, 0, 0, 23, 16, 16</column>
<column name="yi_V_63_fu_2435_p2">+, 0, 0, 23, 16, 16</column>
<column name="yi_V_66_fu_2519_p2">+, 0, 0, 23, 16, 16</column>
<column name="yi_V_69_fu_2612_p2">+, 0, 0, 23, 16, 16</column>
<column name="yi_V_6_fu_496_p2">+, 0, 0, 23, 16, 16</column>
<column name="yi_V_72_fu_2690_p2">+, 0, 0, 23, 16, 16</column>
<column name="yi_V_75_fu_2775_p2">+, 0, 0, 23, 16, 16</column>
<column name="yi_V_78_fu_2867_p2">+, 0, 0, 23, 16, 16</column>
<column name="yi_V_81_fu_2945_p2">+, 0, 0, 23, 16, 16</column>
<column name="yi_V_84_fu_3030_p2">+, 0, 0, 23, 16, 16</column>
<column name="yi_V_87_fu_3130_p2">+, 0, 0, 23, 16, 16</column>
<column name="yi_V_90_fu_3201_p2">+, 0, 0, 23, 16, 16</column>
<column name="yi_V_93_fu_3293_p2">+, 0, 0, 23, 16, 16</column>
<column name="yi_V_96_fu_3372_p2">+, 0, 0, 23, 16, 16</column>
<column name="yi_V_9_fu_614_p2">+, 0, 0, 23, 16, 16</column>
<column name="sub_ln210_fu_1879_p2">-, 0, 0, 23, 16, 16</column>
<column name="sub_ln859_6_fu_3721_p2">-, 0, 0, 23, 1, 16</column>
<column name="sub_ln859_fu_3715_p2">-, 0, 0, 23, 1, 16</column>
<column name="xi_V_101_fu_3526_p2">-, 0, 0, 23, 16, 16</column>
<column name="xi_V_12_fu_706_p2">-, 0, 0, 23, 16, 16</column>
<column name="xi_V_15_fu_815_p2">-, 0, 0, 23, 16, 16</column>
<column name="xi_V_18_fu_922_p2">-, 0, 0, 23, 16, 16</column>
<column name="xi_V_21_fu_1030_p2">-, 0, 0, 23, 16, 16</column>
<column name="xi_V_24_fu_1137_p2">-, 0, 0, 23, 16, 16</column>
<column name="xi_V_27_fu_1244_p2">-, 0, 0, 23, 16, 16</column>
<column name="xi_V_30_fu_1351_p2">-, 0, 0, 23, 16, 16</column>
<column name="xi_V_33_fu_1458_p2">-, 0, 0, 23, 16, 16</column>
<column name="xi_V_36_fu_1565_p2">-, 0, 0, 23, 16, 16</column>
<column name="xi_V_39_fu_1672_p2">-, 0, 0, 23, 16, 16</column>
<column name="xi_V_3_fu_391_p2">-, 0, 0, 23, 16, 16</column>
<column name="xi_V_42_fu_1783_p2">-, 0, 0, 23, 16, 16</column>
<column name="xi_V_45_fu_1922_p2">-, 0, 0, 23, 16, 16</column>
<column name="xi_V_48_fu_2001_p2">-, 0, 0, 23, 16, 16</column>
<column name="xi_V_51_fu_2087_p2">-, 0, 0, 23, 16, 16</column>
<column name="xi_V_54_fu_2175_p2">-, 0, 0, 23, 16, 16</column>
<column name="xi_V_57_fu_2257_p2">-, 0, 0, 23, 16, 16</column>
<column name="xi_V_60_fu_2350_p2">-, 0, 0, 23, 16, 16</column>
<column name="xi_V_63_fu_2429_p2">-, 0, 0, 23, 16, 16</column>
<column name="xi_V_66_fu_2513_p2">-, 0, 0, 23, 16, 16</column>
<column name="xi_V_69_fu_2607_p2">-, 0, 0, 23, 16, 16</column>
<column name="xi_V_6_fu_490_p2">-, 0, 0, 23, 16, 16</column>
<column name="xi_V_72_fu_2684_p2">-, 0, 0, 23, 16, 16</column>
<column name="xi_V_75_fu_2770_p2">-, 0, 0, 23, 16, 16</column>
<column name="xi_V_78_fu_2862_p2">-, 0, 0, 23, 16, 16</column>
<column name="xi_V_81_fu_2939_p2">-, 0, 0, 23, 16, 16</column>
<column name="xi_V_84_fu_3025_p2">-, 0, 0, 23, 16, 16</column>
<column name="xi_V_87_fu_3113_p2">-, 0, 0, 23, 16, 16</column>
<column name="xi_V_90_fu_3195_p2">-, 0, 0, 23, 16, 16</column>
<column name="xi_V_93_fu_3289_p2">-, 0, 0, 23, 16, 16</column>
<column name="xi_V_96_fu_3366_p2">-, 0, 0, 23, 16, 16</column>
<column name="xi_V_99_fu_3435_p2">-, 0, 0, 23, 16, 16</column>
<column name="xi_V_9_fu_609_p2">-, 0, 0, 23, 16, 16</column>
<column name="xi_V_fu_339_p2">-, 0, 0, 23, 1, 16</column>
<column name="yi_V_103_fu_3532_p2">-, 0, 0, 23, 16, 16</column>
<column name="yi_V_10_fu_624_p2">-, 0, 0, 23, 16, 16</column>
<column name="yi_V_13_fu_750_p2">-, 0, 0, 23, 16, 16</column>
<column name="yi_V_16_fu_857_p2">-, 0, 0, 23, 16, 16</column>
<column name="yi_V_19_fu_978_p2">-, 0, 0, 23, 16, 16</column>
<column name="yi_V_22_fu_1072_p2">-, 0, 0, 23, 16, 16</column>
<column name="yi_V_25_fu_1179_p2">-, 0, 0, 23, 16, 16</column>
<column name="yi_V_28_fu_1286_p2">-, 0, 0, 23, 16, 16</column>
<column name="yi_V_31_fu_1393_p2">-, 0, 0, 23, 16, 16</column>
<column name="yi_V_34_fu_1500_p2">-, 0, 0, 23, 16, 16</column>
<column name="yi_V_37_fu_1607_p2">-, 0, 0, 23, 16, 16</column>
<column name="yi_V_40_fu_1728_p2">-, 0, 0, 23, 16, 16</column>
<column name="yi_V_43_fu_1799_p2">-, 0, 0, 23, 16, 16</column>
<column name="yi_V_46_fu_1937_p2">-, 0, 0, 23, 16, 16</column>
<column name="yi_V_49_fu_2019_p2">-, 0, 0, 23, 16, 16</column>
<column name="yi_V_4_fu_403_p2">-, 0, 0, 23, 16, 16</column>
<column name="yi_V_52_fu_2103_p2">-, 0, 0, 23, 16, 16</column>
<column name="yi_V_55_fu_2196_p2">-, 0, 0, 23, 16, 16</column>
<column name="yi_V_58_fu_2275_p2">-, 0, 0, 23, 16, 16</column>
<column name="yi_V_61_fu_2365_p2">-, 0, 0, 23, 16, 16</column>
<column name="yi_V_64_fu_2447_p2">-, 0, 0, 23, 16, 16</column>
<column name="yi_V_67_fu_2531_p2">-, 0, 0, 23, 16, 16</column>
<column name="yi_V_70_fu_2621_p2">-, 0, 0, 23, 16, 16</column>
<column name="yi_V_73_fu_2702_p2">-, 0, 0, 23, 16, 16</column>
<column name="yi_V_76_fu_2786_p2">-, 0, 0, 23, 16, 16</column>
<column name="yi_V_79_fu_2876_p2">-, 0, 0, 23, 16, 16</column>
<column name="yi_V_7_fu_508_p2">-, 0, 0, 23, 16, 16</column>
<column name="yi_V_82_fu_2957_p2">-, 0, 0, 23, 16, 16</column>
<column name="yi_V_85_fu_3041_p2">-, 0, 0, 23, 16, 16</column>
<column name="yi_V_88_fu_3134_p2">-, 0, 0, 23, 16, 16</column>
<column name="yi_V_91_fu_3213_p2">-, 0, 0, 23, 16, 16</column>
<column name="yi_V_94_fu_3302_p2">-, 0, 0, 23, 16, 16</column>
<column name="yi_V_97_fu_3384_p2">-, 0, 0, 23, 16, 16</column>
<column name="yi_V_99_fu_3441_p2">-, 0, 0, 23, 16, 16</column>
<column name="yi_V_fu_334_p2">-, 0, 0, 23, 1, 16</column>
<column name="and_ln163_10_fu_904_p2">and, 0, 0, 2, 1, 1</column>
<column name="and_ln163_11_fu_917_p2">and, 0, 0, 2, 1, 1</column>
<column name="and_ln163_12_fu_1012_p2">and, 0, 0, 2, 1, 1</column>
<column name="and_ln163_13_fu_1025_p2">and, 0, 0, 2, 1, 1</column>
<column name="and_ln163_14_fu_1119_p2">and, 0, 0, 2, 1, 1</column>
<column name="and_ln163_15_fu_1132_p2">and, 0, 0, 2, 1, 1</column>
<column name="and_ln163_16_fu_1226_p2">and, 0, 0, 2, 1, 1</column>
<column name="and_ln163_17_fu_1239_p2">and, 0, 0, 2, 1, 1</column>
<column name="and_ln163_18_fu_1333_p2">and, 0, 0, 2, 1, 1</column>
<column name="and_ln163_19_fu_1346_p2">and, 0, 0, 2, 1, 1</column>
<column name="and_ln163_1_fu_386_p2">and, 0, 0, 2, 1, 1</column>
<column name="and_ln163_20_fu_1440_p2">and, 0, 0, 2, 1, 1</column>
<column name="and_ln163_21_fu_1453_p2">and, 0, 0, 2, 1, 1</column>
<column name="and_ln163_22_fu_1547_p2">and, 0, 0, 2, 1, 1</column>
<column name="and_ln163_23_fu_1560_p2">and, 0, 0, 2, 1, 1</column>
<column name="and_ln163_24_fu_1654_p2">and, 0, 0, 2, 1, 1</column>
<column name="and_ln163_25_fu_1667_p2">and, 0, 0, 2, 1, 1</column>
<column name="and_ln163_26_fu_1765_p2">and, 0, 0, 2, 1, 1</column>
<column name="and_ln163_27_fu_1778_p2">and, 0, 0, 2, 1, 1</column>
<column name="and_ln163_28_fu_1855_p2">and, 0, 0, 2, 1, 1</column>
<column name="and_ln163_29_fu_1996_p2">and, 0, 0, 2, 1, 1</column>
<column name="and_ln163_2_fu_473_p2">and, 0, 0, 2, 1, 1</column>
<column name="and_ln163_30_fu_2082_p2">and, 0, 0, 2, 1, 1</column>
<column name="and_ln163_31_fu_2170_p2">and, 0, 0, 2, 1, 1</column>
<column name="and_ln163_32_fu_2252_p2">and, 0, 0, 2, 1, 1</column>
<column name="and_ln163_33_fu_2326_p2">and, 0, 0, 2, 1, 1</column>
<column name="and_ln163_34_fu_2424_p2">and, 0, 0, 2, 1, 1</column>
<column name="and_ln163_35_fu_2508_p2">and, 0, 0, 2, 1, 1</column>
<column name="and_ln163_36_fu_2590_p2">and, 0, 0, 2, 1, 1</column>
<column name="and_ln163_37_fu_2679_p2">and, 0, 0, 2, 1, 1</column>
<column name="and_ln163_38_fu_2765_p2">and, 0, 0, 2, 1, 1</column>
<column name="and_ln163_39_fu_2845_p2">and, 0, 0, 2, 1, 1</column>
<column name="and_ln163_3_fu_485_p2">and, 0, 0, 2, 1, 1</column>
<column name="and_ln163_40_fu_2934_p2">and, 0, 0, 2, 1, 1</column>
<column name="and_ln163_41_fu_3020_p2">and, 0, 0, 2, 1, 1</column>
<column name="and_ln163_42_fu_3108_p2">and, 0, 0, 2, 1, 1</column>
<column name="and_ln163_43_fu_3190_p2">and, 0, 0, 2, 1, 1</column>
<column name="and_ln163_44_fu_3272_p2">and, 0, 0, 2, 1, 1</column>
<column name="and_ln163_45_fu_3361_p2">and, 0, 0, 2, 1, 1</column>
<column name="and_ln163_4_fu_579_p2">and, 0, 0, 2, 1, 1</column>
<column name="and_ln163_5_fu_592_p2">and, 0, 0, 2, 1, 1</column>
<column name="and_ln163_6_fu_688_p2">and, 0, 0, 2, 1, 1</column>
<column name="and_ln163_7_fu_701_p2">and, 0, 0, 2, 1, 1</column>
<column name="and_ln163_8_fu_797_p2">and, 0, 0, 2, 1, 1</column>
<column name="and_ln163_9_fu_810_p2">and, 0, 0, 2, 1, 1</column>
<column name="and_ln163_fu_373_p2">and, 0, 0, 2, 1, 1</column>
<column name="and_ln1695_fu_292_p2">and, 0, 0, 2, 1, 1</column>
<column name="and_ln1696_1_fu_286_p2">and, 0, 0, 2, 1, 1</column>
<column name="and_ln1696_2_fu_320_p2">and, 0, 0, 2, 1, 1</column>
<column name="and_ln1696_fu_216_p2">and, 0, 0, 2, 1, 1</column>
<column name="and_ln194_fu_230_p2">and, 0, 0, 2, 1, 1</column>
<column name="and_ln195_fu_3746_p2">and, 0, 0, 2, 1, 1</column>
<column name="icmp_ln1695_1_fu_280_p2">icmp, 0, 0, 13, 16, 1</column>
<column name="icmp_ln1695_fu_196_p2">icmp, 0, 0, 13, 16, 14</column>
<column name="icmp_ln1696_10_fu_1328_p2">icmp, 0, 0, 13, 16, 16</column>
<column name="icmp_ln1696_11_fu_1435_p2">icmp, 0, 0, 13, 16, 16</column>
<column name="icmp_ln1696_12_fu_1542_p2">icmp, 0, 0, 13, 16, 16</column>
<column name="icmp_ln1696_13_fu_1649_p2">icmp, 0, 0, 13, 16, 16</column>
<column name="icmp_ln1696_14_fu_1760_p2">icmp, 0, 0, 13, 16, 16</column>
<column name="icmp_ln1696_1_fu_368_p2">icmp, 0, 0, 13, 16, 1</column>
<column name="icmp_ln1696_2_fu_423_p2">icmp, 0, 0, 13, 16, 16</column>
<column name="icmp_ln1696_3_fu_574_p2">icmp, 0, 0, 13, 16, 16</column>
<column name="icmp_ln1696_4_fu_683_p2">icmp, 0, 0, 13, 16, 16</column>
<column name="icmp_ln1696_5_fu_792_p2">icmp, 0, 0, 13, 16, 16</column>
<column name="icmp_ln1696_6_fu_899_p2">icmp, 0, 0, 13, 16, 16</column>
<column name="icmp_ln1696_7_fu_1007_p2">icmp, 0, 0, 13, 16, 16</column>
<column name="icmp_ln1696_8_fu_1114_p2">icmp, 0, 0, 13, 16, 16</column>
<column name="icmp_ln1696_9_fu_1221_p2">icmp, 0, 0, 13, 16, 16</column>
<column name="icmp_ln1696_fu_184_p2">icmp, 0, 0, 13, 16, 15</column>
<column name="icmp_ln195_fu_1904_p2">icmp, 0, 0, 8, 3, 1</column>
<column name="icmp_ln210_fu_1866_p2">icmp, 0, 0, 8, 3, 2</column>
<column name="icmp_ln213_fu_1885_p2">icmp, 0, 0, 9, 3, 4</column>
<column name="or_ln163_10_fu_1468_p2">or, 0, 0, 2, 1, 1</column>
<column name="or_ln163_11_fu_1575_p2">or, 0, 0, 2, 1, 1</column>
<column name="or_ln163_12_fu_1682_p2">or, 0, 0, 2, 1, 1</column>
<column name="or_ln163_13_fu_1805_p2">or, 0, 0, 2, 1, 1</column>
<column name="or_ln163_14_fu_1860_p2">or, 0, 0, 2, 1, 1</column>
<column name="or_ln163_15_fu_2025_p2">or, 0, 0, 2, 1, 1</column>
<column name="or_ln163_16_fu_2109_p2">or, 0, 0, 2, 1, 1</column>
<column name="or_ln163_17_fu_2187_p2">or, 0, 0, 2, 1, 1</column>
<column name="or_ln163_18_fu_2281_p2">or, 0, 0, 2, 1, 1</column>
<column name="or_ln163_19_fu_2331_p2">or, 0, 0, 2, 1, 1</column>
<column name="or_ln163_1_fu_514_p2">or, 0, 0, 2, 1, 1</column>
<column name="or_ln163_20_fu_2453_p2">or, 0, 0, 2, 1, 1</column>
<column name="or_ln163_21_fu_2537_p2">or, 0, 0, 2, 1, 1</column>
<column name="or_ln163_22_fu_2595_p2">or, 0, 0, 2, 1, 1</column>
<column name="or_ln163_23_fu_2708_p2">or, 0, 0, 2, 1, 1</column>
<column name="or_ln163_24_fu_2792_p2">or, 0, 0, 2, 1, 1</column>
<column name="or_ln163_25_fu_2850_p2">or, 0, 0, 2, 1, 1</column>
<column name="or_ln163_26_fu_2963_p2">or, 0, 0, 2, 1, 1</column>
<column name="or_ln163_27_fu_3047_p2">or, 0, 0, 2, 1, 1</column>
<column name="or_ln163_28_fu_3125_p2">or, 0, 0, 2, 1, 1</column>
<column name="or_ln163_29_fu_3219_p2">or, 0, 0, 2, 1, 1</column>
<column name="or_ln163_2_fu_597_p2">or, 0, 0, 2, 1, 1</column>
<column name="or_ln163_30_fu_3277_p2">or, 0, 0, 2, 1, 1</column>
<column name="or_ln163_31_fu_3390_p2">or, 0, 0, 2, 1, 1</column>
<column name="or_ln163_3_fu_718_p2">or, 0, 0, 2, 1, 1</column>
<column name="or_ln163_4_fu_825_p2">or, 0, 0, 2, 1, 1</column>
<column name="or_ln163_5_fu_932_p2">or, 0, 0, 2, 1, 1</column>
<column name="or_ln163_6_fu_1040_p2">or, 0, 0, 2, 1, 1</column>
<column name="or_ln163_7_fu_1147_p2">or, 0, 0, 2, 1, 1</column>
<column name="or_ln163_8_fu_1254_p2">or, 0, 0, 2, 1, 1</column>
<column name="or_ln163_9_fu_1361_p2">or, 0, 0, 2, 1, 1</column>
<column name="or_ln163_fu_409_p2">or, 0, 0, 2, 1, 1</column>
<column name="or_ln195_fu_3727_p2">or, 0, 0, 2, 1, 1</column>
<column name="Quadrant_1_fu_260_p3">select, 0, 0, 2, 1, 2</column>
<column name="Quadrant_2_fu_326_p3">select, 0, 0, 3, 1, 3</column>
<column name="Quadrant_fu_240_p3">select, 0, 0, 3, 1, 3</column>
<column name="angle_V_2_fu_222_p3">select, 0, 0, 16, 1, 16</column>
<column name="select_ln123_fu_208_p3">select, 0, 0, 16, 1, 16</column>
<column name="select_ln1534_10_fu_2392_p3">select, 0, 0, 2, 1, 2</column>
<column name="select_ln1534_11_fu_2408_p3">select, 0, 0, 2, 1, 2</column>
<column name="select_ln1534_12_fu_2476_p3">select, 0, 0, 2, 1, 2</column>
<column name="select_ln1534_13_fu_2492_p3">select, 0, 0, 2, 1, 2</column>
<column name="select_ln1534_14_fu_2600_p3">select, 0, 0, 2, 1, 2</column>
<column name="select_ln1534_15_fu_2574_p3">select, 0, 0, 2, 1, 2</column>
<column name="select_ln1534_16_fu_2647_p3">select, 0, 0, 2, 1, 2</column>
<column name="select_ln1534_17_fu_2663_p3">select, 0, 0, 2, 1, 2</column>
<column name="select_ln1534_18_fu_2742_p3">select, 0, 0, 2, 1, 2</column>
<column name="select_ln1534_19_fu_2750_p3">select, 0, 0, 2, 1, 2</column>
<column name="select_ln1534_1_fu_1980_p3">select, 0, 0, 2, 1, 2</column>
<column name="select_ln1534_20_fu_2855_p3">select, 0, 0, 2, 1, 2</column>
<column name="select_ln1534_21_fu_2829_p3">select, 0, 0, 2, 1, 2</column>
<column name="select_ln1534_22_fu_2902_p3">select, 0, 0, 2, 1, 2</column>
<column name="select_ln1534_23_fu_2918_p3">select, 0, 0, 2, 1, 2</column>
<column name="select_ln1534_24_fu_2997_p3">select, 0, 0, 2, 1, 2</column>
<column name="select_ln1534_25_fu_3005_p3">select, 0, 0, 2, 1, 2</column>
<column name="select_ln1534_26_fu_3076_p3">select, 0, 0, 2, 1, 2</column>
<column name="select_ln1534_27_fu_3092_p3">select, 0, 0, 2, 1, 2</column>
<column name="select_ln1534_28_fu_3158_p3">select, 0, 0, 2, 1, 2</column>
<column name="select_ln1534_29_fu_3174_p3">select, 0, 0, 2, 1, 2</column>
<column name="select_ln1534_2_fu_2059_p3">select, 0, 0, 2, 1, 2</column>
<column name="select_ln1534_30_fu_3248_p3">select, 0, 0, 2, 1, 2</column>
<column name="select_ln1534_31_fu_3282_p3">select, 0, 0, 2, 1, 2</column>
<column name="select_ln1534_32_fu_3329_p3">select, 0, 0, 2, 1, 2</column>
<column name="select_ln1534_33_fu_3345_p3">select, 0, 0, 2, 1, 2</column>
<column name="select_ln1534_34_fu_3595_p3">select, 0, 0, 2, 1, 2</column>
<column name="select_ln1534_35_fu_3611_p3">select, 0, 0, 2, 1, 2</column>
<column name="select_ln1534_36_fu_3639_p3">select, 0, 0, 2, 1, 2</column>
<column name="select_ln1534_37_fu_3655_p3">select, 0, 0, 2, 1, 2</column>
<column name="select_ln1534_38_fu_3682_p3">select, 0, 0, 2, 1, 2</column>
<column name="select_ln1534_39_fu_3697_p3">select, 0, 0, 2, 1, 2</column>
<column name="select_ln1534_3_fu_2067_p3">select, 0, 0, 2, 1, 2</column>
<column name="select_ln1534_4_fu_2138_p3">select, 0, 0, 2, 1, 2</column>
<column name="select_ln1534_5_fu_2154_p3">select, 0, 0, 2, 1, 2</column>
<column name="select_ln1534_6_fu_2220_p3">select, 0, 0, 2, 1, 2</column>
<column name="select_ln1534_7_fu_2236_p3">select, 0, 0, 2, 1, 2</column>
<column name="select_ln1534_8_fu_2336_p3">select, 0, 0, 2, 1, 2</column>
<column name="select_ln1534_9_fu_2343_p3">select, 0, 0, 2, 1, 2</column>
<column name="select_ln1534_fu_1964_p3">select, 0, 0, 2, 1, 2</column>
<column name="select_ln163_10_fu_755_p3">select, 0, 0, 11, 1, 10</column>
<column name="select_ln163_13_fu_862_p3">select, 0, 0, 10, 1, 9</column>
<column name="select_ln163_16_fu_938_p3">select, 0, 0, 9, 1, 8</column>
<column name="select_ln163_19_fu_1077_p3">select, 0, 0, 8, 1, 7</column>
<column name="select_ln163_1_fu_428_p3">select, 0, 0, 14, 1, 13</column>
<column name="select_ln163_22_fu_1184_p3">select, 0, 0, 7, 1, 6</column>
<column name="select_ln163_25_fu_1291_p3">select, 0, 0, 6, 1, 5</column>
<column name="select_ln163_28_fu_1398_p3">select, 0, 0, 5, 1, 4</column>
<column name="select_ln163_31_fu_1505_p3">select, 0, 0, 4, 1, 3</column>
<column name="select_ln163_34_fu_1612_p3">select, 0, 0, 3, 1, 2</column>
<column name="select_ln163_37_fu_1688_p3">select, 0, 0, 2, 1, 1</column>
<column name="select_ln163_4_fu_520_p3">select, 0, 0, 13, 1, 12</column>
<column name="select_ln163_7_fu_629_p3">select, 0, 0, 12, 1, 11</column>
<column name="select_ln163_fu_415_p3">select, 0, 0, 14, 1, 13</column>
<column name="select_ln1695_fu_298_p3">select, 0, 0, 4, 1, 2</column>
<column name="select_ln1696_3_fu_1909_p3">select, 0, 0, 16, 1, 16</column>
<column name="select_ln1696_fu_306_p3">select, 0, 0, 3, 1, 3</column>
<column name="select_ln195_1_fu_3739_p3">select, 0, 0, 16, 1, 1</column>
<column name="select_ln195_2_fu_3750_p3">select, 0, 0, 16, 1, 16</column>
<column name="select_ln195_fu_3731_p3">select, 0, 0, 16, 1, 16</column>
<column name="select_ln210_fu_1871_p3">select, 0, 0, 14, 1, 14</column>
<column name="select_ln213_fu_1896_p3">select, 0, 0, 16, 1, 16</column>
<column name="xi_V_106_fu_362_p3">select, 0, 0, 16, 1, 16</column>
<column name="xi_V_11_fu_652_p3">select, 0, 0, 16, 1, 16</column>
<column name="xi_V_14_fu_724_p3">select, 0, 0, 16, 1, 16</column>
<column name="xi_V_17_fu_831_p3">select, 0, 0, 16, 1, 16</column>
<column name="xi_V_1_fu_356_p3">select, 0, 0, 16, 1, 16</column>
<column name="xi_V_20_fu_952_p3">select, 0, 0, 16, 1, 16</column>
<column name="xi_V_23_fu_1046_p3">select, 0, 0, 16, 1, 16</column>
<column name="xi_V_26_fu_1153_p3">select, 0, 0, 16, 1, 16</column>
<column name="xi_V_29_fu_1260_p3">select, 0, 0, 16, 1, 16</column>
<column name="xi_V_32_fu_1367_p3">select, 0, 0, 16, 1, 16</column>
<column name="xi_V_35_fu_1474_p3">select, 0, 0, 16, 1, 16</column>
<column name="xi_V_38_fu_1581_p3">select, 0, 0, 16, 1, 16</column>
<column name="xi_V_41_fu_1702_p3">select, 0, 0, 16, 1, 16</column>
<column name="xi_V_44_fu_1819_p3">select, 0, 0, 16, 1, 16</column>
<column name="xi_V_47_fu_1949_p3">select, 0, 0, 16, 1, 16</column>
<column name="xi_V_50_fu_2030_p3">select, 0, 0, 16, 1, 16</column>
<column name="xi_V_53_fu_2122_p3">select, 0, 0, 16, 1, 16</column>
<column name="xi_V_56_fu_2207_p3">select, 0, 0, 16, 1, 16</column>
<column name="xi_V_59_fu_2294_p3">select, 0, 0, 16, 1, 16</column>
<column name="xi_V_5_fu_440_p3">select, 0, 0, 16, 1, 16</column>
<column name="xi_V_62_fu_2377_p3">select, 0, 0, 16, 1, 16</column>
<column name="xi_V_65_fu_2463_p3">select, 0, 0, 16, 1, 16</column>
<column name="xi_V_68_fu_2550_p3">select, 0, 0, 16, 1, 16</column>
<column name="xi_V_71_fu_2632_p3">select, 0, 0, 16, 1, 16</column>
<column name="xi_V_74_fu_2713_p3">select, 0, 0, 16, 1, 16</column>
<column name="xi_V_77_fu_2805_p3">select, 0, 0, 16, 1, 16</column>
<column name="xi_V_80_fu_2887_p3">select, 0, 0, 16, 1, 16</column>
<column name="xi_V_83_fu_2968_p3">select, 0, 0, 16, 1, 16</column>
<column name="xi_V_86_fu_3060_p3">select, 0, 0, 16, 1, 16</column>
<column name="xi_V_89_fu_3145_p3">select, 0, 0, 16, 1, 16</column>
<column name="xi_V_8_fu_546_p3">select, 0, 0, 16, 1, 16</column>
<column name="xi_V_92_fu_3232_p3">select, 0, 0, 16, 1, 16</column>
<column name="xi_V_95_fu_3314_p3">select, 0, 0, 16, 1, 16</column>
<column name="xi_V_98_fu_3413_p3">select, 0, 0, 16, 1, 16</column>
<column name="yi_V_101_fu_3451_p3">select, 0, 0, 16, 1, 16</column>
<column name="yi_V_105_fu_3554_p3">select, 0, 0, 16, 1, 16</column>
<column name="yi_V_110_fu_350_p3">select, 0, 0, 16, 1, 16</column>
<column name="yi_V_11_fu_645_p3">select, 0, 0, 16, 1, 16</column>
<column name="yi_V_14_fu_771_p3">select, 0, 0, 16, 1, 16</column>
<column name="yi_V_17_fu_878_p3">select, 0, 0, 16, 1, 16</column>
<column name="yi_V_1_fu_344_p3">select, 0, 0, 16, 1, 16</column>
<column name="yi_V_20_fu_986_p3">select, 0, 0, 16, 1, 16</column>
<column name="yi_V_23_fu_1093_p3">select, 0, 0, 16, 1, 16</column>
<column name="yi_V_26_fu_1200_p3">select, 0, 0, 16, 1, 16</column>
<column name="yi_V_29_fu_1307_p3">select, 0, 0, 16, 1, 16</column>
<column name="yi_V_32_fu_1414_p3">select, 0, 0, 16, 1, 16</column>
<column name="yi_V_35_fu_1521_p3">select, 0, 0, 16, 1, 16</column>
<column name="yi_V_38_fu_1628_p3">select, 0, 0, 16, 1, 16</column>
<column name="yi_V_41_fu_1736_p3">select, 0, 0, 16, 1, 16</column>
<column name="yi_V_44_fu_1811_p3">select, 0, 0, 16, 1, 16</column>
<column name="yi_V_47_fu_1942_p3">select, 0, 0, 16, 1, 16</column>
<column name="yi_V_50_fu_2046_p3">select, 0, 0, 16, 1, 16</column>
<column name="yi_V_53_fu_2114_p3">select, 0, 0, 16, 1, 16</column>
<column name="yi_V_56_fu_2200_p3">select, 0, 0, 16, 1, 16</column>
<column name="yi_V_59_fu_2286_p3">select, 0, 0, 16, 1, 16</column>
<column name="yi_V_5_fu_435_p3">select, 0, 0, 16, 1, 16</column>
<column name="yi_V_62_fu_2370_p3">select, 0, 0, 16, 1, 16</column>
<column name="yi_V_65_fu_2458_p3">select, 0, 0, 16, 1, 16</column>
<column name="yi_V_68_fu_2542_p3">select, 0, 0, 16, 1, 16</column>
<column name="yi_V_71_fu_2625_p3">select, 0, 0, 16, 1, 16</column>
<column name="yi_V_74_fu_2729_p3">select, 0, 0, 16, 1, 16</column>
<column name="yi_V_77_fu_2797_p3">select, 0, 0, 16, 1, 16</column>
<column name="yi_V_80_fu_2880_p3">select, 0, 0, 16, 1, 16</column>
<column name="yi_V_83_fu_2984_p3">select, 0, 0, 16, 1, 16</column>
<column name="yi_V_86_fu_3052_p3">select, 0, 0, 16, 1, 16</column>
<column name="yi_V_89_fu_3138_p3">select, 0, 0, 16, 1, 16</column>
<column name="yi_V_8_fu_538_p3">select, 0, 0, 16, 1, 16</column>
<column name="yi_V_92_fu_3224_p3">select, 0, 0, 16, 1, 16</column>
<column name="yi_V_95_fu_3307_p3">select, 0, 0, 16, 1, 16</column>
<column name="yi_V_98_fu_3395_p3">select, 0, 0, 16, 1, 16</column>
<column name="xor_ln118_fu_178_p2">xor, 0, 0, 2, 1, 2</column>
<column name="xor_ln1696_fu_314_p2">xor, 0, 0, 2, 1, 2</column>
</table>
</item>
<item name = "Multiplexer"><table name="" hasTotal="1">
<keys size="5">Name, LUT, Input Size, Bits, Total Bits</keys>
<column name="ap_return_0">14, 3, 16, 48</column>
<column name="ap_return_1">14, 3, 16, 48</column>
<column name="ap_return_2">14, 3, 16, 48</column>
</table>
</item>
<item name = "Register"><table name="" hasTotal="1">
<keys size="5">Name, FF, LUT, Bits, Const Bits</keys>
<column name="Quadrant_2_reg_3879">3, 0, 3, 0</column>
<column name="and_ln163_26_reg_4227">1, 0, 1, 0</column>
<column name="and_ln1695_reg_3873">1, 0, 1, 0</column>
<column name="and_ln1696_1_reg_3867">1, 0, 1, 0</column>
<column name="angle_V_2_reg_3849">16, 0, 16, 0</column>
<column name="ap_ce_reg">1, 0, 1, 0</column>
<column name="ap_return_0_int_reg">16, 0, 16, 0</column>
<column name="ap_return_1_int_reg">16, 0, 16, 0</column>
<column name="ap_return_2_int_reg">16, 0, 16, 0</column>
<column name="icmp_ln1696_2_reg_3909">1, 0, 1, 0</column>
<column name="icmp_ln195_reg_4276">1, 0, 1, 0</column>
<column name="modes_int_reg">1, 0, 1, 0</column>
<column name="modes_read_reg_3789">1, 0, 1, 0</column>
<column name="or_ln163_10_reg_4155">1, 0, 1, 0</column>
<column name="or_ln163_11_reg_4183">1, 0, 1, 0</column>
<column name="or_ln163_12_reg_4206">1, 0, 1, 0</column>
<column name="or_ln163_14_reg_4270">1, 0, 1, 0</column>
<column name="or_ln163_15_reg_4297">1, 0, 1, 0</column>
<column name="or_ln163_17_reg_4335">1, 0, 1, 0</column>
<column name="or_ln163_19_reg_4363">1, 0, 1, 0</column>
<column name="or_ln163_20_reg_4389">1, 0, 1, 0</column>
<column name="or_ln163_22_reg_4418">1, 0, 1, 0</column>
<column name="or_ln163_23_reg_4434">1, 0, 1, 0</column>
<column name="or_ln163_25_reg_4473">1, 0, 1, 0</column>
<column name="or_ln163_26_reg_4489">1, 0, 1, 0</column>
<column name="or_ln163_28_reg_4527">1, 0, 1, 0</column>
<column name="or_ln163_2_reg_3941">1, 0, 1, 0</column>
<column name="or_ln163_30_reg_4556">1, 0, 1, 0</column>
<column name="or_ln163_31_reg_4572">1, 0, 1, 0</column>
<column name="or_ln163_3_reg_3964">1, 0, 1, 0</column>
<column name="or_ln163_4_reg_3992">1, 0, 1, 0</column>
<column name="or_ln163_5_reg_4015">1, 0, 1, 0</column>
<column name="or_ln163_6_reg_4043">1, 0, 1, 0</column>
<column name="or_ln163_7_reg_4071">1, 0, 1, 0</column>
<column name="or_ln163_8_reg_4099">1, 0, 1, 0</column>
<column name="or_ln163_9_reg_4127">1, 0, 1, 0</column>
<column name="or_ln163_reg_3902">1, 0, 1, 0</column>
<column name="r_V_11_reg_4004">11, 0, 11, 0</column>
<column name="r_V_11_reg_4004_pp0_iter5_reg">11, 0, 11, 0</column>
<column name="r_V_13_reg_4032">10, 0, 10, 0</column>
<column name="r_V_13_reg_4032_pp0_iter6_reg">10, 0, 10, 0</column>
<column name="r_V_15_reg_4055">9, 0, 9, 0</column>
<column name="r_V_15_reg_4055_pp0_iter7_reg">9, 0, 9, 0</column>
<column name="r_V_17_reg_4083">8, 0, 8, 0</column>
<column name="r_V_17_reg_4083_pp0_iter8_reg">8, 0, 8, 0</column>
<column name="r_V_19_reg_4111">7, 0, 7, 0</column>
<column name="r_V_19_reg_4111_pp0_iter9_reg">7, 0, 7, 0</column>
<column name="r_V_21_reg_4139">6, 0, 6, 0</column>
<column name="r_V_21_reg_4139_pp0_iter10_reg">6, 0, 6, 0</column>
<column name="r_V_23_reg_4167">5, 0, 5, 0</column>
<column name="r_V_23_reg_4167_pp0_iter11_reg">5, 0, 5, 0</column>
<column name="r_V_25_reg_4195">4, 0, 4, 0</column>
<column name="r_V_25_reg_4195_pp0_iter12_reg">4, 0, 4, 0</column>
<column name="r_V_27_reg_4222">3, 0, 3, 0</column>
<column name="r_V_28_reg_4260">2, 0, 2, 0</column>
<column name="r_V_29_reg_4265">2, 0, 2, 0</column>
<column name="r_V_33_reg_4308">1, 0, 1, 0</column>
<column name="r_V_38_reg_4353">1, 0, 1, 0</column>
<column name="r_V_39_reg_4358">1, 0, 1, 0</column>
<column name="r_V_44_reg_4407">1, 0, 1, 0</column>
<column name="r_V_49_reg_4445">1, 0, 1, 0</column>
<column name="r_V_4_reg_3931">14, 0, 14, 0</column>
<column name="r_V_50_reg_4462">1, 0, 1, 0</column>
<column name="r_V_55_reg_4500">1, 0, 1, 0</column>
<column name="r_V_5_reg_3936">14, 0, 14, 0</column>
<column name="r_V_61_reg_4551">1, 0, 1, 0</column>
<column name="r_V_65_reg_4583">15, 0, 15, 0</column>
<column name="r_V_70_reg_4603">6, 0, 6, 0</column>
<column name="r_V_7_reg_3959">13, 0, 13, 0</column>
<column name="r_V_9_reg_3976">12, 0, 12, 0</column>
<column name="r_V_9_reg_3976_pp0_iter4_reg">12, 0, 12, 0</column>
<column name="select_ln1534_15_reg_4412">16, 0, 16, 0</column>
<column name="select_ln1534_21_reg_4467">16, 0, 16, 0</column>
<column name="select_ln1534_27_reg_4511">16, 0, 16, 0</column>
<column name="select_ln1534_30_reg_4545">16, 0, 16, 0</column>
<column name="select_ln1534_5_reg_4319">16, 0, 16, 0</column>
<column name="select_ln1696_3_reg_4282">16, 0, 16, 0</column>
<column name="theta_V_10_reg_4060">14, 0, 15, 1</column>
<column name="theta_V_11_reg_4088">14, 0, 15, 1</column>
<column name="theta_V_12_reg_4116">14, 0, 15, 1</column>
<column name="theta_V_13_reg_4144">14, 0, 15, 1</column>
<column name="theta_V_14_reg_4172">14, 0, 15, 1</column>
<column name="theta_V_16_reg_4211">14, 0, 15, 1</column>
<column name="theta_V_6_reg_3948">14, 0, 15, 1</column>
<column name="theta_V_7_reg_3981">14, 0, 15, 1</column>
<column name="theta_V_9_reg_4020">14, 0, 15, 1</column>
<column name="theta_V_9_reg_4020_pp0_iter6_reg">14, 0, 15, 1</column>
<column name="theta_V_reg_3914">14, 0, 15, 1</column>
<column name="theta_in_int_reg">16, 0, 16, 0</column>
<column name="x_in_int_reg">16, 0, 16, 0</column>
<column name="x_in_read_reg_3782">16, 0, 16, 0</column>
<column name="xi_V_101_reg_4588">16, 0, 16, 0</column>
<column name="xi_V_104_reg_4608">16, 0, 16, 0</column>
<column name="xi_V_14_reg_3970">16, 0, 16, 0</column>
<column name="xi_V_17_reg_3998">16, 0, 16, 0</column>
<column name="xi_V_20_reg_4026">16, 0, 16, 0</column>
<column name="xi_V_23_reg_4049">16, 0, 16, 0</column>
<column name="xi_V_26_reg_4077">16, 0, 16, 0</column>
<column name="xi_V_29_reg_4105">16, 0, 16, 0</column>
<column name="xi_V_32_reg_4133">16, 0, 16, 0</column>
<column name="xi_V_35_reg_4161">16, 0, 16, 0</column>
<column name="xi_V_38_reg_4189">16, 0, 16, 0</column>
<column name="xi_V_3_reg_3886">16, 0, 16, 0</column>
<column name="xi_V_41_reg_4216">16, 0, 16, 0</column>
<column name="xi_V_44_reg_4254">16, 0, 16, 0</column>
<column name="xi_V_50_reg_4302">16, 0, 16, 0</column>
<column name="xi_V_54_reg_4325">16, 0, 16, 0</column>
<column name="xi_V_55_reg_4330">16, 0, 16, 0</column>
<column name="xi_V_59_reg_4347">16, 0, 16, 0</column>
<column name="xi_V_63_reg_4369">16, 0, 16, 0</column>
<column name="xi_V_64_reg_4379">16, 0, 16, 0</column>
<column name="xi_V_68_reg_4401">16, 0, 16, 0</column>
<column name="xi_V_74_reg_4439">16, 0, 16, 0</column>
<column name="xi_V_77_reg_4456">16, 0, 16, 0</column>
<column name="xi_V_83_reg_4494">16, 0, 16, 0</column>
<column name="xi_V_87_reg_4517">16, 0, 16, 0</column>
<column name="xi_V_88_reg_4522">16, 0, 16, 0</column>
<column name="xi_V_8_reg_3925">16, 0, 16, 0</column>
<column name="xi_V_92_reg_4539">16, 0, 16, 0</column>
<column name="xi_V_96_reg_4562">16, 0, 16, 0</column>
<column name="xi_V_97_reg_4567">16, 0, 16, 0</column>
<column name="xor_ln118_reg_3830">1, 0, 1, 0</column>
<column name="y_in_int_reg">16, 0, 16, 0</column>
<column name="y_in_read_reg_3775">16, 0, 16, 0</column>
<column name="yi_V_103_reg_4593">16, 0, 16, 0</column>
<column name="yi_V_104_reg_4598">16, 0, 16, 0</column>
<column name="yi_V_108_reg_4614">16, 0, 16, 0</column>
<column name="yi_V_111_reg_3891">16, 0, 16, 0</column>
<column name="yi_V_11_reg_3953">16, 0, 16, 0</column>
<column name="yi_V_14_reg_3986">16, 0, 16, 0</column>
<column name="yi_V_17_reg_4009">16, 0, 16, 0</column>
<column name="yi_V_20_reg_4037">16, 0, 16, 0</column>
<column name="yi_V_23_reg_4065">16, 0, 16, 0</column>
<column name="yi_V_26_reg_4093">16, 0, 16, 0</column>
<column name="yi_V_29_reg_4121">16, 0, 16, 0</column>
<column name="yi_V_32_reg_4149">16, 0, 16, 0</column>
<column name="yi_V_35_reg_4177">16, 0, 16, 0</column>
<column name="yi_V_38_reg_4200">16, 0, 16, 0</column>
<column name="yi_V_44_reg_4248">16, 0, 16, 0</column>
<column name="yi_V_48_reg_4287">16, 0, 16, 0</column>
<column name="yi_V_49_reg_4292">16, 0, 16, 0</column>
<column name="yi_V_4_reg_3897">16, 0, 16, 0</column>
<column name="yi_V_53_reg_4313">16, 0, 16, 0</column>
<column name="yi_V_59_reg_4341">16, 0, 16, 0</column>
<column name="yi_V_63_reg_4374">16, 0, 16, 0</column>
<column name="yi_V_64_reg_4384">16, 0, 16, 0</column>
<column name="yi_V_68_reg_4395">16, 0, 16, 0</column>
<column name="yi_V_72_reg_4424">16, 0, 16, 0</column>
<column name="yi_V_73_reg_4429">16, 0, 16, 0</column>
<column name="yi_V_77_reg_4450">16, 0, 16, 0</column>
<column name="yi_V_81_reg_4479">16, 0, 16, 0</column>
<column name="yi_V_82_reg_4484">16, 0, 16, 0</column>
<column name="yi_V_86_reg_4505">16, 0, 16, 0</column>
<column name="yi_V_8_reg_3919">16, 0, 16, 0</column>
<column name="yi_V_92_reg_4533">16, 0, 16, 0</column>
<column name="yi_V_98_reg_4577">16, 0, 16, 0</column>
<column name="Quadrant_2_reg_3879">64, 32, 3, 0</column>
<column name="and_ln163_26_reg_4227">64, 32, 1, 0</column>
<column name="angle_V_2_reg_3849">64, 32, 16, 0</column>
<column name="icmp_ln195_reg_4276">64, 32, 1, 0</column>
<column name="modes_read_reg_3789">64, 32, 1, 0</column>
<column name="select_ln1696_3_reg_4282">64, 32, 16, 0</column>
<column name="xor_ln118_reg_3830">64, 32, 1, 0</column>
</table>
</item>
</section>
</item>
</section>

<section name = "Interface" level="0">
<item name = "Summary"><table name="" hasTotal="0">
<keys size="6">RTL Ports, Dir, Bits, Protocol, Source Object, C Type</keys>
<column name="ap_clk">in, 1, ap_ctrl_hs, cordic, return value</column>
<column name="ap_rst">in, 1, ap_ctrl_hs, cordic, return value</column>
<column name="ap_return_0">out, 16, ap_ctrl_hs, cordic, return value</column>
<column name="ap_return_1">out, 16, ap_ctrl_hs, cordic, return value</column>
<column name="ap_return_2">out, 16, ap_ctrl_hs, cordic, return value</column>
<column name="ap_ce">in, 1, ap_ctrl_hs, cordic, return value</column>
<column name="modes">in, 1, ap_none, modes, scalar</column>
<column name="x_in">in, 16, ap_none, x_in, scalar</column>
<column name="y_in">in, 16, ap_none, y_in, scalar</column>
<column name="theta_in">in, 16, ap_none, theta_in, scalar</column>
</table>
</item>
</section>
</profile>
