<pragmas>
<pragma file="D:/XilinxVitis/Vitis_HLS/2022.1/common/technology/autopilot\ap_int_base.h" line="1681" pragmaType="inline" parentfunction="ap_int_base<11, false>::RType<($_0)64, true>::minus operator-<11, false>(ap_int_base<11, false> const&, long)" off="0" region="0" recursive="0"/>
<pragma file="D:/XilinxVitis/Vitis_HLS/2022.1/common/technology/autopilot\ap_int_base.h" line="221" pragmaType="inline" parentfunction="ap_int_base<54, true>::ap_int_base()" off="0" region="0" recursive="0"/>
<pragma file="D:/XilinxVitis/Vitis_HLS/2022.1/common/technology/autopilot\ap_int_base.h" line="940" pragmaType="inline" parentfunction="ap_int_base<54, true>::operator-() const" off="0" region="0" recursive="0"/>
<pragma file="D:/XilinxVitis/Vitis_HLS/2022.1/common/technology/autopilot\ap_fixed_base.h" line="1466" pragmaType="inline" parentfunction="ap_fixed_base<35, 9, true, (ap_q_mode)5, (ap_o_mode)3, 0>::operator!() const" off="0" region="0" recursive="0"/>
<pragma file="D:/XilinxVitis/Vitis_HLS/2022.1/common/technology/autopilot\ap_int_base.h" line="221" pragmaType="inline" parentfunction="ap_int_base<11, false>::ap_int_base()" off="0" region="0" recursive="0"/>
<pragma file="D:/XilinxVitis/Vitis_HLS/2022.1/common/technology/autopilot\ap_fixed.h" line="191" pragmaType="inline" parentfunction="ap_fixed<16, 3, (ap_q_mode)5, (ap_o_mode)3, 0>::ap_fixed(double)" off="0" region="0" recursive="0"/>
<pragma file="D:/XilinxVitis/Vitis_HLS/2022.1/common/technology/autopilot\ap_int_base.h" line="260" pragmaType="inline" parentfunction="ap_int_base<1, false>::ap_int_base(int)" off="0" region="0" recursive="0"/>
<pragma file="D:/XilinxVitis/Vitis_HLS/2022.1/common/technology/autopilot\ap_int_base.h" line="1542" pragmaType="inline" parentfunction="ap_int_base<1, false>::RType<54, true>::minus operator-<1, false, 54, true>(ap_int_base<1, false> const&, ap_int_base<54, true> const&)" off="0" region="0" recursive="0"/>
<pragma file="D:/XilinxVitis/Vitis_HLS/2022.1/common/technology/autopilot\ap_common.h" line="762" pragmaType="inline" parentfunction="doubleToRawBits" off="0" region="0" recursive="0"/>
<pragma file="D:/XilinxVitis/Vitis_HLS/2022.1/common/technology/autopilot\ap_int_base.h" line="221" pragmaType="inline" parentfunction="ap_int_base<12, true>::ap_int_base()" off="0" region="0" recursive="0"/>
<pragma file="D:/XilinxVitis/Vitis_HLS/2022.1/common/technology/autopilot\ap_int_base.h" line="221" pragmaType="inline" parentfunction="ap_int_base<64, false>::ap_int_base()" off="0" region="0" recursive="0"/>
<pragma file="D:/XilinxVitis/Vitis_HLS/2022.1/common/technology/autopilot\ap_int_base.h" line="231" pragmaType="inline" parentfunction="ap_int_base<65, true>::ap_int_base<11, false>(ap_int_base<11, false> const&)" off="0" region="0" recursive="0"/>
<pragma file="D:/XilinxVitis/Vitis_HLS/2022.1/common/technology/autopilot\ap_common.h" line="559" pragmaType="inline" parentfunction="ssdm_int<16, true>::ssdm_int(short)" off="0" region="0" recursive="0"/>
<pragma file="D:/XilinxVitis/Vitis_HLS/2022.1/common/technology/autopilot\ap_fixed_base.h" line="1466" pragmaType="inline" parentfunction="ap_fixed_base<49, 23, true, (ap_q_mode)5, (ap_o_mode)3, 0>::operator!() const" off="0" region="0" recursive="0"/>
<pragma file="D:/XilinxVitis/Vitis_HLS/2022.1/common/technology/autopilot\ap_int_base.h" line="231" pragmaType="inline" parentfunction="ap_int_base<55, true>::ap_int_base<1, false>(ap_int_base<1, false> const&)" off="0" region="0" recursive="0"/>
<pragma file="D:/XilinxVitis/Vitis_HLS/2022.1/common/technology/autopilot\ap_fixed_base.h" line="1393" pragmaType="inline" parentfunction="ap_fixed_base<16, 3, true, (ap_q_mode)5, (ap_o_mode)3, 0>::RType<32, 6, true>::plus ap_fixed_base<16, 3, true, (ap_q_mode)5, (ap_o_mode)3, 0>::operator+<32, 6, true, (ap_q_mode)5, (ap_o_mode)3, 0>(ap_fixed_base<32, 6, true, (ap_q_mode)5, (ap_o_mode)3, 0> const&) const" off="0" region="0" recursive="0"/>
<pragma file="D:/XilinxVitis/Vitis_HLS/2022.1/common/technology/autopilot\ap_int_base.h" line="262" pragmaType="inline" parentfunction="ap_int_base<64, true>::ap_int_base(long)" off="0" region="0" recursive="0"/>
<pragma file="D:/XilinxVitis/Vitis_HLS/2022.1/common/technology/autopilot\ap_int_base.h" line="231" pragmaType="inline" parentfunction="ap_int_base<55, true>::ap_int_base<54, true>(ap_int_base<54, true> const&)" off="0" region="0" recursive="0"/>
<pragma file="D:/XilinxVitis/Vitis_HLS/2022.1/common/technology/autopilot\ap_fixed_base.h" line="1394" pragmaType="inline" parentfunction="ap_fixed_base<16, 3, true, (ap_q_mode)5, (ap_o_mode)3, 0>::RType<32, 6, true>::minus ap_fixed_base<16, 3, true, (ap_q_mode)5, (ap_o_mode)3, 0>::operator-<32, 6, true, (ap_q_mode)5, (ap_o_mode)3, 0>(ap_fixed_base<32, 6, true, (ap_q_mode)5, (ap_o_mode)3, 0> const&) const" off="0" region="0" recursive="0"/>
<pragma file="D:/XilinxVitis/Vitis_HLS/2022.1/common/technology/autopilot\ap_fixed.h" line="68" pragmaType="inline" parentfunction="ap_fixed<16, 3, (ap_q_mode)5, (ap_o_mode)3, 0>::ap_fixed()" off="0" region="0" recursive="0"/>
<pragma file="D:/XilinxVitis/Vitis_HLS/2022.1/common/technology/autopilot\ap_fixed.h" line="73" pragmaType="inline" parentfunction="ap_fixed<16, 3, (ap_q_mode)5, (ap_o_mode)3, 0>::ap_fixed<49, 23, true, (ap_q_mode)5, (ap_o_mode)3, 0>(ap_fixed_base<49, 23, true, (ap_q_mode)5, (ap_o_mode)3, 0> const&)" off="0" region="0" recursive="0"/>
<pragma file="D:/XilinxVitis/Vitis_HLS/2022.1/common/technology/autopilot\ap_int_base.h" line="231" pragmaType="inline" parentfunction="ap_int_base<65, true>::ap_int_base<64, true>(ap_int_base<64, true> const&)" off="0" region="0" recursive="0"/>
<pragma file="D:/XilinxVitis/Vitis_HLS/2022.1/common/technology/autopilot\ap_fixed.h" line="73" pragmaType="inline" parentfunction="ap_fixed<49, 23, (ap_q_mode)5, (ap_o_mode)3, 0>::ap_fixed<49, 23, true, (ap_q_mode)5, (ap_o_mode)3, 0>(ap_fixed_base<49, 23, true, (ap_q_mode)5, (ap_o_mode)3, 0> const&)" off="0" region="0" recursive="0"/>
<pragma file="D:/XilinxVitis/Vitis_HLS/2022.1/common/technology/autopilot\ap_common.h" line="559" pragmaType="inline" parentfunction="_ZN8ssdm_intILi48ELb1EEC2EDq48_i" off="0" region="0" recursive="0"/>
<pragma file="D:/XilinxVitis/Vitis_HLS/2022.1/common/technology/autopilot\ap_fixed_base.h" line="1394" pragmaType="inline" parentfunction="ap_fixed_base<33, 7, true, (ap_q_mode)5, (ap_o_mode)3, 0>::RType<32, 6, true>::minus ap_fixed_base<33, 7, true, (ap_q_mode)5, (ap_o_mode)3, 0>::operator-<32, 6, true, (ap_q_mode)5, (ap_o_mode)3, 0>(ap_fixed_base<32, 6, true, (ap_q_mode)5, (ap_o_mode)3, 0> const&) const" off="0" region="0" recursive="0"/>
<pragma file="D:/XilinxVitis/Vitis_HLS/2022.1/common/technology/autopilot\ap_fixed_base.h" line="446" pragmaType="inline" parentfunction="ap_fixed_base<48, 9, true, (ap_q_mode)5, (ap_o_mode)3, 0>::ap_fixed_base<35, 9, true, (ap_q_mode)5, (ap_o_mode)3, 0>(ap_fixed_base<35, 9, true, (ap_q_mode)5, (ap_o_mode)3, 0> const&)" off="0" region="0" recursive="0"/>
<pragma file="D:/XilinxVitis/Vitis_HLS/2022.1/common/technology/autopilot\ap_int_base.h" line="1542" pragmaType="inline" parentfunction="ap_int_base<11, false>::RType<64, true>::minus operator-<11, false, 64, true>(ap_int_base<11, false> const&, ap_int_base<64, true> const&)" off="0" region="0" recursive="0"/>
<pragma file="D:/XilinxVitis/Vitis_HLS/2022.1/common/technology/autopilot\ap_fixed.h" line="73" pragmaType="inline" parentfunction="ap_fixed<16, 3, (ap_q_mode)5, (ap_o_mode)3, 0>::ap_fixed<33, 7, true, (ap_q_mode)5, (ap_o_mode)3, 0>(ap_fixed_base<33, 7, true, (ap_q_mode)5, (ap_o_mode)3, 0> const&)" off="0" region="0" recursive="0"/>
<pragma file="D:/XilinxVitis/Vitis_HLS/2022.1/common/technology/autopilot\ap_fixed_base.h" line="1327" pragmaType="inline" parentfunction="ap_fixed_base<16, 3, true, (ap_q_mode)5, (ap_o_mode)3, 0>::RType<16, 3, true>::div ap_fixed_base<16, 3, true, (ap_q_mode)5, (ap_o_mode)3, 0>::operator/<16, 3, true, (ap_q_mode)5, (ap_o_mode)3, 0>(ap_fixed_base<16, 3, true, (ap_q_mode)5, (ap_o_mode)3, 0> const&) const" off="0" region="0" recursive="0"/>
<pragma file="D:/XilinxVitis/Vitis_HLS/2022.1/common/technology/autopilot\ap_fixed.h" line="73" pragmaType="inline" parentfunction="ap_fixed<16, 3, (ap_q_mode)5, (ap_o_mode)3, 0>::ap_fixed<47, 21, true, (ap_q_mode)5, (ap_o_mode)3, 0>(ap_fixed_base<47, 21, true, (ap_q_mode)5, (ap_o_mode)3, 0> const&)" off="0" region="0" recursive="0"/>
<pragma file="D:/XilinxVitis/Vitis_HLS/2022.1/common/technology/autopilot\ap_fixed.h" line="73" pragmaType="inline" parentfunction="ap_fixed<16, 3, (ap_q_mode)5, (ap_o_mode)3, 0>::ap_fixed<30, 17, true, (ap_q_mode)5, (ap_o_mode)3, 0>(ap_fixed_base<30, 17, true, (ap_q_mode)5, (ap_o_mode)3, 0> const&)" off="0" region="0" recursive="0"/>
<pragma file="D:/XilinxVitis/Vitis_HLS/2022.1/common/technology/autopilot\ap_fixed_base.h" line="1327" pragmaType="inline" parentfunction="ap_fixed_base<34, 8, true, (ap_q_mode)5, (ap_o_mode)3, 0>::RType<16, 3, true>::div ap_fixed_base<34, 8, true, (ap_q_mode)5, (ap_o_mode)3, 0>::operator/<16, 3, true, (ap_q_mode)5, (ap_o_mode)3, 0>(ap_fixed_base<16, 3, true, (ap_q_mode)5, (ap_o_mode)3, 0> const&) const" off="0" region="0" recursive="0"/>
<pragma file="../fpga_hls_LinearSolver/linearsolver.cpp" line="20" pragmaType="pipeline" parentfunction="LinearSolver" off="0" ii="-1" style=""/>
<pragma file="../fpga_hls_LinearSolver/linearsolver.cpp" line="16" pragmaType="interface" parentfunction="LinearSolver" mode="s_axilite" port="A" bundle="A_in" offset="-1" name="" clock="" impl="" register="0"/>
<pragma file="../fpga_hls_LinearSolver/linearsolver.cpp" line="17" pragmaType="interface" parentfunction="LinearSolver" mode="s_axilite" port="b" bundle="b_in" offset="-1" name="" clock="" impl="" register="0"/>
<pragma file="../fpga_hls_LinearSolver/linearsolver.cpp" line="18" pragmaType="interface" parentfunction="LinearSolver" mode="s_axilite" port="x" bundle="x_out" offset="-1" name="" clock="" impl="" register="0"/>
<pragma file="D:/XilinxVitis/Vitis_HLS/2022.1/common/technology/autopilot\ap_fixed_base.h" line="441" pragmaType="inline" parentfunction="ap_fixed_base<49, 23, true, (ap_q_mode)5, (ap_o_mode)3, 0>::ap_fixed_base()" off="0" region="0" recursive="0"/>
<pragma file="D:/XilinxVitis/Vitis_HLS/2022.1/common/technology/autopilot\ap_common.h" line="559" pragmaType="inline" parentfunction="_ZN8ssdm_intILi65ELb1EEC2EDq65_i" off="0" region="0" recursive="0"/>
<pragma file="D:/XilinxVitis/Vitis_HLS/2022.1/common/technology/autopilot\ap_fixed.h" line="183" pragmaType="inline" parentfunction="ap_fixed<16, 3, (ap_q_mode)5, (ap_o_mode)3, 0>::ap_fixed(int)" off="0" region="0" recursive="0"/>
<pragma file="D:/XilinxVitis/Vitis_HLS/2022.1/common/technology/autopilot\ap_int_base.h" line="260" pragmaType="inline" parentfunction="ap_int_base<55, true>::ap_int_base(int)" off="0" region="0" recursive="0"/>
<pragma file="D:/XilinxVitis/Vitis_HLS/2022.1/common/technology/autopilot\ap_int.h" line="145" pragmaType="inline" parentfunction="ap_int<65>::ap_int<65, true>(ap_int_base<65, true> const&)" off="0" region="0" recursive="0"/>
<pragma file="D:/XilinxVitis/Vitis_HLS/2022.1/common/technology/autopilot\ap_int.h" line="145" pragmaType="inline" parentfunction="ap_int<55>::ap_int<55, true>(ap_int_base<55, true> const&)" off="0" region="0" recursive="0"/>
<pragma file="D:/XilinxVitis/Vitis_HLS/2022.1/common/technology/autopilot\ap_common.h" line="559" pragmaType="inline" parentfunction="ssdm_int<64, true>::ssdm_int(long)" off="0" region="0" recursive="0"/>
<pragma file="D:/XilinxVitis/Vitis_HLS/2022.1/common/technology/autopilot\ap_fixed_base.h" line="1327" pragmaType="inline" parentfunction="ap_fixed_base<33, 7, true, (ap_q_mode)5, (ap_o_mode)3, 0>::RType<16, 3, true>::div ap_fixed_base<33, 7, true, (ap_q_mode)5, (ap_o_mode)3, 0>::operator/<16, 3, true, (ap_q_mode)5, (ap_o_mode)3, 0>(ap_fixed_base<16, 3, true, (ap_q_mode)5, (ap_o_mode)3, 0> const&) const" off="0" region="0" recursive="0"/>
<pragma file="D:/XilinxVitis/Vitis_HLS/2022.1/common/technology/autopilot\ap_fixed_base.h" line="1313" pragmaType="inline" parentfunction="ap_fixed_base<16, 3, true, (ap_q_mode)5, (ap_o_mode)3, 0>::RType<16, 3, true>::mult ap_fixed_base<16, 3, true, (ap_q_mode)5, (ap_o_mode)3, 0>::operator*<16, 3, true, (ap_q_mode)5, (ap_o_mode)3, 0>(ap_fixed_base<16, 3, true, (ap_q_mode)5, (ap_o_mode)3, 0> const&) const" off="0" region="0" recursive="0"/>
<pragma file="D:/XilinxVitis/Vitis_HLS/2022.1/common/technology/autopilot\ap_fixed.h" line="73" pragmaType="inline" parentfunction="ap_fixed<16, 3, (ap_q_mode)5, (ap_o_mode)3, 0>::ap_fixed<48, 22, true, (ap_q_mode)5, (ap_o_mode)3, 0>(ap_fixed_base<48, 22, true, (ap_q_mode)5, (ap_o_mode)3, 0> const&)" off="0" region="0" recursive="0"/>
<pragma file="D:/XilinxVitis/Vitis_HLS/2022.1/common/technology/autopilot\ap_int_base.h" line="260" pragmaType="inline" parentfunction="ap_int_base<65, true>::ap_int_base(int)" off="0" region="0" recursive="0"/>
<pragma file="D:/XilinxVitis/Vitis_HLS/2022.1/common/technology/autopilot\ap_fixed_base.h" line="1394" pragmaType="inline" parentfunction="ap_fixed_base<34, 8, true, (ap_q_mode)5, (ap_o_mode)3, 0>::RType<32, 6, true>::minus ap_fixed_base<34, 8, true, (ap_q_mode)5, (ap_o_mode)3, 0>::operator-<32, 6, true, (ap_q_mode)5, (ap_o_mode)3, 0>(ap_fixed_base<32, 6, true, (ap_q_mode)5, (ap_o_mode)3, 0> const&) const" off="0" region="0" recursive="0"/>
<pragma file="D:/XilinxVitis/Vitis_HLS/2022.1/common/technology/autopilot\ap_fixed_base.h" line="1327" pragmaType="inline" parentfunction="ap_fixed_base<35, 9, true, (ap_q_mode)5, (ap_o_mode)3, 0>::RType<16, 3, true>::div ap_fixed_base<35, 9, true, (ap_q_mode)5, (ap_o_mode)3, 0>::operator/<16, 3, true, (ap_q_mode)5, (ap_o_mode)3, 0>(ap_fixed_base<16, 3, true, (ap_q_mode)5, (ap_o_mode)3, 0> const&) const" off="0" region="0" recursive="0"/>
<pragma file="D:/XilinxVitis/Vitis_HLS/2022.1/common/technology/autopilot\ap_fixed_base.h" line="446" pragmaType="inline" parentfunction="ap_fixed_base<16, 3, true, (ap_q_mode)5, (ap_o_mode)3, 0>::ap_fixed_base<49, 23, true, (ap_q_mode)5, (ap_o_mode)3, 0>(ap_fixed_base<49, 23, true, (ap_q_mode)5, (ap_o_mode)3, 0> const&)" off="0" region="0" recursive="0"/>
<pragma file="D:/XilinxVitis/Vitis_HLS/2022.1/common/technology/autopilot\ap_common.h" line="567" pragmaType="inline" parentfunction="_ZN8ssdm_intILi1ELb0EEC2EDq1_j" off="0" region="0" recursive="0"/>
<pragma file="D:/XilinxVitis/Vitis_HLS/2022.1/common/technology/autopilot\ap_common.h" line="559" pragmaType="inline" parentfunction="_ZN8ssdm_intILi55ELb1EEC2EDq55_i" off="0" region="0" recursive="0"/>
<pragma file="D:/XilinxVitis/Vitis_HLS/2022.1/common/technology/autopilot\ap_common.h" line="559" pragmaType="inline" parentfunction="_ZN8ssdm_intILi47ELb1EEC2EDq47_i" off="0" region="0" recursive="0"/>
<pragma file="D:/XilinxVitis/Vitis_HLS/2022.1/common/technology/autopilot\ap_fixed_base.h" line="576" pragmaType="inline" parentfunction="ap_fixed_base<35, 9, true, (ap_q_mode)5, (ap_o_mode)3, 0>::ap_fixed_base(int)" off="0" region="0" recursive="0"/>
<pragma file="D:/XilinxVitis/Vitis_HLS/2022.1/common/technology/autopilot\ap_fixed_base.h" line="576" pragmaType="inline" parentfunction="ap_fixed_base<34, 8, true, (ap_q_mode)5, (ap_o_mode)3, 0>::ap_fixed_base(int)" off="0" region="0" recursive="0"/>
<pragma file="D:/XilinxVitis/Vitis_HLS/2022.1/common/technology/autopilot\ap_common.h" line="559" pragmaType="inline" parentfunction="_ZN8ssdm_intILi34ELb1EEC2EDq34_i" off="0" region="0" recursive="0"/>
<pragma file="D:/XilinxVitis/Vitis_HLS/2022.1/common/technology/autopilot\ap_fixed_base.h" line="1466" pragmaType="inline" parentfunction="ap_fixed_base<33, 7, true, (ap_q_mode)5, (ap_o_mode)3, 0>::operator!() const" off="0" region="0" recursive="0"/>
<pragma file="D:/XilinxVitis/Vitis_HLS/2022.1/common/technology/autopilot\ap_fixed_base.h" line="446" pragmaType="inline" parentfunction="ap_fixed_base<16, 3, true, (ap_q_mode)5, (ap_o_mode)3, 0>::ap_fixed_base<47, 21, true, (ap_q_mode)5, (ap_o_mode)3, 0>(ap_fixed_base<47, 21, true, (ap_q_mode)5, (ap_o_mode)3, 0> const&)" off="0" region="0" recursive="0"/>
<pragma file="D:/XilinxVitis/Vitis_HLS/2022.1/common/technology/autopilot\ap_fixed_base.h" line="441" pragmaType="inline" parentfunction="ap_fixed_base<48, 22, true, (ap_q_mode)5, (ap_o_mode)3, 0>::ap_fixed_base()" off="0" region="0" recursive="0"/>
<pragma file="D:/XilinxVitis/Vitis_HLS/2022.1/common/technology/autopilot\ap_fixed_base.h" line="446" pragmaType="inline" parentfunction="ap_fixed_base<34, 8, true, (ap_q_mode)5, (ap_o_mode)3, 0>::ap_fixed_base<33, 7, true, (ap_q_mode)5, (ap_o_mode)3, 0>(ap_fixed_base<33, 7, true, (ap_q_mode)5, (ap_o_mode)3, 0> const&)" off="0" region="0" recursive="0"/>
<pragma file="D:/XilinxVitis/Vitis_HLS/2022.1/common/technology/autopilot\ap_fixed.h" line="73" pragmaType="inline" parentfunction="ap_fixed<34, 8, (ap_q_mode)5, (ap_o_mode)3, 0>::ap_fixed<34, 8, true, (ap_q_mode)5, (ap_o_mode)3, 0>(ap_fixed_base<34, 8, true, (ap_q_mode)5, (ap_o_mode)3, 0> const&)" off="0" region="0" recursive="0"/>
<pragma file="D:/XilinxVitis/Vitis_HLS/2022.1/common/technology/autopilot\ap_common.h" line="559" pragmaType="inline" parentfunction="_ZN8ssdm_intILi35ELb1EEC2EDq35_i" off="0" region="0" recursive="0"/>
<pragma file="D:/XilinxVitis/Vitis_HLS/2022.1/common/technology/autopilot\ap_fixed_base.h" line="446" pragmaType="inline" parentfunction="ap_fixed_base<35, 9, true, (ap_q_mode)5, (ap_o_mode)3, 0>::ap_fixed_base<32, 6, true, (ap_q_mode)5, (ap_o_mode)3, 0>(ap_fixed_base<32, 6, true, (ap_q_mode)5, (ap_o_mode)3, 0> const&)" off="0" region="0" recursive="0"/>
<pragma file="D:/XilinxVitis/Vitis_HLS/2022.1/common/technology/autopilot\ap_fixed_base.h" line="446" pragmaType="inline" parentfunction="ap_fixed_base<34, 8, true, (ap_q_mode)5, (ap_o_mode)3, 0>::ap_fixed_base<32, 6, true, (ap_q_mode)5, (ap_o_mode)3, 0>(ap_fixed_base<32, 6, true, (ap_q_mode)5, (ap_o_mode)3, 0> const&)" off="0" region="0" recursive="0"/>
<pragma file="D:/XilinxVitis/Vitis_HLS/2022.1/common/technology/autopilot\ap_fixed_base.h" line="1466" pragmaType="inline" parentfunction="ap_fixed_base<47, 21, true, (ap_q_mode)5, (ap_o_mode)3, 0>::operator!() const" off="0" region="0" recursive="0"/>
<pragma file="D:/XilinxVitis/Vitis_HLS/2022.1/common/technology/autopilot\ap_fixed_base.h" line="441" pragmaType="inline" parentfunction="ap_fixed_base<47, 21, true, (ap_q_mode)5, (ap_o_mode)3, 0>::ap_fixed_base()" off="0" region="0" recursive="0"/>
<pragma file="D:/XilinxVitis/Vitis_HLS/2022.1/common/technology/autopilot\ap_fixed_base.h" line="446" pragmaType="inline" parentfunction="ap_fixed_base<16, 3, true, (ap_q_mode)5, (ap_o_mode)3, 0>::ap_fixed_base<48, 22, true, (ap_q_mode)5, (ap_o_mode)3, 0>(ap_fixed_base<48, 22, true, (ap_q_mode)5, (ap_o_mode)3, 0> const&)" off="0" region="0" recursive="0"/>
<pragma file="D:/XilinxVitis/Vitis_HLS/2022.1/common/technology/autopilot\ap_fixed_base.h" line="1466" pragmaType="inline" parentfunction="ap_fixed_base<32, 6, true, (ap_q_mode)5, (ap_o_mode)3, 0>::operator!() const" off="0" region="0" recursive="0"/>
<pragma file="D:/XilinxVitis/Vitis_HLS/2022.1/common/technology/autopilot\ap_fixed_base.h" line="446" pragmaType="inline" parentfunction="ap_fixed_base<47, 8, true, (ap_q_mode)5, (ap_o_mode)3, 0>::ap_fixed_base<34, 8, true, (ap_q_mode)5, (ap_o_mode)3, 0>(ap_fixed_base<34, 8, true, (ap_q_mode)5, (ap_o_mode)3, 0> const&)" off="0" region="0" recursive="0"/>
<pragma file="D:/XilinxVitis/Vitis_HLS/2022.1/common/technology/autopilot\ap_fixed_base.h" line="441" pragmaType="inline" parentfunction="ap_fixed_base<32, 32, true, (ap_q_mode)5, (ap_o_mode)3, 0>::ap_fixed_base()" off="0" region="0" recursive="0"/>
<pragma file="D:/XilinxVitis/Vitis_HLS/2022.1/common/technology/autopilot\ap_fixed_base.h" line="1466" pragmaType="inline" parentfunction="ap_fixed_base<34, 8, true, (ap_q_mode)5, (ap_o_mode)3, 0>::operator!() const" off="0" region="0" recursive="0"/>
<pragma file="D:/XilinxVitis/Vitis_HLS/2022.1/common/technology/autopilot\ap_fixed.h" line="73" pragmaType="inline" parentfunction="ap_fixed<35, 9, (ap_q_mode)5, (ap_o_mode)3, 0>::ap_fixed<35, 9, true, (ap_q_mode)5, (ap_o_mode)3, 0>(ap_fixed_base<35, 9, true, (ap_q_mode)5, (ap_o_mode)3, 0> const&)" off="0" region="0" recursive="0"/>
<pragma file="D:/XilinxVitis/Vitis_HLS/2022.1/common/technology/autopilot\ap_fixed_base.h" line="1466" pragmaType="inline" parentfunction="ap_fixed_base<32, 32, true, (ap_q_mode)5, (ap_o_mode)3, 0>::operator!() const" off="0" region="0" recursive="0"/>
<pragma file="D:/XilinxVitis/Vitis_HLS/2022.1/common/technology/autopilot\ap_fixed_base.h" line="1466" pragmaType="inline" parentfunction="ap_fixed_base<48, 22, true, (ap_q_mode)5, (ap_o_mode)3, 0>::operator!() const" off="0" region="0" recursive="0"/>
<pragma file="D:/XilinxVitis/Vitis_HLS/2022.1/common/technology/autopilot\ap_fixed_base.h" line="446" pragmaType="inline" parentfunction="ap_fixed_base<35, 9, true, (ap_q_mode)5, (ap_o_mode)3, 0>::ap_fixed_base<34, 8, true, (ap_q_mode)5, (ap_o_mode)3, 0>(ap_fixed_base<34, 8, true, (ap_q_mode)5, (ap_o_mode)3, 0> const&)" off="0" region="0" recursive="0"/>
<pragma file="D:/XilinxVitis/Vitis_HLS/2022.1/common/technology/autopilot\ap_fixed.h" line="73" pragmaType="inline" parentfunction="ap_fixed<48, 22, (ap_q_mode)5, (ap_o_mode)3, 0>::ap_fixed<48, 22, true, (ap_q_mode)5, (ap_o_mode)3, 0>(ap_fixed_base<48, 22, true, (ap_q_mode)5, (ap_o_mode)3, 0> const&)" off="0" region="0" recursive="0"/>
<pragma file="D:/XilinxVitis/Vitis_HLS/2022.1/common/technology/autopilot\ap_fixed_base.h" line="446" pragmaType="inline" parentfunction="ap_fixed_base<29, 3, true, (ap_q_mode)5, (ap_o_mode)3, 0>::ap_fixed_base<16, 3, true, (ap_q_mode)5, (ap_o_mode)3, 0>(ap_fixed_base<16, 3, true, (ap_q_mode)5, (ap_o_mode)3, 0> const&)" off="0" region="0" recursive="0"/>
<pragma file="D:/XilinxVitis/Vitis_HLS/2022.1/common/technology/autopilot\ap_fixed_base.h" line="576" pragmaType="inline" parentfunction="ap_fixed_base<32, 6, true, (ap_q_mode)5, (ap_o_mode)3, 0>::ap_fixed_base(int)" off="0" region="0" recursive="0"/>
<pragma file="D:/XilinxVitis/Vitis_HLS/2022.1/common/technology/autopilot\ap_fixed.h" line="73" pragmaType="inline" parentfunction="ap_fixed<30, 17, (ap_q_mode)5, (ap_o_mode)3, 0>::ap_fixed<30, 17, true, (ap_q_mode)5, (ap_o_mode)3, 0>(ap_fixed_base<30, 17, true, (ap_q_mode)5, (ap_o_mode)3, 0> const&)" off="0" region="0" recursive="0"/>
<pragma file="D:/XilinxVitis/Vitis_HLS/2022.1/common/technology/autopilot\ap_fixed_base.h" line="1466" pragmaType="inline" parentfunction="ap_fixed_base<30, 17, true, (ap_q_mode)5, (ap_o_mode)3, 0>::operator!() const" off="0" region="0" recursive="0"/>
<pragma file="D:/XilinxVitis/Vitis_HLS/2022.1/common/technology/autopilot\ap_fixed.h" line="73" pragmaType="inline" parentfunction="ap_fixed<47, 21, (ap_q_mode)5, (ap_o_mode)3, 0>::ap_fixed<47, 21, true, (ap_q_mode)5, (ap_o_mode)3, 0>(ap_fixed_base<47, 21, true, (ap_q_mode)5, (ap_o_mode)3, 0> const&)" off="0" region="0" recursive="0"/>
<pragma file="D:/XilinxVitis/Vitis_HLS/2022.1/common/technology/autopilot\ap_fixed_base.h" line="446" pragmaType="inline" parentfunction="ap_fixed_base<16, 3, true, (ap_q_mode)5, (ap_o_mode)3, 0>::ap_fixed_base<30, 17, true, (ap_q_mode)5, (ap_o_mode)3, 0>(ap_fixed_base<30, 17, true, (ap_q_mode)5, (ap_o_mode)3, 0> const&)" off="0" region="0" recursive="0"/>
<pragma file="D:/XilinxVitis/Vitis_HLS/2022.1/common/technology/autopilot\ap_common.h" line="559" pragmaType="inline" parentfunction="_ZN8ssdm_intILi29ELb1EEC2EDq29_i" off="0" region="0" recursive="0"/>
<pragma file="D:/XilinxVitis/Vitis_HLS/2022.1/common/technology/autopilot\ap_fixed_base.h" line="576" pragmaType="inline" parentfunction="ap_fixed_base<33, 7, true, (ap_q_mode)5, (ap_o_mode)3, 0>::ap_fixed_base(int)" off="0" region="0" recursive="0"/>
<pragma file="D:/XilinxVitis/Vitis_HLS/2022.1/common/technology/autopilot\ap_fixed_base.h" line="1452" pragmaType="inline" parentfunction="ap_fixed_base<16, 3, true, (ap_q_mode)5, (ap_o_mode)3, 0>::operator-() const" off="0" region="0" recursive="0"/>
<pragma file="D:/XilinxVitis/Vitis_HLS/2022.1/common/technology/autopilot\ap_fixed_base.h" line="2422" pragmaType="inline" parentfunction="ap_fixed_base<17, 4, true, (ap_q_mode)5, (ap_o_mode)3, 0>::RType<($_0)32, ($_0)32, true>::div operator/<17, 4, true, (ap_q_mode)5, (ap_o_mode)3, 0>(ap_fixed_base<17, 4, true, (ap_q_mode)5, (ap_o_mode)3, 0> const&, int)" off="0" region="0" recursive="0"/>
<pragma file="D:/XilinxVitis/Vitis_HLS/2022.1/common/technology/autopilot\ap_fixed_base.h" line="441" pragmaType="inline" parentfunction="ap_fixed_base<30, 17, true, (ap_q_mode)5, (ap_o_mode)3, 0>::ap_fixed_base()" off="0" region="0" recursive="0"/>
<pragma file="D:/XilinxVitis/Vitis_HLS/2022.1/common/technology/autopilot\ap_fixed_base.h" line="446" pragmaType="inline" parentfunction="ap_fixed_base<33, 7, true, (ap_q_mode)5, (ap_o_mode)3, 0>::ap_fixed_base<32, 6, true, (ap_q_mode)5, (ap_o_mode)3, 0>(ap_fixed_base<32, 6, true, (ap_q_mode)5, (ap_o_mode)3, 0> const&)" off="0" region="0" recursive="0"/>
<pragma file="D:/XilinxVitis/Vitis_HLS/2022.1/common/technology/autopilot\ap_fixed_base.h" line="1696" pragmaType="inline" parentfunction="bool ap_fixed_base<16, 3, true, (ap_q_mode)5, (ap_o_mode)3, 0>::operator<<18, 5, true, (ap_q_mode)5, (ap_o_mode)3, 0>(ap_fixed_base<18, 5, true, (ap_q_mode)5, (ap_o_mode)3, 0> const&) const" off="0" region="0" recursive="0"/>
<pragma file="D:/XilinxVitis/Vitis_HLS/2022.1/common/technology/autopilot\ap_fixed_base.h" line="576" pragmaType="inline" parentfunction="ap_fixed_base<16, 3, true, (ap_q_mode)5, (ap_o_mode)3, 0>::ap_fixed_base(int)" off="0" region="0" recursive="0"/>
<pragma file="D:/XilinxVitis/Vitis_HLS/2022.1/common/technology/autopilot\ap_common.h" line="559" pragmaType="inline" parentfunction="_ZN8ssdm_intILi46ELb1EEC2EDq46_i" off="0" region="0" recursive="0"/>
<pragma file="D:/XilinxVitis/Vitis_HLS/2022.1/common/technology/autopilot\ap_fixed.h" line="73" pragmaType="inline" parentfunction="ap_fixed<32, 6, (ap_q_mode)5, (ap_o_mode)3, 0>::ap_fixed<32, 6, true, (ap_q_mode)5, (ap_o_mode)3, 0>(ap_fixed_base<32, 6, true, (ap_q_mode)5, (ap_o_mode)3, 0> const&)" off="0" region="0" recursive="0"/>
<pragma file="D:/XilinxVitis/Vitis_HLS/2022.1/common/technology/autopilot\ap_fixed_base.h" line="446" pragmaType="inline" parentfunction="ap_fixed_base<33, 7, true, (ap_q_mode)5, (ap_o_mode)3, 0>::ap_fixed_base<16, 3, true, (ap_q_mode)5, (ap_o_mode)3, 0>(ap_fixed_base<16, 3, true, (ap_q_mode)5, (ap_o_mode)3, 0> const&)" off="0" region="0" recursive="0"/>
<pragma file="D:/XilinxVitis/Vitis_HLS/2022.1/common/technology/autopilot\ap_fixed.h" line="73" pragmaType="inline" parentfunction="ap_fixed<16, 3, (ap_q_mode)5, (ap_o_mode)3, 0>::ap_fixed<17, 4, true, (ap_q_mode)5, (ap_o_mode)3, 0>(ap_fixed_base<17, 4, true, (ap_q_mode)5, (ap_o_mode)3, 0> const&)" off="0" region="0" recursive="0"/>
<pragma file="D:/XilinxVitis/Vitis_HLS/2022.1/common/technology/autopilot\ap_common.h" line="559" pragmaType="inline" parentfunction="_ZN8ssdm_intILi33ELb1EEC2EDq33_i" off="0" region="0" recursive="0"/>
<pragma file="D:/XilinxVitis/Vitis_HLS/2022.1/common/technology/autopilot\ap_fixed_base.h" line="446" pragmaType="inline" parentfunction="ap_fixed_base<16, 3, true, (ap_q_mode)5, (ap_o_mode)3, 0>::ap_fixed_base<33, 7, true, (ap_q_mode)5, (ap_o_mode)3, 0>(ap_fixed_base<33, 7, true, (ap_q_mode)5, (ap_o_mode)3, 0> const&)" off="0" region="0" recursive="0"/>
<pragma file="D:/XilinxVitis/Vitis_HLS/2022.1/common/technology/autopilot\ap_fixed.h" line="73" pragmaType="inline" parentfunction="ap_fixed<33, 7, (ap_q_mode)5, (ap_o_mode)3, 0>::ap_fixed<33, 7, true, (ap_q_mode)5, (ap_o_mode)3, 0>(ap_fixed_base<33, 7, true, (ap_q_mode)5, (ap_o_mode)3, 0> const&)" off="0" region="0" recursive="0"/>
<pragma file="D:/XilinxVitis/Vitis_HLS/2022.1/common/technology/autopilot\ap_fixed_base.h" line="1393" pragmaType="inline" parentfunction="ap_fixed_base<16, 3, true, (ap_q_mode)5, (ap_o_mode)3, 0>::RType<16, 3, true>::plus ap_fixed_base<16, 3, true, (ap_q_mode)5, (ap_o_mode)3, 0>::operator+<16, 3, true, (ap_q_mode)5, (ap_o_mode)3, 0>(ap_fixed_base<16, 3, true, (ap_q_mode)5, (ap_o_mode)3, 0> const&) const" off="0" region="0" recursive="0"/>
<pragma file="D:/XilinxVitis/Vitis_HLS/2022.1/common/technology/autopilot\ap_fixed_base.h" line="1466" pragmaType="inline" parentfunction="ap_fixed_base<16, 3, true, (ap_q_mode)5, (ap_o_mode)3, 0>::operator!() const" off="0" region="0" recursive="0"/>
<pragma file="D:/XilinxVitis/Vitis_HLS/2022.1/common/technology/autopilot\ap_fixed_base.h" line="446" pragmaType="inline" parentfunction="ap_fixed_base<46, 7, true, (ap_q_mode)5, (ap_o_mode)3, 0>::ap_fixed_base<33, 7, true, (ap_q_mode)5, (ap_o_mode)3, 0>(ap_fixed_base<33, 7, true, (ap_q_mode)5, (ap_o_mode)3, 0> const&)" off="0" region="0" recursive="0"/>
<pragma file="D:/XilinxVitis/Vitis_HLS/2022.1/common/technology/autopilot\ap_fixed_base.h" line="446" pragmaType="inline" parentfunction="ap_fixed_base<16, 3, true, (ap_q_mode)5, (ap_o_mode)3, 0>::ap_fixed_base<18, 5, true, (ap_q_mode)5, (ap_o_mode)3, 0>(ap_fixed_base<18, 5, true, (ap_q_mode)5, (ap_o_mode)3, 0> const&)" off="0" region="0" recursive="0"/>
<pragma file="D:/XilinxVitis/Vitis_HLS/2022.1/common/technology/autopilot\ap_fixed_base.h" line="2422" pragmaType="inline" parentfunction="ap_fixed_base<16, 3, true, (ap_q_mode)5, (ap_o_mode)3, 0>::RType<($_0)32, ($_0)32, true>::div operator/<16, 3, true, (ap_q_mode)5, (ap_o_mode)3, 0>(ap_fixed_base<16, 3, true, (ap_q_mode)5, (ap_o_mode)3, 0> const&, int)" off="0" region="0" recursive="0"/>
<pragma file="D:/XilinxVitis/Vitis_HLS/2022.1/common/technology/autopilot\ap_fixed_base.h" line="1466" pragmaType="inline" parentfunction="ap_fixed_base<18, 5, true, (ap_q_mode)5, (ap_o_mode)3, 0>::operator!() const" off="0" region="0" recursive="0"/>
<pragma file="D:/XilinxVitis/Vitis_HLS/2022.1/common/technology/autopilot\ap_int_base.h" line="255" pragmaType="inline" parentfunction="ap_int_base<8, true>::ap_int_base(char)" off="0" region="0" recursive="0"/>
<pragma file="D:/XilinxVitis/Vitis_HLS/2022.1/common/technology/autopilot\ap_fixed_base.h" line="1532" pragmaType="inline" parentfunction="ap_fixed_base<16, 3, true, (ap_q_mode)5, (ap_o_mode)3, 0>::operator>>(unsigned int) const" off="0" region="0" recursive="0"/>
<pragma file="D:/XilinxVitis/Vitis_HLS/2022.1/common/technology/autopilot\ap_fixed_base.h" line="1695" pragmaType="inline" parentfunction="bool ap_fixed_base<16, 3, true, (ap_q_mode)5, (ap_o_mode)3, 0>::operator><17, 4, true, (ap_q_mode)5, (ap_o_mode)3, 0>(ap_fixed_base<17, 4, true, (ap_q_mode)5, (ap_o_mode)3, 0> const&) const" off="0" region="0" recursive="0"/>
<pragma file="D:/XilinxVitis/Vitis_HLS/2022.1/common/technology/autopilot\ap_fixed_base.h" line="446" pragmaType="inline" parentfunction="ap_fixed_base<45, 32, true, (ap_q_mode)5, (ap_o_mode)3, 0>::ap_fixed_base<32, 32, true, (ap_q_mode)5, (ap_o_mode)3, 0>(ap_fixed_base<32, 32, true, (ap_q_mode)5, (ap_o_mode)3, 0> const&)" off="0" region="0" recursive="0"/>
<pragma file="D:/XilinxVitis/Vitis_HLS/2022.1/common/technology/autopilot\ap_fixed_base.h" line="1498" pragmaType="inline" parentfunction="ap_fixed_base<16, 3, true, (ap_q_mode)5, (ap_o_mode)3, 0>::operator<<(unsigned int) const" off="0" region="0" recursive="0"/>
<pragma file="D:/XilinxVitis/Vitis_HLS/2022.1/common/technology/autopilot\ap_fixed_base.h" line="1696" pragmaType="inline" parentfunction="bool ap_fixed_base<16, 3, true, (ap_q_mode)5, (ap_o_mode)3, 0>::operator<<16, 3, true, (ap_q_mode)5, (ap_o_mode)3, 0>(ap_fixed_base<16, 3, true, (ap_q_mode)5, (ap_o_mode)3, 0> const&) const" off="0" region="0" recursive="0"/>
<pragma file="D:/XilinxVitis/Vitis_HLS/2022.1/common/technology/autopilot\ap_fixed_base.h" line="1394" pragmaType="inline" parentfunction="ap_fixed_base<16, 3, true, (ap_q_mode)5, (ap_o_mode)3, 0>::RType<17, 4, true>::minus ap_fixed_base<16, 3, true, (ap_q_mode)5, (ap_o_mode)3, 0>::operator-<17, 4, true, (ap_q_mode)5, (ap_o_mode)3, 0>(ap_fixed_base<17, 4, true, (ap_q_mode)5, (ap_o_mode)3, 0> const&) const" off="0" region="0" recursive="0"/>
<pragma file="D:/XilinxVitis/Vitis_HLS/2022.1/common/technology/autopilot\ap_fixed_base.h" line="1566" pragmaType="inline" parentfunction="ap_fixed_base<16, 3, true, (ap_q_mode)5, (ap_o_mode)3, 0>::operator>>(int) const" off="0" region="0" recursive="0"/>
<pragma file="D:/XilinxVitis/Vitis_HLS/2022.1/common/technology/autopilot\ap_fixed_base.h" line="1466" pragmaType="inline" parentfunction="ap_fixed_base<17, 4, true, (ap_q_mode)5, (ap_o_mode)3, 0>::operator!() const" off="0" region="0" recursive="0"/>
<pragma file="D:/XilinxVitis/Vitis_HLS/2022.1/common/technology/autopilot\ap_fixed_base.h" line="2422" pragmaType="inline" parentfunction="bool operator>=<16, 3, true, (ap_q_mode)5, (ap_o_mode)3, 0>(ap_fixed_base<16, 3, true, (ap_q_mode)5, (ap_o_mode)3, 0> const&, int)" off="0" region="0" recursive="0"/>
<pragma file="D:/XilinxVitis/Vitis_HLS/2022.1/common/technology/autopilot\ap_fixed_base.h" line="2422" pragmaType="inline" parentfunction="bool operator<<16, 3, true, (ap_q_mode)5, (ap_o_mode)3, 0>(ap_fixed_base<16, 3, true, (ap_q_mode)5, (ap_o_mode)3, 0> const&, int)" off="0" region="0" recursive="0"/>
<pragma file="D:/XilinxVitis/Vitis_HLS/2022.1/common/technology/autopilot\ap_int_base.h" line="598" pragmaType="inline" parentfunction="to_int" off="0" region="0" recursive="0"/>
<pragma file="D:/XilinxVitis/Vitis_HLS/2022.1/common/technology/autopilot\ap_common.h" line="559" pragmaType="inline" parentfunction="_ZN8ssdm_intILi18ELb1EEC2EDq18_i" off="0" region="0" recursive="0"/>
<pragma file="D:/XilinxVitis/Vitis_HLS/2022.1/common/technology/autopilot\ap_common.h" line="559" pragmaType="inline" parentfunction="_ZN8ssdm_intILi45ELb1EEC2EDq45_i" off="0" region="0" recursive="0"/>
<pragma file="D:/XilinxVitis/Vitis_HLS/2022.1/common/technology/autopilot\ap_fixed.h" line="73" pragmaType="inline" parentfunction="ap_fixed<16, 3, (ap_q_mode)5, (ap_o_mode)3, 0>::ap_fixed<16, 3, true, (ap_q_mode)5, (ap_o_mode)3, 0>(ap_fixed_base<16, 3, true, (ap_q_mode)5, (ap_o_mode)3, 0> const&)" off="0" region="0" recursive="0"/>
<pragma file="D:/XilinxVitis/Vitis_HLS/2022.1/common/technology/autopilot\ap_fixed_base.h" line="576" pragmaType="inline" parentfunction="ap_fixed_base<32, 32, true, (ap_q_mode)5, (ap_o_mode)3, 0>::ap_fixed_base(int)" off="0" region="0" recursive="0"/>
<pragma file="D:/XilinxVitis/Vitis_HLS/2022.1/common/technology/autopilot\ap_fixed_base.h" line="1696" pragmaType="inline" parentfunction="bool ap_fixed_base<16, 3, true, (ap_q_mode)5, (ap_o_mode)3, 0>::operator<<32, 32, true, (ap_q_mode)5, (ap_o_mode)3, 0>(ap_fixed_base<32, 32, true, (ap_q_mode)5, (ap_o_mode)3, 0> const&) const" off="0" region="0" recursive="0"/>
<pragma file="D:/XilinxVitis/Vitis_HLS/2022.1/common/technology/autopilot\ap_fixed_base.h" line="2417" pragmaType="inline" parentfunction="ap_fixed_base<16, 3, true, (ap_q_mode)5, (ap_o_mode)3, 0>::RType<8, 8, ($_1)1>::lhs operator>><16, 3, true, (ap_q_mode)5, (ap_o_mode)3, 0>(ap_fixed_base<16, 3, true, (ap_q_mode)5, (ap_o_mode)3, 0> const&, char)" off="0" region="0" recursive="0"/>
<pragma file="D:/XilinxVitis/Vitis_HLS/2022.1/common/technology/autopilot\ap_fixed_base.h" line="1394" pragmaType="inline" parentfunction="ap_fixed_base<16, 3, true, (ap_q_mode)5, (ap_o_mode)3, 0>::RType<16, 3, true>::minus ap_fixed_base<16, 3, true, (ap_q_mode)5, (ap_o_mode)3, 0>::operator-<16, 3, true, (ap_q_mode)5, (ap_o_mode)3, 0>(ap_fixed_base<16, 3, true, (ap_q_mode)5, (ap_o_mode)3, 0> const&) const" off="0" region="0" recursive="0"/>
<pragma file="D:/XilinxVitis/Vitis_HLS/2022.1/common/technology/autopilot\ap_fixed_base.h" line="446" pragmaType="inline" parentfunction="ap_fixed_base<18, 5, true, (ap_q_mode)5, (ap_o_mode)3, 0>::ap_fixed_base<16, 3, true, (ap_q_mode)5, (ap_o_mode)3, 0>(ap_fixed_base<16, 3, true, (ap_q_mode)5, (ap_o_mode)3, 0> const&)" off="0" region="0" recursive="0"/>
<pragma file="D:/XilinxVitis/Vitis_HLS/2022.1/common/technology/autopilot\ap_fixed_base.h" line="2422" pragmaType="inline" parentfunction="bool operator><16, 3, true, (ap_q_mode)5, (ap_o_mode)3, 0>(ap_fixed_base<16, 3, true, (ap_q_mode)5, (ap_o_mode)3, 0> const&, int)" off="0" region="0" recursive="0"/>
<pragma file="D:/XilinxVitis/Vitis_HLS/2022.1/common/technology/autopilot\ap_fixed_base.h" line="1393" pragmaType="inline" parentfunction="ap_fixed_base<16, 3, true, (ap_q_mode)5, (ap_o_mode)3, 0>::RType<17, 4, true>::plus ap_fixed_base<16, 3, true, (ap_q_mode)5, (ap_o_mode)3, 0>::operator+<17, 4, true, (ap_q_mode)5, (ap_o_mode)3, 0>(ap_fixed_base<17, 4, true, (ap_q_mode)5, (ap_o_mode)3, 0> const&) const" off="0" region="0" recursive="0"/>
<pragma file="D:/XilinxVitis/Vitis_HLS/2022.1/common/technology/autopilot\ap_fixed_base.h" line="1586" pragmaType="inline" parentfunction="ap_fixed_base<16, 3, true, (ap_q_mode)5, (ap_o_mode)3, 0> ap_fixed_base<16, 3, true, (ap_q_mode)5, (ap_o_mode)3, 0>::operator>><8>(ap_int_base<8, true> const&) const" off="0" region="0" recursive="0"/>
<pragma file="D:/XilinxVitis/Vitis_HLS/2022.1/common/technology/autopilot\ap_common.h" line="559" pragmaType="inline" parentfunction="ssdm_int<8, true>::ssdm_int(signed char)" off="0" region="0" recursive="0"/>
<pragma file="D:/XilinxVitis/Vitis_HLS/2022.1/common/technology/autopilot\ap_fixed.h" line="73" pragmaType="inline" parentfunction="ap_fixed<16, 3, (ap_q_mode)5, (ap_o_mode)3, 0>::ap_fixed<18, 5, true, (ap_q_mode)5, (ap_o_mode)3, 0>(ap_fixed_base<18, 5, true, (ap_q_mode)5, (ap_o_mode)3, 0> const&)" off="0" region="0" recursive="0"/>
<pragma file="D:/XilinxVitis/Vitis_HLS/2022.1/common/technology/autopilot\ap_fixed_base.h" line="446" pragmaType="inline" parentfunction="ap_fixed_base<18, 5, true, (ap_q_mode)5, (ap_o_mode)3, 0>::ap_fixed_base<17, 4, true, (ap_q_mode)5, (ap_o_mode)3, 0>(ap_fixed_base<17, 4, true, (ap_q_mode)5, (ap_o_mode)3, 0> const&)" off="0" region="0" recursive="0"/>
<pragma file="D:/XilinxVitis/Vitis_HLS/2022.1/common/technology/autopilot\ap_fixed.h" line="73" pragmaType="inline" parentfunction="ap_fixed<18, 5, (ap_q_mode)5, (ap_o_mode)3, 0>::ap_fixed<18, 5, true, (ap_q_mode)5, (ap_o_mode)3, 0>(ap_fixed_base<18, 5, true, (ap_q_mode)5, (ap_o_mode)3, 0> const&)" off="0" region="0" recursive="0"/>
<pragma file="D:/XilinxVitis/Vitis_HLS/2022.1/common/technology/autopilot\ap_fixed_base.h" line="1695" pragmaType="inline" parentfunction="bool ap_fixed_base<16, 3, true, (ap_q_mode)5, (ap_o_mode)3, 0>::operator><32, 32, true, (ap_q_mode)5, (ap_o_mode)3, 0>(ap_fixed_base<32, 32, true, (ap_q_mode)5, (ap_o_mode)3, 0> const&) const" off="0" region="0" recursive="0"/>
<pragma file="D:/XilinxVitis/Vitis_HLS/2022.1/common/technology/autopilot\ap_fixed_base.h" line="576" pragmaType="inline" parentfunction="ap_fixed_base<18, 5, true, (ap_q_mode)5, (ap_o_mode)3, 0>::ap_fixed_base(int)" off="0" region="0" recursive="0"/>
<pragma file="D:/XilinxVitis/Vitis_HLS/2022.1/common/technology/autopilot\ap_fixed_base.h" line="576" pragmaType="inline" parentfunction="ap_fixed_base<17, 4, true, (ap_q_mode)5, (ap_o_mode)3, 0>::ap_fixed_base(int)" off="0" region="0" recursive="0"/>
<pragma file="D:/XilinxVitis/Vitis_HLS/2022.1/common/technology/autopilot\ap_fixed_base.h" line="441" pragmaType="inline" parentfunction="ap_fixed_base<16, 3, true, (ap_q_mode)5, (ap_o_mode)3, 0>::ap_fixed_base()" off="0" region="0" recursive="0"/>
<pragma file="D:/XilinxVitis/Vitis_HLS/2022.1/common/technology/autopilot\ap_fixed_base.h" line="441" pragmaType="inline" parentfunction="ap_fixed_base<18, 5, true, (ap_q_mode)5, (ap_o_mode)3, 0>::ap_fixed_base()" off="0" region="0" recursive="0"/>
<pragma file="D:/XilinxVitis/Vitis_HLS/2022.1/common/technology/autopilot\ap_fixed_base.h" line="446" pragmaType="inline" parentfunction="ap_fixed_base<17, 4, true, (ap_q_mode)5, (ap_o_mode)3, 0>::ap_fixed_base<16, 3, true, (ap_q_mode)5, (ap_o_mode)3, 0>(ap_fixed_base<16, 3, true, (ap_q_mode)5, (ap_o_mode)3, 0> const&)" off="0" region="0" recursive="0"/>
<pragma file="D:/XilinxVitis/Vitis_HLS/2022.1/common/technology/autopilot\ap_fixed_base.h" line="446" pragmaType="inline" parentfunction="ap_fixed_base<16, 3, true, (ap_q_mode)5, (ap_o_mode)3, 0>::ap_fixed_base<17, 4, true, (ap_q_mode)5, (ap_o_mode)3, 0>(ap_fixed_base<17, 4, true, (ap_q_mode)5, (ap_o_mode)3, 0> const&)" off="0" region="0" recursive="0"/>
<pragma file="D:/XilinxVitis/Vitis_HLS/2022.1/common/technology/autopilot\ap_fixed_base.h" line="1697" pragmaType="inline" parentfunction="bool ap_fixed_base<16, 3, true, (ap_q_mode)5, (ap_o_mode)3, 0>::operator>=<32, 32, true, (ap_q_mode)5, (ap_o_mode)3, 0>(ap_fixed_base<32, 32, true, (ap_q_mode)5, (ap_o_mode)3, 0> const&) const" off="0" region="0" recursive="0"/>
<pragma file="D:/XilinxVitis/Vitis_HLS/2022.1/common/technology/autopilot\ap_fixed_base.h" line="441" pragmaType="inline" parentfunction="ap_fixed_base<17, 4, true, (ap_q_mode)5, (ap_o_mode)3, 0>::ap_fixed_base()" off="0" region="0" recursive="0"/>
<pragma file="D:/XilinxVitis/Vitis_HLS/2022.1/common/technology/autopilot\ap_fixed.h" line="73" pragmaType="inline" parentfunction="ap_fixed<17, 4, (ap_q_mode)5, (ap_o_mode)3, 0>::ap_fixed<17, 4, true, (ap_q_mode)5, (ap_o_mode)3, 0>(ap_fixed_base<17, 4, true, (ap_q_mode)5, (ap_o_mode)3, 0> const&)" off="0" region="0" recursive="0"/>
<pragma file="D:/XilinxVitis/Vitis_HLS/2022.1/common/technology/autopilot\ap_fixed_base.h" line="1327" pragmaType="inline" parentfunction="ap_fixed_base<17, 4, true, (ap_q_mode)5, (ap_o_mode)3, 0>::RType<32, 32, true>::div ap_fixed_base<17, 4, true, (ap_q_mode)5, (ap_o_mode)3, 0>::operator/<32, 32, true, (ap_q_mode)5, (ap_o_mode)3, 0>(ap_fixed_base<32, 32, true, (ap_q_mode)5, (ap_o_mode)3, 0> const&) const" off="0" region="0" recursive="0"/>
<pragma file="D:/XilinxVitis/Vitis_HLS/2022.1/common/technology/autopilot\ap_fixed_base.h" line="1327" pragmaType="inline" parentfunction="ap_fixed_base<16, 3, true, (ap_q_mode)5, (ap_o_mode)3, 0>::RType<32, 32, true>::div ap_fixed_base<16, 3, true, (ap_q_mode)5, (ap_o_mode)3, 0>::operator/<32, 32, true, (ap_q_mode)5, (ap_o_mode)3, 0>(ap_fixed_base<32, 32, true, (ap_q_mode)5, (ap_o_mode)3, 0> const&) const" off="0" region="0" recursive="0"/>
<pragma file="D:/XilinxVitis/Vitis_HLS/2022.1/common/technology/autopilot\ap_common.h" line="559" pragmaType="inline" parentfunction="_ZN8ssdm_intILi17ELb1EEC2EDq17_i" off="0" region="0" recursive="0"/>
<pragma file="D:/XilinxVitis/Vitis_HLS/2022.1/common/technology/autopilot\ap_fixed_base.h" line="0" pragmaType="inline" parentfunction="ap_fixed_base<16, 3, true, (ap_q_mode)5, (ap_o_mode)3, 0>& ap_fixed_base<16, 3, true, (ap_q_mode)5, (ap_o_mode)3, 0>::operator=<18, 5, true, (ap_q_mode)5, (ap_o_mode)3, 0>(ap_fixed_base<18, 5, true, (ap_q_mode)5, (ap_o_mode)3, 0> const&)" off="0" region="0" recursive="0"/>
<pragma file="D:/XilinxVitis/Vitis_HLS/2022.1/common/technology/autopilot\ap_common.h" line="0" pragmaType="inline" parentfunction="ssdm_int<18, true>::ssdm_int()" off="0" region="0" recursive="0"/>
<pragma file="D:/XilinxVitis/Vitis_HLS/2022.1/common/technology/autopilot\ap_fixed_base.h" line="0" pragmaType="inline" parentfunction="report" off="0" region="0" recursive="0"/>
<pragma file="D:/XilinxVitis/Vitis_HLS/2022.1/common/technology/autopilot\ap_fixed_base.h" line="0" pragmaType="inline" parentfunction="ap_fixed_base<18, 5, true, (ap_q_mode)5, (ap_o_mode)3, 0>& ap_fixed_base<18, 5, true, (ap_q_mode)5, (ap_o_mode)3, 0>::operator=<16, 3, true, (ap_q_mode)5, (ap_o_mode)3, 0>(ap_fixed_base<16, 3, true, (ap_q_mode)5, (ap_o_mode)3, 0> const&)" off="0" region="0" recursive="0"/>
<pragma file="D:/XilinxVitis/Vitis_HLS/2022.1/common/technology/autopilot\ap_fixed_base.h" line="0" pragmaType="inline" parentfunction="ap_fixed_base<18, 5, true, (ap_q_mode)5, (ap_o_mode)3, 0>& ap_fixed_base<18, 5, true, (ap_q_mode)5, (ap_o_mode)3, 0>::operator=<32, 32, true, (ap_q_mode)5, (ap_o_mode)3, 0>(ap_fixed_base<32, 32, true, (ap_q_mode)5, (ap_o_mode)3, 0> const&)" off="0" region="0" recursive="0"/>
<pragma file="D:/XilinxVitis/Vitis_HLS/2022.1/common/technology/autopilot\ap_fixed_base.h" line="0" pragmaType="inline" parentfunction="ap_fixed_base<45, 32, true, (ap_q_mode)5, (ap_o_mode)3, 0>& ap_fixed_base<45, 32, true, (ap_q_mode)5, (ap_o_mode)3, 0>::operator=<32, 32, true, (ap_q_mode)5, (ap_o_mode)3, 0>(ap_fixed_base<32, 32, true, (ap_q_mode)5, (ap_o_mode)3, 0> const&)" off="0" region="0" recursive="0"/>
<pragma file="D:/XilinxVitis/Vitis_HLS/2022.1/common/technology/autopilot\ap_fixed_base.h" line="0" pragmaType="inline" parentfunction="ap_fixed_base<16, 3, true, (ap_q_mode)5, (ap_o_mode)3, 0>& ap_fixed_base<16, 3, true, (ap_q_mode)5, (ap_o_mode)3, 0>::operator=<17, 4, true, (ap_q_mode)5, (ap_o_mode)3, 0>(ap_fixed_base<17, 4, true, (ap_q_mode)5, (ap_o_mode)3, 0> const&)" off="0" region="0" recursive="0"/>
<pragma file="D:/XilinxVitis/Vitis_HLS/2022.1/common/technology/autopilot\ap_fixed_base.h" line="0" pragmaType="inline" parentfunction="ap_fixed_base<17, 4, true, (ap_q_mode)5, (ap_o_mode)3, 0>& ap_fixed_base<17, 4, true, (ap_q_mode)5, (ap_o_mode)3, 0>::operator=<32, 32, true, (ap_q_mode)5, (ap_o_mode)3, 0>(ap_fixed_base<32, 32, true, (ap_q_mode)5, (ap_o_mode)3, 0> const&)" off="0" region="0" recursive="0"/>
<pragma file="D:/XilinxVitis/Vitis_HLS/2022.1/common/technology/autopilot\ap_fixed_base.h" line="0" pragmaType="inline" parentfunction="ap_fixed_base<17, 4, true, (ap_q_mode)5, (ap_o_mode)3, 0>& ap_fixed_base<17, 4, true, (ap_q_mode)5, (ap_o_mode)3, 0>::operator=<16, 3, true, (ap_q_mode)5, (ap_o_mode)3, 0>(ap_fixed_base<16, 3, true, (ap_q_mode)5, (ap_o_mode)3, 0> const&)" off="0" region="0" recursive="0"/>
<pragma file="D:/XilinxVitis/Vitis_HLS/2022.1/common/technology/autopilot\ap_fixed_base.h" line="0" pragmaType="inline" parentfunction="report" off="0" region="0" recursive="0"/>
<pragma file="D:/XilinxVitis/Vitis_HLS/2022.1/common/technology/autopilot\ap_common.h" line="0" pragmaType="inline" parentfunction="ssdm_int<17, true>::ssdm_int()" off="0" region="0" recursive="0"/>
<pragma file="D:/XilinxVitis/Vitis_HLS/2022.1/common/technology/autopilot\ap_fixed_base.h" line="0" pragmaType="inline" parentfunction="report" off="0" region="0" recursive="0"/>
<pragma file="D:/XilinxVitis/Vitis_HLS/2022.1/common/technology/autopilot\ap_fixed_base.h" line="0" pragmaType="inline" parentfunction="ap_fixed_base<35, 9, true, (ap_q_mode)5, (ap_o_mode)3, 0>& ap_fixed_base<35, 9, true, (ap_q_mode)5, (ap_o_mode)3, 0>::operator=<34, 8, true, (ap_q_mode)5, (ap_o_mode)3, 0>(ap_fixed_base<34, 8, true, (ap_q_mode)5, (ap_o_mode)3, 0> const&)" off="0" region="0" recursive="0"/>
<pragma file="D:/XilinxVitis/Vitis_HLS/2022.1/common/technology/autopilot\ap_common.h" line="0" pragmaType="inline" parentfunction="ssdm_int<49, true>::ssdm_int()" off="0" region="0" recursive="0"/>
<pragma file="D:/XilinxVitis/Vitis_HLS/2022.1/common/technology/autopilot\ap_fixed_base.h" line="0" pragmaType="inline" parentfunction="report" off="0" region="0" recursive="0"/>
<pragma file="D:/XilinxVitis/Vitis_HLS/2022.1/common/technology/autopilot\ap_fixed_base.h" line="0" pragmaType="inline" parentfunction="report" off="0" region="0" recursive="0"/>
<pragma file="D:/XilinxVitis/Vitis_HLS/2022.1/common/technology/autopilot\ap_common.h" line="0" pragmaType="inline" parentfunction="ssdm_int<34, true>::ssdm_int()" off="0" region="0" recursive="0"/>
<pragma file="D:/XilinxVitis/Vitis_HLS/2022.1/common/technology/autopilot\ap_fixed_base.h" line="0" pragmaType="inline" parentfunction="ap_fixed_base<34, 8, true, (ap_q_mode)5, (ap_o_mode)3, 0>& ap_fixed_base<34, 8, true, (ap_q_mode)5, (ap_o_mode)3, 0>::operator=<32, 32, true, (ap_q_mode)5, (ap_o_mode)3, 0>(ap_fixed_base<32, 32, true, (ap_q_mode)5, (ap_o_mode)3, 0> const&)" off="0" region="0" recursive="0"/>
<pragma file="D:/XilinxVitis/Vitis_HLS/2022.1/common/technology/autopilot\ap_fixed_base.h" line="0" pragmaType="inline" parentfunction="ap_fixed_base<16, 3, true, (ap_q_mode)5, (ap_o_mode)3, 0>& ap_fixed_base<16, 3, true, (ap_q_mode)5, (ap_o_mode)3, 0>::operator=<47, 21, true, (ap_q_mode)5, (ap_o_mode)3, 0>(ap_fixed_base<47, 21, true, (ap_q_mode)5, (ap_o_mode)3, 0> const&)" off="0" region="0" recursive="0"/>
<pragma file="D:/XilinxVitis/Vitis_HLS/2022.1/common/technology/autopilot\ap_common.h" line="0" pragmaType="inline" parentfunction="ssdm_int<64, false>::ssdm_int()" off="0" region="0" recursive="0"/>
<pragma file="D:/XilinxVitis/Vitis_HLS/2022.1/common/technology/autopilot\ap_fixed_base.h" line="0" pragmaType="inline" parentfunction="report" off="0" region="0" recursive="0"/>
<pragma file="D:/XilinxVitis/Vitis_HLS/2022.1/common/technology/autopilot\ap_common.h" line="0" pragmaType="inline" parentfunction="ssdm_int<35, true>::ssdm_int()" off="0" region="0" recursive="0"/>
<pragma file="D:/XilinxVitis/Vitis_HLS/2022.1/common/technology/autopilot\ap_fixed_base.h" line="0" pragmaType="inline" parentfunction="ap_fixed_base<16, 3, true, (ap_q_mode)5, (ap_o_mode)3, 0>& ap_fixed_base<16, 3, true, (ap_q_mode)5, (ap_o_mode)3, 0>::operator=<48, 22, true, (ap_q_mode)5, (ap_o_mode)3, 0>(ap_fixed_base<48, 22, true, (ap_q_mode)5, (ap_o_mode)3, 0> const&)" off="0" region="0" recursive="0"/>
<pragma file="D:/XilinxVitis/Vitis_HLS/2022.1/common/technology/autopilot\ap_common.h" line="0" pragmaType="inline" parentfunction="ssdm_int<12, true>::ssdm_int()" off="0" region="0" recursive="0"/>
<pragma file="D:/XilinxVitis/Vitis_HLS/2022.1/common/technology/autopilot\ap_fixed_base.h" line="0" pragmaType="inline" parentfunction="report" off="0" region="0" recursive="0"/>
<pragma file="D:/XilinxVitis/Vitis_HLS/2022.1/common/technology/autopilot\ap_fixed_base.h" line="0" pragmaType="inline" parentfunction="report" off="0" region="0" recursive="0"/>
<pragma file="D:/XilinxVitis/Vitis_HLS/2022.1/common/technology/autopilot\ap_common.h" line="0" pragmaType="inline" parentfunction="ssdm_int<54, true>::ssdm_int()" off="0" region="0" recursive="0"/>
<pragma file="D:/XilinxVitis/Vitis_HLS/2022.1/common/technology/autopilot\ap_fixed_base.h" line="0" pragmaType="inline" parentfunction="ap_fixed_base<16, 3, true, (ap_q_mode)5, (ap_o_mode)3, 0>& ap_fixed_base<16, 3, true, (ap_q_mode)5, (ap_o_mode)3, 0>::operator=<49, 23, true, (ap_q_mode)5, (ap_o_mode)3, 0>(ap_fixed_base<49, 23, true, (ap_q_mode)5, (ap_o_mode)3, 0> const&)" off="0" region="0" recursive="0"/>
<pragma file="D:/XilinxVitis/Vitis_HLS/2022.1/common/technology/autopilot\ap_fixed_base.h" line="0" pragmaType="inline" parentfunction="ap_fixed_base<35, 9, true, (ap_q_mode)5, (ap_o_mode)3, 0>& ap_fixed_base<35, 9, true, (ap_q_mode)5, (ap_o_mode)3, 0>::operator=<32, 32, true, (ap_q_mode)5, (ap_o_mode)3, 0>(ap_fixed_base<32, 32, true, (ap_q_mode)5, (ap_o_mode)3, 0> const&)" off="0" region="0" recursive="0"/>
<pragma file="D:/XilinxVitis/Vitis_HLS/2022.1/common/technology/autopilot\ap_fixed_base.h" line="0" pragmaType="inline" parentfunction="ap_fixed_base<47, 8, true, (ap_q_mode)5, (ap_o_mode)3, 0>& ap_fixed_base<47, 8, true, (ap_q_mode)5, (ap_o_mode)3, 0>::operator=<34, 8, true, (ap_q_mode)5, (ap_o_mode)3, 0>(ap_fixed_base<34, 8, true, (ap_q_mode)5, (ap_o_mode)3, 0> const&)" off="0" region="0" recursive="0"/>
<pragma file="D:/XilinxVitis/Vitis_HLS/2022.1/common/technology/autopilot\ap_fixed_base.h" line="0" pragmaType="inline" parentfunction="ap_fixed_base<48, 9, true, (ap_q_mode)5, (ap_o_mode)3, 0>& ap_fixed_base<48, 9, true, (ap_q_mode)5, (ap_o_mode)3, 0>::operator=<35, 9, true, (ap_q_mode)5, (ap_o_mode)3, 0>(ap_fixed_base<35, 9, true, (ap_q_mode)5, (ap_o_mode)3, 0> const&)" off="0" region="0" recursive="0"/>
<pragma file="D:/XilinxVitis/Vitis_HLS/2022.1/common/technology/autopilot\ap_int_base.h" line="0" pragmaType="inline" parentfunction="ap_int_base<12, true>& ap_int_base<12, true>::operator=<65, true>(ap_int_base<65, true> const&)" off="0" region="0" recursive="0"/>
<pragma file="D:/XilinxVitis/Vitis_HLS/2022.1/common/technology/autopilot\ap_fixed_base.h" line="0" pragmaType="inline" parentfunction="report" off="0" region="0" recursive="0"/>
<pragma file="D:/XilinxVitis/Vitis_HLS/2022.1/common/technology/autopilot\ap_int_base.h" line="0" pragmaType="inline" parentfunction="ap_int_base<54, true>& ap_int_base<54, true>::operator=<55, true>(ap_int_base<55, true> const&)" off="0" region="0" recursive="0"/>
<pragma file="D:/XilinxVitis/Vitis_HLS/2022.1/common/technology/autopilot\ap_common.h" line="0" pragmaType="inline" parentfunction="ssdm_int<48, true>::ssdm_int()" off="0" region="0" recursive="0"/>
<pragma file="D:/XilinxVitis/Vitis_HLS/2022.1/common/technology/autopilot\ap_fixed_base.h" line="0" pragmaType="inline" parentfunction="ap_fixed_base<34, 8, true, (ap_q_mode)5, (ap_o_mode)3, 0>& ap_fixed_base<34, 8, true, (ap_q_mode)5, (ap_o_mode)3, 0>::operator=<32, 6, true, (ap_q_mode)5, (ap_o_mode)3, 0>(ap_fixed_base<32, 6, true, (ap_q_mode)5, (ap_o_mode)3, 0> const&)" off="0" region="0" recursive="0"/>
<pragma file="D:/XilinxVitis/Vitis_HLS/2022.1/common/technology/autopilot\ap_fixed_base.h" line="0" pragmaType="inline" parentfunction="ap_fixed_base<35, 9, true, (ap_q_mode)5, (ap_o_mode)3, 0>& ap_fixed_base<35, 9, true, (ap_q_mode)5, (ap_o_mode)3, 0>::operator=<32, 6, true, (ap_q_mode)5, (ap_o_mode)3, 0>(ap_fixed_base<32, 6, true, (ap_q_mode)5, (ap_o_mode)3, 0> const&)" off="0" region="0" recursive="0"/>
<pragma file="D:/XilinxVitis/Vitis_HLS/2022.1/common/technology/autopilot\ap_fixed_base.h" line="0" pragmaType="inline" parentfunction="ap_fixed_base<34, 8, true, (ap_q_mode)5, (ap_o_mode)3, 0>& ap_fixed_base<34, 8, true, (ap_q_mode)5, (ap_o_mode)3, 0>::operator=<33, 7, true, (ap_q_mode)5, (ap_o_mode)3, 0>(ap_fixed_base<33, 7, true, (ap_q_mode)5, (ap_o_mode)3, 0> const&)" off="0" region="0" recursive="0"/>
<pragma file="D:/XilinxVitis/Vitis_HLS/2022.1/common/technology/autopilot\ap_fixed_base.h" line="0" pragmaType="inline" parentfunction="ap_fixed_base<46, 7, true, (ap_q_mode)5, (ap_o_mode)3, 0>& ap_fixed_base<46, 7, true, (ap_q_mode)5, (ap_o_mode)3, 0>::operator=<33, 7, true, (ap_q_mode)5, (ap_o_mode)3, 0>(ap_fixed_base<33, 7, true, (ap_q_mode)5, (ap_o_mode)3, 0> const&)" off="0" region="0" recursive="0"/>
<pragma file="D:/XilinxVitis/Vitis_HLS/2022.1/common/technology/autopilot\ap_common.h" line="0" pragmaType="inline" parentfunction="ssdm_int<16, true>::ssdm_int()" off="0" region="0" recursive="0"/>
<pragma file="D:/XilinxVitis/Vitis_HLS/2022.1/common/technology/autopilot\ap_common.h" line="0" pragmaType="inline" parentfunction="ssdm_int<11, false>::ssdm_int()" off="0" region="0" recursive="0"/>
<pragma file="D:/XilinxVitis/Vitis_HLS/2022.1/common/technology/autopilot\ap_common.h" line="0" pragmaType="inline" parentfunction="ssdm_int<32, true>::ssdm_int()" off="0" region="0" recursive="0"/>
<pragma file="D:/XilinxVitis/Vitis_HLS/2022.1/common/technology/autopilot\ap_fixed_base.h" line="0" pragmaType="inline" parentfunction="ap_fixed_base<33, 7, true, (ap_q_mode)5, (ap_o_mode)3, 0>& ap_fixed_base<33, 7, true, (ap_q_mode)5, (ap_o_mode)3, 0>::operator=<16, 3, true, (ap_q_mode)5, (ap_o_mode)3, 0>(ap_fixed_base<16, 3, true, (ap_q_mode)5, (ap_o_mode)3, 0> const&)" off="0" region="0" recursive="0"/>
<pragma file="D:/XilinxVitis/Vitis_HLS/2022.1/common/technology/autopilot\ap_fixed_base.h" line="0" pragmaType="inline" parentfunction="ap_fixed_base<16, 3, true, (ap_q_mode)5, (ap_o_mode)3, 0>& ap_fixed_base<16, 3, true, (ap_q_mode)5, (ap_o_mode)3, 0>::operator=<30, 17, true, (ap_q_mode)5, (ap_o_mode)3, 0>(ap_fixed_base<30, 17, true, (ap_q_mode)5, (ap_o_mode)3, 0> const&)" off="0" region="0" recursive="0"/>
<pragma file="D:/XilinxVitis/Vitis_HLS/2022.1/common/technology/autopilot\ap_fixed_base.h" line="0" pragmaType="inline" parentfunction="ap_fixed_base<16, 3, true, (ap_q_mode)5, (ap_o_mode)3, 0>& ap_fixed_base<16, 3, true, (ap_q_mode)5, (ap_o_mode)3, 0>::operator=<33, 7, true, (ap_q_mode)5, (ap_o_mode)3, 0>(ap_fixed_base<33, 7, true, (ap_q_mode)5, (ap_o_mode)3, 0> const&)" off="0" region="0" recursive="0"/>
<pragma file="D:/XilinxVitis/Vitis_HLS/2022.1/common/technology/autopilot\ap_fixed_base.h" line="0" pragmaType="inline" parentfunction="ap_fixed_base<32, 6, true, (ap_q_mode)5, (ap_o_mode)3, 0>& ap_fixed_base<32, 6, true, (ap_q_mode)5, (ap_o_mode)3, 0>::operator=<32, 32, true, (ap_q_mode)5, (ap_o_mode)3, 0>(ap_fixed_base<32, 32, true, (ap_q_mode)5, (ap_o_mode)3, 0> const&)" off="0" region="0" recursive="0"/>
<pragma file="D:/XilinxVitis/Vitis_HLS/2022.1/common/technology/autopilot\ap_fixed_base.h" line="0" pragmaType="inline" parentfunction="ap_fixed_base<18, 5, true, (ap_q_mode)5, (ap_o_mode)3, 0>& ap_fixed_base<18, 5, true, (ap_q_mode)5, (ap_o_mode)3, 0>::operator=<17, 4, true, (ap_q_mode)5, (ap_o_mode)3, 0>(ap_fixed_base<17, 4, true, (ap_q_mode)5, (ap_o_mode)3, 0> const&)" off="0" region="0" recursive="0"/>
<pragma file="D:/XilinxVitis/Vitis_HLS/2022.1/common/technology/autopilot\ap_common.h" line="0" pragmaType="inline" parentfunction="ssdm_int<47, true>::ssdm_int()" off="0" region="0" recursive="0"/>
<pragma file="D:/XilinxVitis/Vitis_HLS/2022.1/common/technology/autopilot\ap_fixed_base.h" line="0" pragmaType="inline" parentfunction="ap_fixed_base<33, 7, true, (ap_q_mode)5, (ap_o_mode)3, 0>& ap_fixed_base<33, 7, true, (ap_q_mode)5, (ap_o_mode)3, 0>::operator=<32, 32, true, (ap_q_mode)5, (ap_o_mode)3, 0>(ap_fixed_base<32, 32, true, (ap_q_mode)5, (ap_o_mode)3, 0> const&)" off="0" region="0" recursive="0"/>
<pragma file="D:/XilinxVitis/Vitis_HLS/2022.1/common/technology/autopilot\ap_common.h" line="0" pragmaType="inline" parentfunction="ssdm_int<33, true>::ssdm_int()" off="0" region="0" recursive="0"/>
<pragma file="D:/XilinxVitis/Vitis_HLS/2022.1/common/technology/autopilot\ap_fixed_base.h" line="0" pragmaType="inline" parentfunction="report" off="0" region="0" recursive="0"/>
<pragma file="D:/XilinxVitis/Vitis_HLS/2022.1/common/technology/autopilot\ap_common.h" line="0" pragmaType="inline" parentfunction="ssdm_int<30, true>::ssdm_int()" off="0" region="0" recursive="0"/>
<pragma file="D:/XilinxVitis/Vitis_HLS/2022.1/common/technology/autopilot\ap_fixed_base.h" line="0" pragmaType="inline" parentfunction="ap_fixed_base<29, 3, true, (ap_q_mode)5, (ap_o_mode)3, 0>& ap_fixed_base<29, 3, true, (ap_q_mode)5, (ap_o_mode)3, 0>::operator=<16, 3, true, (ap_q_mode)5, (ap_o_mode)3, 0>(ap_fixed_base<16, 3, true, (ap_q_mode)5, (ap_o_mode)3, 0> const&)" off="0" region="0" recursive="0"/>
<pragma file="D:/XilinxVitis/Vitis_HLS/2022.1/common/technology/autopilot\ap_fixed_base.h" line="0" pragmaType="inline" parentfunction="ap_fixed_base<16, 3, true, (ap_q_mode)5, (ap_o_mode)3, 0>& ap_fixed_base<16, 3, true, (ap_q_mode)5, (ap_o_mode)3, 0>::operator=<32, 32, true, (ap_q_mode)5, (ap_o_mode)3, 0>(ap_fixed_base<32, 32, true, (ap_q_mode)5, (ap_o_mode)3, 0> const&)" off="0" region="0" recursive="0"/>
<pragma file="D:/XilinxVitis/Vitis_HLS/2022.1/common/technology/autopilot\ap_fixed_base.h" line="0" pragmaType="inline" parentfunction="report" off="0" region="0" recursive="0"/>
<pragma file="D:/XilinxVitis/Vitis_HLS/2022.1/common/technology/autopilot\ap_fixed_base.h" line="0" pragmaType="inline" parentfunction="ap_fixed_base<33, 7, true, (ap_q_mode)5, (ap_o_mode)3, 0>& ap_fixed_base<33, 7, true, (ap_q_mode)5, (ap_o_mode)3, 0>::operator=<32, 6, true, (ap_q_mode)5, (ap_o_mode)3, 0>(ap_fixed_base<32, 6, true, (ap_q_mode)5, (ap_o_mode)3, 0> const&)" off="0" region="0" recursive="0"/>
</pragmas>
