<profile>

<RTLDesignHierarchy>
<TopModule>
<ModuleName>LinearSolver</ModuleName>
<InstancesList>
<Instance>
<InstName>grp_qr_decomposition_fu_154</InstName>
<ModuleName>qr_decomposition</ModuleName>
<IsCompInst>true</IsCompInst>
<ID>154</ID>
<InstancesList>
<Instance>
<InstName>grp_cordic_fu_213</InstName>
<ModuleName>cordic</ModuleName>
<IsCompInst>true</IsCompInst>
<ID>213</ID>
</Instance>
<Instance>
<InstName>grp_cordic_fu_224</InstName>
<ModuleName>cordic</ModuleName>
<IsCompInst>true</IsCompInst>
<ID>224</ID>
</Instance>
<Instance>
<InstName>grp_cordic_fu_233</InstName>
<ModuleName>cordic</ModuleName>
<IsCompInst>true</IsCompInst>
<ID>233</ID>
</Instance>
</InstancesList>
</Instance>
</InstancesList>
</TopModule>
</RTLDesignHierarchy>

<ModuleInformation>
<Module>
<Name>cordic</Name>
<PerformanceEstimates>
<SummaryOfTimingAnalysis>
<TargetClockPeriod>10.00</TargetClockPeriod>
<ClockUncertainty>2.70</ClockUncertainty>
<TargetInitiationInterval>4294967295</TargetInitiationInterval>
<EstimatedClockPeriod>7.296</EstimatedClockPeriod>
</SummaryOfTimingAnalysis>
<SummaryOfOverallLatency>
<Best-caseLatency>27</Best-caseLatency>
<Average-caseLatency>27</Average-caseLatency>
<Worst-caseLatency>27</Worst-caseLatency>
<Best-caseRealTimeLatency>0.270 us</Best-caseRealTimeLatency>
<Average-caseRealTimeLatency>0.270 us</Average-caseRealTimeLatency>
<Worst-caseRealTimeLatency>0.270 us</Worst-caseRealTimeLatency>
<PipelineInitiationInterval>1</PipelineInitiationInterval>
<PipelineDepth>28</PipelineDepth>
<PipelineType>yes</PipelineType>
</SummaryOfOverallLatency>
</PerformanceEstimates>
<AreaEstimates>
<Resources>
<FF>2091</FF>
<AVAIL_FF>106400</AVAIL_FF>
<UTIL_FF>1</UTIL_FF>
<LUT>5858</LUT>
<AVAIL_LUT>53200</AVAIL_LUT>
<UTIL_LUT>11</UTIL_LUT>
<BRAM_18K>0</BRAM_18K>
<AVAIL_BRAM>280</AVAIL_BRAM>
<UTIL_BRAM>0</UTIL_BRAM>
<DSP>0</DSP>
<AVAIL_DSP>220</AVAIL_DSP>
<UTIL_DSP>0</UTIL_DSP>
<URAM>0</URAM>
<AVAIL_URAM>0</AVAIL_URAM>
<UTIL_URAM>0</UTIL_URAM>
</Resources>
</AreaEstimates>
<InterfaceSummary>
<RtlPorts>
<name>ap_clk</name>
<Object>cordic</Object>
<Type>return value</Type>
<Scope></Scope>
<IOProtocol>ap_ctrl_hs</IOProtocol>
<IOConfig></IOConfig>
<Dir>in</Dir>
<Bits>1</Bits>
<Attribute>control</Attribute>
</RtlPorts>
<RtlPorts>
<name>ap_rst</name>
<Object>cordic</Object>
<Type>return value</Type>
<Scope></Scope>
<IOProtocol>ap_ctrl_hs</IOProtocol>
<IOConfig></IOConfig>
<Dir>in</Dir>
<Bits>1</Bits>
<Attribute>control</Attribute>
</RtlPorts>
<RtlPorts>
<name>ap_return_0</name>
<Object>cordic</Object>
<Type>return value</Type>
<Scope></Scope>
<IOProtocol>ap_ctrl_hs</IOProtocol>
<IOConfig></IOConfig>
<Dir>out</Dir>
<Bits>16</Bits>
<Attribute>data</Attribute>
</RtlPorts>
<RtlPorts>
<name>ap_return_1</name>
<Object>cordic</Object>
<Type>return value</Type>
<Scope></Scope>
<IOProtocol>ap_ctrl_hs</IOProtocol>
<IOConfig></IOConfig>
<Dir>out</Dir>
<Bits>16</Bits>
<Attribute>data</Attribute>
</RtlPorts>
<RtlPorts>
<name>ap_return_2</name>
<Object>cordic</Object>
<Type>return value</Type>
<Scope></Scope>
<IOProtocol>ap_ctrl_hs</IOProtocol>
<IOConfig></IOConfig>
<Dir>out</Dir>
<Bits>16</Bits>
<Attribute>data</Attribute>
</RtlPorts>
<RtlPorts>
<name>ap_ce</name>
<Object>cordic</Object>
<Type>return value</Type>
<Scope></Scope>
<IOProtocol>ap_ctrl_hs</IOProtocol>
<IOConfig></IOConfig>
<Dir>in</Dir>
<Bits>1</Bits>
<Attribute>control</Attribute>
</RtlPorts>
<RtlPorts>
<name>modes</name>
<Object>modes</Object>
<Type>scalar</Type>
<Scope></Scope>
<IOProtocol>ap_none</IOProtocol>
<IOConfig></IOConfig>
<Dir>in</Dir>
<Bits>1</Bits>
<Attribute>data</Attribute>
</RtlPorts>
<RtlPorts>
<name>x_in</name>
<Object>x_in</Object>
<Type>scalar</Type>
<Scope></Scope>
<IOProtocol>ap_none</IOProtocol>
<IOConfig></IOConfig>
<Dir>in</Dir>
<Bits>16</Bits>
<Attribute>data</Attribute>
</RtlPorts>
<RtlPorts>
<name>y_in</name>
<Object>y_in</Object>
<Type>scalar</Type>
<Scope></Scope>
<IOProtocol>ap_none</IOProtocol>
<IOConfig></IOConfig>
<Dir>in</Dir>
<Bits>16</Bits>
<Attribute>data</Attribute>
</RtlPorts>
<RtlPorts>
<name>theta_in</name>
<Object>theta_in</Object>
<Type>scalar</Type>
<Scope></Scope>
<IOProtocol>ap_none</IOProtocol>
<IOConfig></IOConfig>
<Dir>in</Dir>
<Bits>16</Bits>
<Attribute>data</Attribute>
</RtlPorts>
</InterfaceSummary>
</Module>
<Module>
<Name>qr_decomposition</Name>
<PerformanceEstimates>
<SummaryOfTimingAnalysis>
<TargetClockPeriod>10.00</TargetClockPeriod>
<ClockUncertainty>2.70</ClockUncertainty>
<TargetInitiationInterval>4294967295</TargetInitiationInterval>
<EstimatedClockPeriod>7.612</EstimatedClockPeriod>
</SummaryOfTimingAnalysis>
<SummaryOfOverallLatency>
<Best-caseLatency>240</Best-caseLatency>
<Average-caseLatency>240</Average-caseLatency>
<Worst-caseLatency>240</Worst-caseLatency>
<Best-caseRealTimeLatency>2.400 us</Best-caseRealTimeLatency>
<Average-caseRealTimeLatency>2.400 us</Average-caseRealTimeLatency>
<Worst-caseRealTimeLatency>2.400 us</Worst-caseRealTimeLatency>
<PipelineInitiationInterval>16</PipelineInitiationInterval>
<PipelineDepth>241</PipelineDepth>
<PipelineType>yes</PipelineType>
</SummaryOfOverallLatency>
</PerformanceEstimates>
<AreaEstimates>
<Resources>
<FF>11425</FF>
<AVAIL_FF>106400</AVAIL_FF>
<UTIL_FF>10</UTIL_FF>
<LUT>20267</LUT>
<AVAIL_LUT>53200</AVAIL_LUT>
<UTIL_LUT>38</UTIL_LUT>
<BRAM_18K>0</BRAM_18K>
<AVAIL_BRAM>280</AVAIL_BRAM>
<UTIL_BRAM>0</UTIL_BRAM>
<DSP>0</DSP>
<AVAIL_DSP>220</AVAIL_DSP>
<UTIL_DSP>0</UTIL_DSP>
<URAM>0</URAM>
<AVAIL_URAM>0</AVAIL_URAM>
<UTIL_URAM>0</UTIL_URAM>
</Resources>
</AreaEstimates>
<InterfaceSummary>
<RtlPorts>
<name>ap_clk</name>
<Object>qr_decomposition</Object>
<Type>return value</Type>
<Scope></Scope>
<IOProtocol>ap_ctrl_hs</IOProtocol>
<IOConfig></IOConfig>
<Dir>in</Dir>
<Bits>1</Bits>
<Attribute>control</Attribute>
</RtlPorts>
<RtlPorts>
<name>ap_rst</name>
<Object>qr_decomposition</Object>
<Type>return value</Type>
<Scope></Scope>
<IOProtocol>ap_ctrl_hs</IOProtocol>
<IOConfig></IOConfig>
<Dir>in</Dir>
<Bits>1</Bits>
<Attribute>control</Attribute>
</RtlPorts>
<RtlPorts>
<name>ap_start</name>
<Object>qr_decomposition</Object>
<Type>return value</Type>
<Scope></Scope>
<IOProtocol>ap_ctrl_hs</IOProtocol>
<IOConfig></IOConfig>
<Dir>in</Dir>
<Bits>1</Bits>
<Attribute>control</Attribute>
</RtlPorts>
<RtlPorts>
<name>ap_done</name>
<Object>qr_decomposition</Object>
<Type>return value</Type>
<Scope></Scope>
<IOProtocol>ap_ctrl_hs</IOProtocol>
<IOConfig></IOConfig>
<Dir>out</Dir>
<Bits>1</Bits>
<Attribute>control</Attribute>
</RtlPorts>
<RtlPorts>
<name>ap_idle</name>
<Object>qr_decomposition</Object>
<Type>return value</Type>
<Scope></Scope>
<IOProtocol>ap_ctrl_hs</IOProtocol>
<IOConfig></IOConfig>
<Dir>out</Dir>
<Bits>1</Bits>
<Attribute>control</Attribute>
</RtlPorts>
<RtlPorts>
<name>ap_ready</name>
<Object>qr_decomposition</Object>
<Type>return value</Type>
<Scope></Scope>
<IOProtocol>ap_ctrl_hs</IOProtocol>
<IOConfig></IOConfig>
<Dir>out</Dir>
<Bits>1</Bits>
<Attribute>control</Attribute>
</RtlPorts>
<RtlPorts>
<name>ap_return_0</name>
<Object>qr_decomposition</Object>
<Type>return value</Type>
<Scope></Scope>
<IOProtocol>ap_ctrl_hs</IOProtocol>
<IOConfig></IOConfig>
<Dir>out</Dir>
<Bits>16</Bits>
<Attribute>data</Attribute>
</RtlPorts>
<RtlPorts>
<name>ap_return_1</name>
<Object>qr_decomposition</Object>
<Type>return value</Type>
<Scope></Scope>
<IOProtocol>ap_ctrl_hs</IOProtocol>
<IOConfig></IOConfig>
<Dir>out</Dir>
<Bits>16</Bits>
<Attribute>data</Attribute>
</RtlPorts>
<RtlPorts>
<name>ap_return_2</name>
<Object>qr_decomposition</Object>
<Type>return value</Type>
<Scope></Scope>
<IOProtocol>ap_ctrl_hs</IOProtocol>
<IOConfig></IOConfig>
<Dir>out</Dir>
<Bits>16</Bits>
<Attribute>data</Attribute>
</RtlPorts>
<RtlPorts>
<name>ap_return_3</name>
<Object>qr_decomposition</Object>
<Type>return value</Type>
<Scope></Scope>
<IOProtocol>ap_ctrl_hs</IOProtocol>
<IOConfig></IOConfig>
<Dir>out</Dir>
<Bits>16</Bits>
<Attribute>data</Attribute>
</RtlPorts>
<RtlPorts>
<name>ap_return_4</name>
<Object>qr_decomposition</Object>
<Type>return value</Type>
<Scope></Scope>
<IOProtocol>ap_ctrl_hs</IOProtocol>
<IOConfig></IOConfig>
<Dir>out</Dir>
<Bits>16</Bits>
<Attribute>data</Attribute>
</RtlPorts>
<RtlPorts>
<name>ap_return_5</name>
<Object>qr_decomposition</Object>
<Type>return value</Type>
<Scope></Scope>
<IOProtocol>ap_ctrl_hs</IOProtocol>
<IOConfig></IOConfig>
<Dir>out</Dir>
<Bits>16</Bits>
<Attribute>data</Attribute>
</RtlPorts>
<RtlPorts>
<name>ap_return_6</name>
<Object>qr_decomposition</Object>
<Type>return value</Type>
<Scope></Scope>
<IOProtocol>ap_ctrl_hs</IOProtocol>
<IOConfig></IOConfig>
<Dir>out</Dir>
<Bits>16</Bits>
<Attribute>data</Attribute>
</RtlPorts>
<RtlPorts>
<name>ap_return_7</name>
<Object>qr_decomposition</Object>
<Type>return value</Type>
<Scope></Scope>
<IOProtocol>ap_ctrl_hs</IOProtocol>
<IOConfig></IOConfig>
<Dir>out</Dir>
<Bits>16</Bits>
<Attribute>data</Attribute>
</RtlPorts>
<RtlPorts>
<name>ap_return_8</name>
<Object>qr_decomposition</Object>
<Type>return value</Type>
<Scope></Scope>
<IOProtocol>ap_ctrl_hs</IOProtocol>
<IOConfig></IOConfig>
<Dir>out</Dir>
<Bits>16</Bits>
<Attribute>data</Attribute>
</RtlPorts>
<RtlPorts>
<name>ap_return_9</name>
<Object>qr_decomposition</Object>
<Type>return value</Type>
<Scope></Scope>
<IOProtocol>ap_ctrl_hs</IOProtocol>
<IOConfig></IOConfig>
<Dir>out</Dir>
<Bits>16</Bits>
<Attribute>data</Attribute>
</RtlPorts>
<RtlPorts>
<name>ap_return_10</name>
<Object>qr_decomposition</Object>
<Type>return value</Type>
<Scope></Scope>
<IOProtocol>ap_ctrl_hs</IOProtocol>
<IOConfig></IOConfig>
<Dir>out</Dir>
<Bits>16</Bits>
<Attribute>data</Attribute>
</RtlPorts>
<RtlPorts>
<name>ap_return_11</name>
<Object>qr_decomposition</Object>
<Type>return value</Type>
<Scope></Scope>
<IOProtocol>ap_ctrl_hs</IOProtocol>
<IOConfig></IOConfig>
<Dir>out</Dir>
<Bits>16</Bits>
<Attribute>data</Attribute>
</RtlPorts>
<RtlPorts>
<name>ap_return_12</name>
<Object>qr_decomposition</Object>
<Type>return value</Type>
<Scope></Scope>
<IOProtocol>ap_ctrl_hs</IOProtocol>
<IOConfig></IOConfig>
<Dir>out</Dir>
<Bits>16</Bits>
<Attribute>data</Attribute>
</RtlPorts>
<RtlPorts>
<name>ap_return_13</name>
<Object>qr_decomposition</Object>
<Type>return value</Type>
<Scope></Scope>
<IOProtocol>ap_ctrl_hs</IOProtocol>
<IOConfig></IOConfig>
<Dir>out</Dir>
<Bits>16</Bits>
<Attribute>data</Attribute>
</RtlPorts>
<RtlPorts>
<name>ap_return_14</name>
<Object>qr_decomposition</Object>
<Type>return value</Type>
<Scope></Scope>
<IOProtocol>ap_ctrl_hs</IOProtocol>
<IOConfig></IOConfig>
<Dir>out</Dir>
<Bits>16</Bits>
<Attribute>data</Attribute>
</RtlPorts>
<RtlPorts>
<name>ap_return_15</name>
<Object>qr_decomposition</Object>
<Type>return value</Type>
<Scope></Scope>
<IOProtocol>ap_ctrl_hs</IOProtocol>
<IOConfig></IOConfig>
<Dir>out</Dir>
<Bits>16</Bits>
<Attribute>data</Attribute>
</RtlPorts>
<RtlPorts>
<name>ap_return_16</name>
<Object>qr_decomposition</Object>
<Type>return value</Type>
<Scope></Scope>
<IOProtocol>ap_ctrl_hs</IOProtocol>
<IOConfig></IOConfig>
<Dir>out</Dir>
<Bits>16</Bits>
<Attribute>data</Attribute>
</RtlPorts>
<RtlPorts>
<name>ap_return_17</name>
<Object>qr_decomposition</Object>
<Type>return value</Type>
<Scope></Scope>
<IOProtocol>ap_ctrl_hs</IOProtocol>
<IOConfig></IOConfig>
<Dir>out</Dir>
<Bits>16</Bits>
<Attribute>data</Attribute>
</RtlPorts>
<RtlPorts>
<name>ap_return_18</name>
<Object>qr_decomposition</Object>
<Type>return value</Type>
<Scope></Scope>
<IOProtocol>ap_ctrl_hs</IOProtocol>
<IOConfig></IOConfig>
<Dir>out</Dir>
<Bits>16</Bits>
<Attribute>data</Attribute>
</RtlPorts>
<RtlPorts>
<name>ap_return_19</name>
<Object>qr_decomposition</Object>
<Type>return value</Type>
<Scope></Scope>
<IOProtocol>ap_ctrl_hs</IOProtocol>
<IOConfig></IOConfig>
<Dir>out</Dir>
<Bits>16</Bits>
<Attribute>data</Attribute>
</RtlPorts>
<RtlPorts>
<name>ap_return_20</name>
<Object>qr_decomposition</Object>
<Type>return value</Type>
<Scope></Scope>
<IOProtocol>ap_ctrl_hs</IOProtocol>
<IOConfig></IOConfig>
<Dir>out</Dir>
<Bits>16</Bits>
<Attribute>data</Attribute>
</RtlPorts>
<RtlPorts>
<name>ap_return_21</name>
<Object>qr_decomposition</Object>
<Type>return value</Type>
<Scope></Scope>
<IOProtocol>ap_ctrl_hs</IOProtocol>
<IOConfig></IOConfig>
<Dir>out</Dir>
<Bits>16</Bits>
<Attribute>data</Attribute>
</RtlPorts>
<RtlPorts>
<name>ap_return_22</name>
<Object>qr_decomposition</Object>
<Type>return value</Type>
<Scope></Scope>
<IOProtocol>ap_ctrl_hs</IOProtocol>
<IOConfig></IOConfig>
<Dir>out</Dir>
<Bits>16</Bits>
<Attribute>data</Attribute>
</RtlPorts>
<RtlPorts>
<name>ap_return_23</name>
<Object>qr_decomposition</Object>
<Type>return value</Type>
<Scope></Scope>
<IOProtocol>ap_ctrl_hs</IOProtocol>
<IOConfig></IOConfig>
<Dir>out</Dir>
<Bits>16</Bits>
<Attribute>data</Attribute>
</RtlPorts>
<RtlPorts>
<name>ap_return_24</name>
<Object>qr_decomposition</Object>
<Type>return value</Type>
<Scope></Scope>
<IOProtocol>ap_ctrl_hs</IOProtocol>
<IOConfig></IOConfig>
<Dir>out</Dir>
<Bits>16</Bits>
<Attribute>data</Attribute>
</RtlPorts>
<RtlPorts>
<name>ap_return_25</name>
<Object>qr_decomposition</Object>
<Type>return value</Type>
<Scope></Scope>
<IOProtocol>ap_ctrl_hs</IOProtocol>
<IOConfig></IOConfig>
<Dir>out</Dir>
<Bits>16</Bits>
<Attribute>data</Attribute>
</RtlPorts>
<RtlPorts>
<name>A_address0</name>
<Object>A</Object>
<Type>array</Type>
<Scope></Scope>
<IOProtocol>ap_memory</IOProtocol>
<IOConfig></IOConfig>
<Dir>out</Dir>
<Bits>4</Bits>
<Attribute>address</Attribute>
</RtlPorts>
<RtlPorts>
<name>A_ce0</name>
<Object>A</Object>
<Type>array</Type>
<Scope></Scope>
<IOProtocol>ap_memory</IOProtocol>
<IOConfig></IOConfig>
<Dir>out</Dir>
<Bits>1</Bits>
<Attribute>control</Attribute>
</RtlPorts>
<RtlPorts>
<name>A_q0</name>
<Object>A</Object>
<Type>array</Type>
<Scope></Scope>
<IOProtocol>ap_memory</IOProtocol>
<IOConfig></IOConfig>
<Dir>in</Dir>
<Bits>16</Bits>
<Attribute>data</Attribute>
</RtlPorts>
</InterfaceSummary>
</Module>
<Module>
<Name>LinearSolver</Name>
<PerformanceEstimates>
<SummaryOfTimingAnalysis>
<TargetClockPeriod>10.00</TargetClockPeriod>
<ClockUncertainty>2.70</ClockUncertainty>
<TargetInitiationInterval>4294967295</TargetInitiationInterval>
<EstimatedClockPeriod>7.612</EstimatedClockPeriod>
</SummaryOfTimingAnalysis>
<SummaryOfOverallLatency>
<Best-caseLatency>444</Best-caseLatency>
<Average-caseLatency>444</Average-caseLatency>
<Worst-caseLatency>444</Worst-caseLatency>
<Best-caseRealTimeLatency>4.440 us</Best-caseRealTimeLatency>
<Average-caseRealTimeLatency>4.440 us</Average-caseRealTimeLatency>
<Worst-caseRealTimeLatency>4.440 us</Worst-caseRealTimeLatency>
<PipelineInitiationInterval>16</PipelineInitiationInterval>
<PipelineDepth>445</PipelineDepth>
<PipelineType>yes</PipelineType>
</SummaryOfOverallLatency>
</PerformanceEstimates>
<AreaEstimates>
<Resources>
<BRAM_18K>0</BRAM_18K>
<AVAIL_BRAM>280</AVAIL_BRAM>
<UTIL_BRAM>0</UTIL_BRAM>
<DSP>22</DSP>
<AVAIL_DSP>220</AVAIL_DSP>
<UTIL_DSP>10</UTIL_DSP>
<FF>29574</FF>
<AVAIL_FF>106400</AVAIL_FF>
<UTIL_FF>27</UTIL_FF>
<LUT>33388</LUT>
<AVAIL_LUT>53200</AVAIL_LUT>
<UTIL_LUT>62</UTIL_LUT>
<URAM>0</URAM>
<AVAIL_URAM>0</AVAIL_URAM>
<UTIL_URAM>0</UTIL_URAM>
</Resources>
</AreaEstimates>
<InterfaceSummary>
<RtlPorts>
<name>s_axi_A_in_AWVALID</name>
<Object>A_in</Object>
<Type>array</Type>
<IOProtocol>s_axi</IOProtocol>
<Dir>in</Dir>
<Bits>1</Bits>
<Attribute>unknown</Attribute>
<CType>int</CType>
<HasCtrl>0</HasCtrl>
</RtlPorts>
<RtlPorts>
<name>s_axi_A_in_AWREADY</name>
<Object>A_in</Object>
<Type>array</Type>
<IOProtocol>s_axi</IOProtocol>
<Dir>out</Dir>
<Bits>1</Bits>
<Attribute>unknown</Attribute>
<CType>int</CType>
<HasCtrl>0</HasCtrl>
</RtlPorts>
<RtlPorts>
<name>s_axi_A_in_AWADDR</name>
<Object>A_in</Object>
<Type>array</Type>
<IOProtocol>s_axi</IOProtocol>
<Dir>in</Dir>
<Bits>6</Bits>
<Attribute>unknown</Attribute>
<CType>int</CType>
<HasCtrl>0</HasCtrl>
</RtlPorts>
<RtlPorts>
<name>s_axi_A_in_WVALID</name>
<Object>A_in</Object>
<Type>array</Type>
<IOProtocol>s_axi</IOProtocol>
<Dir>in</Dir>
<Bits>1</Bits>
<Attribute>unknown</Attribute>
<CType>int</CType>
<HasCtrl>0</HasCtrl>
</RtlPorts>
<RtlPorts>
<name>s_axi_A_in_WREADY</name>
<Object>A_in</Object>
<Type>array</Type>
<IOProtocol>s_axi</IOProtocol>
<Dir>out</Dir>
<Bits>1</Bits>
<Attribute>unknown</Attribute>
<CType>int</CType>
<HasCtrl>0</HasCtrl>
</RtlPorts>
<RtlPorts>
<name>s_axi_A_in_WDATA</name>
<Object>A_in</Object>
<Type>array</Type>
<IOProtocol>s_axi</IOProtocol>
<Dir>in</Dir>
<Bits>32</Bits>
<Attribute>unknown</Attribute>
<CType>int</CType>
<HasCtrl>0</HasCtrl>
</RtlPorts>
<RtlPorts>
<name>s_axi_A_in_WSTRB</name>
<Object>A_in</Object>
<Type>array</Type>
<IOProtocol>s_axi</IOProtocol>
<Dir>in</Dir>
<Bits>4</Bits>
<Attribute>unknown</Attribute>
<CType>int</CType>
<HasCtrl>0</HasCtrl>
</RtlPorts>
<RtlPorts>
<name>s_axi_A_in_ARVALID</name>
<Object>A_in</Object>
<Type>array</Type>
<IOProtocol>s_axi</IOProtocol>
<Dir>in</Dir>
<Bits>1</Bits>
<Attribute>unknown</Attribute>
<CType>int</CType>
<HasCtrl>0</HasCtrl>
</RtlPorts>
<RtlPorts>
<name>s_axi_A_in_ARREADY</name>
<Object>A_in</Object>
<Type>array</Type>
<IOProtocol>s_axi</IOProtocol>
<Dir>out</Dir>
<Bits>1</Bits>
<Attribute>unknown</Attribute>
<CType>int</CType>
<HasCtrl>0</HasCtrl>
</RtlPorts>
<RtlPorts>
<name>s_axi_A_in_ARADDR</name>
<Object>A_in</Object>
<Type>array</Type>
<IOProtocol>s_axi</IOProtocol>
<Dir>in</Dir>
<Bits>6</Bits>
<Attribute>unknown</Attribute>
<CType>int</CType>
<HasCtrl>0</HasCtrl>
</RtlPorts>
<RtlPorts>
<name>s_axi_A_in_RVALID</name>
<Object>A_in</Object>
<Type>array</Type>
<IOProtocol>s_axi</IOProtocol>
<Dir>out</Dir>
<Bits>1</Bits>
<Attribute>unknown</Attribute>
<CType>int</CType>
<HasCtrl>0</HasCtrl>
</RtlPorts>
<RtlPorts>
<name>s_axi_A_in_RREADY</name>
<Object>A_in</Object>
<Type>array</Type>
<IOProtocol>s_axi</IOProtocol>
<Dir>in</Dir>
<Bits>1</Bits>
<Attribute>unknown</Attribute>
<CType>int</CType>
<HasCtrl>0</HasCtrl>
</RtlPorts>
<RtlPorts>
<name>s_axi_A_in_RDATA</name>
<Object>A_in</Object>
<Type>array</Type>
<IOProtocol>s_axi</IOProtocol>
<Dir>out</Dir>
<Bits>32</Bits>
<Attribute>unknown</Attribute>
<CType>int</CType>
<HasCtrl>0</HasCtrl>
</RtlPorts>
<RtlPorts>
<name>s_axi_A_in_RRESP</name>
<Object>A_in</Object>
<Type>array</Type>
<IOProtocol>s_axi</IOProtocol>
<Dir>out</Dir>
<Bits>2</Bits>
<Attribute>unknown</Attribute>
<CType>int</CType>
<HasCtrl>0</HasCtrl>
</RtlPorts>
<RtlPorts>
<name>s_axi_A_in_BVALID</name>
<Object>A_in</Object>
<Type>array</Type>
<IOProtocol>s_axi</IOProtocol>
<Dir>out</Dir>
<Bits>1</Bits>
<Attribute>unknown</Attribute>
<CType>int</CType>
<HasCtrl>0</HasCtrl>
</RtlPorts>
<RtlPorts>
<name>s_axi_A_in_BREADY</name>
<Object>A_in</Object>
<Type>array</Type>
<IOProtocol>s_axi</IOProtocol>
<Dir>in</Dir>
<Bits>1</Bits>
<Attribute>unknown</Attribute>
<CType>int</CType>
<HasCtrl>0</HasCtrl>
</RtlPorts>
<RtlPorts>
<name>s_axi_A_in_BRESP</name>
<Object>A_in</Object>
<Type>array</Type>
<IOProtocol>s_axi</IOProtocol>
<Dir>out</Dir>
<Bits>2</Bits>
<Attribute>unknown</Attribute>
<CType>int</CType>
<HasCtrl>0</HasCtrl>
</RtlPorts>
<RtlPorts>
<name>s_axi_b_in_AWVALID</name>
<Object>b_in</Object>
<Type>array</Type>
<IOProtocol>s_axi</IOProtocol>
<Dir>in</Dir>
<Bits>1</Bits>
<Attribute>unknown</Attribute>
<CType>int</CType>
<HasCtrl>0</HasCtrl>
</RtlPorts>
<RtlPorts>
<name>s_axi_b_in_AWREADY</name>
<Object>b_in</Object>
<Type>array</Type>
<IOProtocol>s_axi</IOProtocol>
<Dir>out</Dir>
<Bits>1</Bits>
<Attribute>unknown</Attribute>
<CType>int</CType>
<HasCtrl>0</HasCtrl>
</RtlPorts>
<RtlPorts>
<name>s_axi_b_in_AWADDR</name>
<Object>b_in</Object>
<Type>array</Type>
<IOProtocol>s_axi</IOProtocol>
<Dir>in</Dir>
<Bits>5</Bits>
<Attribute>unknown</Attribute>
<CType>int</CType>
<HasCtrl>0</HasCtrl>
</RtlPorts>
<RtlPorts>
<name>s_axi_b_in_WVALID</name>
<Object>b_in</Object>
<Type>array</Type>
<IOProtocol>s_axi</IOProtocol>
<Dir>in</Dir>
<Bits>1</Bits>
<Attribute>unknown</Attribute>
<CType>int</CType>
<HasCtrl>0</HasCtrl>
</RtlPorts>
<RtlPorts>
<name>s_axi_b_in_WREADY</name>
<Object>b_in</Object>
<Type>array</Type>
<IOProtocol>s_axi</IOProtocol>
<Dir>out</Dir>
<Bits>1</Bits>
<Attribute>unknown</Attribute>
<CType>int</CType>
<HasCtrl>0</HasCtrl>
</RtlPorts>
<RtlPorts>
<name>s_axi_b_in_WDATA</name>
<Object>b_in</Object>
<Type>array</Type>
<IOProtocol>s_axi</IOProtocol>
<Dir>in</Dir>
<Bits>32</Bits>
<Attribute>unknown</Attribute>
<CType>int</CType>
<HasCtrl>0</HasCtrl>
</RtlPorts>
<RtlPorts>
<name>s_axi_b_in_WSTRB</name>
<Object>b_in</Object>
<Type>array</Type>
<IOProtocol>s_axi</IOProtocol>
<Dir>in</Dir>
<Bits>4</Bits>
<Attribute>unknown</Attribute>
<CType>int</CType>
<HasCtrl>0</HasCtrl>
</RtlPorts>
<RtlPorts>
<name>s_axi_b_in_ARVALID</name>
<Object>b_in</Object>
<Type>array</Type>
<IOProtocol>s_axi</IOProtocol>
<Dir>in</Dir>
<Bits>1</Bits>
<Attribute>unknown</Attribute>
<CType>int</CType>
<HasCtrl>0</HasCtrl>
</RtlPorts>
<RtlPorts>
<name>s_axi_b_in_ARREADY</name>
<Object>b_in</Object>
<Type>array</Type>
<IOProtocol>s_axi</IOProtocol>
<Dir>out</Dir>
<Bits>1</Bits>
<Attribute>unknown</Attribute>
<CType>int</CType>
<HasCtrl>0</HasCtrl>
</RtlPorts>
<RtlPorts>
<name>s_axi_b_in_ARADDR</name>
<Object>b_in</Object>
<Type>array</Type>
<IOProtocol>s_axi</IOProtocol>
<Dir>in</Dir>
<Bits>5</Bits>
<Attribute>unknown</Attribute>
<CType>int</CType>
<HasCtrl>0</HasCtrl>
</RtlPorts>
<RtlPorts>
<name>s_axi_b_in_RVALID</name>
<Object>b_in</Object>
<Type>array</Type>
<IOProtocol>s_axi</IOProtocol>
<Dir>out</Dir>
<Bits>1</Bits>
<Attribute>unknown</Attribute>
<CType>int</CType>
<HasCtrl>0</HasCtrl>
</RtlPorts>
<RtlPorts>
<name>s_axi_b_in_RREADY</name>
<Object>b_in</Object>
<Type>array</Type>
<IOProtocol>s_axi</IOProtocol>
<Dir>in</Dir>
<Bits>1</Bits>
<Attribute>unknown</Attribute>
<CType>int</CType>
<HasCtrl>0</HasCtrl>
</RtlPorts>
<RtlPorts>
<name>s_axi_b_in_RDATA</name>
<Object>b_in</Object>
<Type>array</Type>
<IOProtocol>s_axi</IOProtocol>
<Dir>out</Dir>
<Bits>32</Bits>
<Attribute>unknown</Attribute>
<CType>int</CType>
<HasCtrl>0</HasCtrl>
</RtlPorts>
<RtlPorts>
<name>s_axi_b_in_RRESP</name>
<Object>b_in</Object>
<Type>array</Type>
<IOProtocol>s_axi</IOProtocol>
<Dir>out</Dir>
<Bits>2</Bits>
<Attribute>unknown</Attribute>
<CType>int</CType>
<HasCtrl>0</HasCtrl>
</RtlPorts>
<RtlPorts>
<name>s_axi_b_in_BVALID</name>
<Object>b_in</Object>
<Type>array</Type>
<IOProtocol>s_axi</IOProtocol>
<Dir>out</Dir>
<Bits>1</Bits>
<Attribute>unknown</Attribute>
<CType>int</CType>
<HasCtrl>0</HasCtrl>
</RtlPorts>
<RtlPorts>
<name>s_axi_b_in_BREADY</name>
<Object>b_in</Object>
<Type>array</Type>
<IOProtocol>s_axi</IOProtocol>
<Dir>in</Dir>
<Bits>1</Bits>
<Attribute>unknown</Attribute>
<CType>int</CType>
<HasCtrl>0</HasCtrl>
</RtlPorts>
<RtlPorts>
<name>s_axi_b_in_BRESP</name>
<Object>b_in</Object>
<Type>array</Type>
<IOProtocol>s_axi</IOProtocol>
<Dir>out</Dir>
<Bits>2</Bits>
<Attribute>unknown</Attribute>
<CType>int</CType>
<HasCtrl>0</HasCtrl>
</RtlPorts>
<RtlPorts>
<name>s_axi_x_out_AWVALID</name>
<Object>x_out</Object>
<Type>array</Type>
<IOProtocol>s_axi</IOProtocol>
<Dir>in</Dir>
<Bits>1</Bits>
<Attribute>unknown</Attribute>
<CType>int</CType>
<HasCtrl>0</HasCtrl>
</RtlPorts>
<RtlPorts>
<name>s_axi_x_out_AWREADY</name>
<Object>x_out</Object>
<Type>array</Type>
<IOProtocol>s_axi</IOProtocol>
<Dir>out</Dir>
<Bits>1</Bits>
<Attribute>unknown</Attribute>
<CType>int</CType>
<HasCtrl>0</HasCtrl>
</RtlPorts>
<RtlPorts>
<name>s_axi_x_out_AWADDR</name>
<Object>x_out</Object>
<Type>array</Type>
<IOProtocol>s_axi</IOProtocol>
<Dir>in</Dir>
<Bits>5</Bits>
<Attribute>unknown</Attribute>
<CType>int</CType>
<HasCtrl>0</HasCtrl>
</RtlPorts>
<RtlPorts>
<name>s_axi_x_out_WVALID</name>
<Object>x_out</Object>
<Type>array</Type>
<IOProtocol>s_axi</IOProtocol>
<Dir>in</Dir>
<Bits>1</Bits>
<Attribute>unknown</Attribute>
<CType>int</CType>
<HasCtrl>0</HasCtrl>
</RtlPorts>
<RtlPorts>
<name>s_axi_x_out_WREADY</name>
<Object>x_out</Object>
<Type>array</Type>
<IOProtocol>s_axi</IOProtocol>
<Dir>out</Dir>
<Bits>1</Bits>
<Attribute>unknown</Attribute>
<CType>int</CType>
<HasCtrl>0</HasCtrl>
</RtlPorts>
<RtlPorts>
<name>s_axi_x_out_WDATA</name>
<Object>x_out</Object>
<Type>array</Type>
<IOProtocol>s_axi</IOProtocol>
<Dir>in</Dir>
<Bits>32</Bits>
<Attribute>unknown</Attribute>
<CType>int</CType>
<HasCtrl>0</HasCtrl>
</RtlPorts>
<RtlPorts>
<name>s_axi_x_out_WSTRB</name>
<Object>x_out</Object>
<Type>array</Type>
<IOProtocol>s_axi</IOProtocol>
<Dir>in</Dir>
<Bits>4</Bits>
<Attribute>unknown</Attribute>
<CType>int</CType>
<HasCtrl>0</HasCtrl>
</RtlPorts>
<RtlPorts>
<name>s_axi_x_out_ARVALID</name>
<Object>x_out</Object>
<Type>array</Type>
<IOProtocol>s_axi</IOProtocol>
<Dir>in</Dir>
<Bits>1</Bits>
<Attribute>unknown</Attribute>
<CType>int</CType>
<HasCtrl>0</HasCtrl>
</RtlPorts>
<RtlPorts>
<name>s_axi_x_out_ARREADY</name>
<Object>x_out</Object>
<Type>array</Type>
<IOProtocol>s_axi</IOProtocol>
<Dir>out</Dir>
<Bits>1</Bits>
<Attribute>unknown</Attribute>
<CType>int</CType>
<HasCtrl>0</HasCtrl>
</RtlPorts>
<RtlPorts>
<name>s_axi_x_out_ARADDR</name>
<Object>x_out</Object>
<Type>array</Type>
<IOProtocol>s_axi</IOProtocol>
<Dir>in</Dir>
<Bits>5</Bits>
<Attribute>unknown</Attribute>
<CType>int</CType>
<HasCtrl>0</HasCtrl>
</RtlPorts>
<RtlPorts>
<name>s_axi_x_out_RVALID</name>
<Object>x_out</Object>
<Type>array</Type>
<IOProtocol>s_axi</IOProtocol>
<Dir>out</Dir>
<Bits>1</Bits>
<Attribute>unknown</Attribute>
<CType>int</CType>
<HasCtrl>0</HasCtrl>
</RtlPorts>
<RtlPorts>
<name>s_axi_x_out_RREADY</name>
<Object>x_out</Object>
<Type>array</Type>
<IOProtocol>s_axi</IOProtocol>
<Dir>in</Dir>
<Bits>1</Bits>
<Attribute>unknown</Attribute>
<CType>int</CType>
<HasCtrl>0</HasCtrl>
</RtlPorts>
<RtlPorts>
<name>s_axi_x_out_RDATA</name>
<Object>x_out</Object>
<Type>array</Type>
<IOProtocol>s_axi</IOProtocol>
<Dir>out</Dir>
<Bits>32</Bits>
<Attribute>unknown</Attribute>
<CType>int</CType>
<HasCtrl>0</HasCtrl>
</RtlPorts>
<RtlPorts>
<name>s_axi_x_out_RRESP</name>
<Object>x_out</Object>
<Type>array</Type>
<IOProtocol>s_axi</IOProtocol>
<Dir>out</Dir>
<Bits>2</Bits>
<Attribute>unknown</Attribute>
<CType>int</CType>
<HasCtrl>0</HasCtrl>
</RtlPorts>
<RtlPorts>
<name>s_axi_x_out_BVALID</name>
<Object>x_out</Object>
<Type>array</Type>
<IOProtocol>s_axi</IOProtocol>
<Dir>out</Dir>
<Bits>1</Bits>
<Attribute>unknown</Attribute>
<CType>int</CType>
<HasCtrl>0</HasCtrl>
</RtlPorts>
<RtlPorts>
<name>s_axi_x_out_BREADY</name>
<Object>x_out</Object>
<Type>array</Type>
<IOProtocol>s_axi</IOProtocol>
<Dir>in</Dir>
<Bits>1</Bits>
<Attribute>unknown</Attribute>
<CType>int</CType>
<HasCtrl>0</HasCtrl>
</RtlPorts>
<RtlPorts>
<name>s_axi_x_out_BRESP</name>
<Object>x_out</Object>
<Type>array</Type>
<IOProtocol>s_axi</IOProtocol>
<Dir>out</Dir>
<Bits>2</Bits>
<Attribute>unknown</Attribute>
<CType>int</CType>
<HasCtrl>0</HasCtrl>
</RtlPorts>
<RtlPorts>
<name>ap_clk</name>
<Object>LinearSolver</Object>
<Type>return value</Type>
<Scope></Scope>
<IOProtocol>ap_ctrl_hs</IOProtocol>
<IOConfig></IOConfig>
<Dir>in</Dir>
<Bits>1</Bits>
<Attribute>control</Attribute>
</RtlPorts>
<RtlPorts>
<name>ap_rst_n</name>
<Object>LinearSolver</Object>
<Type>return value</Type>
<Scope></Scope>
<IOProtocol>ap_ctrl_hs</IOProtocol>
<IOConfig></IOConfig>
<Dir>in</Dir>
<Bits>1</Bits>
<Attribute>control</Attribute>
</RtlPorts>
<RtlPorts>
<name>ap_start</name>
<Object>LinearSolver</Object>
<Type>return value</Type>
<Scope></Scope>
<IOProtocol>ap_ctrl_hs</IOProtocol>
<IOConfig></IOConfig>
<Dir>in</Dir>
<Bits>1</Bits>
<Attribute>control</Attribute>
</RtlPorts>
<RtlPorts>
<name>ap_done</name>
<Object>LinearSolver</Object>
<Type>return value</Type>
<Scope></Scope>
<IOProtocol>ap_ctrl_hs</IOProtocol>
<IOConfig></IOConfig>
<Dir>out</Dir>
<Bits>1</Bits>
<Attribute>control</Attribute>
</RtlPorts>
<RtlPorts>
<name>ap_idle</name>
<Object>LinearSolver</Object>
<Type>return value</Type>
<Scope></Scope>
<IOProtocol>ap_ctrl_hs</IOProtocol>
<IOConfig></IOConfig>
<Dir>out</Dir>
<Bits>1</Bits>
<Attribute>control</Attribute>
</RtlPorts>
<RtlPorts>
<name>ap_ready</name>
<Object>LinearSolver</Object>
<Type>return value</Type>
<Scope></Scope>
<IOProtocol>ap_ctrl_hs</IOProtocol>
<IOConfig></IOConfig>
<Dir>out</Dir>
<Bits>1</Bits>
<Attribute>control</Attribute>
</RtlPorts>
</InterfaceSummary>
</Module>
</ModuleInformation>

<FIFOInformation>
</FIFOInformation>

</profile>
