<profile>

<section name = "Vitis HLS Report for 'LinearSolver'" level="0">
<item name = "Date">Sun Dec 11 20:57:11 2022
</item>
<item name = "Version">2022.1 (Build 3526262 on Mon Apr 18 15:48:16 MDT 2022)</item>
<item name = "Project">project6_final_hls_linearsolver</item>
<item name = "Solution">solution1 (Vivado IP Flow Target)</item>
<item name = "Product family">zynq</item>
<item name = "Target device">xc7z020-clg484-1</item>
</section>

<section name = "Performance Estimates" level="0">
<item name = "Timing">
<section name = "" level="1">
<item name = "Summary"><table name="" hasTotal="0">
<keys size="4">Clock, Target, Estimated, Uncertainty</keys>
<column name="ap_clk">10.00 ns, 7.612 ns, 2.70 ns</column>
</table>
</item>
</section>
</item>
<item name = "Latency">
<section name = "" level="1">
<item name = "Summary"><table name="" hasTotal="0">
<keys size="8">, min, max, min, max, min, max, Type</keys>
<column name="">444, 444, 4.440 us, 4.440 us, 16, 16, yes</column>
</table>
</item>
<item name = "Detail">
<section name = "" level="1">
<item name = "Instance"><table name="" hasTotal="0">
<keys size="9">Instance, Module, min, max, min, max, min, max, Type</keys>
<column name="grp_qr_decomposition_fu_154">qr_decomposition, 240, 240, 2.400 us, 2.400 us, 16, 16, yes</column>
</table>
</item>
<item name = "Loop"><table name="" hasTotal="0">
<keys size="8">Loop Name, min, max, Latency, achieved, target, Count, Pipelined</keys>
</table>
</item>
</section>
</item>
</section>
</item>
</section>

<section name = "Utilization Estimates" level="0">
<item name = "Summary"><table name="" hasTotal="1">
<keys size="6">Name, BRAM_18K, DSP, FF, LUT, URAM</keys>
<column name="DSP">-, 22, -, -, -</column>
<column name="Expression">-, -, 0, 4, -</column>
<column name="FIFO">-, -, -, -, -</column>
<column name="Instance">0, -, 27381, 32538, -</column>
<column name="Memory">-, -, -, -, -</column>
<column name="Multiplexer">-, -, -, 174, -</column>
<column name="Register">-, -, 2193, 672, -</column>
<specialColumn name="Available">280, 220, 106400, 53200, 0</specialColumn>
<specialColumn name="Utilization (%)">0, 10, 27, 62, 0</specialColumn>
</table>
</item>
<item name = "Detail">
<section name = "" level="1">
<item name = "Instance"><table name="" hasTotal="1">
<keys size="7">Instance, Module, BRAM_18K, DSP, FF, LUT, URAM</keys>
<column name="A_in_s_axi_U">A_in_s_axi, 0, 0, 110, 114, 0</column>
<column name="b_in_s_axi_U">b_in_s_axi, 0, 0, 110, 111, 0</column>
<column name="grp_qr_decomposition_fu_154">qr_decomposition, 0, 0, 11425, 20267, 0</column>
<column name="sdiv_29ns_16s_16_33_1_U6">sdiv_29ns_16s_16_33_1, 0, 0, 1974, 1503, 0</column>
<column name="sdiv_45ns_16s_45_49_1_U7">sdiv_45ns_16s_45_49_1, 0, 0, 4426, 3382, 0</column>
<column name="sdiv_46ns_16s_46_50_1_U8">sdiv_46ns_16s_46_50_1, 0, 0, 4613, 3525, 0</column>
<column name="sdiv_46ns_16s_46_50_1_U9">sdiv_46ns_16s_46_50_1, 0, 0, 4613, 3525, 0</column>
<column name="x_out_s_axi_U">x_out_s_axi, 0, 0, 110, 111, 0</column>
</table>
</item>
<item name = "DSP"><table name="" hasTotal="0">
<keys size="3">Instance, Module, Expression</keys>
<column name="mac_muladd_16s_16s_29ns_29_4_1_U14">mac_muladd_16s_16s_29ns_29_4_1, i0 + i1 * i2</column>
<column name="mac_muladd_16s_16s_29ns_29_4_1_U15">mac_muladd_16s_16s_29ns_29_4_1, i0 + i1 * i2</column>
<column name="mac_muladd_16s_16s_29ns_29_4_1_U16">mac_muladd_16s_16s_29ns_29_4_1, i0 + i1 * i2</column>
<column name="mac_muladd_16s_16s_29ns_29_4_1_U17">mac_muladd_16s_16s_29ns_29_4_1, i0 + i1 * i2</column>
<column name="mac_muladd_16s_16s_29ns_29_4_1_U18">mac_muladd_16s_16s_29ns_29_4_1, i0 + i1 * i2</column>
<column name="mac_muladd_16s_16s_29ns_29_4_1_U19">mac_muladd_16s_16s_29ns_29_4_1, i0 + i1 * i2</column>
<column name="mac_muladd_16s_16s_29ns_29_4_1_U20">mac_muladd_16s_16s_29ns_29_4_1, i0 + i1 * i2</column>
<column name="mac_muladd_16s_16s_29ns_29_4_1_U21">mac_muladd_16s_16s_29ns_29_4_1, i0 + i1 * i2</column>
<column name="mac_muladd_16s_16s_29ns_29_4_1_U22">mac_muladd_16s_16s_29ns_29_4_1, i0 + i1 * i2</column>
<column name="mac_muladd_16s_16s_29ns_29_4_1_U23">mac_muladd_16s_16s_29ns_29_4_1, i0 + i1 * i2</column>
<column name="mac_muladd_16s_16s_29ns_29_4_1_U24">mac_muladd_16s_16s_29ns_29_4_1, i0 + i1 * i2</column>
<column name="mac_muladd_16s_16s_29ns_29_4_1_U25">mac_muladd_16s_16s_29ns_29_4_1, i0 + i1 * i2</column>
<column name="mac_mulsub_16s_16s_29s_32_4_1_U26">mac_mulsub_16s_16s_29s_32_4_1, i0 - i1 * i2</column>
<column name="mac_mulsub_16s_16s_29s_32_4_1_U27">mac_mulsub_16s_16s_29s_32_4_1, i0 - i1 * i2</column>
<column name="mac_mulsub_16s_16s_29s_32_4_1_U29">mac_mulsub_16s_16s_29s_32_4_1, i0 - i1 * i2</column>
<column name="mac_mulsub_16s_16s_32s_33_4_1_U28">mac_mulsub_16s_16s_32s_33_4_1, i0 - i1 * i2</column>
<column name="mac_mulsub_16s_16s_32s_33_4_1_U30">mac_mulsub_16s_16s_32s_33_4_1, i0 - i1 * i2</column>
<column name="mac_mulsub_16s_16s_33s_33_4_1_U31">mac_mulsub_16s_16s_33s_33_4_1, i0 - i1 * i2</column>
<column name="mul_mul_16s_16s_29_4_1_U10">mul_mul_16s_16s_29_4_1, i0 * i1</column>
<column name="mul_mul_16s_16s_29_4_1_U11">mul_mul_16s_16s_29_4_1, i0 * i1</column>
<column name="mul_mul_16s_16s_29_4_1_U12">mul_mul_16s_16s_29_4_1, i0 * i1</column>
<column name="mul_mul_16s_16s_29_4_1_U13">mul_mul_16s_16s_29_4_1, i0 * i1</column>
</table>
</item>
<item name = "Memory"><table name="" hasTotal="1">
<keys size="10">Memory, Module, BRAM_18K, FF, LUT, URAM, Words, Bits, Banks, W*Bits*Banks</keys>
</table>
</item>
<item name = "FIFO"><table name="" hasTotal="1">
<keys size="8">Name, BRAM_18K, FF, LUT, URAM, Depth, Bits, Size:D*B</keys>
</table>
</item>
<item name = "Expression"><table name="" hasTotal="1">
<keys size="7">Variable Name, Operation, DSP, FF, LUT, Bitwidth P0, Bitwidth P1</keys>
<column name="grp_qr_decomposition_fu_154_ap_start">or, 0, 0, 2, 1, 1</column>
<column name="ap_enable_pp0">xor, 0, 0, 2, 1, 2</column>
</table>
</item>
<item name = "Multiplexer"><table name="" hasTotal="1">
<keys size="5">Name, LUT, Input Size, Bits, Total Bits</keys>
<column name="ap_NS_fsm">81, 17, 1, 17</column>
<column name="ap_enable_reg_pp0_iter0">9, 2, 1, 2</column>
<column name="ap_enable_reg_pp0_iter27">9, 2, 1, 2</column>
<column name="b_address0">25, 5, 2, 10</column>
<column name="x_address0">25, 5, 2, 10</column>
<column name="x_d0">25, 5, 16, 80</column>
</table>
</item>
<item name = "Register"><table name="" hasTotal="1">
<keys size="5">Name, FF, LUT, Bits, Const Bits</keys>
<column name="QT_V_16_reg_953">16, 0, 16, 0</column>
<column name="QT_V_17_reg_958">16, 0, 16, 0</column>
<column name="QT_V_18_reg_963">16, 0, 16, 0</column>
<column name="QT_V_19_reg_968">16, 0, 16, 0</column>
<column name="QT_V_20_reg_973">16, 0, 16, 0</column>
<column name="QT_V_21_reg_978">16, 0, 16, 0</column>
<column name="QT_V_22_reg_983">16, 0, 16, 0</column>
<column name="QT_V_24_reg_988">16, 0, 16, 0</column>
<column name="QT_V_25_reg_993">16, 0, 16, 0</column>
<column name="QT_V_26_reg_998">16, 0, 16, 0</column>
<column name="QT_V_28_reg_1003">16, 0, 16, 0</column>
<column name="QT_V_29_reg_1008">16, 0, 16, 0</column>
<column name="QT_V_30_reg_1013">16, 0, 16, 0</column>
<column name="QT_V_reg_948">16, 0, 16, 0</column>
<column name="R_V_10_reg_1023">16, 0, 16, 0</column>
<column name="R_V_11_reg_1028">16, 0, 16, 0</column>
<column name="R_V_12_reg_1033">16, 0, 16, 0</column>
<column name="R_V_13_reg_1043">16, 0, 16, 0</column>
<column name="R_V_14_reg_1048">16, 0, 16, 0</column>
<column name="R_V_15_reg_1058">16, 0, 16, 0</column>
<column name="R_V_4_reg_1038">16, 0, 16, 0</column>
<column name="R_V_7_reg_1053">16, 0, 16, 0</column>
<column name="R_V_9_reg_1063">16, 0, 16, 0</column>
<column name="R_V_reg_1018">16, 0, 16, 0</column>
<column name="ap_CS_fsm">16, 0, 16, 0</column>
<column name="ap_enable_reg_pp0_iter0_reg">1, 0, 1, 0</column>
<column name="ap_enable_reg_pp0_iter1">1, 0, 1, 0</column>
<column name="ap_enable_reg_pp0_iter10">1, 0, 1, 0</column>
<column name="ap_enable_reg_pp0_iter11">1, 0, 1, 0</column>
<column name="ap_enable_reg_pp0_iter12">1, 0, 1, 0</column>
<column name="ap_enable_reg_pp0_iter13">1, 0, 1, 0</column>
<column name="ap_enable_reg_pp0_iter14">1, 0, 1, 0</column>
<column name="ap_enable_reg_pp0_iter15">1, 0, 1, 0</column>
<column name="ap_enable_reg_pp0_iter16">1, 0, 1, 0</column>
<column name="ap_enable_reg_pp0_iter17">1, 0, 1, 0</column>
<column name="ap_enable_reg_pp0_iter18">1, 0, 1, 0</column>
<column name="ap_enable_reg_pp0_iter19">1, 0, 1, 0</column>
<column name="ap_enable_reg_pp0_iter2">1, 0, 1, 0</column>
<column name="ap_enable_reg_pp0_iter20">1, 0, 1, 0</column>
<column name="ap_enable_reg_pp0_iter21">1, 0, 1, 0</column>
<column name="ap_enable_reg_pp0_iter22">1, 0, 1, 0</column>
<column name="ap_enable_reg_pp0_iter23">1, 0, 1, 0</column>
<column name="ap_enable_reg_pp0_iter24">1, 0, 1, 0</column>
<column name="ap_enable_reg_pp0_iter25">1, 0, 1, 0</column>
<column name="ap_enable_reg_pp0_iter26">1, 0, 1, 0</column>
<column name="ap_enable_reg_pp0_iter27">1, 0, 1, 0</column>
<column name="ap_enable_reg_pp0_iter3">1, 0, 1, 0</column>
<column name="ap_enable_reg_pp0_iter4">1, 0, 1, 0</column>
<column name="ap_enable_reg_pp0_iter5">1, 0, 1, 0</column>
<column name="ap_enable_reg_pp0_iter6">1, 0, 1, 0</column>
<column name="ap_enable_reg_pp0_iter7">1, 0, 1, 0</column>
<column name="ap_enable_reg_pp0_iter8">1, 0, 1, 0</column>
<column name="ap_enable_reg_pp0_iter9">1, 0, 1, 0</column>
<column name="b_load_1_reg_923">16, 0, 16, 0</column>
<column name="b_load_2_reg_933">16, 0, 16, 0</column>
<column name="b_load_3_reg_943">16, 0, 16, 0</column>
<column name="b_load_reg_913">16, 0, 16, 0</column>
<column name="grp_qr_decomposition_fu_154_ap_start_reg">1, 0, 1, 0</column>
<column name="ret_V_19_reg_1374">32, 0, 32, 0</column>
<column name="sext_ln1319_2_reg_1091">29, 0, 29, 0</column>
<column name="sext_ln1319_4_reg_1290">32, 0, 32, 0</column>
<column name="sext_ln1319_5_reg_1322">32, 0, 32, 0</column>
<column name="sext_ln1319_7_reg_1114">29, 0, 29, 0</column>
<column name="sext_ln1319_9_reg_1132">29, 0, 29, 0</column>
<column name="sext_ln1319_reg_1068">29, 0, 29, 0</column>
<column name="tmp_12_reg_1235">16, 0, 16, 0</column>
<column name="tmp_14_reg_1270">16, 0, 16, 0</column>
<column name="tmp_16_reg_1275">16, 0, 16, 0</column>
<column name="tmp_2_reg_1255">16, 0, 16, 0</column>
<column name="tmp_3_reg_1175">16, 0, 16, 0</column>
<column name="tmp_reg_1165">16, 0, 16, 0</column>
<column name="trunc_ln1_reg_1312">16, 0, 16, 0</column>
<column name="trunc_ln859_reg_1280">16, 0, 16, 0</column>
<column name="trunc_ln864_1_reg_1353">16, 0, 16, 0</column>
<column name="R_V_10_reg_1023">64, 32, 16, 0</column>
<column name="R_V_11_reg_1028">64, 32, 16, 0</column>
<column name="R_V_12_reg_1033">64, 32, 16, 0</column>
<column name="R_V_13_reg_1043">64, 32, 16, 0</column>
<column name="R_V_14_reg_1048">64, 32, 16, 0</column>
<column name="R_V_15_reg_1058">64, 32, 16, 0</column>
<column name="R_V_4_reg_1038">64, 32, 16, 0</column>
<column name="R_V_7_reg_1053">64, 32, 16, 0</column>
<column name="R_V_reg_1018">64, 32, 16, 0</column>
<column name="b_load_1_reg_923">64, 32, 16, 0</column>
<column name="b_load_2_reg_933">64, 32, 16, 0</column>
<column name="b_load_3_reg_943">64, 32, 16, 0</column>
<column name="b_load_reg_913">64, 32, 16, 0</column>
<column name="sext_ln1319_4_reg_1290">64, 32, 32, 0</column>
<column name="sext_ln1319_5_reg_1322">64, 32, 32, 0</column>
<column name="tmp_12_reg_1235">64, 32, 16, 0</column>
<column name="tmp_14_reg_1270">64, 32, 16, 0</column>
<column name="tmp_16_reg_1275">64, 32, 16, 0</column>
<column name="trunc_ln1_reg_1312">64, 32, 16, 0</column>
<column name="trunc_ln859_reg_1280">64, 32, 16, 0</column>
<column name="trunc_ln864_1_reg_1353">64, 32, 16, 0</column>
</table>
</item>
</section>
</item>
</section>

<section name = "Interface" level="0">
<item name = "Summary"><table name="" hasTotal="0">
<keys size="6">RTL Ports, Dir, Bits, Protocol, Source Object, C Type</keys>
<column name="s_axi_A_in_AWVALID">in, 1, s_axi, A_in, array</column>
<column name="s_axi_A_in_AWREADY">out, 1, s_axi, A_in, array</column>
<column name="s_axi_A_in_AWADDR">in, 6, s_axi, A_in, array</column>
<column name="s_axi_A_in_WVALID">in, 1, s_axi, A_in, array</column>
<column name="s_axi_A_in_WREADY">out, 1, s_axi, A_in, array</column>
<column name="s_axi_A_in_WDATA">in, 32, s_axi, A_in, array</column>
<column name="s_axi_A_in_WSTRB">in, 4, s_axi, A_in, array</column>
<column name="s_axi_A_in_ARVALID">in, 1, s_axi, A_in, array</column>
<column name="s_axi_A_in_ARREADY">out, 1, s_axi, A_in, array</column>
<column name="s_axi_A_in_ARADDR">in, 6, s_axi, A_in, array</column>
<column name="s_axi_A_in_RVALID">out, 1, s_axi, A_in, array</column>
<column name="s_axi_A_in_RREADY">in, 1, s_axi, A_in, array</column>
<column name="s_axi_A_in_RDATA">out, 32, s_axi, A_in, array</column>
<column name="s_axi_A_in_RRESP">out, 2, s_axi, A_in, array</column>
<column name="s_axi_A_in_BVALID">out, 1, s_axi, A_in, array</column>
<column name="s_axi_A_in_BREADY">in, 1, s_axi, A_in, array</column>
<column name="s_axi_A_in_BRESP">out, 2, s_axi, A_in, array</column>
<column name="s_axi_b_in_AWVALID">in, 1, s_axi, b_in, array</column>
<column name="s_axi_b_in_AWREADY">out, 1, s_axi, b_in, array</column>
<column name="s_axi_b_in_AWADDR">in, 5, s_axi, b_in, array</column>
<column name="s_axi_b_in_WVALID">in, 1, s_axi, b_in, array</column>
<column name="s_axi_b_in_WREADY">out, 1, s_axi, b_in, array</column>
<column name="s_axi_b_in_WDATA">in, 32, s_axi, b_in, array</column>
<column name="s_axi_b_in_WSTRB">in, 4, s_axi, b_in, array</column>
<column name="s_axi_b_in_ARVALID">in, 1, s_axi, b_in, array</column>
<column name="s_axi_b_in_ARREADY">out, 1, s_axi, b_in, array</column>
<column name="s_axi_b_in_ARADDR">in, 5, s_axi, b_in, array</column>
<column name="s_axi_b_in_RVALID">out, 1, s_axi, b_in, array</column>
<column name="s_axi_b_in_RREADY">in, 1, s_axi, b_in, array</column>
<column name="s_axi_b_in_RDATA">out, 32, s_axi, b_in, array</column>
<column name="s_axi_b_in_RRESP">out, 2, s_axi, b_in, array</column>
<column name="s_axi_b_in_BVALID">out, 1, s_axi, b_in, array</column>
<column name="s_axi_b_in_BREADY">in, 1, s_axi, b_in, array</column>
<column name="s_axi_b_in_BRESP">out, 2, s_axi, b_in, array</column>
<column name="s_axi_x_out_AWVALID">in, 1, s_axi, x_out, array</column>
<column name="s_axi_x_out_AWREADY">out, 1, s_axi, x_out, array</column>
<column name="s_axi_x_out_AWADDR">in, 5, s_axi, x_out, array</column>
<column name="s_axi_x_out_WVALID">in, 1, s_axi, x_out, array</column>
<column name="s_axi_x_out_WREADY">out, 1, s_axi, x_out, array</column>
<column name="s_axi_x_out_WDATA">in, 32, s_axi, x_out, array</column>
<column name="s_axi_x_out_WSTRB">in, 4, s_axi, x_out, array</column>
<column name="s_axi_x_out_ARVALID">in, 1, s_axi, x_out, array</column>
<column name="s_axi_x_out_ARREADY">out, 1, s_axi, x_out, array</column>
<column name="s_axi_x_out_ARADDR">in, 5, s_axi, x_out, array</column>
<column name="s_axi_x_out_RVALID">out, 1, s_axi, x_out, array</column>
<column name="s_axi_x_out_RREADY">in, 1, s_axi, x_out, array</column>
<column name="s_axi_x_out_RDATA">out, 32, s_axi, x_out, array</column>
<column name="s_axi_x_out_RRESP">out, 2, s_axi, x_out, array</column>
<column name="s_axi_x_out_BVALID">out, 1, s_axi, x_out, array</column>
<column name="s_axi_x_out_BREADY">in, 1, s_axi, x_out, array</column>
<column name="s_axi_x_out_BRESP">out, 2, s_axi, x_out, array</column>
<column name="ap_clk">in, 1, ap_ctrl_hs, LinearSolver, return value</column>
<column name="ap_rst_n">in, 1, ap_ctrl_hs, LinearSolver, return value</column>
<column name="ap_start">in, 1, ap_ctrl_hs, LinearSolver, return value</column>
<column name="ap_done">out, 1, ap_ctrl_hs, LinearSolver, return value</column>
<column name="ap_idle">out, 1, ap_ctrl_hs, LinearSolver, return value</column>
<column name="ap_ready">out, 1, ap_ctrl_hs, LinearSolver, return value</column>
</table>
</item>
</section>
</profile>
