<profile>

<section name = "Vitis HLS Report for 'qr_decomposition'" level="0">
<item name = "Date">Sun Dec 11 20:57:09 2022
</item>
<item name = "Version">2022.1 (Build 3526262 on Mon Apr 18 15:48:16 MDT 2022)</item>
<item name = "Project">project6_final_hls_linearsolver</item>
<item name = "Solution">solution1 (Vivado IP Flow Target)</item>
<item name = "Product family">zynq</item>
<item name = "Target device">xc7z020-clg484-1</item>
</section>

<section name = "Performance Estimates" level="0">
<item name = "Timing">
<section name = "" level="1">
<item name = "Summary"><table name="" hasTotal="0">
<keys size="4">Clock, Target, Estimated, Uncertainty</keys>
<column name="ap_clk">10.00 ns, 7.612 ns, 2.70 ns</column>
</table>
</item>
</section>
</item>
<item name = "Latency">
<section name = "" level="1">
<item name = "Summary"><table name="" hasTotal="0">
<keys size="8">, min, max, min, max, min, max, Type</keys>
<column name="">240, 240, 2.400 us, 2.400 us, 16, 16, yes</column>
</table>
</item>
<item name = "Detail">
<section name = "" level="1">
<item name = "Instance"><table name="" hasTotal="0">
<keys size="9">Instance, Module, min, max, min, max, min, max, Type</keys>
<column name="grp_cordic_fu_213">cordic, 27, 27, 0.270 us, 0.270 us, 1, 1, yes</column>
<column name="grp_cordic_fu_224">cordic, 27, 27, 0.270 us, 0.270 us, 1, 1, yes</column>
<column name="grp_cordic_fu_233">cordic, 27, 27, 0.270 us, 0.270 us, 1, 1, yes</column>
</table>
</item>
<item name = "Loop"><table name="" hasTotal="0">
<keys size="8">Loop Name, min, max, Latency, achieved, target, Count, Pipelined</keys>
</table>
</item>
</section>
</item>
</section>
</item>
</section>

<section name = "Utilization Estimates" level="0">
<item name = "Summary"><table name="" hasTotal="1">
<keys size="6">Name, BRAM_18K, DSP, FF, LUT, URAM</keys>
<column name="DSP">-, -, -, -, -</column>
<column name="Expression">-, -, 0, 140, -</column>
<column name="FIFO">-, -, -, -, -</column>
<column name="Instance">-, -, 6273, 17574, -</column>
<column name="Memory">-, -, -, -, -</column>
<column name="Multiplexer">-, -, -, 793, -</column>
<column name="Register">-, -, 5152, 1760, -</column>
<specialColumn name="Available">280, 220, 106400, 53200, 0</specialColumn>
<specialColumn name="Utilization (%)">0, 0, 10, 38, 0</specialColumn>
</table>
</item>
<item name = "Detail">
<section name = "" level="1">
<item name = "Instance"><table name="" hasTotal="1">
<keys size="7">Instance, Module, BRAM_18K, DSP, FF, LUT, URAM</keys>
<column name="grp_cordic_fu_213">cordic, 0, 0, 2091, 5858, 0</column>
<column name="grp_cordic_fu_224">cordic, 0, 0, 2091, 5858, 0</column>
<column name="grp_cordic_fu_233">cordic, 0, 0, 2091, 5858, 0</column>
</table>
</item>
<item name = "DSP"><table name="" hasTotal="0">
<keys size="3">Instance, Module, Expression</keys>
</table>
</item>
<item name = "Memory"><table name="" hasTotal="1">
<keys size="10">Memory, Module, BRAM_18K, FF, LUT, URAM, Words, Bits, Banks, W*Bits*Banks</keys>
</table>
</item>
<item name = "FIFO"><table name="" hasTotal="1">
<keys size="8">Name, BRAM_18K, FF, LUT, URAM, Depth, Bits, Size:D*B</keys>
</table>
</item>
<item name = "Expression"><table name="" hasTotal="1">
<keys size="7">Variable Name, Operation, DSP, FF, LUT, Bitwidth P0, Bitwidth P1</keys>
<column name="sub_ln859_1_fu_294_p2">-, 0, 0, 23, 1, 16</column>
<column name="sub_ln859_2_fu_308_p2">-, 0, 0, 23, 1, 16</column>
<column name="sub_ln859_3_fu_314_p2">-, 0, 0, 23, 1, 16</column>
<column name="sub_ln859_4_fu_324_p2">-, 0, 0, 23, 1, 16</column>
<column name="sub_ln859_5_fu_334_p2">-, 0, 0, 23, 1, 16</column>
<column name="sub_ln859_fu_280_p2">-, 0, 0, 23, 1, 16</column>
<column name="ap_enable_pp0">xor, 0, 0, 2, 1, 2</column>
</table>
</item>
<item name = "Multiplexer"><table name="" hasTotal="1">
<keys size="5">Name, LUT, Input Size, Bits, Total Bits</keys>
<column name="A_address0">81, 17, 4, 68</column>
<column name="ap_NS_fsm">81, 17, 1, 17</column>
<column name="ap_enable_reg_pp0_iter0">9, 2, 1, 2</column>
<column name="ap_enable_reg_pp0_iter15">9, 2, 1, 2</column>
<column name="grp_cordic_fu_213_modes">14, 3, 1, 3</column>
<column name="grp_cordic_fu_213_theta_in">53, 10, 16, 160</column>
<column name="grp_cordic_fu_213_x_in">65, 15, 16, 240</column>
<column name="grp_cordic_fu_213_y_in">81, 17, 16, 272</column>
<column name="grp_cordic_fu_224_modes">14, 3, 1, 3</column>
<column name="grp_cordic_fu_224_theta_in">59, 11, 16, 176</column>
<column name="grp_cordic_fu_224_x_in">65, 12, 16, 192</column>
<column name="grp_cordic_fu_224_y_in">65, 15, 16, 240</column>
<column name="grp_cordic_fu_233_modes">14, 3, 1, 3</column>
<column name="grp_cordic_fu_233_theta_in">53, 10, 16, 160</column>
<column name="grp_cordic_fu_233_x_in">65, 13, 16, 208</column>
<column name="grp_cordic_fu_233_y_in">65, 14, 16, 224</column>
</table>
</item>
<item name = "Register"><table name="" hasTotal="1">
<keys size="5">Name, FF, LUT, Bits, Const Bits</keys>
<column name="A_load_10_reg_596">16, 0, 16, 0</column>
<column name="A_load_11_reg_606">16, 0, 16, 0</column>
<column name="A_load_13_reg_616">16, 0, 16, 0</column>
<column name="A_load_14_reg_626">16, 0, 16, 0</column>
<column name="A_load_15_reg_631">16, 0, 16, 0</column>
<column name="A_load_1_reg_516">16, 0, 16, 0</column>
<column name="A_load_2_reg_526">16, 0, 16, 0</column>
<column name="A_load_3_reg_536">16, 0, 16, 0</column>
<column name="A_load_4_reg_546">16, 0, 16, 0</column>
<column name="A_load_5_reg_556">16, 0, 16, 0</column>
<column name="A_load_6_reg_566">16, 0, 16, 0</column>
<column name="A_load_7_reg_576">16, 0, 16, 0</column>
<column name="A_load_8_reg_486">16, 0, 16, 0</column>
<column name="A_load_9_reg_586">16, 0, 16, 0</column>
<column name="A_load_reg_506">16, 0, 16, 0</column>
<column name="QT_0_1_reg_856">16, 0, 16, 0</column>
<column name="QT_0_2_reg_866">16, 0, 16, 0</column>
<column name="QT_0_3_reg_876">16, 0, 16, 0</column>
<column name="QT_1_1_reg_988">16, 0, 16, 0</column>
<column name="QT_1_2_reg_998">16, 0, 16, 0</column>
<column name="QT_1_3_reg_1008">16, 0, 16, 0</column>
<column name="QT_1_reg_978">16, 0, 16, 0</column>
<column name="QT_2_1_reg_1049">16, 0, 16, 0</column>
<column name="QT_2_2_reg_1059">16, 0, 16, 0</column>
<column name="QT_2_reg_1039">16, 0, 16, 0</column>
<column name="QT_3_1_reg_1054">16, 0, 16, 0</column>
<column name="QT_3_2_reg_1064">16, 0, 16, 0</column>
<column name="QT_3_reg_1044">16, 0, 16, 0</column>
<column name="QT_Temp_V_addr_10_ret_reg_933">16, 0, 16, 0</column>
<column name="QT_Temp_V_addr_11_ret1_reg_943">16, 0, 16, 0</column>
<column name="QT_Temp_V_addr_11_ret_reg_707">16, 0, 16, 0</column>
<column name="QT_Temp_V_addr_13_ret1_reg_861">16, 0, 16, 0</column>
<column name="QT_Temp_V_addr_13_ret_reg_774">16, 0, 16, 0</column>
<column name="QT_Temp_V_addr_14_ret1_reg_789">16, 0, 16, 0</column>
<column name="QT_Temp_V_addr_14_ret2_reg_938">16, 0, 16, 0</column>
<column name="QT_Temp_V_addr_14_ret3_reg_1003">16, 0, 16, 0</column>
<column name="QT_Temp_V_addr_14_ret_reg_702">16, 0, 16, 0</column>
<column name="QT_Temp_V_addr_15_ret1_reg_953">16, 0, 16, 0</column>
<column name="QT_Temp_V_addr_15_ret_reg_717">16, 0, 16, 0</column>
<column name="QT_Temp_V_addr_3_ret1_reg_851">16, 0, 16, 0</column>
<column name="QT_Temp_V_addr_3_ret_reg_764">16, 0, 16, 0</column>
<column name="QT_Temp_V_addr_4_ret1_reg_871">16, 0, 16, 0</column>
<column name="QT_Temp_V_addr_4_ret_reg_784">16, 0, 16, 0</column>
<column name="QT_Temp_V_addr_5_ret1_reg_881">16, 0, 16, 0</column>
<column name="QT_Temp_V_addr_5_ret_reg_794">16, 0, 16, 0</column>
<column name="QT_Temp_V_addr_6_ret1_reg_769">16, 0, 16, 0</column>
<column name="QT_Temp_V_addr_6_ret2_reg_918">16, 0, 16, 0</column>
<column name="QT_Temp_V_addr_6_ret3_reg_983">16, 0, 16, 0</column>
<column name="QT_Temp_V_addr_6_ret_reg_690">16, 0, 16, 0</column>
<column name="QT_Temp_V_addr_7_ret1_reg_928">16, 0, 16, 0</column>
<column name="QT_Temp_V_addr_7_ret2_reg_993">16, 0, 16, 0</column>
<column name="QT_Temp_V_addr_7_ret_reg_779">16, 0, 16, 0</column>
<column name="QT_Temp_V_addr_8_ret1_reg_799">16, 0, 16, 0</column>
<column name="QT_Temp_V_addr_8_ret2_reg_948">16, 0, 16, 0</column>
<column name="QT_Temp_V_addr_8_ret3_reg_1013">16, 0, 16, 0</column>
<column name="QT_Temp_V_addr_8_ret_reg_712">16, 0, 16, 0</column>
<column name="QT_Temp_V_addr_9_ret1_reg_923">16, 0, 16, 0</column>
<column name="QT_Temp_V_addr_9_ret_reg_696">16, 0, 16, 0</column>
<column name="QT_reg_846">16, 0, 16, 0</column>
<column name="R_0_1_reg_804">16, 0, 16, 0</column>
<column name="R_0_2_reg_814">16, 0, 16, 0</column>
<column name="R_0_3_reg_836">16, 0, 16, 0</column>
<column name="R_1_2_reg_958">16, 0, 16, 0</column>
<column name="R_1_3_reg_968">16, 0, 16, 0</column>
<column name="R_2_3_reg_1029">16, 0, 16, 0</column>
<column name="R_3_3_reg_1034">16, 0, 16, 0</column>
<column name="R_Temp_V_addr_10_ret1_reg_653">16, 0, 16, 0</column>
<column name="R_Temp_V_addr_10_ret2_reg_737">16, 0, 16, 0</column>
<column name="R_Temp_V_addr_10_ret3_reg_886">16, 0, 16, 0</column>
<column name="R_Temp_V_addr_10_ret_reg_963">16, 0, 16, 0</column>
<column name="R_Temp_V_addr_11_ret1_reg_759">16, 0, 16, 0</column>
<column name="R_Temp_V_addr_11_ret2_reg_891">16, 0, 16, 0</column>
<column name="R_Temp_V_addr_11_ret3_reg_973">16, 0, 16, 0</column>
<column name="R_Temp_V_addr_11_ret_reg_680">16, 0, 16, 0</column>
<column name="R_Temp_V_addr_14_ret1_reg_658">16, 0, 16, 0</column>
<column name="R_Temp_V_addr_15_ret1_reg_896">16, 0, 16, 0</column>
<column name="R_Temp_V_addr_15_ret_reg_685">16, 0, 16, 0</column>
<column name="R_Temp_V_addr_5_ret1_reg_722">16, 0, 16, 0</column>
<column name="R_Temp_V_addr_5_ret_reg_809">16, 0, 16, 0</column>
<column name="R_Temp_V_addr_6_ret1_reg_819">16, 0, 16, 0</column>
<column name="R_Temp_V_addr_6_ret_reg_732">16, 0, 16, 0</column>
<column name="R_Temp_V_addr_7_ret1_reg_841">16, 0, 16, 0</column>
<column name="R_Temp_V_addr_7_ret_reg_754">16, 0, 16, 0</column>
<column name="R_Temp_V_addr_9_ret1_reg_648">16, 0, 16, 0</column>
<column name="R_Temp_V_addr_9_ret_reg_727">16, 0, 16, 0</column>
<column name="ap_CS_fsm">16, 0, 16, 0</column>
<column name="ap_enable_reg_pp0_iter0_reg">1, 0, 1, 0</column>
<column name="ap_enable_reg_pp0_iter1">1, 0, 1, 0</column>
<column name="ap_enable_reg_pp0_iter10">1, 0, 1, 0</column>
<column name="ap_enable_reg_pp0_iter11">1, 0, 1, 0</column>
<column name="ap_enable_reg_pp0_iter12">1, 0, 1, 0</column>
<column name="ap_enable_reg_pp0_iter13">1, 0, 1, 0</column>
<column name="ap_enable_reg_pp0_iter14">1, 0, 1, 0</column>
<column name="ap_enable_reg_pp0_iter15">1, 0, 1, 0</column>
<column name="ap_enable_reg_pp0_iter2">1, 0, 1, 0</column>
<column name="ap_enable_reg_pp0_iter3">1, 0, 1, 0</column>
<column name="ap_enable_reg_pp0_iter4">1, 0, 1, 0</column>
<column name="ap_enable_reg_pp0_iter5">1, 0, 1, 0</column>
<column name="ap_enable_reg_pp0_iter6">1, 0, 1, 0</column>
<column name="ap_enable_reg_pp0_iter7">1, 0, 1, 0</column>
<column name="ap_enable_reg_pp0_iter8">1, 0, 1, 0</column>
<column name="ap_enable_reg_pp0_iter9">1, 0, 1, 0</column>
<column name="sub_ln859_1_reg_643">16, 0, 16, 0</column>
<column name="sub_ln859_2_reg_670">16, 0, 16, 0</column>
<column name="sub_ln859_3_reg_675">16, 0, 16, 0</column>
<column name="sub_ln859_4_reg_831">16, 0, 16, 0</column>
<column name="sub_ln859_5_reg_913">16, 0, 16, 0</column>
<column name="sub_ln859_reg_496">16, 0, 16, 0</column>
<column name="theta_out_V_1_reg_663">16, 0, 16, 0</column>
<column name="theta_out_V_2_reg_747">16, 0, 16, 0</column>
<column name="theta_out_V_3_reg_824">16, 0, 16, 0</column>
<column name="theta_out_V_4_reg_906">16, 0, 16, 0</column>
<column name="theta_out_V_5_reg_1023">16, 0, 16, 0</column>
<column name="theta_out_V_reg_636">16, 0, 16, 0</column>
<column name="x_out_V_2_reg_742">16, 0, 16, 0</column>
<column name="x_out_V_4_reg_901">16, 0, 16, 0</column>
<column name="x_out_V_5_reg_1018">16, 0, 16, 0</column>
<column name="A_load_10_reg_596">64, 32, 16, 0</column>
<column name="A_load_11_reg_606">64, 32, 16, 0</column>
<column name="A_load_13_reg_616">64, 32, 16, 0</column>
<column name="A_load_14_reg_626">64, 32, 16, 0</column>
<column name="A_load_15_reg_631">64, 32, 16, 0</column>
<column name="A_load_1_reg_516">64, 32, 16, 0</column>
<column name="A_load_2_reg_526">64, 32, 16, 0</column>
<column name="A_load_3_reg_536">64, 32, 16, 0</column>
<column name="A_load_4_reg_546">64, 32, 16, 0</column>
<column name="A_load_5_reg_556">64, 32, 16, 0</column>
<column name="A_load_6_reg_566">64, 32, 16, 0</column>
<column name="A_load_7_reg_576">64, 32, 16, 0</column>
<column name="A_load_9_reg_586">64, 32, 16, 0</column>
<column name="A_load_reg_506">64, 32, 16, 0</column>
<column name="QT_0_1_reg_856">64, 32, 16, 0</column>
<column name="QT_0_2_reg_866">64, 32, 16, 0</column>
<column name="QT_0_3_reg_876">64, 32, 16, 0</column>
<column name="QT_1_1_reg_988">64, 32, 16, 0</column>
<column name="QT_1_2_reg_998">64, 32, 16, 0</column>
<column name="QT_1_3_reg_1008">64, 32, 16, 0</column>
<column name="QT_1_reg_978">64, 32, 16, 0</column>
<column name="QT_Temp_V_addr_10_ret_reg_933">64, 32, 16, 0</column>
<column name="QT_Temp_V_addr_11_ret1_reg_943">64, 32, 16, 0</column>
<column name="QT_Temp_V_addr_11_ret_reg_707">64, 32, 16, 0</column>
<column name="QT_Temp_V_addr_14_ret3_reg_1003">64, 32, 16, 0</column>
<column name="QT_Temp_V_addr_15_ret1_reg_953">64, 32, 16, 0</column>
<column name="QT_Temp_V_addr_15_ret_reg_717">64, 32, 16, 0</column>
<column name="QT_Temp_V_addr_6_ret3_reg_983">64, 32, 16, 0</column>
<column name="QT_Temp_V_addr_7_ret2_reg_993">64, 32, 16, 0</column>
<column name="QT_Temp_V_addr_8_ret3_reg_1013">64, 32, 16, 0</column>
<column name="QT_Temp_V_addr_9_ret1_reg_923">64, 32, 16, 0</column>
<column name="QT_Temp_V_addr_9_ret_reg_696">64, 32, 16, 0</column>
<column name="QT_reg_846">64, 32, 16, 0</column>
<column name="R_0_1_reg_804">64, 32, 16, 0</column>
<column name="R_0_2_reg_814">64, 32, 16, 0</column>
<column name="R_0_3_reg_836">64, 32, 16, 0</column>
<column name="R_1_2_reg_958">64, 32, 16, 0</column>
<column name="R_1_3_reg_968">64, 32, 16, 0</column>
<column name="R_Temp_V_addr_10_ret2_reg_737">64, 32, 16, 0</column>
<column name="R_Temp_V_addr_11_ret1_reg_759">64, 32, 16, 0</column>
<column name="R_Temp_V_addr_11_ret3_reg_973">64, 32, 16, 0</column>
<column name="R_Temp_V_addr_14_ret1_reg_658">64, 32, 16, 0</column>
<column name="R_Temp_V_addr_15_ret1_reg_896">64, 32, 16, 0</column>
<column name="R_Temp_V_addr_15_ret_reg_685">64, 32, 16, 0</column>
<column name="R_Temp_V_addr_6_ret1_reg_819">64, 32, 16, 0</column>
<column name="R_Temp_V_addr_7_ret1_reg_841">64, 32, 16, 0</column>
<column name="sub_ln859_3_reg_675">64, 32, 16, 0</column>
<column name="sub_ln859_5_reg_913">64, 32, 16, 0</column>
<column name="theta_out_V_1_reg_663">64, 32, 16, 0</column>
<column name="theta_out_V_2_reg_747">64, 32, 16, 0</column>
<column name="theta_out_V_4_reg_906">64, 32, 16, 0</column>
<column name="theta_out_V_reg_636">64, 32, 16, 0</column>
<column name="x_out_V_2_reg_742">64, 32, 16, 0</column>
<column name="x_out_V_4_reg_901">64, 32, 16, 0</column>
<column name="x_out_V_5_reg_1018">64, 32, 16, 0</column>
</table>
</item>
</section>
</item>
</section>

<section name = "Interface" level="0">
<item name = "Summary"><table name="" hasTotal="0">
<keys size="6">RTL Ports, Dir, Bits, Protocol, Source Object, C Type</keys>
<column name="ap_clk">in, 1, ap_ctrl_hs, qr_decomposition, return value</column>
<column name="ap_rst">in, 1, ap_ctrl_hs, qr_decomposition, return value</column>
<column name="ap_start">in, 1, ap_ctrl_hs, qr_decomposition, return value</column>
<column name="ap_done">out, 1, ap_ctrl_hs, qr_decomposition, return value</column>
<column name="ap_idle">out, 1, ap_ctrl_hs, qr_decomposition, return value</column>
<column name="ap_ready">out, 1, ap_ctrl_hs, qr_decomposition, return value</column>
<column name="ap_return_0">out, 16, ap_ctrl_hs, qr_decomposition, return value</column>
<column name="ap_return_1">out, 16, ap_ctrl_hs, qr_decomposition, return value</column>
<column name="ap_return_2">out, 16, ap_ctrl_hs, qr_decomposition, return value</column>
<column name="ap_return_3">out, 16, ap_ctrl_hs, qr_decomposition, return value</column>
<column name="ap_return_4">out, 16, ap_ctrl_hs, qr_decomposition, return value</column>
<column name="ap_return_5">out, 16, ap_ctrl_hs, qr_decomposition, return value</column>
<column name="ap_return_6">out, 16, ap_ctrl_hs, qr_decomposition, return value</column>
<column name="ap_return_7">out, 16, ap_ctrl_hs, qr_decomposition, return value</column>
<column name="ap_return_8">out, 16, ap_ctrl_hs, qr_decomposition, return value</column>
<column name="ap_return_9">out, 16, ap_ctrl_hs, qr_decomposition, return value</column>
<column name="ap_return_10">out, 16, ap_ctrl_hs, qr_decomposition, return value</column>
<column name="ap_return_11">out, 16, ap_ctrl_hs, qr_decomposition, return value</column>
<column name="ap_return_12">out, 16, ap_ctrl_hs, qr_decomposition, return value</column>
<column name="ap_return_13">out, 16, ap_ctrl_hs, qr_decomposition, return value</column>
<column name="ap_return_14">out, 16, ap_ctrl_hs, qr_decomposition, return value</column>
<column name="ap_return_15">out, 16, ap_ctrl_hs, qr_decomposition, return value</column>
<column name="ap_return_16">out, 16, ap_ctrl_hs, qr_decomposition, return value</column>
<column name="ap_return_17">out, 16, ap_ctrl_hs, qr_decomposition, return value</column>
<column name="ap_return_18">out, 16, ap_ctrl_hs, qr_decomposition, return value</column>
<column name="ap_return_19">out, 16, ap_ctrl_hs, qr_decomposition, return value</column>
<column name="ap_return_20">out, 16, ap_ctrl_hs, qr_decomposition, return value</column>
<column name="ap_return_21">out, 16, ap_ctrl_hs, qr_decomposition, return value</column>
<column name="ap_return_22">out, 16, ap_ctrl_hs, qr_decomposition, return value</column>
<column name="ap_return_23">out, 16, ap_ctrl_hs, qr_decomposition, return value</column>
<column name="ap_return_24">out, 16, ap_ctrl_hs, qr_decomposition, return value</column>
<column name="ap_return_25">out, 16, ap_ctrl_hs, qr_decomposition, return value</column>
<column name="A_address0">out, 4, ap_memory, A, array</column>
<column name="A_ce0">out, 1, ap_memory, A, array</column>
<column name="A_q0">in, 16, ap_memory, A, array</column>
</table>
</item>
</section>
</profile>
