<root versionMajor = "1" versionMinor = "5">
  <kernel src_name="LinearSolver" language="c" hwCtrl="ap_ctrl_hs" mem_layout="fpga64-xilinx-none">
    <args>
      <arg id="0" access_type="r" src_name="A" src_type="ap_fixed&lt;16, 3, AP_TRN, AP_WRAP, 0&gt;*" src_isptr="1" src_bitwidth="16" src_size_or_depth="16">
        <hw hw_usage="data" hw_interface="S_AXILite" hw_name="A_in" hw_bitwidth="16" hw_size_or_depth="16" hw_kernel_support="true">
          <constraint constraint_type="pragma interface" mode="s_axilite" register_option="0" offset="32"/>
        </hw>
      </arg>
      <arg id="1" access_type="r" src_name="b" src_type="ap_fixed&lt;16, 3, AP_TRN, AP_WRAP, 0&gt;*" src_isptr="1" src_bitwidth="16" src_size_or_depth="4">
        <hw hw_usage="data" hw_interface="S_AXILite" hw_name="b_in" hw_bitwidth="16" hw_size_or_depth="4" hw_kernel_support="true">
          <constraint constraint_type="pragma interface" mode="s_axilite" register_option="0" offset="16"/>
        </hw>
      </arg>
      <arg id="2" access_type="w" src_name="x" src_type="ap_fixed&lt;16, 3, AP_TRN, AP_WRAP, 0&gt;*" src_isptr="1" src_bitwidth="16" src_size_or_depth="4">
        <hw hw_usage="data" hw_interface="S_AXILite" hw_name="x_out" hw_bitwidth="16" hw_size_or_depth="4" hw_kernel_support="true">
          <constraint constraint_type="pragma interface" mode="s_axilite" register_option="0" offset="16"/>
        </hw>
      </arg>
    </args>
    <return src_type="void" src_bitwidth="0" offset="0x0">
      <hw hw_usage="data" hw_interface="" hw_name="" hw_bitwidth="0" hw_kernel_support="true"/>
    </return>
  </kernel>
</root>
