{"sourceFile": [{
      "name": "",
      "directive": [
        {
          "functionName": "circular_cordic",
          "label": "",
          "functionLabel": "",
          "id": "1",
          "sourceFile": "C:\/ELEC522\/Cameron\/lab_five\/vitis_hls\/lab_five\/solution1\/directives.tcl",
          "sourceLine": "6",
          "pragma": {
            "name": "TOP",
            "option": [{
                "name": "name",
                "value": "circular_cordic"
              }]
          }
        },
        {
          "functionName": "circular_cordic",
          "label": "",
          "functionLabel": "",
          "id": "2",
          "sourceFile": "C:\/ELEC522\/Cameron\/lab_five\/vitis_hls\/lab_five\/solution1\/csynth.tcl",
          "sourceLine": "15",
          "pragma": {
            "name": "TOP",
            "option": [{
                "name": "name",
                "value": "circular_cordic"
              }]
          }
        }
      ]
    }]}
