<profile>

<section name = "Vitis HLS Report for 'circular_cordic'" level="0">
<item name = "Date">Fri Nov 18 03:25:13 2022
</item>
<item name = "Version">2022.1 (Build 3526262 on Mon Apr 18 15:48:16 MDT 2022)</item>
<item name = "Project">lab_five</item>
<item name = "Solution">solution1 (Vivado IP Flow Target)</item>
<item name = "Product family">zynq</item>
<item name = "Target device">xc7z020-clg484-1</item>
</section>

<section name = "Performance Estimates" level="0">
<item name = "Timing">
<section name = "" level="1">
<item name = "Summary"><table name="" hasTotal="0">
<keys size="4">Clock, Target, Estimated, Uncertainty</keys>
<column name="ap_clk">10.00 ns, 6.870 ns, 2.70 ns</column>
</table>
</item>
</section>
</item>
<item name = "Latency">
<section name = "" level="1">
<item name = "Summary"><table name="" hasTotal="0">
<keys size="8">, min, max, min, max, min, max, Type</keys>
<column name="">19, 19, 0.190 us, 0.190 us, 20, 20, no</column>
</table>
</item>
<item name = "Detail">
<section name = "" level="1">
<item name = "Instance"><table name="" hasTotal="0">
<keys size="9">Instance, Module, min, max, min, max, min, max, Type</keys>
<column name="grp_circular_cordic_Pipeline_CORD_LOOP_fu_145">circular_cordic_Pipeline_CORD_LOOP, 15, 15, 0.150 us, 0.150 us, 15, 15, no</column>
</table>
</item>
<item name = "Loop"><table name="" hasTotal="0">
<keys size="8">Loop Name, min, max, Latency, achieved, target, Count, Pipelined</keys>
</table>
</item>
</section>
</item>
</section>
</item>
</section>

<section name = "Utilization Estimates" level="0">
<item name = "Summary"><table name="" hasTotal="1">
<keys size="6">Name, BRAM_18K, DSP, FF, LUT, URAM</keys>
<column name="DSP">-, -, -, -, -</column>
<column name="Expression">-, -, 0, 648, -</column>
<column name="FIFO">-, -, -, -, -</column>
<column name="Instance">0, -, 106, 379, -</column>
<column name="Memory">-, -, -, -, -</column>
<column name="Multiplexer">-, -, -, 31, -</column>
<column name="Register">-, -, 141, -, -</column>
<specialColumn name="Available">280, 220, 106400, 53200, 0</specialColumn>
<specialColumn name="Utilization (%)">0, 0, ~0, 1, 0</specialColumn>
</table>
</item>
<item name = "Detail">
<section name = "" level="1">
<item name = "Instance"><table name="" hasTotal="1">
<keys size="7">Instance, Module, BRAM_18K, DSP, FF, LUT, URAM</keys>
<column name="grp_circular_cordic_Pipeline_CORD_LOOP_fu_145">circular_cordic_Pipeline_CORD_LOOP, 0, 0, 106, 379, 0</column>
</table>
</item>
<item name = "DSP"><table name="" hasTotal="0">
<keys size="3">Instance, Module, Expression</keys>
</table>
</item>
<item name = "Memory"><table name="" hasTotal="1">
<keys size="10">Memory, Module, BRAM_18K, FF, LUT, URAM, Words, Bits, Banks, W*Bits*Banks</keys>
</table>
</item>
<item name = "FIFO"><table name="" hasTotal="1">
<keys size="8">Name, BRAM_18K, FF, LUT, URAM, Depth, Bits, Size:D*B</keys>
</table>
</item>
<item name = "Expression"><table name="" hasTotal="1">
<keys size="7">Variable Name, Operation, DSP, FF, LUT, Bitwidth P0, Bitwidth P1</keys>
<column name="angle_Out">-, 0, 0, 23, 1, 16</column>
<column name="cosine_Out">-, 0, 0, 23, 16, 16</column>
<column name="inter_cosine_V_fu_193_p2">-, 0, 0, 23, 1, 16</column>
<column name="inter_sine_V_fu_181_p2">-, 0, 0, 23, 1, 16</column>
<column name="sine_Out">-, 0, 0, 23, 16, 16</column>
<column name="sub_ln859_10_fu_496_p2">-, 0, 0, 23, 16, 16</column>
<column name="sub_ln859_11_fu_573_p2">-, 0, 0, 23, 16, 16</column>
<column name="sub_ln859_12_fu_592_p2">-, 0, 0, 23, 16, 16</column>
<column name="sub_ln859_13_fu_612_p2">-, 0, 0, 23, 16, 16</column>
<column name="sub_ln859_1_fu_386_p2">-, 0, 0, 23, 16, 16</column>
<column name="sub_ln859_2_fu_406_p2">-, 0, 0, 23, 16, 16</column>
<column name="sub_ln859_3_fu_426_p2">-, 0, 0, 23, 16, 16</column>
<column name="sub_ln859_4_fu_515_p2">-, 0, 0, 23, 16, 16</column>
<column name="sub_ln859_5_fu_534_p2">-, 0, 0, 23, 16, 16</column>
<column name="sub_ln859_6_fu_554_p2">-, 0, 0, 23, 16, 16</column>
<column name="sub_ln859_8_fu_456_p2">-, 0, 0, 23, 16, 16</column>
<column name="sub_ln859_9_fu_476_p2">-, 0, 0, 23, 16, 16</column>
<column name="and_ln1695_1_fu_312_p2">and, 0, 0, 2, 1, 1</column>
<column name="and_ln1695_fu_249_p2">and, 0, 0, 2, 1, 1</column>
<column name="and_ln1696_1_fu_243_p2">and, 0, 0, 2, 1, 1</column>
<column name="and_ln1696_2_fu_269_p2">and, 0, 0, 2, 1, 1</column>
<column name="and_ln1696_fu_229_p2">and, 0, 0, 2, 1, 1</column>
<column name="icmp_ln1695_1_fu_187_p2">icmp, 0, 0, 13, 16, 13</column>
<column name="icmp_ln1695_fu_175_p2">icmp, 0, 0, 13, 16, 1</column>
<column name="icmp_ln1696_fu_169_p2">icmp, 0, 0, 13, 16, 14</column>
<column name="or_ln1695_fu_343_p2">or, 0, 0, 2, 1, 1</column>
<column name="or_ln1696_fu_283_p2">or, 0, 0, 2, 1, 1</column>
<column name="select_ln1695_1_fu_318_p3">select, 0, 0, 16, 1, 16</column>
<column name="select_ln1695_2_fu_335_p3">select, 0, 0, 13, 1, 13</column>
<column name="select_ln1695_3_fu_349_p3">select, 0, 0, 14, 1, 14</column>
<column name="select_ln1695_fu_255_p3">select, 0, 0, 16, 1, 16</column>
<column name="select_ln1696_1_fu_275_p3">select, 0, 0, 16, 1, 16</column>
<column name="select_ln1696_2_fu_289_p3">select, 0, 0, 16, 1, 16</column>
<column name="select_ln1696_3_fu_298_p3">select, 0, 0, 16, 1, 16</column>
<column name="select_ln1696_4_fu_326_p3">select, 0, 0, 16, 1, 16</column>
<column name="select_ln1696_5_fu_357_p3">select, 0, 0, 14, 1, 14</column>
<column name="select_ln1696_fu_235_p3">select, 0, 0, 16, 1, 16</column>
<column name="select_ln70_1_fu_207_p3">select, 0, 0, 16, 1, 16</column>
<column name="select_ln70_2_fu_215_p3">select, 0, 0, 16, 1, 16</column>
<column name="select_ln70_fu_199_p3">select, 0, 0, 13, 1, 13</column>
<column name="xor_ln1695_fu_306_p2">xor, 0, 0, 2, 1, 2</column>
<column name="xor_ln1696_fu_223_p2">xor, 0, 0, 2, 1, 2</column>
<column name="xor_ln19_fu_263_p2">xor, 0, 0, 2, 1, 2</column>
</table>
</item>
<item name = "Multiplexer"><table name="" hasTotal="1">
<keys size="5">Name, LUT, Input Size, Bits, Total Bits</keys>
<column name="ap_NS_fsm">31, 6, 1, 6</column>
</table>
</item>
<item name = "Register"><table name="" hasTotal="1">
<keys size="5">Name, FF, LUT, Bits, Const Bits</keys>
<column name="ap_CS_fsm">5, 0, 5, 0</column>
<column name="grp_circular_cordic_Pipeline_CORD_LOOP_fu_145_ap_start_reg">1, 0, 1, 0</column>
<column name="r_10_reg_714">9, 0, 9, 0</column>
<column name="r_13_reg_734">4, 0, 4, 0</column>
<column name="r_3_reg_704">9, 0, 9, 0</column>
<column name="r_6_reg_724">4, 0, 4, 0</column>
<column name="select_ln1696_2_reg_684">16, 0, 16, 0</column>
<column name="select_ln1696_4_reg_689">16, 0, 16, 0</column>
<column name="select_ln1696_5_reg_694">13, 0, 14, 1</column>
<column name="sub_ln859_10_reg_709">16, 0, 16, 0</column>
<column name="sub_ln859_13_reg_729">16, 0, 16, 0</column>
<column name="sub_ln859_3_reg_699">16, 0, 16, 0</column>
<column name="sub_ln859_6_reg_719">16, 0, 16, 0</column>
</table>
</item>
</section>
</item>
</section>

<section name = "Interface" level="0">
<item name = "Summary"><table name="" hasTotal="0">
<keys size="6">RTL Ports, Dir, Bits, Protocol, Source Object, C Type</keys>
<column name="ap_clk">in, 1, ap_ctrl_hs, circular_cordic, return value</column>
<column name="ap_rst">in, 1, ap_ctrl_hs, circular_cordic, return value</column>
<column name="ap_start">in, 1, ap_ctrl_hs, circular_cordic, return value</column>
<column name="ap_done">out, 1, ap_ctrl_hs, circular_cordic, return value</column>
<column name="ap_idle">out, 1, ap_ctrl_hs, circular_cordic, return value</column>
<column name="ap_ready">out, 1, ap_ctrl_hs, circular_cordic, return value</column>
<column name="angle_in">in, 16, ap_none, angle_in, scalar</column>
<column name="cosine_In">in, 16, ap_none, cosine_In, scalar</column>
<column name="sine_In">in, 16, ap_none, sine_In, scalar</column>
<column name="angle_Out">out, 16, ap_vld, angle_Out, pointer</column>
<column name="angle_Out_ap_vld">out, 1, ap_vld, angle_Out, pointer</column>
<column name="cosine_Out">out, 16, ap_vld, cosine_Out, pointer</column>
<column name="cosine_Out_ap_vld">out, 1, ap_vld, cosine_Out, pointer</column>
<column name="sine_Out">out, 16, ap_vld, sine_Out, pointer</column>
<column name="sine_Out_ap_vld">out, 1, ap_vld, sine_Out, pointer</column>
<column name="arc_tan">in, 1, ap_none, arc_tan, scalar</column>
</table>
</item>
</section>
</profile>
