<stg><name>circular_cordic_Pipeline_CORD_LOOP</name>


<trans_list>

<trans id="73" from="1" to="2">
<condition id="-1">
<or_exp><and_exp></and_exp></or_exp>
</condition>
</trans>

<trans id="70" from="2" to="3">
<condition id="-1">
<or_exp><and_exp></and_exp></or_exp>
</condition>
</trans>
</trans_list>



<state_list>

<state id="1" st_id="2">

<operation id="6" st_id="1" stage="1" lat="1">
<core>NULL</core>
<MemPortIdVec></MemPortIdVec>
<condition id="-1">
<or_exp><and_exp></and_exp></or_exp>
</condition>

<Node id="10" bw="16" op_0_bw="32">
<![CDATA[
newFuncRoot:0 %accum_angle_V = alloca i32 1

]]></Node>
<StgValue><ssdm name="accum_angle_V"/></StgValue>
</operation>

<operation id="7" st_id="1" stage="1" lat="1">
<core>NULL</core>
<MemPortIdVec></MemPortIdVec>
<condition id="-1">
<or_exp><and_exp></and_exp></or_exp>
</condition>

<Node id="11" bw="16" op_0_bw="32">
<![CDATA[
newFuncRoot:1 %inter_cosine_V = alloca i32 1

]]></Node>
<StgValue><ssdm name="inter_cosine_V"/></StgValue>
</operation>

<operation id="8" st_id="1" stage="1" lat="1">
<core>NULL</core>
<MemPortIdVec></MemPortIdVec>
<condition id="-1">
<or_exp><and_exp></and_exp></or_exp>
</condition>

<Node id="12" bw="16" op_0_bw="32">
<![CDATA[
newFuncRoot:2 %inter_sine_V = alloca i32 1

]]></Node>
<StgValue><ssdm name="inter_sine_V"/></StgValue>
</operation>

<operation id="9" st_id="1" stage="1" lat="1">
<core>NULL</core>
<MemPortIdVec></MemPortIdVec>
<condition id="-1">
<or_exp><and_exp></and_exp></or_exp>
</condition>

<Node id="13" bw="4" op_0_bw="32">
<![CDATA[
newFuncRoot:3 %i = alloca i32 1

]]></Node>
<StgValue><ssdm name="i"/></StgValue>
</operation>

<operation id="10" st_id="1" stage="1" lat="1">
<core>NULL</core>
<MemPortIdVec></MemPortIdVec>
<condition id="-1">
<or_exp><and_exp></and_exp></or_exp>
</condition>

<Node id="14" bw="1" op_0_bw="1" op_1_bw="1">
<![CDATA[
newFuncRoot:4 %arc_tan_read = read i1 @_ssdm_op_Read.ap_auto.i1, i1 %arc_tan

]]></Node>
<StgValue><ssdm name="arc_tan_read"/></StgValue>
</operation>

<operation id="11" st_id="1" stage="1" lat="1">
<core>NULL</core>
<MemPortIdVec></MemPortIdVec>
<condition id="-1">
<or_exp><and_exp></and_exp></or_exp>
</condition>

<Node id="15" bw="16" op_0_bw="16" op_1_bw="16">
<![CDATA[
newFuncRoot:5 %angle_in_read = read i16 @_ssdm_op_Read.ap_auto.i16, i16 %angle_in

]]></Node>
<StgValue><ssdm name="angle_in_read"/></StgValue>
</operation>

<operation id="12" st_id="1" stage="1" lat="1">
<core>NULL</core>
<MemPortIdVec></MemPortIdVec>
<condition id="-1">
<or_exp><and_exp></and_exp></or_exp>
</condition>

<Node id="16" bw="14" op_0_bw="14" op_1_bw="14">
<![CDATA[
newFuncRoot:6 %accum_angle_V_ph_cast_read = read i14 @_ssdm_op_Read.ap_auto.i14, i14 %accum_angle_V_ph_cast

]]></Node>
<StgValue><ssdm name="accum_angle_V_ph_cast_read"/></StgValue>
</operation>

<operation id="13" st_id="1" stage="1" lat="1">
<core>NULL</core>
<MemPortIdVec></MemPortIdVec>
<condition id="-1">
<or_exp><and_exp></and_exp></or_exp>
</condition>

<Node id="17" bw="16" op_0_bw="16" op_1_bw="16">
<![CDATA[
newFuncRoot:7 %select_ln1696_4_read = read i16 @_ssdm_op_Read.ap_auto.i16, i16 %select_ln1696_4

]]></Node>
<StgValue><ssdm name="select_ln1696_4_read"/></StgValue>
</operation>

<operation id="14" st_id="1" stage="1" lat="1">
<core>NULL</core>
<MemPortIdVec></MemPortIdVec>
<condition id="-1">
<or_exp><and_exp></and_exp></or_exp>
</condition>

<Node id="18" bw="16" op_0_bw="16" op_1_bw="16">
<![CDATA[
newFuncRoot:8 %select_ln1696_2_read = read i16 @_ssdm_op_Read.ap_auto.i16, i16 %select_ln1696_2

]]></Node>
<StgValue><ssdm name="select_ln1696_2_read"/></StgValue>
</operation>

<operation id="15" st_id="1" stage="1" lat="1">
<core>NULL</core>
<MemPortIdVec></MemPortIdVec>
<condition id="-1">
<or_exp><and_exp></and_exp></or_exp>
</condition>

<Node id="19" bw="16" op_0_bw="14">
<![CDATA[
newFuncRoot:9 %accum_angle_V_ph_cast_cast = sext i14 %accum_angle_V_ph_cast_read

]]></Node>
<StgValue><ssdm name="accum_angle_V_ph_cast_cast"/></StgValue>
</operation>

<operation id="16" st_id="1" stage="1" lat="1">
<core>NULL</core>
<MemPortIdVec></MemPortIdVec>
<condition id="-1">
<or_exp><and_exp></and_exp></or_exp>
</condition>

<Node id="20" bw="0" op_0_bw="4" op_1_bw="4">
<![CDATA[
newFuncRoot:10 %store_ln0 = store i4 0, i4 %i

]]></Node>
<StgValue><ssdm name="store_ln0"/></StgValue>
</operation>

<operation id="17" st_id="1" stage="1" lat="1">
<core>NULL</core>
<MemPortIdVec></MemPortIdVec>
<condition id="-1">
<or_exp><and_exp></and_exp></or_exp>
</condition>

<Node id="21" bw="0" op_0_bw="16" op_1_bw="16">
<![CDATA[
newFuncRoot:11 %store_ln0 = store i16 %select_ln1696_2_read, i16 %inter_sine_V

]]></Node>
<StgValue><ssdm name="store_ln0"/></StgValue>
</operation>

<operation id="18" st_id="1" stage="1" lat="1">
<core>NULL</core>
<MemPortIdVec></MemPortIdVec>
<condition id="-1">
<or_exp><and_exp></and_exp></or_exp>
</condition>

<Node id="22" bw="0" op_0_bw="16" op_1_bw="16">
<![CDATA[
newFuncRoot:12 %store_ln0 = store i16 %select_ln1696_4_read, i16 %inter_cosine_V

]]></Node>
<StgValue><ssdm name="store_ln0"/></StgValue>
</operation>

<operation id="19" st_id="1" stage="1" lat="1">
<core>NULL</core>
<MemPortIdVec></MemPortIdVec>
<condition id="-1">
<or_exp><and_exp></and_exp></or_exp>
</condition>

<Node id="23" bw="0" op_0_bw="16" op_1_bw="16">
<![CDATA[
newFuncRoot:13 %store_ln0 = store i16 %accum_angle_V_ph_cast_cast, i16 %accum_angle_V

]]></Node>
<StgValue><ssdm name="store_ln0"/></StgValue>
</operation>

<operation id="20" st_id="1" stage="1" lat="1">
<core>NULL</core>
<MemPortIdVec></MemPortIdVec>
<condition id="-1">
<or_exp><and_exp></and_exp></or_exp>
</condition>

<Node id="24" bw="0" op_0_bw="0">
<![CDATA[
newFuncRoot:14 %br_ln0 = br void %for.body

]]></Node>
<StgValue><ssdm name="br_ln0"/></StgValue>
</operation>

<operation id="21" st_id="1" stage="1" lat="1">
<core>NULL</core>
<MemPortIdVec></MemPortIdVec>
<condition id="-1">
<or_exp><and_exp></and_exp></or_exp>
</condition>

<Node id="26" bw="4" op_0_bw="4" op_1_bw="0">
<![CDATA[
for.body:0 %i_1 = load i4 %i

]]></Node>
<StgValue><ssdm name="i_1"/></StgValue>
</operation>

<operation id="22" st_id="1" stage="1" lat="1">
<core>NULL</core>
<MemPortIdVec></MemPortIdVec>
<condition id="-1">
<or_exp><and_exp></and_exp></or_exp>
</condition>

<Node id="27" bw="0" op_0_bw="0" op_1_bw="32" op_2_bw="32" op_3_bw="32" op_4_bw="32" op_5_bw="0">
<![CDATA[
for.body:1 %specpipeline_ln0 = specpipeline void @_ssdm_op_SpecPipeline, i32 4294967295, i32 0, i32 1, i32 0, void @p_str

]]></Node>
<StgValue><ssdm name="specpipeline_ln0"/></StgValue>
</operation>

<operation id="23" st_id="1" stage="1" lat="1">
<core>Cmp</core>
<MemPortIdVec></MemPortIdVec>
<condition id="-1">
<or_exp><and_exp></and_exp></or_exp>
</condition>

<Node id="28" bw="1" op_0_bw="4" op_1_bw="4">
<![CDATA[
for.body:2 %icmp_ln81 = icmp_eq  i4 %i_1, i4 12

]]></Node>
<StgValue><ssdm name="icmp_ln81"/></StgValue>
</operation>

<operation id="24" st_id="1" stage="1" lat="1">
<core>NULL</core>
<MemPortIdVec></MemPortIdVec>
<condition id="-1">
<or_exp><and_exp></and_exp></or_exp>
</condition>

<Node id="29" bw="32" op_0_bw="32" op_1_bw="64" op_2_bw="64" op_3_bw="64">
<![CDATA[
for.body:3 %empty = speclooptripcount i32 @_ssdm_op_SpecLoopTripCount, i64 12, i64 12, i64 12

]]></Node>
<StgValue><ssdm name="empty"/></StgValue>
</operation>

<operation id="25" st_id="1" stage="1" lat="1">
<core>Adder</core>
<MemPortIdVec></MemPortIdVec>
<condition id="-1">
<or_exp><and_exp></and_exp></or_exp>
</condition>

<Node id="30" bw="4" op_0_bw="4" op_1_bw="4">
<![CDATA[
for.body:4 %add_ln81 = add i4 %i_1, i4 1

]]></Node>
<StgValue><ssdm name="add_ln81"/></StgValue>
</operation>

<operation id="26" st_id="1" stage="1" lat="1">
<core>NULL</core>
<MemPortIdVec></MemPortIdVec>
<condition id="-1">
<or_exp><and_exp></and_exp></or_exp>
</condition>

<Node id="31" bw="0" op_0_bw="1" op_1_bw="0" op_2_bw="0">
<![CDATA[
for.body:5 %br_ln81 = br i1 %icmp_ln81, void %for.body.split, void %for.end.exitStub

]]></Node>
<StgValue><ssdm name="br_ln81"/></StgValue>
</operation>

<operation id="27" st_id="1" stage="1" lat="1">
<core>NULL</core>
<MemPortIdVec></MemPortIdVec>
<condition id="-1">
<or_exp><and_exp><literal name="icmp_ln81" val="0"/>
</and_exp></or_exp>
</condition>

<Node id="36" bw="64" op_0_bw="4">
<![CDATA[
for.body.split:3 %trunc_ln1534_cast35 = zext i4 %i_1

]]></Node>
<StgValue><ssdm name="trunc_ln1534_cast35"/></StgValue>
</operation>

<operation id="28" st_id="1" stage="1" lat="1">
<core>NULL</core>
<MemPortIdVec></MemPortIdVec>
<condition id="-1">
<or_exp><and_exp><literal name="icmp_ln81" val="0"/>
</and_exp></or_exp>
</condition>

<Node id="50" bw="4" op_0_bw="12" op_1_bw="64" op_2_bw="64">
<![CDATA[
for.body.split:17 %Cordic_Rotations_V_addr = getelementptr i12 %Cordic_Rotations_V, i64 0, i64 %trunc_ln1534_cast35

]]></Node>
<StgValue><ssdm name="Cordic_Rotations_V_addr"/></StgValue>
</operation>

<operation id="29" st_id="1" stage="2" lat="2">
<core>ROM</core>
<MemPortIdVec>0 </MemPortIdVec>
<condition id="-1">
<or_exp><and_exp><literal name="icmp_ln81" val="0"/>
</and_exp></or_exp>
</condition>

<Node id="51" bw="12" op_0_bw="4">
<![CDATA[
for.body.split:18 %Cordic_Rotations_V_load = load i4 %Cordic_Rotations_V_addr

]]></Node>
<StgValue><ssdm name="Cordic_Rotations_V_load"/></StgValue>
</operation>

<operation id="30" st_id="1" stage="1" lat="1">
<core>NULL</core>
<MemPortIdVec></MemPortIdVec>
<condition id="-1">
<or_exp><and_exp><literal name="icmp_ln81" val="0"/>
</and_exp></or_exp>
</condition>

<Node id="56" bw="0" op_0_bw="4" op_1_bw="4" op_2_bw="0" op_3_bw="0">
<![CDATA[
for.body.split:23 %store_ln81 = store i4 %add_ln81, i4 %i

]]></Node>
<StgValue><ssdm name="store_ln81"/></StgValue>
</operation>
</state>

<state id="2" st_id="3">

<operation id="31" st_id="2" stage="1" lat="1">
<core>NULL</core>
<MemPortIdVec></MemPortIdVec>
<condition id="-1">
<or_exp><and_exp></and_exp></or_exp>
</condition>

<Node id="33" bw="16" op_0_bw="16" op_1_bw="0">
<![CDATA[
for.body.split:0 %accum_angle_V_load = load i16 %accum_angle_V

]]></Node>
<StgValue><ssdm name="accum_angle_V_load"/></StgValue>
</operation>

<operation id="32" st_id="2" stage="1" lat="1">
<core>NULL</core>
<MemPortIdVec></MemPortIdVec>
<condition id="-1">
<or_exp><and_exp></and_exp></or_exp>
</condition>

<Node id="34" bw="16" op_0_bw="16" op_1_bw="0">
<![CDATA[
for.body.split:1 %inter_cosine_V_load_1 = load i16 %inter_cosine_V

]]></Node>
<StgValue><ssdm name="inter_cosine_V_load_1"/></StgValue>
</operation>

<operation id="33" st_id="2" stage="1" lat="1">
<core>NULL</core>
<MemPortIdVec></MemPortIdVec>
<condition id="-1">
<or_exp><and_exp></and_exp></or_exp>
</condition>

<Node id="35" bw="16" op_0_bw="16" op_1_bw="0">
<![CDATA[
for.body.split:2 %inter_sine_V_load_1 = load i16 %inter_sine_V

]]></Node>
<StgValue><ssdm name="inter_sine_V_load_1"/></StgValue>
</operation>

<operation id="34" st_id="2" stage="1" lat="1">
<core>NULL</core>
<MemPortIdVec></MemPortIdVec>
<condition id="-1">
<or_exp><and_exp><literal name="arc_tan_read" val="1"/>
</and_exp></or_exp>
</condition>

<Node id="38" bw="1" op_0_bw="1" op_1_bw="16" op_2_bw="32">
<![CDATA[
for.body.split:5 %tmp = bitselect i1 @_ssdm_op_BitSelect.i1.i16.i32, i16 %inter_sine_V_load_1, i32 15

]]></Node>
<StgValue><ssdm name="tmp"/></StgValue>
</operation>

<operation id="35" st_id="2" stage="1" lat="1">
<core>Cmp</core>
<MemPortIdVec></MemPortIdVec>
<condition id="-1">
<or_exp><and_exp><literal name="arc_tan_read" val="0"/>
</and_exp></or_exp>
</condition>

<Node id="39" bw="1" op_0_bw="16" op_1_bw="16">
<![CDATA[
for.body.split:6 %icmp_ln1696 = icmp_slt  i16 %accum_angle_V_load, i16 %angle_in_read

]]></Node>
<StgValue><ssdm name="icmp_ln1696"/></StgValue>
</operation>

<operation id="36" st_id="2" stage="1" lat="1">
<core>Sel</core>
<MemPortIdVec></MemPortIdVec>
<condition id="-1">
<or_exp><and_exp></and_exp></or_exp>
</condition>

<Node id="40" bw="1" op_0_bw="1" op_1_bw="1" op_2_bw="1">
<![CDATA[
for.body.split:7 %increment = select i1 %arc_tan_read, i1 %tmp, i1 %icmp_ln1696

]]></Node>
<StgValue><ssdm name="increment"/></StgValue>
</operation>

<operation id="37" st_id="2" stage="1" lat="1">
<core>NULL</core>
<MemPortIdVec></MemPortIdVec>
<condition id="-1">
<or_exp><and_exp></and_exp></or_exp>
</condition>

<Node id="41" bw="16" op_0_bw="4">
<![CDATA[
for.body.split:8 %zext_ln1534 = zext i4 %i_1

]]></Node>
<StgValue><ssdm name="zext_ln1534"/></StgValue>
</operation>

<operation id="38" st_id="2" stage="1" lat="1">
<core>Shifter</core>
<MemPortIdVec></MemPortIdVec>
<condition id="-1">
<or_exp><and_exp></and_exp></or_exp>
</condition>

<Node id="42" bw="16" op_0_bw="16" op_1_bw="16">
<![CDATA[
for.body.split:9 %r = ashr i16 %inter_sine_V_load_1, i16 %zext_ln1534

]]></Node>
<StgValue><ssdm name="r"/></StgValue>
</operation>

<operation id="39" st_id="2" stage="1" lat="1">
<core>Adder</core>
<MemPortIdVec></MemPortIdVec>
<condition id="-1">
<or_exp><and_exp></and_exp></or_exp>
</condition>

<Node id="43" bw="16" op_0_bw="16" op_1_bw="16">
<![CDATA[
for.body.split:10 %sub_ln859 = sub i16 %inter_cosine_V_load_1, i16 %r

]]></Node>
<StgValue><ssdm name="sub_ln859"/></StgValue>
</operation>

<operation id="40" st_id="2" stage="1" lat="1">
<core>Adder</core>
<MemPortIdVec></MemPortIdVec>
<condition id="-1">
<or_exp><and_exp></and_exp></or_exp>
</condition>

<Node id="44" bw="16" op_0_bw="16" op_1_bw="16">
<![CDATA[
for.body.split:11 %add_ln859 = add i16 %r, i16 %inter_cosine_V_load_1

]]></Node>
<StgValue><ssdm name="add_ln859"/></StgValue>
</operation>

<operation id="41" st_id="2" stage="1" lat="1">
<core>Sel</core>
<MemPortIdVec></MemPortIdVec>
<condition id="-1">
<or_exp><and_exp></and_exp></or_exp>
</condition>

<Node id="45" bw="16" op_0_bw="1" op_1_bw="16" op_2_bw="16">
<![CDATA[
for.body.split:12 %inter_cosine_V_1 = select i1 %increment, i16 %sub_ln859, i16 %add_ln859

]]></Node>
<StgValue><ssdm name="inter_cosine_V_1"/></StgValue>
</operation>

<operation id="42" st_id="2" stage="1" lat="1">
<core>Shifter</core>
<MemPortIdVec></MemPortIdVec>
<condition id="-1">
<or_exp><and_exp></and_exp></or_exp>
</condition>

<Node id="46" bw="16" op_0_bw="16" op_1_bw="16">
<![CDATA[
for.body.split:13 %r_1 = ashr i16 %inter_cosine_V_load_1, i16 %zext_ln1534

]]></Node>
<StgValue><ssdm name="r_1"/></StgValue>
</operation>

<operation id="43" st_id="2" stage="1" lat="1">
<core>Adder</core>
<MemPortIdVec></MemPortIdVec>
<condition id="-1">
<or_exp><and_exp></and_exp></or_exp>
</condition>

<Node id="47" bw="16" op_0_bw="16" op_1_bw="16">
<![CDATA[
for.body.split:14 %add_ln859_1 = add i16 %r_1, i16 %inter_sine_V_load_1

]]></Node>
<StgValue><ssdm name="add_ln859_1"/></StgValue>
</operation>

<operation id="44" st_id="2" stage="1" lat="1">
<core>Adder</core>
<MemPortIdVec></MemPortIdVec>
<condition id="-1">
<or_exp><and_exp></and_exp></or_exp>
</condition>

<Node id="48" bw="16" op_0_bw="16" op_1_bw="16">
<![CDATA[
for.body.split:15 %sub_ln859_1 = sub i16 %inter_sine_V_load_1, i16 %r_1

]]></Node>
<StgValue><ssdm name="sub_ln859_1"/></StgValue>
</operation>

<operation id="45" st_id="2" stage="1" lat="1">
<core>Sel</core>
<MemPortIdVec></MemPortIdVec>
<condition id="-1">
<or_exp><and_exp></and_exp></or_exp>
</condition>

<Node id="49" bw="16" op_0_bw="1" op_1_bw="16" op_2_bw="16">
<![CDATA[
for.body.split:16 %inter_sine_V_1 = select i1 %increment, i16 %add_ln859_1, i16 %sub_ln859_1

]]></Node>
<StgValue><ssdm name="inter_sine_V_1"/></StgValue>
</operation>

<operation id="46" st_id="2" stage="1" lat="2">
<core>ROM</core>
<MemPortIdVec>0 </MemPortIdVec>
<condition id="-1">
<or_exp><and_exp></and_exp></or_exp>
</condition>

<Node id="51" bw="12" op_0_bw="4">
<![CDATA[
for.body.split:18 %Cordic_Rotations_V_load = load i4 %Cordic_Rotations_V_addr

]]></Node>
<StgValue><ssdm name="Cordic_Rotations_V_load"/></StgValue>
</operation>

<operation id="47" st_id="2" stage="1" lat="1">
<core>NULL</core>
<MemPortIdVec></MemPortIdVec>
<condition id="-1">
<or_exp><and_exp></and_exp></or_exp>
</condition>

<Node id="52" bw="16" op_0_bw="12">
<![CDATA[
for.body.split:19 %zext_ln859 = zext i12 %Cordic_Rotations_V_load

]]></Node>
<StgValue><ssdm name="zext_ln859"/></StgValue>
</operation>

<operation id="48" st_id="2" stage="1" lat="1">
<core>Adder</core>
<MemPortIdVec></MemPortIdVec>
<condition id="-1">
<or_exp><and_exp></and_exp></or_exp>
</condition>

<Node id="53" bw="16" op_0_bw="16" op_1_bw="16">
<![CDATA[
for.body.split:20 %add_ln859_2 = add i16 %zext_ln859, i16 %accum_angle_V_load

]]></Node>
<StgValue><ssdm name="add_ln859_2"/></StgValue>
</operation>

<operation id="49" st_id="2" stage="1" lat="1">
<core>Adder</core>
<MemPortIdVec></MemPortIdVec>
<condition id="-1">
<or_exp><and_exp></and_exp></or_exp>
</condition>

<Node id="54" bw="16" op_0_bw="16" op_1_bw="16">
<![CDATA[
for.body.split:21 %sub_ln859_2 = sub i16 %accum_angle_V_load, i16 %zext_ln859

]]></Node>
<StgValue><ssdm name="sub_ln859_2"/></StgValue>
</operation>

<operation id="50" st_id="2" stage="1" lat="1">
<core>Sel</core>
<MemPortIdVec></MemPortIdVec>
<condition id="-1">
<or_exp><and_exp></and_exp></or_exp>
</condition>

<Node id="55" bw="16" op_0_bw="1" op_1_bw="16" op_2_bw="16">
<![CDATA[
for.body.split:22 %accum_angle_V_1 = select i1 %increment, i16 %add_ln859_2, i16 %sub_ln859_2

]]></Node>
<StgValue><ssdm name="accum_angle_V_1"/></StgValue>
</operation>

<operation id="51" st_id="2" stage="1" lat="1">
<core>NULL</core>
<MemPortIdVec></MemPortIdVec>
<condition id="-1">
<or_exp><and_exp></and_exp></or_exp>
</condition>

<Node id="59" bw="0" op_0_bw="16" op_1_bw="16" op_2_bw="0" op_3_bw="0">
<![CDATA[
for.body.split:26 %store_ln81 = store i16 %accum_angle_V_1, i16 %accum_angle_V

]]></Node>
<StgValue><ssdm name="store_ln81"/></StgValue>
</operation>

<operation id="56" st_id="2" stage="1" lat="1">
<core>NULL</core>
<MemPortIdVec></MemPortIdVec>
<condition id="-1">
<or_exp><and_exp><literal name="icmp_ln81" val="1"/>
</and_exp></or_exp>
</condition>

<Node id="62" bw="16" op_0_bw="16" op_1_bw="0">
<![CDATA[
for.end.exitStub:0 %accum_angle_V_load_1 = load i16 %accum_angle_V

]]></Node>
<StgValue><ssdm name="accum_angle_V_load_1"/></StgValue>
</operation>

<operation id="57" st_id="2" stage="1" lat="1">
<core>NULL</core>
<MemPortIdVec></MemPortIdVec>
<condition id="-1">
<or_exp><and_exp><literal name="icmp_ln81" val="1"/>
</and_exp></or_exp>
</condition>

<Node id="63" bw="16" op_0_bw="16" op_1_bw="0">
<![CDATA[
for.end.exitStub:1 %inter_cosine_V_load = load i16 %inter_cosine_V

]]></Node>
<StgValue><ssdm name="inter_cosine_V_load"/></StgValue>
</operation>

<operation id="58" st_id="2" stage="1" lat="1">
<core>NULL</core>
<MemPortIdVec></MemPortIdVec>
<condition id="-1">
<or_exp><and_exp><literal name="icmp_ln81" val="1"/>
</and_exp></or_exp>
</condition>

<Node id="64" bw="16" op_0_bw="16" op_1_bw="0">
<![CDATA[
for.end.exitStub:2 %inter_sine_V_load = load i16 %inter_sine_V

]]></Node>
<StgValue><ssdm name="inter_sine_V_load"/></StgValue>
</operation>

<operation id="59" st_id="2" stage="1" lat="1">
<core>NULL</core>
<MemPortIdVec></MemPortIdVec>
<condition id="-1">
<or_exp><and_exp><literal name="icmp_ln81" val="1"/>
</and_exp></or_exp>
</condition>

<Node id="65" bw="0" op_0_bw="0" op_1_bw="16" op_2_bw="16">
<![CDATA[
for.end.exitStub:3 %write_ln0 = write void @_ssdm_op_Write.ap_auto.i16P0A, i16 %inter_sine_V_1_out, i16 %inter_sine_V_load

]]></Node>
<StgValue><ssdm name="write_ln0"/></StgValue>
</operation>

<operation id="60" st_id="2" stage="1" lat="1">
<core>NULL</core>
<MemPortIdVec></MemPortIdVec>
<condition id="-1">
<or_exp><and_exp><literal name="icmp_ln81" val="1"/>
</and_exp></or_exp>
</condition>

<Node id="66" bw="0" op_0_bw="0" op_1_bw="16" op_2_bw="16">
<![CDATA[
for.end.exitStub:4 %write_ln0 = write void @_ssdm_op_Write.ap_auto.i16P0A, i16 %inter_cosine_V_1_out, i16 %inter_cosine_V_load

]]></Node>
<StgValue><ssdm name="write_ln0"/></StgValue>
</operation>

<operation id="61" st_id="2" stage="1" lat="1">
<core>NULL</core>
<MemPortIdVec></MemPortIdVec>
<condition id="-1">
<or_exp><and_exp><literal name="icmp_ln81" val="1"/>
</and_exp></or_exp>
</condition>

<Node id="67" bw="0" op_0_bw="0" op_1_bw="16" op_2_bw="16">
<![CDATA[
for.end.exitStub:5 %write_ln0 = write void @_ssdm_op_Write.ap_auto.i16P0A, i16 %accum_angle_V_out, i16 %accum_angle_V_load_1

]]></Node>
<StgValue><ssdm name="write_ln0"/></StgValue>
</operation>

<operation id="62" st_id="2" stage="1" lat="1">
<core>NULL</core>
<MemPortIdVec></MemPortIdVec>
<condition id="-1">
<or_exp><and_exp><literal name="icmp_ln81" val="1"/>
</and_exp></or_exp>
</condition>

<Node id="68" bw="0">
<![CDATA[
for.end.exitStub:6 %ret_ln0 = ret

]]></Node>
<StgValue><ssdm name="ret_ln0"/></StgValue>
</operation>
</state>

<state id="3" st_id="4">

<operation id="52" st_id="3" stage="1" lat="1">
<core>NULL</core>
<MemPortIdVec></MemPortIdVec>
<condition id="-1">
<or_exp><and_exp></and_exp></or_exp>
</condition>

<Node id="37" bw="0" op_0_bw="0" op_1_bw="0">
<![CDATA[
for.body.split:4 %specloopname_ln33 = specloopname void @_ssdm_op_SpecLoopName, void @empty_2

]]></Node>
<StgValue><ssdm name="specloopname_ln33"/></StgValue>
</operation>

<operation id="53" st_id="3" stage="1" lat="1">
<core>NULL</core>
<MemPortIdVec></MemPortIdVec>
<condition id="-1">
<or_exp><and_exp></and_exp></or_exp>
</condition>

<Node id="57" bw="0" op_0_bw="16" op_1_bw="16" op_2_bw="0" op_3_bw="0">
<![CDATA[
for.body.split:24 %store_ln81 = store i16 %inter_sine_V_1, i16 %inter_sine_V

]]></Node>
<StgValue><ssdm name="store_ln81"/></StgValue>
</operation>

<operation id="54" st_id="3" stage="1" lat="1">
<core>NULL</core>
<MemPortIdVec></MemPortIdVec>
<condition id="-1">
<or_exp><and_exp></and_exp></or_exp>
</condition>

<Node id="58" bw="0" op_0_bw="16" op_1_bw="16" op_2_bw="0" op_3_bw="0">
<![CDATA[
for.body.split:25 %store_ln81 = store i16 %inter_cosine_V_1, i16 %inter_cosine_V

]]></Node>
<StgValue><ssdm name="store_ln81"/></StgValue>
</operation>

<operation id="55" st_id="3" stage="1" lat="1">
<core>NULL</core>
<MemPortIdVec></MemPortIdVec>
<condition id="-1">
<or_exp><and_exp></and_exp></or_exp>
</condition>

<Node id="60" bw="0" op_0_bw="0">
<![CDATA[
for.body.split:27 %br_ln81 = br void %for.body

]]></Node>
<StgValue><ssdm name="br_ln81"/></StgValue>
</operation>
</state>
</state_list>


<ports>
<port id="74" name="select_ln1696_2" dir="0" iftype="0">
<core>NULL</core><StgValue><ssdm name="select_ln1696_2"/></StgValue>
</port>
<port id="75" name="select_ln1696_4" dir="0" iftype="0">
<core>NULL</core><StgValue><ssdm name="select_ln1696_4"/></StgValue>
</port>
<port id="76" name="accum_angle_V_ph_cast" dir="0" iftype="0">
<core>NULL</core><StgValue><ssdm name="accum_angle_V_ph_cast"/></StgValue>
</port>
<port id="77" name="angle_in" dir="0" iftype="0">
<core>NULL</core><StgValue><ssdm name="angle_in"/></StgValue>
</port>
<port id="78" name="arc_tan" dir="0" iftype="0">
<core>NULL</core><StgValue><ssdm name="arc_tan"/></StgValue>
</port>
<port id="79" name="inter_sine_V_1_out" dir="1" iftype="0">
<core>NULL</core><StgValue><ssdm name="inter_sine_V_1_out"/></StgValue>
</port>
<port id="80" name="inter_cosine_V_1_out" dir="1" iftype="0">
<core>NULL</core><StgValue><ssdm name="inter_cosine_V_1_out"/></StgValue>
</port>
<port id="81" name="accum_angle_V_out" dir="1" iftype="0">
<core>NULL</core><StgValue><ssdm name="accum_angle_V_out"/></StgValue>
</port>
<port id="82" name="Cordic_Rotations_V" dir="0" iftype="1">
<core>ROM</core><StgValue><ssdm name="Cordic_Rotations_V"/><MemPortTyVec>1 </MemPortTyVec>
</StgValue>
</port>
</ports>


<dataflows>
<dataflow id="84" from="StgValue_83" to="accum_angle_V" fromId="83" toId="6">
</dataflow>
<dataflow id="85" from="StgValue_83" to="inter_cosine_V" fromId="83" toId="7">
</dataflow>
<dataflow id="86" from="StgValue_83" to="inter_sine_V" fromId="83" toId="8">
</dataflow>
<dataflow id="87" from="StgValue_83" to="i" fromId="83" toId="9">
</dataflow>
<dataflow id="89" from="_ssdm_op_Read.ap_auto.i1" to="arc_tan_read" fromId="88" toId="10">
</dataflow>
<dataflow id="90" from="arc_tan" to="arc_tan_read" fromId="78" toId="10">
</dataflow>
<dataflow id="92" from="_ssdm_op_Read.ap_auto.i16" to="angle_in_read" fromId="91" toId="11">
</dataflow>
<dataflow id="93" from="angle_in" to="angle_in_read" fromId="77" toId="11">
</dataflow>
<dataflow id="95" from="_ssdm_op_Read.ap_auto.i14" to="accum_angle_V_ph_cast_read" fromId="94" toId="12">
</dataflow>
<dataflow id="96" from="accum_angle_V_ph_cast" to="accum_angle_V_ph_cast_read" fromId="76" toId="12">
</dataflow>
<dataflow id="97" from="_ssdm_op_Read.ap_auto.i16" to="select_ln1696_4_read" fromId="91" toId="13">
</dataflow>
<dataflow id="98" from="select_ln1696_4" to="select_ln1696_4_read" fromId="75" toId="13">
</dataflow>
<dataflow id="99" from="_ssdm_op_Read.ap_auto.i16" to="select_ln1696_2_read" fromId="91" toId="14">
</dataflow>
<dataflow id="100" from="select_ln1696_2" to="select_ln1696_2_read" fromId="74" toId="14">
</dataflow>
<dataflow id="101" from="accum_angle_V_ph_cast_read" to="accum_angle_V_ph_cast_cast" fromId="12" toId="15">
</dataflow>
<dataflow id="103" from="StgValue_102" to="store_ln0" fromId="102" toId="16">
</dataflow>
<dataflow id="104" from="i" to="store_ln0" fromId="9" toId="16">
</dataflow>
<dataflow id="105" from="select_ln1696_2_read" to="store_ln0" fromId="14" toId="17">
</dataflow>
<dataflow id="106" from="inter_sine_V" to="store_ln0" fromId="8" toId="17">
</dataflow>
<dataflow id="107" from="select_ln1696_4_read" to="store_ln0" fromId="13" toId="18">
</dataflow>
<dataflow id="108" from="inter_cosine_V" to="store_ln0" fromId="7" toId="18">
</dataflow>
<dataflow id="109" from="accum_angle_V_ph_cast_cast" to="store_ln0" fromId="15" toId="19">
</dataflow>
<dataflow id="110" from="accum_angle_V" to="store_ln0" fromId="6" toId="19">
</dataflow>
<dataflow id="111" from="i" to="i_1" fromId="9" toId="21">
</dataflow>
<dataflow id="113" from="_ssdm_op_SpecPipeline" to="specpipeline_ln0" fromId="112" toId="22">
</dataflow>
<dataflow id="115" from="StgValue_114" to="specpipeline_ln0" fromId="114" toId="22">
</dataflow>
<dataflow id="117" from="StgValue_116" to="specpipeline_ln0" fromId="116" toId="22">
</dataflow>
<dataflow id="118" from="StgValue_83" to="specpipeline_ln0" fromId="83" toId="22">
</dataflow>
<dataflow id="119" from="StgValue_116" to="specpipeline_ln0" fromId="116" toId="22">
</dataflow>
<dataflow id="121" from="p_str" to="specpipeline_ln0" fromId="120" toId="22">
</dataflow>
<dataflow id="122" from="i_1" to="icmp_ln81" fromId="21" toId="23">
</dataflow>
<dataflow id="124" from="StgValue_123" to="icmp_ln81" fromId="123" toId="23">
</dataflow>
<dataflow id="126" from="_ssdm_op_SpecLoopTripCount" to="empty" fromId="125" toId="24">
</dataflow>
<dataflow id="128" from="StgValue_127" to="empty" fromId="127" toId="24">
</dataflow>
<dataflow id="129" from="StgValue_127" to="empty" fromId="127" toId="24">
</dataflow>
<dataflow id="130" from="StgValue_127" to="empty" fromId="127" toId="24">
</dataflow>
<dataflow id="131" from="i_1" to="add_ln81" fromId="21" toId="25">
</dataflow>
<dataflow id="133" from="StgValue_132" to="add_ln81" fromId="132" toId="25">
</dataflow>
<dataflow id="134" from="icmp_ln81" to="br_ln81" fromId="23" toId="26">
</dataflow>
<dataflow id="135" from="i_1" to="trunc_ln1534_cast35" fromId="21" toId="27">
</dataflow>
<dataflow id="136" from="Cordic_Rotations_V" to="Cordic_Rotations_V_addr" fromId="82" toId="28">
</dataflow>
<dataflow id="138" from="StgValue_137" to="Cordic_Rotations_V_addr" fromId="137" toId="28">
</dataflow>
<dataflow id="139" from="trunc_ln1534_cast35" to="Cordic_Rotations_V_addr" fromId="27" toId="28">
</dataflow>
<dataflow id="140" from="Cordic_Rotations_V_addr" to="Cordic_Rotations_V_load" fromId="28" toId="29">
</dataflow>
<dataflow id="141" from="add_ln81" to="store_ln81" fromId="25" toId="30">
</dataflow>
<dataflow id="142" from="i" to="store_ln81" fromId="9" toId="30">
</dataflow>
<dataflow id="143" from="accum_angle_V" to="accum_angle_V_load" fromId="6" toId="31">
</dataflow>
<dataflow id="144" from="inter_cosine_V" to="inter_cosine_V_load_1" fromId="7" toId="32">
</dataflow>
<dataflow id="145" from="inter_sine_V" to="inter_sine_V_load_1" fromId="8" toId="33">
</dataflow>
<dataflow id="147" from="_ssdm_op_BitSelect.i1.i16.i32" to="tmp" fromId="146" toId="34">
</dataflow>
<dataflow id="148" from="inter_sine_V_load_1" to="tmp" fromId="33" toId="34">
</dataflow>
<dataflow id="150" from="StgValue_149" to="tmp" fromId="149" toId="34">
</dataflow>
<dataflow id="151" from="accum_angle_V_load" to="icmp_ln1696" fromId="31" toId="35">
</dataflow>
<dataflow id="152" from="angle_in_read" to="icmp_ln1696" fromId="11" toId="35">
</dataflow>
<dataflow id="153" from="arc_tan_read" to="increment" fromId="10" toId="36">
</dataflow>
<dataflow id="154" from="tmp" to="increment" fromId="34" toId="36">
</dataflow>
<dataflow id="155" from="icmp_ln1696" to="increment" fromId="35" toId="36">
</dataflow>
<dataflow id="156" from="i_1" to="zext_ln1534" fromId="21" toId="37">
</dataflow>
<dataflow id="157" from="inter_sine_V_load_1" to="r" fromId="33" toId="38">
</dataflow>
<dataflow id="158" from="zext_ln1534" to="r" fromId="37" toId="38">
</dataflow>
<dataflow id="159" from="inter_cosine_V_load_1" to="sub_ln859" fromId="32" toId="39">
</dataflow>
<dataflow id="160" from="r" to="sub_ln859" fromId="38" toId="39">
</dataflow>
<dataflow id="161" from="r" to="add_ln859" fromId="38" toId="40">
</dataflow>
<dataflow id="162" from="inter_cosine_V_load_1" to="add_ln859" fromId="32" toId="40">
</dataflow>
<dataflow id="163" from="increment" to="inter_cosine_V_1" fromId="36" toId="41">
</dataflow>
<dataflow id="164" from="sub_ln859" to="inter_cosine_V_1" fromId="39" toId="41">
</dataflow>
<dataflow id="165" from="add_ln859" to="inter_cosine_V_1" fromId="40" toId="41">
</dataflow>
<dataflow id="166" from="inter_cosine_V_load_1" to="r_1" fromId="32" toId="42">
</dataflow>
<dataflow id="167" from="zext_ln1534" to="r_1" fromId="37" toId="42">
</dataflow>
<dataflow id="168" from="r_1" to="add_ln859_1" fromId="42" toId="43">
</dataflow>
<dataflow id="169" from="inter_sine_V_load_1" to="add_ln859_1" fromId="33" toId="43">
</dataflow>
<dataflow id="170" from="inter_sine_V_load_1" to="sub_ln859_1" fromId="33" toId="44">
</dataflow>
<dataflow id="171" from="r_1" to="sub_ln859_1" fromId="42" toId="44">
</dataflow>
<dataflow id="172" from="increment" to="inter_sine_V_1" fromId="36" toId="45">
</dataflow>
<dataflow id="173" from="add_ln859_1" to="inter_sine_V_1" fromId="43" toId="45">
</dataflow>
<dataflow id="174" from="sub_ln859_1" to="inter_sine_V_1" fromId="44" toId="45">
</dataflow>
<dataflow id="175" from="Cordic_Rotations_V_addr" to="Cordic_Rotations_V_load" fromId="28" toId="46">
</dataflow>
<dataflow id="176" from="Cordic_Rotations_V_load" to="zext_ln859" fromId="46" toId="47">
</dataflow>
<dataflow id="177" from="zext_ln859" to="add_ln859_2" fromId="47" toId="48">
</dataflow>
<dataflow id="178" from="accum_angle_V_load" to="add_ln859_2" fromId="31" toId="48">
</dataflow>
<dataflow id="179" from="accum_angle_V_load" to="sub_ln859_2" fromId="31" toId="49">
</dataflow>
<dataflow id="180" from="zext_ln859" to="sub_ln859_2" fromId="47" toId="49">
</dataflow>
<dataflow id="181" from="increment" to="accum_angle_V_1" fromId="36" toId="50">
</dataflow>
<dataflow id="182" from="add_ln859_2" to="accum_angle_V_1" fromId="48" toId="50">
</dataflow>
<dataflow id="183" from="sub_ln859_2" to="accum_angle_V_1" fromId="49" toId="50">
</dataflow>
<dataflow id="184" from="accum_angle_V_1" to="store_ln81" fromId="50" toId="51">
</dataflow>
<dataflow id="185" from="accum_angle_V" to="store_ln81" fromId="6" toId="51">
</dataflow>
<dataflow id="187" from="_ssdm_op_SpecLoopName" to="specloopname_ln33" fromId="186" toId="52">
</dataflow>
<dataflow id="189" from="empty_2" to="specloopname_ln33" fromId="188" toId="52">
</dataflow>
<dataflow id="190" from="inter_sine_V_1" to="store_ln81" fromId="45" toId="53">
</dataflow>
<dataflow id="191" from="inter_sine_V" to="store_ln81" fromId="8" toId="53">
</dataflow>
<dataflow id="192" from="inter_cosine_V_1" to="store_ln81" fromId="41" toId="54">
</dataflow>
<dataflow id="193" from="inter_cosine_V" to="store_ln81" fromId="7" toId="54">
</dataflow>
<dataflow id="194" from="accum_angle_V" to="accum_angle_V_load_1" fromId="6" toId="56">
</dataflow>
<dataflow id="195" from="inter_cosine_V" to="inter_cosine_V_load" fromId="7" toId="57">
</dataflow>
<dataflow id="196" from="inter_sine_V" to="inter_sine_V_load" fromId="8" toId="58">
</dataflow>
<dataflow id="198" from="_ssdm_op_Write.ap_auto.i16P0A" to="write_ln0" fromId="197" toId="59">
</dataflow>
<dataflow id="199" from="inter_sine_V_1_out" to="write_ln0" fromId="79" toId="59">
</dataflow>
<dataflow id="200" from="inter_sine_V_load" to="write_ln0" fromId="58" toId="59">
</dataflow>
<dataflow id="201" from="_ssdm_op_Write.ap_auto.i16P0A" to="write_ln0" fromId="197" toId="60">
</dataflow>
<dataflow id="202" from="inter_cosine_V_1_out" to="write_ln0" fromId="80" toId="60">
</dataflow>
<dataflow id="203" from="inter_cosine_V_load" to="write_ln0" fromId="57" toId="60">
</dataflow>
<dataflow id="204" from="_ssdm_op_Write.ap_auto.i16P0A" to="write_ln0" fromId="197" toId="61">
</dataflow>
<dataflow id="205" from="accum_angle_V_out" to="write_ln0" fromId="81" toId="61">
</dataflow>
<dataflow id="206" from="accum_angle_V_load_1" to="write_ln0" fromId="56" toId="61">
</dataflow>
<dataflow id="207" from="icmp_ln81" to="StgValue_2" fromId="23" toId="2">
</dataflow>
<dataflow id="208" from="arc_tan_read" to="StgValue_3" fromId="10" toId="3">
</dataflow>
<dataflow id="209" from="icmp_ln81" to="StgValue_3" fromId="23" toId="3">
</dataflow>
</dataflows>


</stg>
