<profile>

<section name = "Vitis HLS Report for 'circular_cordic_Pipeline_CORD_LOOP'" level="0">
<item name = "Date">Fri Nov 18 03:25:13 2022
</item>
<item name = "Version">2022.1 (Build 3526262 on Mon Apr 18 15:48:16 MDT 2022)</item>
<item name = "Project">lab_five</item>
<item name = "Solution">solution1 (Vivado IP Flow Target)</item>
<item name = "Product family">zynq</item>
<item name = "Target device">xc7z020-clg484-1</item>
</section>

<section name = "Performance Estimates" level="0">
<item name = "Timing">
<section name = "" level="1">
<item name = "Summary"><table name="" hasTotal="0">
<keys size="4">Clock, Target, Estimated, Uncertainty</keys>
<column name="ap_clk">10.00 ns, 6.870 ns, 2.70 ns</column>
</table>
</item>
</section>
</item>
<item name = "Latency">
<section name = "" level="1">
<item name = "Summary"><table name="" hasTotal="0">
<keys size="8">, min, max, min, max, min, max, Type</keys>
<column name="">15, 15, 0.150 us, 0.150 us, 15, 15, no</column>
</table>
</item>
<item name = "Detail">
<section name = "" level="1">
<item name = "Instance"><table name="" hasTotal="0">
<keys size="9">Instance, Module, min, max, min, max, min, max, Type</keys>
</table>
</item>
<item name = "Loop"><table name="" hasTotal="0">
<keys size="8">Loop Name, min, max, Latency, achieved, target, Count, Pipelined</keys>
<column name="- CORD_LOOP">13, 13, 3, 1, 1, 12, yes</column>
</table>
</item>
</section>
</item>
</section>
</item>
</section>

<section name = "Utilization Estimates" level="0">
<item name = "Summary"><table name="" hasTotal="1">
<keys size="6">Name, BRAM_18K, DSP, FF, LUT, URAM</keys>
<column name="DSP">-, -, -, -, -</column>
<column name="Expression">-, -, 0, 295, -</column>
<column name="FIFO">-, -, -, -, -</column>
<column name="Instance">-, -, -, -, -</column>
<column name="Memory">0, -, 12, 3, -</column>
<column name="Multiplexer">-, -, -, 81, -</column>
<column name="Register">-, -, 94, -, -</column>
<specialColumn name="Available">280, 220, 106400, 53200, 0</specialColumn>
<specialColumn name="Utilization (%)">0, 0, ~0, ~0, 0</specialColumn>
</table>
</item>
<item name = "Detail">
<section name = "" level="1">
<item name = "Instance"><table name="" hasTotal="1">
<keys size="7">Instance, Module, BRAM_18K, DSP, FF, LUT, URAM</keys>
</table>
</item>
<item name = "DSP"><table name="" hasTotal="0">
<keys size="3">Instance, Module, Expression</keys>
</table>
</item>
<item name = "Memory"><table name="" hasTotal="1">
<keys size="10">Memory, Module, BRAM_18K, FF, LUT, URAM, Words, Bits, Banks, W*Bits*Banks</keys>
<column name="Cordic_Rotations_V_U">circular_cordic_Pipeline_CORD_LOOP_Cordic_Rotations_V_ROM_AUTO_1R, 0, 12, 3, 0, 12, 12, 1, 144</column>
</table>
</item>
<item name = "FIFO"><table name="" hasTotal="1">
<keys size="8">Name, BRAM_18K, FF, LUT, URAM, Depth, Bits, Size:D*B</keys>
</table>
</item>
<item name = "Expression"><table name="" hasTotal="1">
<keys size="7">Variable Name, Operation, DSP, FF, LUT, Bitwidth P0, Bitwidth P1</keys>
<column name="add_ln81_fu_169_p2">+, 0, 0, 13, 4, 1</column>
<column name="add_ln859_1_fu_249_p2">+, 0, 0, 23, 16, 16</column>
<column name="add_ln859_2_fu_273_p2">+, 0, 0, 23, 16, 16</column>
<column name="add_ln859_fu_229_p2">+, 0, 0, 23, 16, 16</column>
<column name="sub_ln859_1_fu_255_p2">-, 0, 0, 23, 16, 16</column>
<column name="sub_ln859_2_fu_279_p2">-, 0, 0, 23, 16, 16</column>
<column name="sub_ln859_fu_223_p2">-, 0, 0, 23, 16, 16</column>
<column name="r_1_fu_243_p2">ashr, 0, 0, 35, 16, 16</column>
<column name="r_fu_217_p2">ashr, 0, 0, 35, 16, 16</column>
<column name="icmp_ln1696_fu_202_p2">icmp, 0, 0, 13, 16, 16</column>
<column name="icmp_ln81_fu_163_p2">icmp, 0, 0, 9, 4, 4</column>
<column name="accum_angle_V_1_fu_285_p3">select, 0, 0, 16, 1, 16</column>
<column name="increment_fu_207_p3">select, 0, 0, 2, 1, 1</column>
<column name="inter_cosine_V_1_fu_235_p3">select, 0, 0, 16, 1, 16</column>
<column name="inter_sine_V_1_fu_261_p3">select, 0, 0, 16, 1, 16</column>
<column name="ap_enable_pp0">xor, 0, 0, 2, 1, 2</column>
</table>
</item>
<item name = "Multiplexer"><table name="" hasTotal="1">
<keys size="5">Name, LUT, Input Size, Bits, Total Bits</keys>
<column name="accum_angle_V_fu_56">9, 2, 16, 32</column>
<column name="ap_done_int">9, 2, 1, 2</column>
<column name="ap_enable_reg_pp0_iter1">9, 2, 1, 2</column>
<column name="ap_sig_allocacmp_i_1">9, 2, 4, 8</column>
<column name="ap_sig_allocacmp_inter_cosine_V_load_1">9, 2, 16, 32</column>
<column name="ap_sig_allocacmp_inter_sine_V_load_1">9, 2, 16, 32</column>
<column name="i_fu_68">9, 2, 4, 8</column>
<column name="inter_cosine_V_fu_60">9, 2, 16, 32</column>
<column name="inter_sine_V_fu_64">9, 2, 16, 32</column>
</table>
</item>
<item name = "Register"><table name="" hasTotal="1">
<keys size="5">Name, FF, LUT, Bits, Const Bits</keys>
<column name="accum_angle_V_fu_56">16, 0, 16, 0</column>
<column name="ap_CS_fsm">1, 0, 1, 0</column>
<column name="ap_done_reg">1, 0, 1, 0</column>
<column name="ap_enable_reg_pp0_iter1">1, 0, 1, 0</column>
<column name="ap_enable_reg_pp0_iter2">1, 0, 1, 0</column>
<column name="ap_loop_exit_ready_pp0_iter1_reg">1, 0, 1, 0</column>
<column name="i_1_reg_359">4, 0, 4, 0</column>
<column name="i_fu_68">4, 0, 4, 0</column>
<column name="icmp_ln81_reg_364">1, 0, 1, 0</column>
<column name="inter_cosine_V_1_reg_373">16, 0, 16, 0</column>
<column name="inter_cosine_V_fu_60">16, 0, 16, 0</column>
<column name="inter_sine_V_1_reg_378">16, 0, 16, 0</column>
<column name="inter_sine_V_fu_64">16, 0, 16, 0</column>
</table>
</item>
</section>
</item>
</section>

<section name = "Interface" level="0">
<item name = "Summary"><table name="" hasTotal="0">
<keys size="6">RTL Ports, Dir, Bits, Protocol, Source Object, C Type</keys>
<column name="ap_clk">in, 1, ap_ctrl_hs, circular_cordic_Pipeline_CORD_LOOP, return value</column>
<column name="ap_rst">in, 1, ap_ctrl_hs, circular_cordic_Pipeline_CORD_LOOP, return value</column>
<column name="ap_start">in, 1, ap_ctrl_hs, circular_cordic_Pipeline_CORD_LOOP, return value</column>
<column name="ap_done">out, 1, ap_ctrl_hs, circular_cordic_Pipeline_CORD_LOOP, return value</column>
<column name="ap_idle">out, 1, ap_ctrl_hs, circular_cordic_Pipeline_CORD_LOOP, return value</column>
<column name="ap_ready">out, 1, ap_ctrl_hs, circular_cordic_Pipeline_CORD_LOOP, return value</column>
<column name="select_ln1696_2">in, 16, ap_none, select_ln1696_2, scalar</column>
<column name="select_ln1696_4">in, 16, ap_none, select_ln1696_4, scalar</column>
<column name="accum_angle_V_ph_cast">in, 14, ap_none, accum_angle_V_ph_cast, scalar</column>
<column name="angle_in">in, 16, ap_none, angle_in, scalar</column>
<column name="arc_tan">in, 1, ap_none, arc_tan, scalar</column>
<column name="inter_sine_V_1_out">out, 16, ap_vld, inter_sine_V_1_out, pointer</column>
<column name="inter_sine_V_1_out_ap_vld">out, 1, ap_vld, inter_sine_V_1_out, pointer</column>
<column name="inter_cosine_V_1_out">out, 16, ap_vld, inter_cosine_V_1_out, pointer</column>
<column name="inter_cosine_V_1_out_ap_vld">out, 1, ap_vld, inter_cosine_V_1_out, pointer</column>
<column name="accum_angle_V_out">out, 16, ap_vld, accum_angle_V_out, pointer</column>
<column name="accum_angle_V_out_ap_vld">out, 1, ap_vld, accum_angle_V_out, pointer</column>
</table>
</item>
</section>
</profile>
