<stg><name>circular_cordic_Pipeline_CORD_LOOP</name>


<trans_list>

<trans id="73" from="1" to="2">
<condition id="-1">
<or_exp><and_exp></and_exp></or_exp>
</condition>
</trans>

<trans id="70" from="2" to="3">
<condition id="-1">
<or_exp><and_exp></and_exp></or_exp>
</condition>
</trans>
</trans_list>



<state_list>

<state id="1" st_id="2">

<operation id="6" st_id="1" stage="1" lat="1">
<core>NULL</core>
<MemPortIdVec></MemPortIdVec>
<condition id="-1">
<or_exp><and_exp></and_exp></or_exp>
</condition>

<Node id="10" bw="16" op_0_bw="32">
<![CDATA[
newFuncRoot:0 %accum_angle_V = alloca i32 1

]]></Node>
<StgValue><ssdm name="accum_angle_V"/></StgValue>
</operation>

<operation id="7" st_id="1" stage="1" lat="1">
<core>NULL</core>
<MemPortIdVec></MemPortIdVec>
<condition id="-1">
<or_exp><and_exp></and_exp></or_exp>
</condition>

<Node id="11" bw="16" op_0_bw="32">
<![CDATA[
newFuncRoot:1 %inter_cosine_V = alloca i32 1

]]></Node>
<StgValue><ssdm name="inter_cosine_V"/></StgValue>
</operation>

<operation id="8" st_id="1" stage="1" lat="1">
<core>NULL</core>
<MemPortIdVec></MemPortIdVec>
<condition id="-1">
<or_exp><and_exp></and_exp></or_exp>
</condition>

<Node id="12" bw="16" op_0_bw="32">
<![CDATA[
newFuncRoot:2 %inter_sine_V = alloca i32 1

]]></Node>
<StgValue><ssdm name="inter_sine_V"/></StgValue>
</operation>

<operation id="9" st_id="1" stage="1" lat="1">
<core>NULL</core>
<MemPortIdVec></MemPortIdVec>
<condition id="-1">
<or_exp><and_exp></and_exp></or_exp>
</condition>

<Node id="13" bw="4" op_0_bw="32">
<![CDATA[
newFuncRoot:3 %i = alloca i32 1

]]></Node>
<StgValue><ssdm name="i"/></StgValue>
</operation>

<operation id="10" st_id="1" stage="1" lat="1">
<core>NULL</core>
<MemPortIdVec></MemPortIdVec>
<condition id="-1">
<or_exp><and_exp></and_exp></or_exp>
</condition>

<Node id="14" bw="1" op_0_bw="1" op_1_bw="1">
<![CDATA[
newFuncRoot:4 %arc_tan_read = read i1 @_ssdm_op_Read.ap_auto.i1, i1 %arc_tan

]]></Node>
<StgValue><ssdm name="arc_tan_read"/></StgValue>
</operation>

<operation id="11" st_id="1" stage="1" lat="1">
<core>NULL</core>
<MemPortIdVec></MemPortIdVec>
<condition id="-1">
<or_exp><and_exp></and_exp></or_exp>
</condition>

<Node id="15" bw="16" op_0_bw="16" op_1_bw="16">
<![CDATA[
newFuncRoot:5 %angle_in_read = read i16 @_ssdm_op_Read.ap_auto.i16, i16 %angle_in

]]></Node>
<StgValue><ssdm name="angle_in_read"/></StgValue>
</operation>

<operation id="12" st_id="1" stage="1" lat="1">
<core>NULL</core>
<MemPortIdVec></MemPortIdVec>
<condition id="-1">
<or_exp><and_exp></and_exp></or_exp>
</condition>

<Node id="16" bw="14" op_0_bw="14" op_1_bw="14">
<![CDATA[
newFuncRoot:6 %accum_angle_V_ph_cast_read = read i14 @_ssdm_op_Read.ap_auto.i14, i14 %accum_angle_V_ph_cast

]]></Node>
<StgValue><ssdm name="accum_angle_V_ph_cast_read"/></StgValue>
</operation>

<operation id="13" st_id="1" stage="1" lat="1">
<core>NULL</core>
<MemPortIdVec></MemPortIdVec>
<condition id="-1">
<or_exp><and_exp></and_exp></or_exp>
</condition>

<Node id="17" bw="16" op_0_bw="16" op_1_bw="16">
<![CDATA[
newFuncRoot:7 %select_ln1696_4_read = read i16 @_ssdm_op_Read.ap_auto.i16, i16 %select_ln1696_4

]]></Node>
<StgValue><ssdm name="select_ln1696_4_read"/></StgValue>
</operation>

<operation id="14" st_id="1" stage="1" lat="1">
<core>NULL</core>
<MemPortIdVec></MemPortIdVec>
<condition id="-1">
<or_exp><and_exp></and_exp></or_exp>
</condition>

<Node id="18" bw="16" op_0_bw="16" op_1_bw="16">
<![CDATA[
newFuncRoot:8 %select_ln1696_2_read = read i16 @_ssdm_op_Read.ap_auto.i16, i16 %select_ln1696_2

]]></Node>
<StgValue><ssdm name="select_ln1696_2_read"/></StgValue>
</operation>

<operation id="15" st_id="1" stage="1" lat="1">
<core>NULL</core>
<MemPortIdVec></MemPortIdVec>
<condition id="-1">
<or_exp><and_exp></and_exp></or_exp>
</condition>

<Node id="19" bw="16" op_0_bw="14">
<![CDATA[
newFuncRoot:9 %accum_angle_V_ph_cast_cast = sext i14 %accum_angle_V_ph_cast_read

]]></Node>
<StgValue><ssdm name="accum_angle_V_ph_cast_cast"/></StgValue>
</operation>

<operation id="16" st_id="1" stage="1" lat="1">
<core>NULL</core>
<MemPortIdVec></MemPortIdVec>
<condition id="-1">
<or_exp><and_exp></and_exp></or_exp>
</condition>

<Node id="20" bw="0" op_0_bw="4" op_1_bw="4">
<![CDATA[
newFuncRoot:10 %store_ln0 = store i4 0, i4 %i

]]></Node>
<StgValue><ssdm name="store_ln0"/></StgValue>
</operation>

<operation id="17" st_id="1" stage="1" lat="1">
<core>NULL</core>
<MemPortIdVec></MemPortIdVec>
<condition id="-1">
<or_exp><and_exp></and_exp></or_exp>
</condition>

<Node id="21" bw="0" op_0_bw="16" op_1_bw="16">
<![CDATA[
newFuncRoot:11 %store_ln0 = store i16 %select_ln1696_2_read, i16 %inter_sine_V

]]></Node>
<StgValue><ssdm name="store_ln0"/></StgValue>
</operation>

<operation id="18" st_id="1" stage="1" lat="1">
<core>NULL</core>
<MemPortIdVec></MemPortIdVec>
<condition id="-1">
<or_exp><and_exp></and_exp></or_exp>
</condition>

<Node id="22" bw="0" op_0_bw="16" op_1_bw="16">
<![CDATA[
newFuncRoot:12 %store_ln0 = store i16 %select_ln1696_4_read, i16 %inter_cosine_V

]]></Node>
<StgValue><ssdm name="store_ln0"/></StgValue>
</operation>

<operation id="19" st_id="1" stage="1" lat="1">
<core>NULL</core>
<MemPortIdVec></MemPortIdVec>
<condition id="-1">
<or_exp><and_exp></and_exp></or_exp>
</condition>

<Node id="23" bw="0" op_0_bw="16" op_1_bw="16">
<![CDATA[
newFuncRoot:13 %store_ln0 = store i16 %accum_angle_V_ph_cast_cast, i16 %accum_angle_V

]]></Node>
<StgValue><ssdm name="store_ln0"/></StgValue>
</operation>

<operation id="20" st_id="1" stage="1" lat="1">
<core>NULL</core>
<MemPortIdVec></MemPortIdVec>
<condition id="-1">
<or_exp><and_exp></and_exp></or_exp>
</condition>

<Node id="24" bw="0" op_0_bw="0">
<![CDATA[
newFuncRoot:14 %br_ln0 = br void %for.body

]]></Node>
<StgValue><ssdm name="br_ln0"/></StgValue>
</operation>

<operation id="21" st_id="1" stage="1" lat="1">
<core>NULL</core>
<MemPortIdVec></MemPortIdVec>
<condition id="-1">
<or_exp><and_exp></and_exp></or_exp>
</condition>

<Node id="26" bw="4" op_0_bw="4" op_1_bw="0">
<![CDATA[
for.body:0 %i_1 = load i4 %i

]]></Node>
<StgValue><ssdm name="i_1"/></StgValue>
</operation>

<operation id="22" st_id="1" stage="1" lat="1">
<core>NULL</core>
<MemPortIdVec></MemPortIdVec>
<condition id="-1">
<or_exp><and_exp></and_exp></or_exp>
</condition>

<Node id="27" bw="0" op_0_bw="0" op_1_bw="32" op_2_bw="32" op_3_bw="32" op_4_bw="32" op_5_bw="0">
<![CDATA[
for.body:1 %specpipeline_ln0 = specpipeline void @_ssdm_op_SpecPipeline, i32 4294967295, i32 0, i32 1, i32 0, void @p_str

]]></Node>
<StgValue><ssdm name="specpipeline_ln0"/></StgValue>
</operation>

<operation id="23" st_id="1" stage="1" lat="1">
<core>Cmp</core>
<MemPortIdVec></MemPortIdVec>
<condition id="-1">
<or_exp><and_exp></and_exp></or_exp>
</condition>

<Node id="28" bw="1" op_0_bw="4" op_1_bw="4">
<![CDATA[
for.body:2 %icmp_ln81 = icmp_eq  i4 %i_1, i4 12

]]></Node>
<StgValue><ssdm name="icmp_ln81"/></StgValue>
</operation>

<operation id="24" st_id="1" stage="1" lat="1">
<core>NULL</core>
<MemPortIdVec></MemPortIdVec>
<condition id="-1">
<or_exp><and_exp></and_exp></or_exp>
</condition>

<Node id="29" bw="32" op_0_bw="32" op_1_bw="64" op_2_bw="64" op_3_bw="64">
<![CDATA[
for.body:3 %empty = speclooptripcount i32 @_ssdm_op_SpecLoopTripCount, i64 12, i64 12, i64 12

]]></Node>
<StgValue><ssdm name="empty"/></StgValue>
</operation>

<operation id="25" st_id="1" stage="1" lat="1">
<core>Adder</core>
<MemPortIdVec></MemPortIdVec>
<condition id="-1">
<or_exp><and_exp></and_exp></or_exp>
</condition>

<Node id="30" bw="4" op_0_bw="4" op_1_bw="4">
<![CDATA[
for.body:4 %add_ln81 = add i4 %i_1, i4 1

]]></Node>
<StgValue><ssdm name="add_ln81"/></StgValue>
</operation>

<operation id="26" st_id="1" stage="1" lat="1">
<core>NULL</core>
<MemPortIdVec></MemPortIdVec>
<condition id="-1">
<or_exp><and_exp></and_exp></or_exp>
</condition>

<Node id="31" bw="0" op_0_bw="1" op_1_bw="0" op_2_bw="0">
<![CDATA[
for.body:5 %br_ln81 = br i1 %icmp_ln81, void %for.body.split, void %for.end.exitStub

]]></Node>
<StgValue><ssdm name="br_ln81"/></StgValue>
</operation>

<operation id="27" st_id="1" stage="1" lat="1">
<core>NULL</core>
<MemPortIdVec></MemPortIdVec>
<condition id="-1">
<or_exp><and_exp><literal name="icmp_ln81" val="0"/>
</and_exp></or_exp>
</condition>

<Node id="36" bw="64" op_0_bw="4">
<![CDATA[
for.body.split:3 %trunc_ln1534_cast35 = zext i4 %i_1

]]></Node>
<StgValue><ssdm name="trunc_ln1534_cast35"/></StgValue>
</operation>

<operation id="28" st_id="1" stage="1" lat="1">
<core>NULL</core>
<MemPortIdVec></MemPortIdVec>
<condition id="-1">
<or_exp><and_exp><literal name="icmp_ln81" val="0"/>
</and_exp></or_exp>
</condition>

<Node id="50" bw="4" op_0_bw="12" op_1_bw="64" op_2_bw="64">
<![CDATA[
for.body.split:17 %Cordic_Rotations_V_addr = getelementptr i12 %Cordic_Rotations_V, i64 0, i64 %trunc_ln1534_cast35

]]></Node>
<StgValue><ssdm name="Cordic_Rotations_V_addr"/></StgValue>
</operation>

<operation id="29" st_id="1" stage="2" lat="2">
<core>ROM</core>
<MemPortIdVec></MemPortIdVec>
<condition id="-1">
<or_exp><and_exp><literal name="icmp_ln81" val="0"/>
</and_exp></or_exp>
</condition>

<Node id="51" bw="12" op_0_bw="4">
<![CDATA[
for.body.split:18 %Cordic_Rotations_V_load = load i4 %Cordic_Rotations_V_addr

]]></Node>
<StgValue><ssdm name="Cordic_Rotations_V_load"/></StgValue>
</operation>

<operation id="30" st_id="1" stage="1" lat="1">
<core>NULL</core>
<MemPortIdVec></MemPortIdVec>
<condition id="-1">
<or_exp><and_exp><literal name="icmp_ln81" val="0"/>
</and_exp></or_exp>
</condition>

<Node id="56" bw="0" op_0_bw="4" op_1_bw="4" op_2_bw="0" op_3_bw="0">
<![CDATA[
for.body.split:23 %store_ln81 = store i4 %add_ln81, i4 %i

]]></Node>
<StgValue><ssdm name="store_ln81"/></StgValue>
</operation>
</state>

<state id="2" st_id="3">

<operation id="31" st_id="2" stage="1" lat="1">
<core>NULL</core>
<MemPortIdVec></MemPortIdVec>
<condition id="-1">
<or_exp><and_exp></and_exp></or_exp>
</condition>

<Node id="33" bw="16" op_0_bw="16" op_1_bw="0">
<![CDATA[
for.body.split:0 %accum_angle_V_load = load i16 %accum_angle_V

]]></Node>
<StgValue><ssdm name="accum_angle_V_load"/></StgValue>
</operation>

<operation id="32" st_id="2" stage="1" lat="1">
<core>NULL</core>
<MemPortIdVec></MemPortIdVec>
<condition id="-1">
<or_exp><and_exp></and_exp></or_exp>
</condition>

<Node id="34" bw="16" op_0_bw="16" op_1_bw="0">
<![CDATA[
for.body.split:1 %inter_cosine_V_load_1 = load i16 %inter_cosine_V

]]></Node>
<StgValue><ssdm name="inter_cosine_V_load_1"/></StgValue>
</operation>

<operation id="33" st_id="2" stage="1" lat="1">
<core>NULL</core>
<MemPortIdVec></MemPortIdVec>
<condition id="-1">
<or_exp><and_exp></and_exp></or_exp>
</condition>

<Node id="35" bw="16" op_0_bw="16" op_1_bw="0">
<![CDATA[
for.body.split:2 %inter_sine_V_load_1 = load i16 %inter_sine_V

]]></Node>
<StgValue><ssdm name="inter_sine_V_load_1"/></StgValue>
</operation>

<operation id="34" st_id="2" stage="1" lat="1">
<core>NULL</core>
<MemPortIdVec></MemPortIdVec>
<condition id="-1">
<or_exp><and_exp><literal name="arc_tan_read" val="1"/>
</and_exp></or_exp>
</condition>

<Node id="38" bw="1" op_0_bw="1" op_1_bw="16" op_2_bw="32">
<![CDATA[
for.body.split:5 %tmp = bitselect i1 @_ssdm_op_BitSelect.i1.i16.i32, i16 %inter_sine_V_load_1, i32 15

]]></Node>
<StgValue><ssdm name="tmp"/></StgValue>
</operation>

<operation id="35" st_id="2" stage="1" lat="1">
<core>Cmp</core>
<MemPortIdVec></MemPortIdVec>
<condition id="-1">
<or_exp><and_exp><literal name="arc_tan_read" val="0"/>
</and_exp></or_exp>
</condition>

<Node id="39" bw="1" op_0_bw="16" op_1_bw="16">
<![CDATA[
for.body.split:6 %icmp_ln1696 = icmp_slt  i16 %accum_angle_V_load, i16 %angle_in_read

]]></Node>
<StgValue><ssdm name="icmp_ln1696"/></StgValue>
</operation>

<operation id="36" st_id="2" stage="1" lat="1">
<core>Sel</core>
<MemPortIdVec></MemPortIdVec>
<condition id="-1">
<or_exp><and_exp></and_exp></or_exp>
</condition>

<Node id="40" bw="1" op_0_bw="1" op_1_bw="1" op_2_bw="1">
<![CDATA[
for.body.split:7 %increment = select i1 %arc_tan_read, i1 %tmp, i1 %icmp_ln1696

]]></Node>
<StgValue><ssdm name="increment"/></StgValue>
</operation>

<operation id="37" st_id="2" stage="1" lat="1">
<core>NULL</core>
<MemPortIdVec></MemPortIdVec>
<condition id="-1">
<or_exp><and_exp></and_exp></or_exp>
</condition>

<Node id="41" bw="16" op_0_bw="4">
<![CDATA[
for.body.split:8 %zext_ln1534 = zext i4 %i_1

]]></Node>
<StgValue><ssdm name="zext_ln1534"/></StgValue>
</operation>

<operation id="38" st_id="2" stage="1" lat="1">
<core>Shifter</core>
<MemPortIdVec></MemPortIdVec>
<condition id="-1">
<or_exp><and_exp></and_exp></or_exp>
</condition>

<Node id="42" bw="16" op_0_bw="16" op_1_bw="16">
<![CDATA[
for.body.split:9 %r = ashr i16 %inter_sine_V_load_1, i16 %zext_ln1534

]]></Node>
<StgValue><ssdm name="r"/></StgValue>
</operation>

<operation id="39" st_id="2" stage="1" lat="1">
<core>Adder</core>
<MemPortIdVec></MemPortIdVec>
<condition id="-1">
<or_exp><and_exp></and_exp></or_exp>
</condition>

<Node id="43" bw="16" op_0_bw="16" op_1_bw="16">
<![CDATA[
for.body.split:10 %sub_ln859 = sub i16 %inter_cosine_V_load_1, i16 %r

]]></Node>
<StgValue><ssdm name="sub_ln859"/></StgValue>
</operation>

<operation id="40" st_id="2" stage="1" lat="1">
<core>Adder</core>
<MemPortIdVec></MemPortIdVec>
<condition id="-1">
<or_exp><and_exp></and_exp></or_exp>
</condition>

<Node id="44" bw="16" op_0_bw="16" op_1_bw="16">
<![CDATA[
for.body.split:11 %add_ln859 = add i16 %r, i16 %inter_cosine_V_load_1

]]></Node>
<StgValue><ssdm name="add_ln859"/></StgValue>
</operation>

<operation id="41" st_id="2" stage="1" lat="1">
<core>Sel</core>
<MemPortIdVec></MemPortIdVec>
<condition id="-1">
<or_exp><and_exp></and_exp></or_exp>
</condition>

<Node id="45" bw="16" op_0_bw="1" op_1_bw="16" op_2_bw="16">
<![CDATA[
for.body.split:12 %inter_cosine_V_1 = select i1 %increment, i16 %sub_ln859, i16 %add_ln859

]]></Node>
<StgValue><ssdm name="inter_cosine_V_1"/></StgValue>
</operation>

<operation id="42" st_id="2" stage="1" lat="1">
<core>Shifter</core>
<MemPortIdVec></MemPortIdVec>
<condition id="-1">
<or_exp><and_exp></and_exp></or_exp>
</condition>

<Node id="46" bw="16" op_0_bw="16" op_1_bw="16">
<![CDATA[
for.body.split:13 %r_1 = ashr i16 %inter_cosine_V_load_1, i16 %zext_ln1534

]]></Node>
<StgValue><ssdm name="r_1"/></StgValue>
</operation>

<operation id="43" st_id="2" stage="1" lat="1">
<core>Adder</core>
<MemPortIdVec></MemPortIdVec>
<condition id="-1">
<or_exp><and_exp></and_exp></or_exp>
</condition>

<Node id="47" bw="16" op_0_bw="16" op_1_bw="16">
<![CDATA[
for.body.split:14 %add_ln859_1 = add i16 %r_1, i16 %inter_sine_V_load_1

]]></Node>
<StgValue><ssdm name="add_ln859_1"/></StgValue>
</operation>

<operation id="44" st_id="2" stage="1" lat="1">
<core>Adder</core>
<MemPortIdVec></MemPortIdVec>
<condition id="-1">
<or_exp><and_exp></and_exp></or_exp>
</condition>

<Node id="48" bw="16" op_0_bw="16" op_1_bw="16">
<![CDATA[
for.body.split:15 %sub_ln859_1 = sub i16 %inter_sine_V_load_1, i16 %r_1

]]></Node>
<StgValue><ssdm name="sub_ln859_1"/></StgValue>
</operation>

<operation id="45" st_id="2" stage="1" lat="1">
<core>Sel</core>
<MemPortIdVec></MemPortIdVec>
<condition id="-1">
<or_exp><and_exp></and_exp></or_exp>
</condition>

<Node id="49" bw="16" op_0_bw="1" op_1_bw="16" op_2_bw="16">
<![CDATA[
for.body.split:16 %inter_sine_V_1 = select i1 %increment, i16 %add_ln859_1, i16 %sub_ln859_1

]]></Node>
<StgValue><ssdm name="inter_sine_V_1"/></StgValue>
</operation>

<operation id="46" st_id="2" stage="1" lat="2">
<core>ROM</core>
<MemPortIdVec></MemPortIdVec>
<condition id="-1">
<or_exp><and_exp></and_exp></or_exp>
</condition>

<Node id="51" bw="12" op_0_bw="4">
<![CDATA[
for.body.split:18 %Cordic_Rotations_V_load = load i4 %Cordic_Rotations_V_addr

]]></Node>
<StgValue><ssdm name="Cordic_Rotations_V_load"/></StgValue>
</operation>

<operation id="47" st_id="2" stage="1" lat="1">
<core>NULL</core>
<MemPortIdVec></MemPortIdVec>
<condition id="-1">
<or_exp><and_exp></and_exp></or_exp>
</condition>

<Node id="52" bw="16" op_0_bw="12">
<![CDATA[
for.body.split:19 %zext_ln859 = zext i12 %Cordic_Rotations_V_load

]]></Node>
<StgValue><ssdm name="zext_ln859"/></StgValue>
</operation>

<operation id="48" st_id="2" stage="1" lat="1">
<core>Adder</core>
<MemPortIdVec></MemPortIdVec>
<condition id="-1">
<or_exp><and_exp></and_exp></or_exp>
</condition>

<Node id="53" bw="16" op_0_bw="16" op_1_bw="16">
<![CDATA[
for.body.split:20 %add_ln859_2 = add i16 %zext_ln859, i16 %accum_angle_V_load

]]></Node>
<StgValue><ssdm name="add_ln859_2"/></StgValue>
</operation>

<operation id="49" st_id="2" stage="1" lat="1">
<core>Adder</core>
<MemPortIdVec></MemPortIdVec>
<condition id="-1">
<or_exp><and_exp></and_exp></or_exp>
</condition>

<Node id="54" bw="16" op_0_bw="16" op_1_bw="16">
<![CDATA[
for.body.split:21 %sub_ln859_2 = sub i16 %accum_angle_V_load, i16 %zext_ln859

]]></Node>
<StgValue><ssdm name="sub_ln859_2"/></StgValue>
</operation>

<operation id="50" st_id="2" stage="1" lat="1">
<core>Sel</core>
<MemPortIdVec></MemPortIdVec>
<condition id="-1">
<or_exp><and_exp></and_exp></or_exp>
</condition>

<Node id="55" bw="16" op_0_bw="1" op_1_bw="16" op_2_bw="16">
<![CDATA[
for.body.split:22 %accum_angle_V_1 = select i1 %increment, i16 %add_ln859_2, i16 %sub_ln859_2

]]></Node>
<StgValue><ssdm name="accum_angle_V_1"/></StgValue>
</operation>

<operation id="51" st_id="2" stage="1" lat="1">
<core>NULL</core>
<MemPortIdVec></MemPortIdVec>
<condition id="-1">
<or_exp><and_exp></and_exp></or_exp>
</condition>

<Node id="59" bw="0" op_0_bw="16" op_1_bw="16" op_2_bw="0" op_3_bw="0">
<![CDATA[
for.body.split:26 %store_ln81 = store i16 %accum_angle_V_1, i16 %accum_angle_V

]]></Node>
<StgValue><ssdm name="store_ln81"/></StgValue>
</operation>

<operation id="56" st_id="2" stage="1" lat="1">
<core>NULL</core>
<MemPortIdVec></MemPortIdVec>
<condition id="-1">
<or_exp><and_exp><literal name="icmp_ln81" val="1"/>
</and_exp></or_exp>
</condition>

<Node id="62" bw="16" op_0_bw="16" op_1_bw="0">
<![CDATA[
for.end.exitStub:0 %accum_angle_V_load_1 = load i16 %accum_angle_V

]]></Node>
<StgValue><ssdm name="accum_angle_V_load_1"/></StgValue>
</operation>

<operation id="57" st_id="2" stage="1" lat="1">
<core>NULL</core>
<MemPortIdVec></MemPortIdVec>
<condition id="-1">
<or_exp><and_exp><literal name="icmp_ln81" val="1"/>
</and_exp></or_exp>
</condition>

<Node id="63" bw="16" op_0_bw="16" op_1_bw="0">
<![CDATA[
for.end.exitStub:1 %inter_cosine_V_load = load i16 %inter_cosine_V

]]></Node>
<StgValue><ssdm name="inter_cosine_V_load"/></StgValue>
</operation>

<operation id="58" st_id="2" stage="1" lat="1">
<core>NULL</core>
<MemPortIdVec></MemPortIdVec>
<condition id="-1">
<or_exp><and_exp><literal name="icmp_ln81" val="1"/>
</and_exp></or_exp>
</condition>

<Node id="64" bw="16" op_0_bw="16" op_1_bw="0">
<![CDATA[
for.end.exitStub:2 %inter_sine_V_load = load i16 %inter_sine_V

]]></Node>
<StgValue><ssdm name="inter_sine_V_load"/></StgValue>
</operation>

<operation id="59" st_id="2" stage="1" lat="1">
<core>NULL</core>
<MemPortIdVec></MemPortIdVec>
<condition id="-1">
<or_exp><and_exp><literal name="icmp_ln81" val="1"/>
</and_exp></or_exp>
</condition>

<Node id="65" bw="0" op_0_bw="0" op_1_bw="16" op_2_bw="16">
<![CDATA[
for.end.exitStub:3 %write_ln0 = write void @_ssdm_op_Write.ap_auto.i16P0A, i16 %inter_sine_V_1_out, i16 %inter_sine_V_load

]]></Node>
<StgValue><ssdm name="write_ln0"/></StgValue>
</operation>

<operation id="60" st_id="2" stage="1" lat="1">
<core>NULL</core>
<MemPortIdVec></MemPortIdVec>
<condition id="-1">
<or_exp><and_exp><literal name="icmp_ln81" val="1"/>
</and_exp></or_exp>
</condition>

<Node id="66" bw="0" op_0_bw="0" op_1_bw="16" op_2_bw="16">
<![CDATA[
for.end.exitStub:4 %write_ln0 = write void @_ssdm_op_Write.ap_auto.i16P0A, i16 %inter_cosine_V_1_out, i16 %inter_cosine_V_load

]]></Node>
<StgValue><ssdm name="write_ln0"/></StgValue>
</operation>

<operation id="61" st_id="2" stage="1" lat="1">
<core>NULL</core>
<MemPortIdVec></MemPortIdVec>
<condition id="-1">
<or_exp><and_exp><literal name="icmp_ln81" val="1"/>
</and_exp></or_exp>
</condition>

<Node id="67" bw="0" op_0_bw="0" op_1_bw="16" op_2_bw="16">
<![CDATA[
for.end.exitStub:5 %write_ln0 = write void @_ssdm_op_Write.ap_auto.i16P0A, i16 %accum_angle_V_out, i16 %accum_angle_V_load_1

]]></Node>
<StgValue><ssdm name="write_ln0"/></StgValue>
</operation>

<operation id="62" st_id="2" stage="1" lat="1">
<core>NULL</core>
<MemPortIdVec></MemPortIdVec>
<condition id="-1">
<or_exp><and_exp><literal name="icmp_ln81" val="1"/>
</and_exp></or_exp>
</condition>

<Node id="68" bw="0">
<![CDATA[
for.end.exitStub:6 %ret_ln0 = ret

]]></Node>
<StgValue><ssdm name="ret_ln0"/></StgValue>
</operation>
</state>

<state id="3" st_id="4">

<operation id="52" st_id="3" stage="1" lat="1">
<core>NULL</core>
<MemPortIdVec></MemPortIdVec>
<condition id="-1">
<or_exp><and_exp></and_exp></or_exp>
</condition>

<Node id="37" bw="0" op_0_bw="0" op_1_bw="0">
<![CDATA[
for.body.split:4 %specloopname_ln33 = specloopname void @_ssdm_op_SpecLoopName, void @empty_2

]]></Node>
<StgValue><ssdm name="specloopname_ln33"/></StgValue>
</operation>

<operation id="53" st_id="3" stage="1" lat="1">
<core>NULL</core>
<MemPortIdVec></MemPortIdVec>
<condition id="-1">
<or_exp><and_exp></and_exp></or_exp>
</condition>

<Node id="57" bw="0" op_0_bw="16" op_1_bw="16" op_2_bw="0" op_3_bw="0">
<![CDATA[
for.body.split:24 %store_ln81 = store i16 %inter_sine_V_1, i16 %inter_sine_V

]]></Node>
<StgValue><ssdm name="store_ln81"/></StgValue>
</operation>

<operation id="54" st_id="3" stage="1" lat="1">
<core>NULL</core>
<MemPortIdVec></MemPortIdVec>
<condition id="-1">
<or_exp><and_exp></and_exp></or_exp>
</condition>

<Node id="58" bw="0" op_0_bw="16" op_1_bw="16" op_2_bw="0" op_3_bw="0">
<![CDATA[
for.body.split:25 %store_ln81 = store i16 %inter_cosine_V_1, i16 %inter_cosine_V

]]></Node>
<StgValue><ssdm name="store_ln81"/></StgValue>
</operation>

<operation id="55" st_id="3" stage="1" lat="1">
<core>NULL</core>
<MemPortIdVec></MemPortIdVec>
<condition id="-1">
<or_exp><and_exp></and_exp></or_exp>
</condition>

<Node id="60" bw="0" op_0_bw="0">
<![CDATA[
for.body.split:27 %br_ln81 = br void %for.body

]]></Node>
<StgValue><ssdm name="br_ln81"/></StgValue>
</operation>
</state>
</state_list>


<ports>
</ports>


<dataflows>
</dataflows>


</stg>
