<profile>

<section name = "Vitis HLS Report for 'circular_cordic_Pipeline_CORD_LOOP'" level="0">
<item name = "Date">Fri Nov 18 03:25:12 2022
</item>
<item name = "Version">2022.1 (Build 3526262 on Mon Apr 18 15:48:16 MDT 2022)</item>
<item name = "Project">lab_five</item>
<item name = "Solution">solution1 (Vivado IP Flow Target)</item>
<item name = "Product family">zynq</item>
<item name = "Target device">xc7z020-clg484-1</item>
</section>

<section name = "Performance Estimates" level="0">
<item name = "Timing">
<section name = "" level="1">
<item name = "Summary"><table name="" hasTotal="0">
<keys size="4">Clock, Target, Estimated, Uncertainty</keys>
<column name="ap_clk">10.00 ns, 6.870 ns, 2.70 ns</column>
</table>
</item>
</section>
</item>
<item name = "Latency">
<section name = "" level="1">
<item name = "Summary"><table name="" hasTotal="0">
<keys size="8">, min, max, min, max, min, max, Type</keys>
<column name="">15, 15, 0.150 us, 0.150 us, 15, 15, no</column>
</table>
</item>
<item name = "Detail">
<section name = "" level="1">
<item name = "Instance"><table name="" hasTotal="0">
<keys size="9">Instance, Module, min, max, min, max, min, max, Type</keys>
</table>
</item>
<item name = "Loop"><table name="" hasTotal="0">
<keys size="8">Loop Name, min, max, Latency, achieved, target, Count, Pipelined</keys>
<column name="- CORD_LOOP">13, 13, 3, 1, 1, 12, yes</column>
</table>
</item>
</section>
</item>
</section>
</item>
</section>
</profile>
