<stg><name>circular_cordic</name>


<trans_list>

<trans id="109" from="1" to="2">
<condition id="-1">
<or_exp><and_exp></and_exp></or_exp>
</condition>
</trans>

<trans id="110" from="2" to="3">
<condition id="-1">
<or_exp><and_exp></and_exp></or_exp>
</condition>
</trans>

<trans id="111" from="3" to="4">
<condition id="-1">
<or_exp><and_exp></and_exp></or_exp>
</condition>
</trans>

<trans id="112" from="4" to="5">
<condition id="-1">
<or_exp><and_exp></and_exp></or_exp>
</condition>
</trans>
</trans_list>



<state_list>

<state id="1" st_id="1">

<operation id="6" st_id="1" stage="1" lat="1">
<core>NULL</core>
<MemPortIdVec></MemPortIdVec>
<condition id="-1">
<or_exp><and_exp></and_exp></or_exp>
</condition>

<Node id="9" bw="1" op_0_bw="1" op_1_bw="1">
<![CDATA[
entry_ifconv:0 %arc_tan_read = read i1 @_ssdm_op_Read.ap_auto.i1, i1 %arc_tan

]]></Node>
<StgValue><ssdm name="arc_tan_read"/></StgValue>
</operation>

<operation id="7" st_id="1" stage="1" lat="1">
<core>NULL</core>
<MemPortIdVec></MemPortIdVec>
<condition id="-1">
<or_exp><and_exp></and_exp></or_exp>
</condition>

<Node id="10" bw="16" op_0_bw="16" op_1_bw="16">
<![CDATA[
entry_ifconv:1 %sine_In_read = read i16 @_ssdm_op_Read.ap_auto.i16, i16 %sine_In

]]></Node>
<StgValue><ssdm name="sine_In_read"/></StgValue>
</operation>

<operation id="8" st_id="1" stage="1" lat="1">
<core>NULL</core>
<MemPortIdVec></MemPortIdVec>
<condition id="-1">
<or_exp><and_exp></and_exp></or_exp>
</condition>

<Node id="11" bw="16" op_0_bw="16" op_1_bw="16">
<![CDATA[
entry_ifconv:2 %cosine_In_read = read i16 @_ssdm_op_Read.ap_auto.i16, i16 %cosine_In

]]></Node>
<StgValue><ssdm name="cosine_In_read"/></StgValue>
</operation>

<operation id="9" st_id="1" stage="1" lat="1">
<core>NULL</core>
<MemPortIdVec></MemPortIdVec>
<condition id="-1">
<or_exp><and_exp></and_exp></or_exp>
</condition>

<Node id="12" bw="16" op_0_bw="16" op_1_bw="16">
<![CDATA[
entry_ifconv:3 %angle_in_read = read i16 @_ssdm_op_Read.ap_auto.i16, i16 %angle_in

]]></Node>
<StgValue><ssdm name="angle_in_read"/></StgValue>
</operation>

<operation id="10" st_id="1" stage="1" lat="1">
<core>NULL</core>
<MemPortIdVec></MemPortIdVec>
<condition id="-1">
<or_exp><and_exp></and_exp></or_exp>
</condition>

<Node id="13" bw="16" op_0_bw="64">
<![CDATA[
entry_ifconv:4 %accum_angle_V_loc = alloca i64 1

]]></Node>
<StgValue><ssdm name="accum_angle_V_loc"/></StgValue>
</operation>

<operation id="11" st_id="1" stage="1" lat="1">
<core>NULL</core>
<MemPortIdVec></MemPortIdVec>
<condition id="-1">
<or_exp><and_exp></and_exp></or_exp>
</condition>

<Node id="14" bw="16" op_0_bw="64">
<![CDATA[
entry_ifconv:5 %inter_cosine_V_1_loc = alloca i64 1

]]></Node>
<StgValue><ssdm name="inter_cosine_V_1_loc"/></StgValue>
</operation>

<operation id="12" st_id="1" stage="1" lat="1">
<core>NULL</core>
<MemPortIdVec></MemPortIdVec>
<condition id="-1">
<or_exp><and_exp></and_exp></or_exp>
</condition>

<Node id="15" bw="16" op_0_bw="64">
<![CDATA[
entry_ifconv:6 %inter_sine_V_1_loc = alloca i64 1

]]></Node>
<StgValue><ssdm name="inter_sine_V_1_loc"/></StgValue>
</operation>

<operation id="13" st_id="1" stage="1" lat="1">
<core>NULL</core>
<MemPortIdVec></MemPortIdVec>
<condition id="-1">
<or_exp><and_exp></and_exp></or_exp>
</condition>

<Node id="31" bw="1" op_0_bw="1" op_1_bw="16" op_2_bw="32">
<![CDATA[
entry_ifconv:22 %tmp = bitselect i1 @_ssdm_op_BitSelect.i1.i16.i32, i16 %cosine_In_read, i32 15

]]></Node>
<StgValue><ssdm name="tmp"/></StgValue>
</operation>

<operation id="14" st_id="1" stage="1" lat="1">
<core>Cmp</core>
<MemPortIdVec></MemPortIdVec>
<condition id="-1">
<or_exp><and_exp></and_exp></or_exp>
</condition>

<Node id="32" bw="1" op_0_bw="16" op_1_bw="16">
<![CDATA[
entry_ifconv:23 %icmp_ln1696 = icmp_slt  i16 %angle_in_read, i16 59102

]]></Node>
<StgValue><ssdm name="icmp_ln1696"/></StgValue>
</operation>

<operation id="15" st_id="1" stage="1" lat="1">
<core>Cmp</core>
<MemPortIdVec></MemPortIdVec>
<condition id="-1">
<or_exp><and_exp></and_exp></or_exp>
</condition>

<Node id="33" bw="1" op_0_bw="16" op_1_bw="16">
<![CDATA[
entry_ifconv:24 %icmp_ln1695 = icmp_sgt  i16 %sine_In_read, i16 0

]]></Node>
<StgValue><ssdm name="icmp_ln1695"/></StgValue>
</operation>

<operation id="16" st_id="1" stage="1" lat="1">
<core>Adder</core>
<MemPortIdVec></MemPortIdVec>
<condition id="-1">
<or_exp><and_exp></and_exp></or_exp>
</condition>

<Node id="34" bw="16" op_0_bw="16" op_1_bw="16">
<![CDATA[
entry_ifconv:25 %inter_sine_V = sub i16 0, i16 %cosine_In_read

]]></Node>
<StgValue><ssdm name="inter_sine_V"/></StgValue>
</operation>

<operation id="17" st_id="1" stage="1" lat="1">
<core>Cmp</core>
<MemPortIdVec></MemPortIdVec>
<condition id="-1">
<or_exp><and_exp></and_exp></or_exp>
</condition>

<Node id="35" bw="1" op_0_bw="16" op_1_bw="16">
<![CDATA[
entry_ifconv:26 %icmp_ln1695_1 = icmp_sgt  i16 %angle_in_read, i16 6434

]]></Node>
<StgValue><ssdm name="icmp_ln1695_1"/></StgValue>
</operation>

<operation id="18" st_id="1" stage="1" lat="1">
<core>Adder</core>
<MemPortIdVec></MemPortIdVec>
<condition id="-1">
<or_exp><and_exp></and_exp></or_exp>
</condition>

<Node id="36" bw="16" op_0_bw="16" op_1_bw="16">
<![CDATA[
entry_ifconv:27 %inter_cosine_V = sub i16 0, i16 %sine_In_read

]]></Node>
<StgValue><ssdm name="inter_cosine_V"/></StgValue>
</operation>

<operation id="19" st_id="1" stage="1" lat="1">
<core>Sel</core>
<MemPortIdVec></MemPortIdVec>
<condition id="-1">
<or_exp><and_exp></and_exp></or_exp>
</condition>

<Node id="37" bw="14" op_0_bw="1" op_1_bw="14" op_2_bw="14">
<![CDATA[
entry_ifconv:28 %select_ln70 = select i1 %icmp_ln1695_1, i14 6434, i14 0

]]></Node>
<StgValue><ssdm name="select_ln70"/></StgValue>
</operation>

<operation id="20" st_id="1" stage="1" lat="1">
<core>Sel</core>
<MemPortIdVec></MemPortIdVec>
<condition id="-1">
<or_exp><and_exp></and_exp></or_exp>
</condition>

<Node id="38" bw="16" op_0_bw="1" op_1_bw="16" op_2_bw="16">
<![CDATA[
entry_ifconv:29 %select_ln70_1 = select i1 %icmp_ln1695_1, i16 %inter_cosine_V, i16 %cosine_In_read

]]></Node>
<StgValue><ssdm name="select_ln70_1"/></StgValue>
</operation>

<operation id="21" st_id="1" stage="1" lat="1">
<core>Sel</core>
<MemPortIdVec></MemPortIdVec>
<condition id="-1">
<or_exp><and_exp></and_exp></or_exp>
</condition>

<Node id="39" bw="16" op_0_bw="1" op_1_bw="16" op_2_bw="16">
<![CDATA[
entry_ifconv:30 %select_ln70_2 = select i1 %icmp_ln1695_1, i16 %cosine_In_read, i16 %sine_In_read

]]></Node>
<StgValue><ssdm name="select_ln70_2"/></StgValue>
</operation>

<operation id="22" st_id="1" stage="1" lat="1">
<core>LogicGate</core>
<MemPortIdVec></MemPortIdVec>
<condition id="-1">
<or_exp><and_exp></and_exp></or_exp>
</condition>

<Node id="40" bw="1" op_0_bw="1" op_1_bw="1">
<![CDATA[
entry_ifconv:31 %xor_ln1696 = xor i1 %tmp, i1 1

]]></Node>
<StgValue><ssdm name="xor_ln1696"/></StgValue>
</operation>

<operation id="23" st_id="1" stage="1" lat="1">
<core>LogicGate</core>
<MemPortIdVec></MemPortIdVec>
<condition id="-1">
<or_exp><and_exp></and_exp></or_exp>
</condition>

<Node id="41" bw="1" op_0_bw="1" op_1_bw="1">
<![CDATA[
entry_ifconv:32 %and_ln1696 = and i1 %arc_tan_read, i1 %xor_ln1696

]]></Node>
<StgValue><ssdm name="and_ln1696"/></StgValue>
</operation>

<operation id="24" st_id="1" stage="1" lat="1">
<core>Sel</core>
<MemPortIdVec></MemPortIdVec>
<condition id="-1">
<or_exp><and_exp></and_exp></or_exp>
</condition>

<Node id="42" bw="16" op_0_bw="1" op_1_bw="16" op_2_bw="16">
<![CDATA[
entry_ifconv:33 %select_ln1696 = select i1 %and_ln1696, i16 %sine_In_read, i16 %cosine_In_read

]]></Node>
<StgValue><ssdm name="select_ln1696"/></StgValue>
</operation>

<operation id="25" st_id="1" stage="1" lat="1">
<core>LogicGate</core>
<MemPortIdVec></MemPortIdVec>
<condition id="-1">
<or_exp><and_exp></and_exp></or_exp>
</condition>

<Node id="43" bw="1" op_0_bw="1" op_1_bw="1">
<![CDATA[
entry_ifconv:34 %and_ln1696_1 = and i1 %tmp, i1 %arc_tan_read

]]></Node>
<StgValue><ssdm name="and_ln1696_1"/></StgValue>
</operation>

<operation id="26" st_id="1" stage="1" lat="1">
<core>LogicGate</core>
<MemPortIdVec></MemPortIdVec>
<condition id="-1">
<or_exp><and_exp></and_exp></or_exp>
</condition>

<Node id="44" bw="1" op_0_bw="1" op_1_bw="1">
<![CDATA[
entry_ifconv:35 %and_ln1695 = and i1 %and_ln1696_1, i1 %icmp_ln1695

]]></Node>
<StgValue><ssdm name="and_ln1695"/></StgValue>
</operation>

<operation id="27" st_id="1" stage="1" lat="1">
<core>Sel</core>
<MemPortIdVec></MemPortIdVec>
<condition id="-1">
<or_exp><and_exp></and_exp></or_exp>
</condition>

<Node id="45" bw="16" op_0_bw="1" op_1_bw="16" op_2_bw="16">
<![CDATA[
entry_ifconv:36 %select_ln1695 = select i1 %and_ln1695, i16 %inter_sine_V, i16 %select_ln1696

]]></Node>
<StgValue><ssdm name="select_ln1695"/></StgValue>
</operation>

<operation id="28" st_id="1" stage="1" lat="1">
<core>LogicGate</core>
<MemPortIdVec></MemPortIdVec>
<condition id="-1">
<or_exp><and_exp></and_exp></or_exp>
</condition>

<Node id="46" bw="1" op_0_bw="1" op_1_bw="1">
<![CDATA[
entry_ifconv:37 %xor_ln19 = xor i1 %arc_tan_read, i1 1

]]></Node>
<StgValue><ssdm name="xor_ln19"/></StgValue>
</operation>

<operation id="29" st_id="1" stage="1" lat="1">
<core>LogicGate</core>
<MemPortIdVec></MemPortIdVec>
<condition id="-1">
<or_exp><and_exp></and_exp></or_exp>
</condition>

<Node id="47" bw="1" op_0_bw="1" op_1_bw="1">
<![CDATA[
entry_ifconv:38 %and_ln1696_2 = and i1 %icmp_ln1696, i1 %xor_ln19

]]></Node>
<StgValue><ssdm name="and_ln1696_2"/></StgValue>
</operation>

<operation id="30" st_id="1" stage="1" lat="1">
<core>Sel</core>
<MemPortIdVec></MemPortIdVec>
<condition id="-1">
<or_exp><and_exp></and_exp></or_exp>
</condition>

<Node id="48" bw="16" op_0_bw="1" op_1_bw="16" op_2_bw="16">
<![CDATA[
entry_ifconv:39 %select_ln1696_1 = select i1 %and_ln1696_2, i16 %inter_sine_V, i16 %select_ln1695

]]></Node>
<StgValue><ssdm name="select_ln1696_1"/></StgValue>
</operation>

<operation id="31" st_id="1" stage="1" lat="1">
<core>LogicGate</core>
<MemPortIdVec></MemPortIdVec>
<condition id="-1">
<or_exp><and_exp></and_exp></or_exp>
</condition>

<Node id="49" bw="1" op_0_bw="1" op_1_bw="1">
<![CDATA[
entry_ifconv:40 %or_ln1696 = or i1 %icmp_ln1696, i1 %arc_tan_read

]]></Node>
<StgValue><ssdm name="or_ln1696"/></StgValue>
</operation>

<operation id="32" st_id="1" stage="1" lat="1">
<core>Sel</core>
<MemPortIdVec></MemPortIdVec>
<condition id="-1">
<or_exp><and_exp></and_exp></or_exp>
</condition>

<Node id="50" bw="16" op_0_bw="1" op_1_bw="16" op_2_bw="16">
<![CDATA[
entry_ifconv:41 %select_ln1696_2 = select i1 %or_ln1696, i16 %select_ln1696_1, i16 %select_ln70_2

]]></Node>
<StgValue><ssdm name="select_ln1696_2"/></StgValue>
</operation>

<operation id="33" st_id="1" stage="1" lat="1">
<core>Sel</core>
<MemPortIdVec></MemPortIdVec>
<condition id="-1">
<or_exp><and_exp></and_exp></or_exp>
</condition>

<Node id="51" bw="16" op_0_bw="1" op_1_bw="16" op_2_bw="16">
<![CDATA[
entry_ifconv:42 %select_ln1696_3 = select i1 %and_ln1696, i16 %cosine_In_read, i16 %sine_In_read

]]></Node>
<StgValue><ssdm name="select_ln1696_3"/></StgValue>
</operation>

<operation id="34" st_id="1" stage="1" lat="1">
<core>LogicGate</core>
<MemPortIdVec></MemPortIdVec>
<condition id="-1">
<or_exp><and_exp></and_exp></or_exp>
</condition>

<Node id="52" bw="1" op_0_bw="1" op_1_bw="1">
<![CDATA[
entry_ifconv:43 %xor_ln1695 = xor i1 %icmp_ln1695, i1 1

]]></Node>
<StgValue><ssdm name="xor_ln1695"/></StgValue>
</operation>

<operation id="35" st_id="1" stage="1" lat="1">
<core>LogicGate</core>
<MemPortIdVec></MemPortIdVec>
<condition id="-1">
<or_exp><and_exp></and_exp></or_exp>
</condition>

<Node id="53" bw="1" op_0_bw="1" op_1_bw="1">
<![CDATA[
entry_ifconv:44 %and_ln1695_1 = and i1 %and_ln1696_1, i1 %xor_ln1695

]]></Node>
<StgValue><ssdm name="and_ln1695_1"/></StgValue>
</operation>

<operation id="36" st_id="1" stage="1" lat="1">
<core>Sel</core>
<MemPortIdVec></MemPortIdVec>
<condition id="-1">
<or_exp><and_exp></and_exp></or_exp>
</condition>

<Node id="54" bw="16" op_0_bw="1" op_1_bw="16" op_2_bw="16">
<![CDATA[
entry_ifconv:45 %select_ln1695_1 = select i1 %and_ln1695_1, i16 %inter_cosine_V, i16 %select_ln1696_3

]]></Node>
<StgValue><ssdm name="select_ln1695_1"/></StgValue>
</operation>

<operation id="37" st_id="1" stage="1" lat="1">
<core>Sel</core>
<MemPortIdVec></MemPortIdVec>
<condition id="-1">
<or_exp><and_exp></and_exp></or_exp>
</condition>

<Node id="55" bw="16" op_0_bw="1" op_1_bw="16" op_2_bw="16">
<![CDATA[
entry_ifconv:46 %select_ln1696_4 = select i1 %or_ln1696, i16 %select_ln1695_1, i16 %select_ln70_1

]]></Node>
<StgValue><ssdm name="select_ln1696_4"/></StgValue>
</operation>

<operation id="38" st_id="1" stage="1" lat="1">
<core>Sel</core>
<MemPortIdVec></MemPortIdVec>
<condition id="-1">
<or_exp><and_exp></and_exp></or_exp>
</condition>

<Node id="56" bw="14" op_0_bw="1" op_1_bw="14" op_2_bw="14">
<![CDATA[
entry_ifconv:47 %select_ln1695_2 = select i1 %and_ln1695_1, i14 6434, i14 0

]]></Node>
<StgValue><ssdm name="select_ln1695_2"/></StgValue>
</operation>

<operation id="39" st_id="1" stage="1" lat="1">
<core>LogicGate</core>
<MemPortIdVec></MemPortIdVec>
<condition id="-1">
<or_exp><and_exp></and_exp></or_exp>
</condition>

<Node id="57" bw="1" op_0_bw="1" op_1_bw="1">
<![CDATA[
entry_ifconv:48 %or_ln1695 = or i1 %and_ln1695_1, i1 %and_ln1696

]]></Node>
<StgValue><ssdm name="or_ln1695"/></StgValue>
</operation>

<operation id="40" st_id="1" stage="1" lat="1">
<core>Sel</core>
<MemPortIdVec></MemPortIdVec>
<condition id="-1">
<or_exp><and_exp></and_exp></or_exp>
</condition>

<Node id="58" bw="14" op_0_bw="1" op_1_bw="14" op_2_bw="14">
<![CDATA[
entry_ifconv:49 %select_ln1695_3 = select i1 %or_ln1695, i14 %select_ln1695_2, i14 9950

]]></Node>
<StgValue><ssdm name="select_ln1695_3"/></StgValue>
</operation>

<operation id="41" st_id="1" stage="1" lat="1">
<core>Sel</core>
<MemPortIdVec></MemPortIdVec>
<condition id="-1">
<or_exp><and_exp></and_exp></or_exp>
</condition>

<Node id="59" bw="14" op_0_bw="1" op_1_bw="14" op_2_bw="14">
<![CDATA[
entry_ifconv:50 %select_ln1696_5 = select i1 %or_ln1696, i14 %select_ln1695_3, i14 %select_ln70

]]></Node>
<StgValue><ssdm name="select_ln1696_5"/></StgValue>
</operation>

<operation id="42" st_id="1" stage="2" lat="2">
<core></core>
<MemPortIdVec></MemPortIdVec>
<condition id="-1">
<or_exp><and_exp></and_exp></or_exp>
</condition>

<Node id="60" bw="0" op_0_bw="0" op_1_bw="16" op_2_bw="16" op_3_bw="14" op_4_bw="16" op_5_bw="1" op_6_bw="16" op_7_bw="16" op_8_bw="16" op_9_bw="12">
<![CDATA[
entry_ifconv:51 %call_ln1696 = call void @circular_cordic_Pipeline_CORD_LOOP, i16 %select_ln1696_2, i16 %select_ln1696_4, i14 %select_ln1696_5, i16 %angle_in_read, i1 %arc_tan_read, i16 %inter_sine_V_1_loc, i16 %inter_cosine_V_1_loc, i16 %accum_angle_V_loc, i12 %Cordic_Rotations_V

]]></Node>
<StgValue><ssdm name="call_ln1696"/></StgValue>
</operation>
</state>

<state id="2" st_id="2">

<operation id="43" st_id="2" stage="1" lat="2">
<core></core>
<MemPortIdVec></MemPortIdVec>
<condition id="-1">
<or_exp><and_exp></and_exp></or_exp>
</condition>

<Node id="60" bw="0" op_0_bw="0" op_1_bw="16" op_2_bw="16" op_3_bw="14" op_4_bw="16" op_5_bw="1" op_6_bw="16" op_7_bw="16" op_8_bw="16" op_9_bw="12">
<![CDATA[
entry_ifconv:51 %call_ln1696 = call void @circular_cordic_Pipeline_CORD_LOOP, i16 %select_ln1696_2, i16 %select_ln1696_4, i14 %select_ln1696_5, i16 %angle_in_read, i1 %arc_tan_read, i16 %inter_sine_V_1_loc, i16 %inter_cosine_V_1_loc, i16 %accum_angle_V_loc, i12 %Cordic_Rotations_V

]]></Node>
<StgValue><ssdm name="call_ln1696"/></StgValue>
</operation>
</state>

<state id="3" st_id="3">

<operation id="44" st_id="3" stage="1" lat="1">
<core>NULL</core>
<MemPortIdVec></MemPortIdVec>
<condition id="-1">
<or_exp><and_exp></and_exp></or_exp>
</condition>

<Node id="61" bw="16" op_0_bw="16" op_1_bw="0">
<![CDATA[
entry_ifconv:52 %inter_sine_V_1_loc_load = load i16 %inter_sine_V_1_loc

]]></Node>
<StgValue><ssdm name="inter_sine_V_1_loc_load"/></StgValue>
</operation>

<operation id="45" st_id="3" stage="1" lat="1">
<core>NULL</core>
<MemPortIdVec></MemPortIdVec>
<condition id="-1">
<or_exp><and_exp></and_exp></or_exp>
</condition>

<Node id="62" bw="16" op_0_bw="16" op_1_bw="0">
<![CDATA[
entry_ifconv:53 %inter_cosine_V_1_loc_load = load i16 %inter_cosine_V_1_loc

]]></Node>
<StgValue><ssdm name="inter_cosine_V_1_loc_load"/></StgValue>
</operation>

<operation id="46" st_id="3" stage="1" lat="1">
<core>NULL</core>
<MemPortIdVec></MemPortIdVec>
<condition id="-1">
<or_exp><and_exp></and_exp></or_exp>
</condition>

<Node id="66" bw="14" op_0_bw="14" op_1_bw="16" op_2_bw="32" op_3_bw="32">
<![CDATA[
entry_ifconv:57 %r = partselect i14 @_ssdm_op_PartSelect.i14.i16.i32.i32, i16 %inter_cosine_V_1_loc_load, i32 2, i32 15

]]></Node>
<StgValue><ssdm name="r"/></StgValue>
</operation>

<operation id="47" st_id="3" stage="1" lat="1">
<core>NULL</core>
<MemPortIdVec></MemPortIdVec>
<condition id="-1">
<or_exp><and_exp></and_exp></or_exp>
</condition>

<Node id="67" bw="16" op_0_bw="14">
<![CDATA[
entry_ifconv:58 %sext_ln1534 = sext i14 %r

]]></Node>
<StgValue><ssdm name="sext_ln1534"/></StgValue>
</operation>

<operation id="48" st_id="3" stage="1" lat="1">
<core>Adder</core>
<MemPortIdVec></MemPortIdVec>
<condition id="-1">
<or_exp><and_exp></and_exp></or_exp>
</condition>

<Node id="68" bw="16" op_0_bw="16" op_1_bw="16">
<![CDATA[
entry_ifconv:59 %sub_ln859_1 = sub i16 %inter_cosine_V_1_loc_load, i16 %sext_ln1534

]]></Node>
<StgValue><ssdm name="sub_ln859_1"/></StgValue>
</operation>

<operation id="49" st_id="3" stage="1" lat="1">
<core>NULL</core>
<MemPortIdVec></MemPortIdVec>
<condition id="-1">
<or_exp><and_exp></and_exp></or_exp>
</condition>

<Node id="69" bw="13" op_0_bw="13" op_1_bw="16" op_2_bw="32" op_3_bw="32">
<![CDATA[
entry_ifconv:60 %r_1 = partselect i13 @_ssdm_op_PartSelect.i13.i16.i32.i32, i16 %sub_ln859_1, i32 3, i32 15

]]></Node>
<StgValue><ssdm name="r_1"/></StgValue>
</operation>

<operation id="50" st_id="3" stage="1" lat="1">
<core>NULL</core>
<MemPortIdVec></MemPortIdVec>
<condition id="-1">
<or_exp><and_exp></and_exp></or_exp>
</condition>

<Node id="70" bw="16" op_0_bw="13">
<![CDATA[
entry_ifconv:61 %sext_ln1534_1 = sext i13 %r_1

]]></Node>
<StgValue><ssdm name="sext_ln1534_1"/></StgValue>
</operation>

<operation id="51" st_id="3" stage="1" lat="1">
<core>Adder</core>
<MemPortIdVec></MemPortIdVec>
<condition id="-1">
<or_exp><and_exp></and_exp></or_exp>
</condition>

<Node id="71" bw="16" op_0_bw="16" op_1_bw="16">
<![CDATA[
entry_ifconv:62 %sub_ln859_2 = sub i16 %sub_ln859_1, i16 %sext_ln1534_1

]]></Node>
<StgValue><ssdm name="sub_ln859_2"/></StgValue>
</operation>

<operation id="52" st_id="3" stage="1" lat="1">
<core>NULL</core>
<MemPortIdVec></MemPortIdVec>
<condition id="-1">
<or_exp><and_exp></and_exp></or_exp>
</condition>

<Node id="72" bw="12" op_0_bw="12" op_1_bw="16" op_2_bw="32" op_3_bw="32">
<![CDATA[
entry_ifconv:63 %r_2 = partselect i12 @_ssdm_op_PartSelect.i12.i16.i32.i32, i16 %sub_ln859_2, i32 4, i32 15

]]></Node>
<StgValue><ssdm name="r_2"/></StgValue>
</operation>

<operation id="53" st_id="3" stage="1" lat="1">
<core>NULL</core>
<MemPortIdVec></MemPortIdVec>
<condition id="-1">
<or_exp><and_exp></and_exp></or_exp>
</condition>

<Node id="73" bw="16" op_0_bw="12">
<![CDATA[
entry_ifconv:64 %sext_ln1534_2 = sext i12 %r_2

]]></Node>
<StgValue><ssdm name="sext_ln1534_2"/></StgValue>
</operation>

<operation id="54" st_id="3" stage="1" lat="1">
<core>Adder</core>
<MemPortIdVec></MemPortIdVec>
<condition id="-1">
<or_exp><and_exp></and_exp></or_exp>
</condition>

<Node id="74" bw="16" op_0_bw="16" op_1_bw="16">
<![CDATA[
entry_ifconv:65 %sub_ln859_3 = sub i16 %sub_ln859_2, i16 %sext_ln1534_2

]]></Node>
<StgValue><ssdm name="sub_ln859_3"/></StgValue>
</operation>

<operation id="55" st_id="3" stage="1" lat="1">
<core>NULL</core>
<MemPortIdVec></MemPortIdVec>
<condition id="-1">
<or_exp><and_exp></and_exp></or_exp>
</condition>

<Node id="75" bw="9" op_0_bw="9" op_1_bw="16" op_2_bw="32" op_3_bw="32">
<![CDATA[
entry_ifconv:66 %r_3 = partselect i9 @_ssdm_op_PartSelect.i9.i16.i32.i32, i16 %sub_ln859_3, i32 7, i32 15

]]></Node>
<StgValue><ssdm name="r_3"/></StgValue>
</operation>

<operation id="56" st_id="3" stage="1" lat="1">
<core>NULL</core>
<MemPortIdVec></MemPortIdVec>
<condition id="-1">
<or_exp><and_exp></and_exp></or_exp>
</condition>

<Node id="88" bw="14" op_0_bw="14" op_1_bw="16" op_2_bw="32" op_3_bw="32">
<![CDATA[
entry_ifconv:79 %r_7 = partselect i14 @_ssdm_op_PartSelect.i14.i16.i32.i32, i16 %inter_sine_V_1_loc_load, i32 2, i32 15

]]></Node>
<StgValue><ssdm name="r_7"/></StgValue>
</operation>

<operation id="57" st_id="3" stage="1" lat="1">
<core>NULL</core>
<MemPortIdVec></MemPortIdVec>
<condition id="-1">
<or_exp><and_exp></and_exp></or_exp>
</condition>

<Node id="89" bw="16" op_0_bw="14">
<![CDATA[
entry_ifconv:80 %sext_ln1534_7 = sext i14 %r_7

]]></Node>
<StgValue><ssdm name="sext_ln1534_7"/></StgValue>
</operation>

<operation id="58" st_id="3" stage="1" lat="1">
<core>Adder</core>
<MemPortIdVec></MemPortIdVec>
<condition id="-1">
<or_exp><and_exp></and_exp></or_exp>
</condition>

<Node id="90" bw="16" op_0_bw="16" op_1_bw="16">
<![CDATA[
entry_ifconv:81 %sub_ln859_8 = sub i16 %inter_sine_V_1_loc_load, i16 %sext_ln1534_7

]]></Node>
<StgValue><ssdm name="sub_ln859_8"/></StgValue>
</operation>

<operation id="59" st_id="3" stage="1" lat="1">
<core>NULL</core>
<MemPortIdVec></MemPortIdVec>
<condition id="-1">
<or_exp><and_exp></and_exp></or_exp>
</condition>

<Node id="91" bw="13" op_0_bw="13" op_1_bw="16" op_2_bw="32" op_3_bw="32">
<![CDATA[
entry_ifconv:82 %r_8 = partselect i13 @_ssdm_op_PartSelect.i13.i16.i32.i32, i16 %sub_ln859_8, i32 3, i32 15

]]></Node>
<StgValue><ssdm name="r_8"/></StgValue>
</operation>

<operation id="60" st_id="3" stage="1" lat="1">
<core>NULL</core>
<MemPortIdVec></MemPortIdVec>
<condition id="-1">
<or_exp><and_exp></and_exp></or_exp>
</condition>

<Node id="92" bw="16" op_0_bw="13">
<![CDATA[
entry_ifconv:83 %sext_ln1534_8 = sext i13 %r_8

]]></Node>
<StgValue><ssdm name="sext_ln1534_8"/></StgValue>
</operation>

<operation id="61" st_id="3" stage="1" lat="1">
<core>Adder</core>
<MemPortIdVec></MemPortIdVec>
<condition id="-1">
<or_exp><and_exp></and_exp></or_exp>
</condition>

<Node id="93" bw="16" op_0_bw="16" op_1_bw="16">
<![CDATA[
entry_ifconv:84 %sub_ln859_9 = sub i16 %sub_ln859_8, i16 %sext_ln1534_8

]]></Node>
<StgValue><ssdm name="sub_ln859_9"/></StgValue>
</operation>

<operation id="62" st_id="3" stage="1" lat="1">
<core>NULL</core>
<MemPortIdVec></MemPortIdVec>
<condition id="-1">
<or_exp><and_exp></and_exp></or_exp>
</condition>

<Node id="94" bw="12" op_0_bw="12" op_1_bw="16" op_2_bw="32" op_3_bw="32">
<![CDATA[
entry_ifconv:85 %r_9 = partselect i12 @_ssdm_op_PartSelect.i12.i16.i32.i32, i16 %sub_ln859_9, i32 4, i32 15

]]></Node>
<StgValue><ssdm name="r_9"/></StgValue>
</operation>

<operation id="63" st_id="3" stage="1" lat="1">
<core>NULL</core>
<MemPortIdVec></MemPortIdVec>
<condition id="-1">
<or_exp><and_exp></and_exp></or_exp>
</condition>

<Node id="95" bw="16" op_0_bw="12">
<![CDATA[
entry_ifconv:86 %sext_ln1534_9 = sext i12 %r_9

]]></Node>
<StgValue><ssdm name="sext_ln1534_9"/></StgValue>
</operation>

<operation id="64" st_id="3" stage="1" lat="1">
<core>Adder</core>
<MemPortIdVec></MemPortIdVec>
<condition id="-1">
<or_exp><and_exp></and_exp></or_exp>
</condition>

<Node id="96" bw="16" op_0_bw="16" op_1_bw="16">
<![CDATA[
entry_ifconv:87 %sub_ln859_10 = sub i16 %sub_ln859_9, i16 %sext_ln1534_9

]]></Node>
<StgValue><ssdm name="sub_ln859_10"/></StgValue>
</operation>

<operation id="65" st_id="3" stage="1" lat="1">
<core>NULL</core>
<MemPortIdVec></MemPortIdVec>
<condition id="-1">
<or_exp><and_exp></and_exp></or_exp>
</condition>

<Node id="97" bw="9" op_0_bw="9" op_1_bw="16" op_2_bw="32" op_3_bw="32">
<![CDATA[
entry_ifconv:88 %r_10 = partselect i9 @_ssdm_op_PartSelect.i9.i16.i32.i32, i16 %sub_ln859_10, i32 7, i32 15

]]></Node>
<StgValue><ssdm name="r_10"/></StgValue>
</operation>
</state>

<state id="4" st_id="4">

<operation id="66" st_id="4" stage="1" lat="1">
<core>NULL</core>
<MemPortIdVec></MemPortIdVec>
<condition id="-1">
<or_exp><and_exp></and_exp></or_exp>
</condition>

<Node id="76" bw="16" op_0_bw="9">
<![CDATA[
entry_ifconv:67 %sext_ln1534_3 = sext i9 %r_3

]]></Node>
<StgValue><ssdm name="sext_ln1534_3"/></StgValue>
</operation>

<operation id="67" st_id="4" stage="1" lat="1">
<core>Adder</core>
<MemPortIdVec></MemPortIdVec>
<condition id="-1">
<or_exp><and_exp></and_exp></or_exp>
</condition>

<Node id="77" bw="16" op_0_bw="16" op_1_bw="16">
<![CDATA[
entry_ifconv:68 %sub_ln859_4 = sub i16 %sub_ln859_3, i16 %sext_ln1534_3

]]></Node>
<StgValue><ssdm name="sub_ln859_4"/></StgValue>
</operation>

<operation id="68" st_id="4" stage="1" lat="1">
<core>NULL</core>
<MemPortIdVec></MemPortIdVec>
<condition id="-1">
<or_exp><and_exp></and_exp></or_exp>
</condition>

<Node id="78" bw="8" op_0_bw="8" op_1_bw="16" op_2_bw="32" op_3_bw="32">
<![CDATA[
entry_ifconv:69 %r_4 = partselect i8 @_ssdm_op_PartSelect.i8.i16.i32.i32, i16 %sub_ln859_4, i32 8, i32 15

]]></Node>
<StgValue><ssdm name="r_4"/></StgValue>
</operation>

<operation id="69" st_id="4" stage="1" lat="1">
<core>NULL</core>
<MemPortIdVec></MemPortIdVec>
<condition id="-1">
<or_exp><and_exp></and_exp></or_exp>
</condition>

<Node id="79" bw="16" op_0_bw="8">
<![CDATA[
entry_ifconv:70 %sext_ln1534_4 = sext i8 %r_4

]]></Node>
<StgValue><ssdm name="sext_ln1534_4"/></StgValue>
</operation>

<operation id="70" st_id="4" stage="1" lat="1">
<core>Adder</core>
<MemPortIdVec></MemPortIdVec>
<condition id="-1">
<or_exp><and_exp></and_exp></or_exp>
</condition>

<Node id="80" bw="16" op_0_bw="16" op_1_bw="16">
<![CDATA[
entry_ifconv:71 %sub_ln859_5 = sub i16 %sub_ln859_4, i16 %sext_ln1534_4

]]></Node>
<StgValue><ssdm name="sub_ln859_5"/></StgValue>
</operation>

<operation id="71" st_id="4" stage="1" lat="1">
<core>NULL</core>
<MemPortIdVec></MemPortIdVec>
<condition id="-1">
<or_exp><and_exp></and_exp></or_exp>
</condition>

<Node id="81" bw="6" op_0_bw="6" op_1_bw="16" op_2_bw="32" op_3_bw="32">
<![CDATA[
entry_ifconv:72 %r_5 = partselect i6 @_ssdm_op_PartSelect.i6.i16.i32.i32, i16 %sub_ln859_5, i32 10, i32 15

]]></Node>
<StgValue><ssdm name="r_5"/></StgValue>
</operation>

<operation id="72" st_id="4" stage="1" lat="1">
<core>NULL</core>
<MemPortIdVec></MemPortIdVec>
<condition id="-1">
<or_exp><and_exp></and_exp></or_exp>
</condition>

<Node id="82" bw="16" op_0_bw="6">
<![CDATA[
entry_ifconv:73 %sext_ln1534_5 = sext i6 %r_5

]]></Node>
<StgValue><ssdm name="sext_ln1534_5"/></StgValue>
</operation>

<operation id="73" st_id="4" stage="1" lat="1">
<core>Adder</core>
<MemPortIdVec></MemPortIdVec>
<condition id="-1">
<or_exp><and_exp></and_exp></or_exp>
</condition>

<Node id="83" bw="16" op_0_bw="16" op_1_bw="16">
<![CDATA[
entry_ifconv:74 %sub_ln859_6 = sub i16 %sub_ln859_5, i16 %sext_ln1534_5

]]></Node>
<StgValue><ssdm name="sub_ln859_6"/></StgValue>
</operation>

<operation id="74" st_id="4" stage="1" lat="1">
<core>NULL</core>
<MemPortIdVec></MemPortIdVec>
<condition id="-1">
<or_exp><and_exp></and_exp></or_exp>
</condition>

<Node id="84" bw="4" op_0_bw="4" op_1_bw="16" op_2_bw="32" op_3_bw="32">
<![CDATA[
entry_ifconv:75 %r_6 = partselect i4 @_ssdm_op_PartSelect.i4.i16.i32.i32, i16 %sub_ln859_6, i32 12, i32 15

]]></Node>
<StgValue><ssdm name="r_6"/></StgValue>
</operation>

<operation id="75" st_id="4" stage="1" lat="1">
<core>NULL</core>
<MemPortIdVec></MemPortIdVec>
<condition id="-1">
<or_exp><and_exp></and_exp></or_exp>
</condition>

<Node id="98" bw="16" op_0_bw="9">
<![CDATA[
entry_ifconv:89 %sext_ln1534_10 = sext i9 %r_10

]]></Node>
<StgValue><ssdm name="sext_ln1534_10"/></StgValue>
</operation>

<operation id="76" st_id="4" stage="1" lat="1">
<core>Adder</core>
<MemPortIdVec></MemPortIdVec>
<condition id="-1">
<or_exp><and_exp></and_exp></or_exp>
</condition>

<Node id="99" bw="16" op_0_bw="16" op_1_bw="16">
<![CDATA[
entry_ifconv:90 %sub_ln859_11 = sub i16 %sub_ln859_10, i16 %sext_ln1534_10

]]></Node>
<StgValue><ssdm name="sub_ln859_11"/></StgValue>
</operation>

<operation id="77" st_id="4" stage="1" lat="1">
<core>NULL</core>
<MemPortIdVec></MemPortIdVec>
<condition id="-1">
<or_exp><and_exp></and_exp></or_exp>
</condition>

<Node id="100" bw="8" op_0_bw="8" op_1_bw="16" op_2_bw="32" op_3_bw="32">
<![CDATA[
entry_ifconv:91 %r_11 = partselect i8 @_ssdm_op_PartSelect.i8.i16.i32.i32, i16 %sub_ln859_11, i32 8, i32 15

]]></Node>
<StgValue><ssdm name="r_11"/></StgValue>
</operation>

<operation id="78" st_id="4" stage="1" lat="1">
<core>NULL</core>
<MemPortIdVec></MemPortIdVec>
<condition id="-1">
<or_exp><and_exp></and_exp></or_exp>
</condition>

<Node id="101" bw="16" op_0_bw="8">
<![CDATA[
entry_ifconv:92 %sext_ln1534_11 = sext i8 %r_11

]]></Node>
<StgValue><ssdm name="sext_ln1534_11"/></StgValue>
</operation>

<operation id="79" st_id="4" stage="1" lat="1">
<core>Adder</core>
<MemPortIdVec></MemPortIdVec>
<condition id="-1">
<or_exp><and_exp></and_exp></or_exp>
</condition>

<Node id="102" bw="16" op_0_bw="16" op_1_bw="16">
<![CDATA[
entry_ifconv:93 %sub_ln859_12 = sub i16 %sub_ln859_11, i16 %sext_ln1534_11

]]></Node>
<StgValue><ssdm name="sub_ln859_12"/></StgValue>
</operation>

<operation id="80" st_id="4" stage="1" lat="1">
<core>NULL</core>
<MemPortIdVec></MemPortIdVec>
<condition id="-1">
<or_exp><and_exp></and_exp></or_exp>
</condition>

<Node id="103" bw="6" op_0_bw="6" op_1_bw="16" op_2_bw="32" op_3_bw="32">
<![CDATA[
entry_ifconv:94 %r_12 = partselect i6 @_ssdm_op_PartSelect.i6.i16.i32.i32, i16 %sub_ln859_12, i32 10, i32 15

]]></Node>
<StgValue><ssdm name="r_12"/></StgValue>
</operation>

<operation id="81" st_id="4" stage="1" lat="1">
<core>NULL</core>
<MemPortIdVec></MemPortIdVec>
<condition id="-1">
<or_exp><and_exp></and_exp></or_exp>
</condition>

<Node id="104" bw="16" op_0_bw="6">
<![CDATA[
entry_ifconv:95 %sext_ln1534_12 = sext i6 %r_12

]]></Node>
<StgValue><ssdm name="sext_ln1534_12"/></StgValue>
</operation>

<operation id="82" st_id="4" stage="1" lat="1">
<core>Adder</core>
<MemPortIdVec></MemPortIdVec>
<condition id="-1">
<or_exp><and_exp></and_exp></or_exp>
</condition>

<Node id="105" bw="16" op_0_bw="16" op_1_bw="16">
<![CDATA[
entry_ifconv:96 %sub_ln859_13 = sub i16 %sub_ln859_12, i16 %sext_ln1534_12

]]></Node>
<StgValue><ssdm name="sub_ln859_13"/></StgValue>
</operation>

<operation id="83" st_id="4" stage="1" lat="1">
<core>NULL</core>
<MemPortIdVec></MemPortIdVec>
<condition id="-1">
<or_exp><and_exp></and_exp></or_exp>
</condition>

<Node id="106" bw="4" op_0_bw="4" op_1_bw="16" op_2_bw="32" op_3_bw="32">
<![CDATA[
entry_ifconv:97 %r_13 = partselect i4 @_ssdm_op_PartSelect.i4.i16.i32.i32, i16 %sub_ln859_13, i32 12, i32 15

]]></Node>
<StgValue><ssdm name="r_13"/></StgValue>
</operation>
</state>

<state id="5" st_id="5">

<operation id="84" st_id="5" stage="1" lat="1">
<core>NULL</core>
<MemPortIdVec></MemPortIdVec>
<condition id="-1">
<or_exp><and_exp></and_exp></or_exp>
</condition>

<Node id="16" bw="0" op_0_bw="0" op_1_bw="0">
<![CDATA[
entry_ifconv:7 %spectopmodule_ln11 = spectopmodule void @_ssdm_op_SpecTopModule, void @empty_1

]]></Node>
<StgValue><ssdm name="spectopmodule_ln11"/></StgValue>
</operation>

<operation id="85" st_id="5" stage="1" lat="1">
<core>NULL</core>
<MemPortIdVec></MemPortIdVec>
<condition id="-1">
<or_exp><and_exp></and_exp></or_exp>
</condition>

<Node id="17" bw="0" op_0_bw="0" op_1_bw="16">
<![CDATA[
entry_ifconv:8 %specbitsmap_ln0 = specbitsmap void @_ssdm_op_SpecBitsMap, i16 %angle_in

]]></Node>
<StgValue><ssdm name="specbitsmap_ln0"/></StgValue>
</operation>

<operation id="86" st_id="5" stage="1" lat="1">
<core>NULL</core>
<MemPortIdVec></MemPortIdVec>
<condition id="-1">
<or_exp><and_exp></and_exp></or_exp>
</condition>

<Node id="18" bw="0" op_0_bw="0" op_1_bw="16" op_2_bw="0" op_3_bw="32" op_4_bw="32" op_5_bw="0" op_6_bw="32" op_7_bw="32" op_8_bw="0" op_9_bw="0" op_10_bw="0" op_11_bw="32" op_12_bw="32" op_13_bw="32" op_14_bw="32" op_15_bw="0" op_16_bw="0" op_17_bw="32" op_18_bw="32">
<![CDATA[
entry_ifconv:9 %specinterface_ln0 = specinterface void @_ssdm_op_SpecInterface, i16 %angle_in, void @empty, i32 0, i32 0, void @empty_0, i32 0, i32 0, void @empty_0, void @empty_0, void @empty_0, i32 0, i32 0, i32 0, i32 0, void @empty_0, void @empty_0, i32 4294967295, i32 0

]]></Node>
<StgValue><ssdm name="specinterface_ln0"/></StgValue>
</operation>

<operation id="87" st_id="5" stage="1" lat="1">
<core>NULL</core>
<MemPortIdVec></MemPortIdVec>
<condition id="-1">
<or_exp><and_exp></and_exp></or_exp>
</condition>

<Node id="19" bw="0" op_0_bw="0" op_1_bw="16">
<![CDATA[
entry_ifconv:10 %specbitsmap_ln0 = specbitsmap void @_ssdm_op_SpecBitsMap, i16 %cosine_In

]]></Node>
<StgValue><ssdm name="specbitsmap_ln0"/></StgValue>
</operation>

<operation id="88" st_id="5" stage="1" lat="1">
<core>NULL</core>
<MemPortIdVec></MemPortIdVec>
<condition id="-1">
<or_exp><and_exp></and_exp></or_exp>
</condition>

<Node id="20" bw="0" op_0_bw="0" op_1_bw="16" op_2_bw="0" op_3_bw="32" op_4_bw="32" op_5_bw="0" op_6_bw="32" op_7_bw="32" op_8_bw="0" op_9_bw="0" op_10_bw="0" op_11_bw="32" op_12_bw="32" op_13_bw="32" op_14_bw="32" op_15_bw="0" op_16_bw="0" op_17_bw="32" op_18_bw="32">
<![CDATA[
entry_ifconv:11 %specinterface_ln0 = specinterface void @_ssdm_op_SpecInterface, i16 %cosine_In, void @empty, i32 0, i32 0, void @empty_0, i32 0, i32 0, void @empty_0, void @empty_0, void @empty_0, i32 0, i32 0, i32 0, i32 0, void @empty_0, void @empty_0, i32 4294967295, i32 0

]]></Node>
<StgValue><ssdm name="specinterface_ln0"/></StgValue>
</operation>

<operation id="89" st_id="5" stage="1" lat="1">
<core>NULL</core>
<MemPortIdVec></MemPortIdVec>
<condition id="-1">
<or_exp><and_exp></and_exp></or_exp>
</condition>

<Node id="21" bw="0" op_0_bw="0" op_1_bw="16">
<![CDATA[
entry_ifconv:12 %specbitsmap_ln0 = specbitsmap void @_ssdm_op_SpecBitsMap, i16 %sine_In

]]></Node>
<StgValue><ssdm name="specbitsmap_ln0"/></StgValue>
</operation>

<operation id="90" st_id="5" stage="1" lat="1">
<core>NULL</core>
<MemPortIdVec></MemPortIdVec>
<condition id="-1">
<or_exp><and_exp></and_exp></or_exp>
</condition>

<Node id="22" bw="0" op_0_bw="0" op_1_bw="16" op_2_bw="0" op_3_bw="32" op_4_bw="32" op_5_bw="0" op_6_bw="32" op_7_bw="32" op_8_bw="0" op_9_bw="0" op_10_bw="0" op_11_bw="32" op_12_bw="32" op_13_bw="32" op_14_bw="32" op_15_bw="0" op_16_bw="0" op_17_bw="32" op_18_bw="32">
<![CDATA[
entry_ifconv:13 %specinterface_ln0 = specinterface void @_ssdm_op_SpecInterface, i16 %sine_In, void @empty, i32 0, i32 0, void @empty_0, i32 0, i32 0, void @empty_0, void @empty_0, void @empty_0, i32 0, i32 0, i32 0, i32 0, void @empty_0, void @empty_0, i32 4294967295, i32 0

]]></Node>
<StgValue><ssdm name="specinterface_ln0"/></StgValue>
</operation>

<operation id="91" st_id="5" stage="1" lat="1">
<core>NULL</core>
<MemPortIdVec></MemPortIdVec>
<condition id="-1">
<or_exp><and_exp></and_exp></or_exp>
</condition>

<Node id="23" bw="0" op_0_bw="0" op_1_bw="16">
<![CDATA[
entry_ifconv:14 %specbitsmap_ln0 = specbitsmap void @_ssdm_op_SpecBitsMap, i16 %angle_Out

]]></Node>
<StgValue><ssdm name="specbitsmap_ln0"/></StgValue>
</operation>

<operation id="92" st_id="5" stage="1" lat="1">
<core>NULL</core>
<MemPortIdVec></MemPortIdVec>
<condition id="-1">
<or_exp><and_exp></and_exp></or_exp>
</condition>

<Node id="24" bw="0" op_0_bw="0" op_1_bw="16" op_2_bw="0" op_3_bw="32" op_4_bw="32" op_5_bw="0" op_6_bw="32" op_7_bw="32" op_8_bw="0" op_9_bw="0" op_10_bw="0" op_11_bw="32" op_12_bw="32" op_13_bw="32" op_14_bw="32" op_15_bw="0" op_16_bw="0" op_17_bw="32" op_18_bw="32">
<![CDATA[
entry_ifconv:15 %specinterface_ln0 = specinterface void @_ssdm_op_SpecInterface, i16 %angle_Out, void @empty, i32 0, i32 0, void @empty_0, i32 0, i32 0, void @empty_0, void @empty_0, void @empty_0, i32 0, i32 0, i32 0, i32 0, void @empty_0, void @empty_0, i32 4294967295, i32 0

]]></Node>
<StgValue><ssdm name="specinterface_ln0"/></StgValue>
</operation>

<operation id="93" st_id="5" stage="1" lat="1">
<core>NULL</core>
<MemPortIdVec></MemPortIdVec>
<condition id="-1">
<or_exp><and_exp></and_exp></or_exp>
</condition>

<Node id="25" bw="0" op_0_bw="0" op_1_bw="16">
<![CDATA[
entry_ifconv:16 %specbitsmap_ln0 = specbitsmap void @_ssdm_op_SpecBitsMap, i16 %cosine_Out

]]></Node>
<StgValue><ssdm name="specbitsmap_ln0"/></StgValue>
</operation>

<operation id="94" st_id="5" stage="1" lat="1">
<core>NULL</core>
<MemPortIdVec></MemPortIdVec>
<condition id="-1">
<or_exp><and_exp></and_exp></or_exp>
</condition>

<Node id="26" bw="0" op_0_bw="0" op_1_bw="16" op_2_bw="0" op_3_bw="32" op_4_bw="32" op_5_bw="0" op_6_bw="32" op_7_bw="32" op_8_bw="0" op_9_bw="0" op_10_bw="0" op_11_bw="32" op_12_bw="32" op_13_bw="32" op_14_bw="32" op_15_bw="0" op_16_bw="0" op_17_bw="32" op_18_bw="32">
<![CDATA[
entry_ifconv:17 %specinterface_ln0 = specinterface void @_ssdm_op_SpecInterface, i16 %cosine_Out, void @empty, i32 0, i32 0, void @empty_0, i32 0, i32 0, void @empty_0, void @empty_0, void @empty_0, i32 0, i32 0, i32 0, i32 0, void @empty_0, void @empty_0, i32 4294967295, i32 0

]]></Node>
<StgValue><ssdm name="specinterface_ln0"/></StgValue>
</operation>

<operation id="95" st_id="5" stage="1" lat="1">
<core>NULL</core>
<MemPortIdVec></MemPortIdVec>
<condition id="-1">
<or_exp><and_exp></and_exp></or_exp>
</condition>

<Node id="27" bw="0" op_0_bw="0" op_1_bw="16">
<![CDATA[
entry_ifconv:18 %specbitsmap_ln0 = specbitsmap void @_ssdm_op_SpecBitsMap, i16 %sine_Out

]]></Node>
<StgValue><ssdm name="specbitsmap_ln0"/></StgValue>
</operation>

<operation id="96" st_id="5" stage="1" lat="1">
<core>NULL</core>
<MemPortIdVec></MemPortIdVec>
<condition id="-1">
<or_exp><and_exp></and_exp></or_exp>
</condition>

<Node id="28" bw="0" op_0_bw="0" op_1_bw="16" op_2_bw="0" op_3_bw="32" op_4_bw="32" op_5_bw="0" op_6_bw="32" op_7_bw="32" op_8_bw="0" op_9_bw="0" op_10_bw="0" op_11_bw="32" op_12_bw="32" op_13_bw="32" op_14_bw="32" op_15_bw="0" op_16_bw="0" op_17_bw="32" op_18_bw="32">
<![CDATA[
entry_ifconv:19 %specinterface_ln0 = specinterface void @_ssdm_op_SpecInterface, i16 %sine_Out, void @empty, i32 0, i32 0, void @empty_0, i32 0, i32 0, void @empty_0, void @empty_0, void @empty_0, i32 0, i32 0, i32 0, i32 0, void @empty_0, void @empty_0, i32 4294967295, i32 0

]]></Node>
<StgValue><ssdm name="specinterface_ln0"/></StgValue>
</operation>

<operation id="97" st_id="5" stage="1" lat="1">
<core>NULL</core>
<MemPortIdVec></MemPortIdVec>
<condition id="-1">
<or_exp><and_exp></and_exp></or_exp>
</condition>

<Node id="29" bw="0" op_0_bw="0" op_1_bw="1">
<![CDATA[
entry_ifconv:20 %specbitsmap_ln0 = specbitsmap void @_ssdm_op_SpecBitsMap, i1 %arc_tan

]]></Node>
<StgValue><ssdm name="specbitsmap_ln0"/></StgValue>
</operation>

<operation id="98" st_id="5" stage="1" lat="1">
<core>NULL</core>
<MemPortIdVec></MemPortIdVec>
<condition id="-1">
<or_exp><and_exp></and_exp></or_exp>
</condition>

<Node id="30" bw="0" op_0_bw="0" op_1_bw="1" op_2_bw="0" op_3_bw="32" op_4_bw="32" op_5_bw="0" op_6_bw="32" op_7_bw="32" op_8_bw="0" op_9_bw="0" op_10_bw="0" op_11_bw="32" op_12_bw="32" op_13_bw="32" op_14_bw="32" op_15_bw="0" op_16_bw="0" op_17_bw="32" op_18_bw="32">
<![CDATA[
entry_ifconv:21 %specinterface_ln0 = specinterface void @_ssdm_op_SpecInterface, i1 %arc_tan, void @empty, i32 0, i32 0, void @empty_0, i32 0, i32 0, void @empty_0, void @empty_0, void @empty_0, i32 0, i32 0, i32 0, i32 0, void @empty_0, void @empty_0, i32 4294967295, i32 0

]]></Node>
<StgValue><ssdm name="specinterface_ln0"/></StgValue>
</operation>

<operation id="99" st_id="5" stage="1" lat="1">
<core>NULL</core>
<MemPortIdVec></MemPortIdVec>
<condition id="-1">
<or_exp><and_exp></and_exp></or_exp>
</condition>

<Node id="63" bw="16" op_0_bw="16" op_1_bw="0">
<![CDATA[
entry_ifconv:54 %accum_angle_V_loc_load = load i16 %accum_angle_V_loc

]]></Node>
<StgValue><ssdm name="accum_angle_V_loc_load"/></StgValue>
</operation>

<operation id="100" st_id="5" stage="1" lat="1">
<core>Adder</core>
<MemPortIdVec></MemPortIdVec>
<condition id="-1">
<or_exp><and_exp></and_exp></or_exp>
</condition>

<Node id="64" bw="16" op_0_bw="16" op_1_bw="16">
<![CDATA[
entry_ifconv:55 %sub_ln859 = sub i16 0, i16 %accum_angle_V_loc_load

]]></Node>
<StgValue><ssdm name="sub_ln859"/></StgValue>
</operation>

<operation id="101" st_id="5" stage="1" lat="1">
<core>NULL</core>
<MemPortIdVec></MemPortIdVec>
<condition id="-1">
<or_exp><and_exp></and_exp></or_exp>
</condition>

<Node id="65" bw="0" op_0_bw="0" op_1_bw="16" op_2_bw="16">
<![CDATA[
entry_ifconv:56 %write_ln106 = write void @_ssdm_op_Write.ap_auto.i16P0A, i16 %angle_Out, i16 %sub_ln859

]]></Node>
<StgValue><ssdm name="write_ln106"/></StgValue>
</operation>

<operation id="102" st_id="5" stage="1" lat="1">
<core>NULL</core>
<MemPortIdVec></MemPortIdVec>
<condition id="-1">
<or_exp><and_exp></and_exp></or_exp>
</condition>

<Node id="85" bw="16" op_0_bw="4">
<![CDATA[
entry_ifconv:76 %sext_ln1534_6 = sext i4 %r_6

]]></Node>
<StgValue><ssdm name="sext_ln1534_6"/></StgValue>
</operation>

<operation id="103" st_id="5" stage="1" lat="1">
<core>Adder</core>
<MemPortIdVec></MemPortIdVec>
<condition id="-1">
<or_exp><and_exp></and_exp></or_exp>
</condition>

<Node id="86" bw="16" op_0_bw="16" op_1_bw="16">
<![CDATA[
entry_ifconv:77 %sub_ln859_7 = sub i16 %sub_ln859_6, i16 %sext_ln1534_6

]]></Node>
<StgValue><ssdm name="sub_ln859_7"/></StgValue>
</operation>

<operation id="104" st_id="5" stage="1" lat="1">
<core>NULL</core>
<MemPortIdVec></MemPortIdVec>
<condition id="-1">
<or_exp><and_exp></and_exp></or_exp>
</condition>

<Node id="87" bw="0" op_0_bw="0" op_1_bw="16" op_2_bw="16">
<![CDATA[
entry_ifconv:78 %write_ln108 = write void @_ssdm_op_Write.ap_auto.i16P0A, i16 %cosine_Out, i16 %sub_ln859_7

]]></Node>
<StgValue><ssdm name="write_ln108"/></StgValue>
</operation>

<operation id="105" st_id="5" stage="1" lat="1">
<core>NULL</core>
<MemPortIdVec></MemPortIdVec>
<condition id="-1">
<or_exp><and_exp></and_exp></or_exp>
</condition>

<Node id="107" bw="16" op_0_bw="4">
<![CDATA[
entry_ifconv:98 %sext_ln1534_13 = sext i4 %r_13

]]></Node>
<StgValue><ssdm name="sext_ln1534_13"/></StgValue>
</operation>

<operation id="106" st_id="5" stage="1" lat="1">
<core>Adder</core>
<MemPortIdVec></MemPortIdVec>
<condition id="-1">
<or_exp><and_exp></and_exp></or_exp>
</condition>

<Node id="108" bw="16" op_0_bw="16" op_1_bw="16">
<![CDATA[
entry_ifconv:99 %sub_ln859_14 = sub i16 %sub_ln859_13, i16 %sext_ln1534_13

]]></Node>
<StgValue><ssdm name="sub_ln859_14"/></StgValue>
</operation>

<operation id="107" st_id="5" stage="1" lat="1">
<core>NULL</core>
<MemPortIdVec></MemPortIdVec>
<condition id="-1">
<or_exp><and_exp></and_exp></or_exp>
</condition>

<Node id="109" bw="0" op_0_bw="0" op_1_bw="16" op_2_bw="16">
<![CDATA[
entry_ifconv:100 %write_ln109 = write void @_ssdm_op_Write.ap_auto.i16P0A, i16 %sine_Out, i16 %sub_ln859_14

]]></Node>
<StgValue><ssdm name="write_ln109"/></StgValue>
</operation>

<operation id="108" st_id="5" stage="1" lat="1">
<core>NULL</core>
<MemPortIdVec></MemPortIdVec>
<condition id="-1">
<or_exp><and_exp></and_exp></or_exp>
</condition>

<Node id="110" bw="0">
<![CDATA[
entry_ifconv:101 %ret_ln110 = ret

]]></Node>
<StgValue><ssdm name="ret_ln110"/></StgValue>
</operation>
</state>
</state_list>


<ports>
</ports>


<dataflows>
</dataflows>


</stg>
