<stg><name>circular_cordic</name>


<trans_list>

<trans id="109" from="1" to="2">
<condition id="-1">
<or_exp><and_exp></and_exp></or_exp>
</condition>
</trans>

<trans id="110" from="2" to="3">
<condition id="-1">
<or_exp><and_exp></and_exp></or_exp>
</condition>
</trans>

<trans id="111" from="3" to="4">
<condition id="-1">
<or_exp><and_exp></and_exp></or_exp>
</condition>
</trans>

<trans id="112" from="4" to="5">
<condition id="-1">
<or_exp><and_exp></and_exp></or_exp>
</condition>
</trans>
</trans_list>



<state_list>

<state id="1" st_id="1">

<operation id="6" st_id="1" stage="1" lat="1">
<core>NULL</core>
<MemPortIdVec></MemPortIdVec>
<condition id="-1">
<or_exp><and_exp></and_exp></or_exp>
</condition>

<Node id="9" bw="1" op_0_bw="1" op_1_bw="1">
<![CDATA[
entry_ifconv:0 %arc_tan_read = read i1 @_ssdm_op_Read.ap_auto.i1, i1 %arc_tan

]]></Node>
<StgValue><ssdm name="arc_tan_read"/></StgValue>
</operation>

<operation id="7" st_id="1" stage="1" lat="1">
<core>NULL</core>
<MemPortIdVec></MemPortIdVec>
<condition id="-1">
<or_exp><and_exp></and_exp></or_exp>
</condition>

<Node id="10" bw="16" op_0_bw="16" op_1_bw="16">
<![CDATA[
entry_ifconv:1 %sine_In_read = read i16 @_ssdm_op_Read.ap_auto.i16, i16 %sine_In

]]></Node>
<StgValue><ssdm name="sine_In_read"/></StgValue>
</operation>

<operation id="8" st_id="1" stage="1" lat="1">
<core>NULL</core>
<MemPortIdVec></MemPortIdVec>
<condition id="-1">
<or_exp><and_exp></and_exp></or_exp>
</condition>

<Node id="11" bw="16" op_0_bw="16" op_1_bw="16">
<![CDATA[
entry_ifconv:2 %cosine_In_read = read i16 @_ssdm_op_Read.ap_auto.i16, i16 %cosine_In

]]></Node>
<StgValue><ssdm name="cosine_In_read"/></StgValue>
</operation>

<operation id="9" st_id="1" stage="1" lat="1">
<core>NULL</core>
<MemPortIdVec></MemPortIdVec>
<condition id="-1">
<or_exp><and_exp></and_exp></or_exp>
</condition>

<Node id="12" bw="16" op_0_bw="16" op_1_bw="16">
<![CDATA[
entry_ifconv:3 %angle_in_read = read i16 @_ssdm_op_Read.ap_auto.i16, i16 %angle_in

]]></Node>
<StgValue><ssdm name="angle_in_read"/></StgValue>
</operation>

<operation id="10" st_id="1" stage="1" lat="1">
<core>NULL</core>
<MemPortIdVec></MemPortIdVec>
<condition id="-1">
<or_exp><and_exp></and_exp></or_exp>
</condition>

<Node id="13" bw="16" op_0_bw="64">
<![CDATA[
entry_ifconv:4 %accum_angle_V_loc = alloca i64 1

]]></Node>
<StgValue><ssdm name="accum_angle_V_loc"/></StgValue>
</operation>

<operation id="11" st_id="1" stage="1" lat="1">
<core>NULL</core>
<MemPortIdVec></MemPortIdVec>
<condition id="-1">
<or_exp><and_exp></and_exp></or_exp>
</condition>

<Node id="14" bw="16" op_0_bw="64">
<![CDATA[
entry_ifconv:5 %inter_cosine_V_1_loc = alloca i64 1

]]></Node>
<StgValue><ssdm name="inter_cosine_V_1_loc"/></StgValue>
</operation>

<operation id="12" st_id="1" stage="1" lat="1">
<core>NULL</core>
<MemPortIdVec></MemPortIdVec>
<condition id="-1">
<or_exp><and_exp></and_exp></or_exp>
</condition>

<Node id="15" bw="16" op_0_bw="64">
<![CDATA[
entry_ifconv:6 %inter_sine_V_1_loc = alloca i64 1

]]></Node>
<StgValue><ssdm name="inter_sine_V_1_loc"/></StgValue>
</operation>

<operation id="13" st_id="1" stage="1" lat="1">
<core>NULL</core>
<MemPortIdVec></MemPortIdVec>
<condition id="-1">
<or_exp><and_exp></and_exp></or_exp>
</condition>

<Node id="31" bw="1" op_0_bw="1" op_1_bw="16" op_2_bw="32">
<![CDATA[
entry_ifconv:22 %tmp = bitselect i1 @_ssdm_op_BitSelect.i1.i16.i32, i16 %cosine_In_read, i32 15

]]></Node>
<StgValue><ssdm name="tmp"/></StgValue>
</operation>

<operation id="14" st_id="1" stage="1" lat="1">
<core>Cmp</core>
<MemPortIdVec></MemPortIdVec>
<condition id="-1">
<or_exp><and_exp></and_exp></or_exp>
</condition>

<Node id="32" bw="1" op_0_bw="16" op_1_bw="16">
<![CDATA[
entry_ifconv:23 %icmp_ln1696 = icmp_slt  i16 %angle_in_read, i16 59102

]]></Node>
<StgValue><ssdm name="icmp_ln1696"/></StgValue>
</operation>

<operation id="15" st_id="1" stage="1" lat="1">
<core>Cmp</core>
<MemPortIdVec></MemPortIdVec>
<condition id="-1">
<or_exp><and_exp></and_exp></or_exp>
</condition>

<Node id="33" bw="1" op_0_bw="16" op_1_bw="16">
<![CDATA[
entry_ifconv:24 %icmp_ln1695 = icmp_sgt  i16 %sine_In_read, i16 0

]]></Node>
<StgValue><ssdm name="icmp_ln1695"/></StgValue>
</operation>

<operation id="16" st_id="1" stage="1" lat="1">
<core>Adder</core>
<MemPortIdVec></MemPortIdVec>
<condition id="-1">
<or_exp><and_exp></and_exp></or_exp>
</condition>

<Node id="34" bw="16" op_0_bw="16" op_1_bw="16">
<![CDATA[
entry_ifconv:25 %inter_sine_V = sub i16 0, i16 %cosine_In_read

]]></Node>
<StgValue><ssdm name="inter_sine_V"/></StgValue>
</operation>

<operation id="17" st_id="1" stage="1" lat="1">
<core>Cmp</core>
<MemPortIdVec></MemPortIdVec>
<condition id="-1">
<or_exp><and_exp></and_exp></or_exp>
</condition>

<Node id="35" bw="1" op_0_bw="16" op_1_bw="16">
<![CDATA[
entry_ifconv:26 %icmp_ln1695_1 = icmp_sgt  i16 %angle_in_read, i16 6434

]]></Node>
<StgValue><ssdm name="icmp_ln1695_1"/></StgValue>
</operation>

<operation id="18" st_id="1" stage="1" lat="1">
<core>Adder</core>
<MemPortIdVec></MemPortIdVec>
<condition id="-1">
<or_exp><and_exp></and_exp></or_exp>
</condition>

<Node id="36" bw="16" op_0_bw="16" op_1_bw="16">
<![CDATA[
entry_ifconv:27 %inter_cosine_V = sub i16 0, i16 %sine_In_read

]]></Node>
<StgValue><ssdm name="inter_cosine_V"/></StgValue>
</operation>

<operation id="19" st_id="1" stage="1" lat="1">
<core>Sel</core>
<MemPortIdVec></MemPortIdVec>
<condition id="-1">
<or_exp><and_exp></and_exp></or_exp>
</condition>

<Node id="37" bw="14" op_0_bw="1" op_1_bw="14" op_2_bw="14">
<![CDATA[
entry_ifconv:28 %select_ln70 = select i1 %icmp_ln1695_1, i14 6434, i14 0

]]></Node>
<StgValue><ssdm name="select_ln70"/></StgValue>
</operation>

<operation id="20" st_id="1" stage="1" lat="1">
<core>Sel</core>
<MemPortIdVec></MemPortIdVec>
<condition id="-1">
<or_exp><and_exp></and_exp></or_exp>
</condition>

<Node id="38" bw="16" op_0_bw="1" op_1_bw="16" op_2_bw="16">
<![CDATA[
entry_ifconv:29 %select_ln70_1 = select i1 %icmp_ln1695_1, i16 %inter_cosine_V, i16 %cosine_In_read

]]></Node>
<StgValue><ssdm name="select_ln70_1"/></StgValue>
</operation>

<operation id="21" st_id="1" stage="1" lat="1">
<core>Sel</core>
<MemPortIdVec></MemPortIdVec>
<condition id="-1">
<or_exp><and_exp></and_exp></or_exp>
</condition>

<Node id="39" bw="16" op_0_bw="1" op_1_bw="16" op_2_bw="16">
<![CDATA[
entry_ifconv:30 %select_ln70_2 = select i1 %icmp_ln1695_1, i16 %cosine_In_read, i16 %sine_In_read

]]></Node>
<StgValue><ssdm name="select_ln70_2"/></StgValue>
</operation>

<operation id="22" st_id="1" stage="1" lat="1">
<core>LogicGate</core>
<MemPortIdVec></MemPortIdVec>
<condition id="-1">
<or_exp><and_exp></and_exp></or_exp>
</condition>

<Node id="40" bw="1" op_0_bw="1" op_1_bw="1">
<![CDATA[
entry_ifconv:31 %xor_ln1696 = xor i1 %tmp, i1 1

]]></Node>
<StgValue><ssdm name="xor_ln1696"/></StgValue>
</operation>

<operation id="23" st_id="1" stage="1" lat="1">
<core>LogicGate</core>
<MemPortIdVec></MemPortIdVec>
<condition id="-1">
<or_exp><and_exp></and_exp></or_exp>
</condition>

<Node id="41" bw="1" op_0_bw="1" op_1_bw="1">
<![CDATA[
entry_ifconv:32 %and_ln1696 = and i1 %arc_tan_read, i1 %xor_ln1696

]]></Node>
<StgValue><ssdm name="and_ln1696"/></StgValue>
</operation>

<operation id="24" st_id="1" stage="1" lat="1">
<core>Sel</core>
<MemPortIdVec></MemPortIdVec>
<condition id="-1">
<or_exp><and_exp></and_exp></or_exp>
</condition>

<Node id="42" bw="16" op_0_bw="1" op_1_bw="16" op_2_bw="16">
<![CDATA[
entry_ifconv:33 %select_ln1696 = select i1 %and_ln1696, i16 %sine_In_read, i16 %cosine_In_read

]]></Node>
<StgValue><ssdm name="select_ln1696"/></StgValue>
</operation>

<operation id="25" st_id="1" stage="1" lat="1">
<core>LogicGate</core>
<MemPortIdVec></MemPortIdVec>
<condition id="-1">
<or_exp><and_exp></and_exp></or_exp>
</condition>

<Node id="43" bw="1" op_0_bw="1" op_1_bw="1">
<![CDATA[
entry_ifconv:34 %and_ln1696_1 = and i1 %tmp, i1 %arc_tan_read

]]></Node>
<StgValue><ssdm name="and_ln1696_1"/></StgValue>
</operation>

<operation id="26" st_id="1" stage="1" lat="1">
<core>LogicGate</core>
<MemPortIdVec></MemPortIdVec>
<condition id="-1">
<or_exp><and_exp></and_exp></or_exp>
</condition>

<Node id="44" bw="1" op_0_bw="1" op_1_bw="1">
<![CDATA[
entry_ifconv:35 %and_ln1695 = and i1 %and_ln1696_1, i1 %icmp_ln1695

]]></Node>
<StgValue><ssdm name="and_ln1695"/></StgValue>
</operation>

<operation id="27" st_id="1" stage="1" lat="1">
<core>Sel</core>
<MemPortIdVec></MemPortIdVec>
<condition id="-1">
<or_exp><and_exp></and_exp></or_exp>
</condition>

<Node id="45" bw="16" op_0_bw="1" op_1_bw="16" op_2_bw="16">
<![CDATA[
entry_ifconv:36 %select_ln1695 = select i1 %and_ln1695, i16 %inter_sine_V, i16 %select_ln1696

]]></Node>
<StgValue><ssdm name="select_ln1695"/></StgValue>
</operation>

<operation id="28" st_id="1" stage="1" lat="1">
<core>LogicGate</core>
<MemPortIdVec></MemPortIdVec>
<condition id="-1">
<or_exp><and_exp></and_exp></or_exp>
</condition>

<Node id="46" bw="1" op_0_bw="1" op_1_bw="1">
<![CDATA[
entry_ifconv:37 %xor_ln19 = xor i1 %arc_tan_read, i1 1

]]></Node>
<StgValue><ssdm name="xor_ln19"/></StgValue>
</operation>

<operation id="29" st_id="1" stage="1" lat="1">
<core>LogicGate</core>
<MemPortIdVec></MemPortIdVec>
<condition id="-1">
<or_exp><and_exp></and_exp></or_exp>
</condition>

<Node id="47" bw="1" op_0_bw="1" op_1_bw="1">
<![CDATA[
entry_ifconv:38 %and_ln1696_2 = and i1 %icmp_ln1696, i1 %xor_ln19

]]></Node>
<StgValue><ssdm name="and_ln1696_2"/></StgValue>
</operation>

<operation id="30" st_id="1" stage="1" lat="1">
<core>Sel</core>
<MemPortIdVec></MemPortIdVec>
<condition id="-1">
<or_exp><and_exp></and_exp></or_exp>
</condition>

<Node id="48" bw="16" op_0_bw="1" op_1_bw="16" op_2_bw="16">
<![CDATA[
entry_ifconv:39 %select_ln1696_1 = select i1 %and_ln1696_2, i16 %inter_sine_V, i16 %select_ln1695

]]></Node>
<StgValue><ssdm name="select_ln1696_1"/></StgValue>
</operation>

<operation id="31" st_id="1" stage="1" lat="1">
<core>LogicGate</core>
<MemPortIdVec></MemPortIdVec>
<condition id="-1">
<or_exp><and_exp></and_exp></or_exp>
</condition>

<Node id="49" bw="1" op_0_bw="1" op_1_bw="1">
<![CDATA[
entry_ifconv:40 %or_ln1696 = or i1 %icmp_ln1696, i1 %arc_tan_read

]]></Node>
<StgValue><ssdm name="or_ln1696"/></StgValue>
</operation>

<operation id="32" st_id="1" stage="1" lat="1">
<core>Sel</core>
<MemPortIdVec></MemPortIdVec>
<condition id="-1">
<or_exp><and_exp></and_exp></or_exp>
</condition>

<Node id="50" bw="16" op_0_bw="1" op_1_bw="16" op_2_bw="16">
<![CDATA[
entry_ifconv:41 %select_ln1696_2 = select i1 %or_ln1696, i16 %select_ln1696_1, i16 %select_ln70_2

]]></Node>
<StgValue><ssdm name="select_ln1696_2"/></StgValue>
</operation>

<operation id="33" st_id="1" stage="1" lat="1">
<core>Sel</core>
<MemPortIdVec></MemPortIdVec>
<condition id="-1">
<or_exp><and_exp></and_exp></or_exp>
</condition>

<Node id="51" bw="16" op_0_bw="1" op_1_bw="16" op_2_bw="16">
<![CDATA[
entry_ifconv:42 %select_ln1696_3 = select i1 %and_ln1696, i16 %cosine_In_read, i16 %sine_In_read

]]></Node>
<StgValue><ssdm name="select_ln1696_3"/></StgValue>
</operation>

<operation id="34" st_id="1" stage="1" lat="1">
<core>LogicGate</core>
<MemPortIdVec></MemPortIdVec>
<condition id="-1">
<or_exp><and_exp></and_exp></or_exp>
</condition>

<Node id="52" bw="1" op_0_bw="1" op_1_bw="1">
<![CDATA[
entry_ifconv:43 %xor_ln1695 = xor i1 %icmp_ln1695, i1 1

]]></Node>
<StgValue><ssdm name="xor_ln1695"/></StgValue>
</operation>

<operation id="35" st_id="1" stage="1" lat="1">
<core>LogicGate</core>
<MemPortIdVec></MemPortIdVec>
<condition id="-1">
<or_exp><and_exp></and_exp></or_exp>
</condition>

<Node id="53" bw="1" op_0_bw="1" op_1_bw="1">
<![CDATA[
entry_ifconv:44 %and_ln1695_1 = and i1 %and_ln1696_1, i1 %xor_ln1695

]]></Node>
<StgValue><ssdm name="and_ln1695_1"/></StgValue>
</operation>

<operation id="36" st_id="1" stage="1" lat="1">
<core>Sel</core>
<MemPortIdVec></MemPortIdVec>
<condition id="-1">
<or_exp><and_exp></and_exp></or_exp>
</condition>

<Node id="54" bw="16" op_0_bw="1" op_1_bw="16" op_2_bw="16">
<![CDATA[
entry_ifconv:45 %select_ln1695_1 = select i1 %and_ln1695_1, i16 %inter_cosine_V, i16 %select_ln1696_3

]]></Node>
<StgValue><ssdm name="select_ln1695_1"/></StgValue>
</operation>

<operation id="37" st_id="1" stage="1" lat="1">
<core>Sel</core>
<MemPortIdVec></MemPortIdVec>
<condition id="-1">
<or_exp><and_exp></and_exp></or_exp>
</condition>

<Node id="55" bw="16" op_0_bw="1" op_1_bw="16" op_2_bw="16">
<![CDATA[
entry_ifconv:46 %select_ln1696_4 = select i1 %or_ln1696, i16 %select_ln1695_1, i16 %select_ln70_1

]]></Node>
<StgValue><ssdm name="select_ln1696_4"/></StgValue>
</operation>

<operation id="38" st_id="1" stage="1" lat="1">
<core>Sel</core>
<MemPortIdVec></MemPortIdVec>
<condition id="-1">
<or_exp><and_exp></and_exp></or_exp>
</condition>

<Node id="56" bw="14" op_0_bw="1" op_1_bw="14" op_2_bw="14">
<![CDATA[
entry_ifconv:47 %select_ln1695_2 = select i1 %and_ln1695_1, i14 6434, i14 0

]]></Node>
<StgValue><ssdm name="select_ln1695_2"/></StgValue>
</operation>

<operation id="39" st_id="1" stage="1" lat="1">
<core>LogicGate</core>
<MemPortIdVec></MemPortIdVec>
<condition id="-1">
<or_exp><and_exp></and_exp></or_exp>
</condition>

<Node id="57" bw="1" op_0_bw="1" op_1_bw="1">
<![CDATA[
entry_ifconv:48 %or_ln1695 = or i1 %and_ln1695_1, i1 %and_ln1696

]]></Node>
<StgValue><ssdm name="or_ln1695"/></StgValue>
</operation>

<operation id="40" st_id="1" stage="1" lat="1">
<core>Sel</core>
<MemPortIdVec></MemPortIdVec>
<condition id="-1">
<or_exp><and_exp></and_exp></or_exp>
</condition>

<Node id="58" bw="14" op_0_bw="1" op_1_bw="14" op_2_bw="14">
<![CDATA[
entry_ifconv:49 %select_ln1695_3 = select i1 %or_ln1695, i14 %select_ln1695_2, i14 9950

]]></Node>
<StgValue><ssdm name="select_ln1695_3"/></StgValue>
</operation>

<operation id="41" st_id="1" stage="1" lat="1">
<core>Sel</core>
<MemPortIdVec></MemPortIdVec>
<condition id="-1">
<or_exp><and_exp></and_exp></or_exp>
</condition>

<Node id="59" bw="14" op_0_bw="1" op_1_bw="14" op_2_bw="14">
<![CDATA[
entry_ifconv:50 %select_ln1696_5 = select i1 %or_ln1696, i14 %select_ln1695_3, i14 %select_ln70

]]></Node>
<StgValue><ssdm name="select_ln1696_5"/></StgValue>
</operation>

<operation id="42" st_id="1" stage="2" lat="2">
<core></core>
<MemPortIdVec></MemPortIdVec>
<condition id="-1">
<or_exp><and_exp></and_exp></or_exp>
</condition>

<Node id="60" bw="0" op_0_bw="0" op_1_bw="16" op_2_bw="16" op_3_bw="14" op_4_bw="16" op_5_bw="1" op_6_bw="16" op_7_bw="16" op_8_bw="16" op_9_bw="12">
<![CDATA[
entry_ifconv:51 %call_ln1696 = call void @circular_cordic_Pipeline_CORD_LOOP, i16 %select_ln1696_2, i16 %select_ln1696_4, i14 %select_ln1696_5, i16 %angle_in_read, i1 %arc_tan_read, i16 %inter_sine_V_1_loc, i16 %inter_cosine_V_1_loc, i16 %accum_angle_V_loc, i12 %Cordic_Rotations_V

]]></Node>
<StgValue><ssdm name="call_ln1696"/></StgValue>
</operation>
</state>

<state id="2" st_id="2">

<operation id="43" st_id="2" stage="1" lat="2">
<core></core>
<MemPortIdVec></MemPortIdVec>
<condition id="-1">
<or_exp><and_exp></and_exp></or_exp>
</condition>

<Node id="60" bw="0" op_0_bw="0" op_1_bw="16" op_2_bw="16" op_3_bw="14" op_4_bw="16" op_5_bw="1" op_6_bw="16" op_7_bw="16" op_8_bw="16" op_9_bw="12">
<![CDATA[
entry_ifconv:51 %call_ln1696 = call void @circular_cordic_Pipeline_CORD_LOOP, i16 %select_ln1696_2, i16 %select_ln1696_4, i14 %select_ln1696_5, i16 %angle_in_read, i1 %arc_tan_read, i16 %inter_sine_V_1_loc, i16 %inter_cosine_V_1_loc, i16 %accum_angle_V_loc, i12 %Cordic_Rotations_V

]]></Node>
<StgValue><ssdm name="call_ln1696"/></StgValue>
</operation>
</state>

<state id="3" st_id="3">

<operation id="44" st_id="3" stage="1" lat="1">
<core>NULL</core>
<MemPortIdVec></MemPortIdVec>
<condition id="-1">
<or_exp><and_exp></and_exp></or_exp>
</condition>

<Node id="61" bw="16" op_0_bw="16" op_1_bw="0">
<![CDATA[
entry_ifconv:52 %inter_sine_V_1_loc_load = load i16 %inter_sine_V_1_loc

]]></Node>
<StgValue><ssdm name="inter_sine_V_1_loc_load"/></StgValue>
</operation>

<operation id="45" st_id="3" stage="1" lat="1">
<core>NULL</core>
<MemPortIdVec></MemPortIdVec>
<condition id="-1">
<or_exp><and_exp></and_exp></or_exp>
</condition>

<Node id="62" bw="16" op_0_bw="16" op_1_bw="0">
<![CDATA[
entry_ifconv:53 %inter_cosine_V_1_loc_load = load i16 %inter_cosine_V_1_loc

]]></Node>
<StgValue><ssdm name="inter_cosine_V_1_loc_load"/></StgValue>
</operation>

<operation id="46" st_id="3" stage="1" lat="1">
<core>NULL</core>
<MemPortIdVec></MemPortIdVec>
<condition id="-1">
<or_exp><and_exp></and_exp></or_exp>
</condition>

<Node id="66" bw="14" op_0_bw="14" op_1_bw="16" op_2_bw="32" op_3_bw="32">
<![CDATA[
entry_ifconv:57 %r = partselect i14 @_ssdm_op_PartSelect.i14.i16.i32.i32, i16 %inter_cosine_V_1_loc_load, i32 2, i32 15

]]></Node>
<StgValue><ssdm name="r"/></StgValue>
</operation>

<operation id="47" st_id="3" stage="1" lat="1">
<core>NULL</core>
<MemPortIdVec></MemPortIdVec>
<condition id="-1">
<or_exp><and_exp></and_exp></or_exp>
</condition>

<Node id="67" bw="16" op_0_bw="14">
<![CDATA[
entry_ifconv:58 %sext_ln1534 = sext i14 %r

]]></Node>
<StgValue><ssdm name="sext_ln1534"/></StgValue>
</operation>

<operation id="48" st_id="3" stage="1" lat="1">
<core>Adder</core>
<MemPortIdVec></MemPortIdVec>
<condition id="-1">
<or_exp><and_exp></and_exp></or_exp>
</condition>

<Node id="68" bw="16" op_0_bw="16" op_1_bw="16">
<![CDATA[
entry_ifconv:59 %sub_ln859_1 = sub i16 %inter_cosine_V_1_loc_load, i16 %sext_ln1534

]]></Node>
<StgValue><ssdm name="sub_ln859_1"/></StgValue>
</operation>

<operation id="49" st_id="3" stage="1" lat="1">
<core>NULL</core>
<MemPortIdVec></MemPortIdVec>
<condition id="-1">
<or_exp><and_exp></and_exp></or_exp>
</condition>

<Node id="69" bw="13" op_0_bw="13" op_1_bw="16" op_2_bw="32" op_3_bw="32">
<![CDATA[
entry_ifconv:60 %r_1 = partselect i13 @_ssdm_op_PartSelect.i13.i16.i32.i32, i16 %sub_ln859_1, i32 3, i32 15

]]></Node>
<StgValue><ssdm name="r_1"/></StgValue>
</operation>

<operation id="50" st_id="3" stage="1" lat="1">
<core>NULL</core>
<MemPortIdVec></MemPortIdVec>
<condition id="-1">
<or_exp><and_exp></and_exp></or_exp>
</condition>

<Node id="70" bw="16" op_0_bw="13">
<![CDATA[
entry_ifconv:61 %sext_ln1534_1 = sext i13 %r_1

]]></Node>
<StgValue><ssdm name="sext_ln1534_1"/></StgValue>
</operation>

<operation id="51" st_id="3" stage="1" lat="1">
<core>Adder</core>
<MemPortIdVec></MemPortIdVec>
<condition id="-1">
<or_exp><and_exp></and_exp></or_exp>
</condition>

<Node id="71" bw="16" op_0_bw="16" op_1_bw="16">
<![CDATA[
entry_ifconv:62 %sub_ln859_2 = sub i16 %sub_ln859_1, i16 %sext_ln1534_1

]]></Node>
<StgValue><ssdm name="sub_ln859_2"/></StgValue>
</operation>

<operation id="52" st_id="3" stage="1" lat="1">
<core>NULL</core>
<MemPortIdVec></MemPortIdVec>
<condition id="-1">
<or_exp><and_exp></and_exp></or_exp>
</condition>

<Node id="72" bw="12" op_0_bw="12" op_1_bw="16" op_2_bw="32" op_3_bw="32">
<![CDATA[
entry_ifconv:63 %r_2 = partselect i12 @_ssdm_op_PartSelect.i12.i16.i32.i32, i16 %sub_ln859_2, i32 4, i32 15

]]></Node>
<StgValue><ssdm name="r_2"/></StgValue>
</operation>

<operation id="53" st_id="3" stage="1" lat="1">
<core>NULL</core>
<MemPortIdVec></MemPortIdVec>
<condition id="-1">
<or_exp><and_exp></and_exp></or_exp>
</condition>

<Node id="73" bw="16" op_0_bw="12">
<![CDATA[
entry_ifconv:64 %sext_ln1534_2 = sext i12 %r_2

]]></Node>
<StgValue><ssdm name="sext_ln1534_2"/></StgValue>
</operation>

<operation id="54" st_id="3" stage="1" lat="1">
<core>Adder</core>
<MemPortIdVec></MemPortIdVec>
<condition id="-1">
<or_exp><and_exp></and_exp></or_exp>
</condition>

<Node id="74" bw="16" op_0_bw="16" op_1_bw="16">
<![CDATA[
entry_ifconv:65 %sub_ln859_3 = sub i16 %sub_ln859_2, i16 %sext_ln1534_2

]]></Node>
<StgValue><ssdm name="sub_ln859_3"/></StgValue>
</operation>

<operation id="55" st_id="3" stage="1" lat="1">
<core>NULL</core>
<MemPortIdVec></MemPortIdVec>
<condition id="-1">
<or_exp><and_exp></and_exp></or_exp>
</condition>

<Node id="75" bw="9" op_0_bw="9" op_1_bw="16" op_2_bw="32" op_3_bw="32">
<![CDATA[
entry_ifconv:66 %r_3 = partselect i9 @_ssdm_op_PartSelect.i9.i16.i32.i32, i16 %sub_ln859_3, i32 7, i32 15

]]></Node>
<StgValue><ssdm name="r_3"/></StgValue>
</operation>

<operation id="56" st_id="3" stage="1" lat="1">
<core>NULL</core>
<MemPortIdVec></MemPortIdVec>
<condition id="-1">
<or_exp><and_exp></and_exp></or_exp>
</condition>

<Node id="88" bw="14" op_0_bw="14" op_1_bw="16" op_2_bw="32" op_3_bw="32">
<![CDATA[
entry_ifconv:79 %r_7 = partselect i14 @_ssdm_op_PartSelect.i14.i16.i32.i32, i16 %inter_sine_V_1_loc_load, i32 2, i32 15

]]></Node>
<StgValue><ssdm name="r_7"/></StgValue>
</operation>

<operation id="57" st_id="3" stage="1" lat="1">
<core>NULL</core>
<MemPortIdVec></MemPortIdVec>
<condition id="-1">
<or_exp><and_exp></and_exp></or_exp>
</condition>

<Node id="89" bw="16" op_0_bw="14">
<![CDATA[
entry_ifconv:80 %sext_ln1534_7 = sext i14 %r_7

]]></Node>
<StgValue><ssdm name="sext_ln1534_7"/></StgValue>
</operation>

<operation id="58" st_id="3" stage="1" lat="1">
<core>Adder</core>
<MemPortIdVec></MemPortIdVec>
<condition id="-1">
<or_exp><and_exp></and_exp></or_exp>
</condition>

<Node id="90" bw="16" op_0_bw="16" op_1_bw="16">
<![CDATA[
entry_ifconv:81 %sub_ln859_8 = sub i16 %inter_sine_V_1_loc_load, i16 %sext_ln1534_7

]]></Node>
<StgValue><ssdm name="sub_ln859_8"/></StgValue>
</operation>

<operation id="59" st_id="3" stage="1" lat="1">
<core>NULL</core>
<MemPortIdVec></MemPortIdVec>
<condition id="-1">
<or_exp><and_exp></and_exp></or_exp>
</condition>

<Node id="91" bw="13" op_0_bw="13" op_1_bw="16" op_2_bw="32" op_3_bw="32">
<![CDATA[
entry_ifconv:82 %r_8 = partselect i13 @_ssdm_op_PartSelect.i13.i16.i32.i32, i16 %sub_ln859_8, i32 3, i32 15

]]></Node>
<StgValue><ssdm name="r_8"/></StgValue>
</operation>

<operation id="60" st_id="3" stage="1" lat="1">
<core>NULL</core>
<MemPortIdVec></MemPortIdVec>
<condition id="-1">
<or_exp><and_exp></and_exp></or_exp>
</condition>

<Node id="92" bw="16" op_0_bw="13">
<![CDATA[
entry_ifconv:83 %sext_ln1534_8 = sext i13 %r_8

]]></Node>
<StgValue><ssdm name="sext_ln1534_8"/></StgValue>
</operation>

<operation id="61" st_id="3" stage="1" lat="1">
<core>Adder</core>
<MemPortIdVec></MemPortIdVec>
<condition id="-1">
<or_exp><and_exp></and_exp></or_exp>
</condition>

<Node id="93" bw="16" op_0_bw="16" op_1_bw="16">
<![CDATA[
entry_ifconv:84 %sub_ln859_9 = sub i16 %sub_ln859_8, i16 %sext_ln1534_8

]]></Node>
<StgValue><ssdm name="sub_ln859_9"/></StgValue>
</operation>

<operation id="62" st_id="3" stage="1" lat="1">
<core>NULL</core>
<MemPortIdVec></MemPortIdVec>
<condition id="-1">
<or_exp><and_exp></and_exp></or_exp>
</condition>

<Node id="94" bw="12" op_0_bw="12" op_1_bw="16" op_2_bw="32" op_3_bw="32">
<![CDATA[
entry_ifconv:85 %r_9 = partselect i12 @_ssdm_op_PartSelect.i12.i16.i32.i32, i16 %sub_ln859_9, i32 4, i32 15

]]></Node>
<StgValue><ssdm name="r_9"/></StgValue>
</operation>

<operation id="63" st_id="3" stage="1" lat="1">
<core>NULL</core>
<MemPortIdVec></MemPortIdVec>
<condition id="-1">
<or_exp><and_exp></and_exp></or_exp>
</condition>

<Node id="95" bw="16" op_0_bw="12">
<![CDATA[
entry_ifconv:86 %sext_ln1534_9 = sext i12 %r_9

]]></Node>
<StgValue><ssdm name="sext_ln1534_9"/></StgValue>
</operation>

<operation id="64" st_id="3" stage="1" lat="1">
<core>Adder</core>
<MemPortIdVec></MemPortIdVec>
<condition id="-1">
<or_exp><and_exp></and_exp></or_exp>
</condition>

<Node id="96" bw="16" op_0_bw="16" op_1_bw="16">
<![CDATA[
entry_ifconv:87 %sub_ln859_10 = sub i16 %sub_ln859_9, i16 %sext_ln1534_9

]]></Node>
<StgValue><ssdm name="sub_ln859_10"/></StgValue>
</operation>

<operation id="65" st_id="3" stage="1" lat="1">
<core>NULL</core>
<MemPortIdVec></MemPortIdVec>
<condition id="-1">
<or_exp><and_exp></and_exp></or_exp>
</condition>

<Node id="97" bw="9" op_0_bw="9" op_1_bw="16" op_2_bw="32" op_3_bw="32">
<![CDATA[
entry_ifconv:88 %r_10 = partselect i9 @_ssdm_op_PartSelect.i9.i16.i32.i32, i16 %sub_ln859_10, i32 7, i32 15

]]></Node>
<StgValue><ssdm name="r_10"/></StgValue>
</operation>
</state>

<state id="4" st_id="4">

<operation id="66" st_id="4" stage="1" lat="1">
<core>NULL</core>
<MemPortIdVec></MemPortIdVec>
<condition id="-1">
<or_exp><and_exp></and_exp></or_exp>
</condition>

<Node id="76" bw="16" op_0_bw="9">
<![CDATA[
entry_ifconv:67 %sext_ln1534_3 = sext i9 %r_3

]]></Node>
<StgValue><ssdm name="sext_ln1534_3"/></StgValue>
</operation>

<operation id="67" st_id="4" stage="1" lat="1">
<core>Adder</core>
<MemPortIdVec></MemPortIdVec>
<condition id="-1">
<or_exp><and_exp></and_exp></or_exp>
</condition>

<Node id="77" bw="16" op_0_bw="16" op_1_bw="16">
<![CDATA[
entry_ifconv:68 %sub_ln859_4 = sub i16 %sub_ln859_3, i16 %sext_ln1534_3

]]></Node>
<StgValue><ssdm name="sub_ln859_4"/></StgValue>
</operation>

<operation id="68" st_id="4" stage="1" lat="1">
<core>NULL</core>
<MemPortIdVec></MemPortIdVec>
<condition id="-1">
<or_exp><and_exp></and_exp></or_exp>
</condition>

<Node id="78" bw="8" op_0_bw="8" op_1_bw="16" op_2_bw="32" op_3_bw="32">
<![CDATA[
entry_ifconv:69 %r_4 = partselect i8 @_ssdm_op_PartSelect.i8.i16.i32.i32, i16 %sub_ln859_4, i32 8, i32 15

]]></Node>
<StgValue><ssdm name="r_4"/></StgValue>
</operation>

<operation id="69" st_id="4" stage="1" lat="1">
<core>NULL</core>
<MemPortIdVec></MemPortIdVec>
<condition id="-1">
<or_exp><and_exp></and_exp></or_exp>
</condition>

<Node id="79" bw="16" op_0_bw="8">
<![CDATA[
entry_ifconv:70 %sext_ln1534_4 = sext i8 %r_4

]]></Node>
<StgValue><ssdm name="sext_ln1534_4"/></StgValue>
</operation>

<operation id="70" st_id="4" stage="1" lat="1">
<core>Adder</core>
<MemPortIdVec></MemPortIdVec>
<condition id="-1">
<or_exp><and_exp></and_exp></or_exp>
</condition>

<Node id="80" bw="16" op_0_bw="16" op_1_bw="16">
<![CDATA[
entry_ifconv:71 %sub_ln859_5 = sub i16 %sub_ln859_4, i16 %sext_ln1534_4

]]></Node>
<StgValue><ssdm name="sub_ln859_5"/></StgValue>
</operation>

<operation id="71" st_id="4" stage="1" lat="1">
<core>NULL</core>
<MemPortIdVec></MemPortIdVec>
<condition id="-1">
<or_exp><and_exp></and_exp></or_exp>
</condition>

<Node id="81" bw="6" op_0_bw="6" op_1_bw="16" op_2_bw="32" op_3_bw="32">
<![CDATA[
entry_ifconv:72 %r_5 = partselect i6 @_ssdm_op_PartSelect.i6.i16.i32.i32, i16 %sub_ln859_5, i32 10, i32 15

]]></Node>
<StgValue><ssdm name="r_5"/></StgValue>
</operation>

<operation id="72" st_id="4" stage="1" lat="1">
<core>NULL</core>
<MemPortIdVec></MemPortIdVec>
<condition id="-1">
<or_exp><and_exp></and_exp></or_exp>
</condition>

<Node id="82" bw="16" op_0_bw="6">
<![CDATA[
entry_ifconv:73 %sext_ln1534_5 = sext i6 %r_5

]]></Node>
<StgValue><ssdm name="sext_ln1534_5"/></StgValue>
</operation>

<operation id="73" st_id="4" stage="1" lat="1">
<core>Adder</core>
<MemPortIdVec></MemPortIdVec>
<condition id="-1">
<or_exp><and_exp></and_exp></or_exp>
</condition>

<Node id="83" bw="16" op_0_bw="16" op_1_bw="16">
<![CDATA[
entry_ifconv:74 %sub_ln859_6 = sub i16 %sub_ln859_5, i16 %sext_ln1534_5

]]></Node>
<StgValue><ssdm name="sub_ln859_6"/></StgValue>
</operation>

<operation id="74" st_id="4" stage="1" lat="1">
<core>NULL</core>
<MemPortIdVec></MemPortIdVec>
<condition id="-1">
<or_exp><and_exp></and_exp></or_exp>
</condition>

<Node id="84" bw="4" op_0_bw="4" op_1_bw="16" op_2_bw="32" op_3_bw="32">
<![CDATA[
entry_ifconv:75 %r_6 = partselect i4 @_ssdm_op_PartSelect.i4.i16.i32.i32, i16 %sub_ln859_6, i32 12, i32 15

]]></Node>
<StgValue><ssdm name="r_6"/></StgValue>
</operation>

<operation id="75" st_id="4" stage="1" lat="1">
<core>NULL</core>
<MemPortIdVec></MemPortIdVec>
<condition id="-1">
<or_exp><and_exp></and_exp></or_exp>
</condition>

<Node id="98" bw="16" op_0_bw="9">
<![CDATA[
entry_ifconv:89 %sext_ln1534_10 = sext i9 %r_10

]]></Node>
<StgValue><ssdm name="sext_ln1534_10"/></StgValue>
</operation>

<operation id="76" st_id="4" stage="1" lat="1">
<core>Adder</core>
<MemPortIdVec></MemPortIdVec>
<condition id="-1">
<or_exp><and_exp></and_exp></or_exp>
</condition>

<Node id="99" bw="16" op_0_bw="16" op_1_bw="16">
<![CDATA[
entry_ifconv:90 %sub_ln859_11 = sub i16 %sub_ln859_10, i16 %sext_ln1534_10

]]></Node>
<StgValue><ssdm name="sub_ln859_11"/></StgValue>
</operation>

<operation id="77" st_id="4" stage="1" lat="1">
<core>NULL</core>
<MemPortIdVec></MemPortIdVec>
<condition id="-1">
<or_exp><and_exp></and_exp></or_exp>
</condition>

<Node id="100" bw="8" op_0_bw="8" op_1_bw="16" op_2_bw="32" op_3_bw="32">
<![CDATA[
entry_ifconv:91 %r_11 = partselect i8 @_ssdm_op_PartSelect.i8.i16.i32.i32, i16 %sub_ln859_11, i32 8, i32 15

]]></Node>
<StgValue><ssdm name="r_11"/></StgValue>
</operation>

<operation id="78" st_id="4" stage="1" lat="1">
<core>NULL</core>
<MemPortIdVec></MemPortIdVec>
<condition id="-1">
<or_exp><and_exp></and_exp></or_exp>
</condition>

<Node id="101" bw="16" op_0_bw="8">
<![CDATA[
entry_ifconv:92 %sext_ln1534_11 = sext i8 %r_11

]]></Node>
<StgValue><ssdm name="sext_ln1534_11"/></StgValue>
</operation>

<operation id="79" st_id="4" stage="1" lat="1">
<core>Adder</core>
<MemPortIdVec></MemPortIdVec>
<condition id="-1">
<or_exp><and_exp></and_exp></or_exp>
</condition>

<Node id="102" bw="16" op_0_bw="16" op_1_bw="16">
<![CDATA[
entry_ifconv:93 %sub_ln859_12 = sub i16 %sub_ln859_11, i16 %sext_ln1534_11

]]></Node>
<StgValue><ssdm name="sub_ln859_12"/></StgValue>
</operation>

<operation id="80" st_id="4" stage="1" lat="1">
<core>NULL</core>
<MemPortIdVec></MemPortIdVec>
<condition id="-1">
<or_exp><and_exp></and_exp></or_exp>
</condition>

<Node id="103" bw="6" op_0_bw="6" op_1_bw="16" op_2_bw="32" op_3_bw="32">
<![CDATA[
entry_ifconv:94 %r_12 = partselect i6 @_ssdm_op_PartSelect.i6.i16.i32.i32, i16 %sub_ln859_12, i32 10, i32 15

]]></Node>
<StgValue><ssdm name="r_12"/></StgValue>
</operation>

<operation id="81" st_id="4" stage="1" lat="1">
<core>NULL</core>
<MemPortIdVec></MemPortIdVec>
<condition id="-1">
<or_exp><and_exp></and_exp></or_exp>
</condition>

<Node id="104" bw="16" op_0_bw="6">
<![CDATA[
entry_ifconv:95 %sext_ln1534_12 = sext i6 %r_12

]]></Node>
<StgValue><ssdm name="sext_ln1534_12"/></StgValue>
</operation>

<operation id="82" st_id="4" stage="1" lat="1">
<core>Adder</core>
<MemPortIdVec></MemPortIdVec>
<condition id="-1">
<or_exp><and_exp></and_exp></or_exp>
</condition>

<Node id="105" bw="16" op_0_bw="16" op_1_bw="16">
<![CDATA[
entry_ifconv:96 %sub_ln859_13 = sub i16 %sub_ln859_12, i16 %sext_ln1534_12

]]></Node>
<StgValue><ssdm name="sub_ln859_13"/></StgValue>
</operation>

<operation id="83" st_id="4" stage="1" lat="1">
<core>NULL</core>
<MemPortIdVec></MemPortIdVec>
<condition id="-1">
<or_exp><and_exp></and_exp></or_exp>
</condition>

<Node id="106" bw="4" op_0_bw="4" op_1_bw="16" op_2_bw="32" op_3_bw="32">
<![CDATA[
entry_ifconv:97 %r_13 = partselect i4 @_ssdm_op_PartSelect.i4.i16.i32.i32, i16 %sub_ln859_13, i32 12, i32 15

]]></Node>
<StgValue><ssdm name="r_13"/></StgValue>
</operation>
</state>

<state id="5" st_id="5">

<operation id="84" st_id="5" stage="1" lat="1">
<core>NULL</core>
<MemPortIdVec></MemPortIdVec>
<condition id="-1">
<or_exp><and_exp></and_exp></or_exp>
</condition>

<Node id="16" bw="0" op_0_bw="0" op_1_bw="0">
<![CDATA[
entry_ifconv:7 %spectopmodule_ln11 = spectopmodule void @_ssdm_op_SpecTopModule, void @empty_1

]]></Node>
<StgValue><ssdm name="spectopmodule_ln11"/></StgValue>
</operation>

<operation id="85" st_id="5" stage="1" lat="1">
<core>NULL</core>
<MemPortIdVec></MemPortIdVec>
<condition id="-1">
<or_exp><and_exp></and_exp></or_exp>
</condition>

<Node id="17" bw="0" op_0_bw="0" op_1_bw="16">
<![CDATA[
entry_ifconv:8 %specbitsmap_ln0 = specbitsmap void @_ssdm_op_SpecBitsMap, i16 %angle_in

]]></Node>
<StgValue><ssdm name="specbitsmap_ln0"/></StgValue>
</operation>

<operation id="86" st_id="5" stage="1" lat="1">
<core>NULL</core>
<MemPortIdVec></MemPortIdVec>
<condition id="-1">
<or_exp><and_exp></and_exp></or_exp>
</condition>

<Node id="18" bw="0" op_0_bw="0" op_1_bw="16" op_2_bw="0" op_3_bw="32" op_4_bw="32" op_5_bw="0" op_6_bw="32" op_7_bw="32" op_8_bw="0" op_9_bw="0" op_10_bw="0" op_11_bw="32" op_12_bw="32" op_13_bw="32" op_14_bw="32" op_15_bw="0" op_16_bw="0" op_17_bw="32" op_18_bw="32">
<![CDATA[
entry_ifconv:9 %specinterface_ln0 = specinterface void @_ssdm_op_SpecInterface, i16 %angle_in, void @empty, i32 0, i32 0, void @empty_0, i32 0, i32 0, void @empty_0, void @empty_0, void @empty_0, i32 0, i32 0, i32 0, i32 0, void @empty_0, void @empty_0, i32 4294967295, i32 0

]]></Node>
<StgValue><ssdm name="specinterface_ln0"/></StgValue>
</operation>

<operation id="87" st_id="5" stage="1" lat="1">
<core>NULL</core>
<MemPortIdVec></MemPortIdVec>
<condition id="-1">
<or_exp><and_exp></and_exp></or_exp>
</condition>

<Node id="19" bw="0" op_0_bw="0" op_1_bw="16">
<![CDATA[
entry_ifconv:10 %specbitsmap_ln0 = specbitsmap void @_ssdm_op_SpecBitsMap, i16 %cosine_In

]]></Node>
<StgValue><ssdm name="specbitsmap_ln0"/></StgValue>
</operation>

<operation id="88" st_id="5" stage="1" lat="1">
<core>NULL</core>
<MemPortIdVec></MemPortIdVec>
<condition id="-1">
<or_exp><and_exp></and_exp></or_exp>
</condition>

<Node id="20" bw="0" op_0_bw="0" op_1_bw="16" op_2_bw="0" op_3_bw="32" op_4_bw="32" op_5_bw="0" op_6_bw="32" op_7_bw="32" op_8_bw="0" op_9_bw="0" op_10_bw="0" op_11_bw="32" op_12_bw="32" op_13_bw="32" op_14_bw="32" op_15_bw="0" op_16_bw="0" op_17_bw="32" op_18_bw="32">
<![CDATA[
entry_ifconv:11 %specinterface_ln0 = specinterface void @_ssdm_op_SpecInterface, i16 %cosine_In, void @empty, i32 0, i32 0, void @empty_0, i32 0, i32 0, void @empty_0, void @empty_0, void @empty_0, i32 0, i32 0, i32 0, i32 0, void @empty_0, void @empty_0, i32 4294967295, i32 0

]]></Node>
<StgValue><ssdm name="specinterface_ln0"/></StgValue>
</operation>

<operation id="89" st_id="5" stage="1" lat="1">
<core>NULL</core>
<MemPortIdVec></MemPortIdVec>
<condition id="-1">
<or_exp><and_exp></and_exp></or_exp>
</condition>

<Node id="21" bw="0" op_0_bw="0" op_1_bw="16">
<![CDATA[
entry_ifconv:12 %specbitsmap_ln0 = specbitsmap void @_ssdm_op_SpecBitsMap, i16 %sine_In

]]></Node>
<StgValue><ssdm name="specbitsmap_ln0"/></StgValue>
</operation>

<operation id="90" st_id="5" stage="1" lat="1">
<core>NULL</core>
<MemPortIdVec></MemPortIdVec>
<condition id="-1">
<or_exp><and_exp></and_exp></or_exp>
</condition>

<Node id="22" bw="0" op_0_bw="0" op_1_bw="16" op_2_bw="0" op_3_bw="32" op_4_bw="32" op_5_bw="0" op_6_bw="32" op_7_bw="32" op_8_bw="0" op_9_bw="0" op_10_bw="0" op_11_bw="32" op_12_bw="32" op_13_bw="32" op_14_bw="32" op_15_bw="0" op_16_bw="0" op_17_bw="32" op_18_bw="32">
<![CDATA[
entry_ifconv:13 %specinterface_ln0 = specinterface void @_ssdm_op_SpecInterface, i16 %sine_In, void @empty, i32 0, i32 0, void @empty_0, i32 0, i32 0, void @empty_0, void @empty_0, void @empty_0, i32 0, i32 0, i32 0, i32 0, void @empty_0, void @empty_0, i32 4294967295, i32 0

]]></Node>
<StgValue><ssdm name="specinterface_ln0"/></StgValue>
</operation>

<operation id="91" st_id="5" stage="1" lat="1">
<core>NULL</core>
<MemPortIdVec></MemPortIdVec>
<condition id="-1">
<or_exp><and_exp></and_exp></or_exp>
</condition>

<Node id="23" bw="0" op_0_bw="0" op_1_bw="16">
<![CDATA[
entry_ifconv:14 %specbitsmap_ln0 = specbitsmap void @_ssdm_op_SpecBitsMap, i16 %angle_Out

]]></Node>
<StgValue><ssdm name="specbitsmap_ln0"/></StgValue>
</operation>

<operation id="92" st_id="5" stage="1" lat="1">
<core>NULL</core>
<MemPortIdVec></MemPortIdVec>
<condition id="-1">
<or_exp><and_exp></and_exp></or_exp>
</condition>

<Node id="24" bw="0" op_0_bw="0" op_1_bw="16" op_2_bw="0" op_3_bw="32" op_4_bw="32" op_5_bw="0" op_6_bw="32" op_7_bw="32" op_8_bw="0" op_9_bw="0" op_10_bw="0" op_11_bw="32" op_12_bw="32" op_13_bw="32" op_14_bw="32" op_15_bw="0" op_16_bw="0" op_17_bw="32" op_18_bw="32">
<![CDATA[
entry_ifconv:15 %specinterface_ln0 = specinterface void @_ssdm_op_SpecInterface, i16 %angle_Out, void @empty, i32 0, i32 0, void @empty_0, i32 0, i32 0, void @empty_0, void @empty_0, void @empty_0, i32 0, i32 0, i32 0, i32 0, void @empty_0, void @empty_0, i32 4294967295, i32 0

]]></Node>
<StgValue><ssdm name="specinterface_ln0"/></StgValue>
</operation>

<operation id="93" st_id="5" stage="1" lat="1">
<core>NULL</core>
<MemPortIdVec></MemPortIdVec>
<condition id="-1">
<or_exp><and_exp></and_exp></or_exp>
</condition>

<Node id="25" bw="0" op_0_bw="0" op_1_bw="16">
<![CDATA[
entry_ifconv:16 %specbitsmap_ln0 = specbitsmap void @_ssdm_op_SpecBitsMap, i16 %cosine_Out

]]></Node>
<StgValue><ssdm name="specbitsmap_ln0"/></StgValue>
</operation>

<operation id="94" st_id="5" stage="1" lat="1">
<core>NULL</core>
<MemPortIdVec></MemPortIdVec>
<condition id="-1">
<or_exp><and_exp></and_exp></or_exp>
</condition>

<Node id="26" bw="0" op_0_bw="0" op_1_bw="16" op_2_bw="0" op_3_bw="32" op_4_bw="32" op_5_bw="0" op_6_bw="32" op_7_bw="32" op_8_bw="0" op_9_bw="0" op_10_bw="0" op_11_bw="32" op_12_bw="32" op_13_bw="32" op_14_bw="32" op_15_bw="0" op_16_bw="0" op_17_bw="32" op_18_bw="32">
<![CDATA[
entry_ifconv:17 %specinterface_ln0 = specinterface void @_ssdm_op_SpecInterface, i16 %cosine_Out, void @empty, i32 0, i32 0, void @empty_0, i32 0, i32 0, void @empty_0, void @empty_0, void @empty_0, i32 0, i32 0, i32 0, i32 0, void @empty_0, void @empty_0, i32 4294967295, i32 0

]]></Node>
<StgValue><ssdm name="specinterface_ln0"/></StgValue>
</operation>

<operation id="95" st_id="5" stage="1" lat="1">
<core>NULL</core>
<MemPortIdVec></MemPortIdVec>
<condition id="-1">
<or_exp><and_exp></and_exp></or_exp>
</condition>

<Node id="27" bw="0" op_0_bw="0" op_1_bw="16">
<![CDATA[
entry_ifconv:18 %specbitsmap_ln0 = specbitsmap void @_ssdm_op_SpecBitsMap, i16 %sine_Out

]]></Node>
<StgValue><ssdm name="specbitsmap_ln0"/></StgValue>
</operation>

<operation id="96" st_id="5" stage="1" lat="1">
<core>NULL</core>
<MemPortIdVec></MemPortIdVec>
<condition id="-1">
<or_exp><and_exp></and_exp></or_exp>
</condition>

<Node id="28" bw="0" op_0_bw="0" op_1_bw="16" op_2_bw="0" op_3_bw="32" op_4_bw="32" op_5_bw="0" op_6_bw="32" op_7_bw="32" op_8_bw="0" op_9_bw="0" op_10_bw="0" op_11_bw="32" op_12_bw="32" op_13_bw="32" op_14_bw="32" op_15_bw="0" op_16_bw="0" op_17_bw="32" op_18_bw="32">
<![CDATA[
entry_ifconv:19 %specinterface_ln0 = specinterface void @_ssdm_op_SpecInterface, i16 %sine_Out, void @empty, i32 0, i32 0, void @empty_0, i32 0, i32 0, void @empty_0, void @empty_0, void @empty_0, i32 0, i32 0, i32 0, i32 0, void @empty_0, void @empty_0, i32 4294967295, i32 0

]]></Node>
<StgValue><ssdm name="specinterface_ln0"/></StgValue>
</operation>

<operation id="97" st_id="5" stage="1" lat="1">
<core>NULL</core>
<MemPortIdVec></MemPortIdVec>
<condition id="-1">
<or_exp><and_exp></and_exp></or_exp>
</condition>

<Node id="29" bw="0" op_0_bw="0" op_1_bw="1">
<![CDATA[
entry_ifconv:20 %specbitsmap_ln0 = specbitsmap void @_ssdm_op_SpecBitsMap, i1 %arc_tan

]]></Node>
<StgValue><ssdm name="specbitsmap_ln0"/></StgValue>
</operation>

<operation id="98" st_id="5" stage="1" lat="1">
<core>NULL</core>
<MemPortIdVec></MemPortIdVec>
<condition id="-1">
<or_exp><and_exp></and_exp></or_exp>
</condition>

<Node id="30" bw="0" op_0_bw="0" op_1_bw="1" op_2_bw="0" op_3_bw="32" op_4_bw="32" op_5_bw="0" op_6_bw="32" op_7_bw="32" op_8_bw="0" op_9_bw="0" op_10_bw="0" op_11_bw="32" op_12_bw="32" op_13_bw="32" op_14_bw="32" op_15_bw="0" op_16_bw="0" op_17_bw="32" op_18_bw="32">
<![CDATA[
entry_ifconv:21 %specinterface_ln0 = specinterface void @_ssdm_op_SpecInterface, i1 %arc_tan, void @empty, i32 0, i32 0, void @empty_0, i32 0, i32 0, void @empty_0, void @empty_0, void @empty_0, i32 0, i32 0, i32 0, i32 0, void @empty_0, void @empty_0, i32 4294967295, i32 0

]]></Node>
<StgValue><ssdm name="specinterface_ln0"/></StgValue>
</operation>

<operation id="99" st_id="5" stage="1" lat="1">
<core>NULL</core>
<MemPortIdVec></MemPortIdVec>
<condition id="-1">
<or_exp><and_exp></and_exp></or_exp>
</condition>

<Node id="63" bw="16" op_0_bw="16" op_1_bw="0">
<![CDATA[
entry_ifconv:54 %accum_angle_V_loc_load = load i16 %accum_angle_V_loc

]]></Node>
<StgValue><ssdm name="accum_angle_V_loc_load"/></StgValue>
</operation>

<operation id="100" st_id="5" stage="1" lat="1">
<core>Adder</core>
<MemPortIdVec></MemPortIdVec>
<condition id="-1">
<or_exp><and_exp></and_exp></or_exp>
</condition>

<Node id="64" bw="16" op_0_bw="16" op_1_bw="16">
<![CDATA[
entry_ifconv:55 %sub_ln859 = sub i16 0, i16 %accum_angle_V_loc_load

]]></Node>
<StgValue><ssdm name="sub_ln859"/></StgValue>
</operation>

<operation id="101" st_id="5" stage="1" lat="1">
<core>NULL</core>
<MemPortIdVec></MemPortIdVec>
<condition id="-1">
<or_exp><and_exp></and_exp></or_exp>
</condition>

<Node id="65" bw="0" op_0_bw="0" op_1_bw="16" op_2_bw="16">
<![CDATA[
entry_ifconv:56 %write_ln106 = write void @_ssdm_op_Write.ap_auto.i16P0A, i16 %angle_Out, i16 %sub_ln859

]]></Node>
<StgValue><ssdm name="write_ln106"/></StgValue>
</operation>

<operation id="102" st_id="5" stage="1" lat="1">
<core>NULL</core>
<MemPortIdVec></MemPortIdVec>
<condition id="-1">
<or_exp><and_exp></and_exp></or_exp>
</condition>

<Node id="85" bw="16" op_0_bw="4">
<![CDATA[
entry_ifconv:76 %sext_ln1534_6 = sext i4 %r_6

]]></Node>
<StgValue><ssdm name="sext_ln1534_6"/></StgValue>
</operation>

<operation id="103" st_id="5" stage="1" lat="1">
<core>Adder</core>
<MemPortIdVec></MemPortIdVec>
<condition id="-1">
<or_exp><and_exp></and_exp></or_exp>
</condition>

<Node id="86" bw="16" op_0_bw="16" op_1_bw="16">
<![CDATA[
entry_ifconv:77 %sub_ln859_7 = sub i16 %sub_ln859_6, i16 %sext_ln1534_6

]]></Node>
<StgValue><ssdm name="sub_ln859_7"/></StgValue>
</operation>

<operation id="104" st_id="5" stage="1" lat="1">
<core>NULL</core>
<MemPortIdVec></MemPortIdVec>
<condition id="-1">
<or_exp><and_exp></and_exp></or_exp>
</condition>

<Node id="87" bw="0" op_0_bw="0" op_1_bw="16" op_2_bw="16">
<![CDATA[
entry_ifconv:78 %write_ln108 = write void @_ssdm_op_Write.ap_auto.i16P0A, i16 %cosine_Out, i16 %sub_ln859_7

]]></Node>
<StgValue><ssdm name="write_ln108"/></StgValue>
</operation>

<operation id="105" st_id="5" stage="1" lat="1">
<core>NULL</core>
<MemPortIdVec></MemPortIdVec>
<condition id="-1">
<or_exp><and_exp></and_exp></or_exp>
</condition>

<Node id="107" bw="16" op_0_bw="4">
<![CDATA[
entry_ifconv:98 %sext_ln1534_13 = sext i4 %r_13

]]></Node>
<StgValue><ssdm name="sext_ln1534_13"/></StgValue>
</operation>

<operation id="106" st_id="5" stage="1" lat="1">
<core>Adder</core>
<MemPortIdVec></MemPortIdVec>
<condition id="-1">
<or_exp><and_exp></and_exp></or_exp>
</condition>

<Node id="108" bw="16" op_0_bw="16" op_1_bw="16">
<![CDATA[
entry_ifconv:99 %sub_ln859_14 = sub i16 %sub_ln859_13, i16 %sext_ln1534_13

]]></Node>
<StgValue><ssdm name="sub_ln859_14"/></StgValue>
</operation>

<operation id="107" st_id="5" stage="1" lat="1">
<core>NULL</core>
<MemPortIdVec></MemPortIdVec>
<condition id="-1">
<or_exp><and_exp></and_exp></or_exp>
</condition>

<Node id="109" bw="0" op_0_bw="0" op_1_bw="16" op_2_bw="16">
<![CDATA[
entry_ifconv:100 %write_ln109 = write void @_ssdm_op_Write.ap_auto.i16P0A, i16 %sine_Out, i16 %sub_ln859_14

]]></Node>
<StgValue><ssdm name="write_ln109"/></StgValue>
</operation>

<operation id="108" st_id="5" stage="1" lat="1">
<core>NULL</core>
<MemPortIdVec></MemPortIdVec>
<condition id="-1">
<or_exp><and_exp></and_exp></or_exp>
</condition>

<Node id="110" bw="0">
<![CDATA[
entry_ifconv:101 %ret_ln110 = ret

]]></Node>
<StgValue><ssdm name="ret_ln110"/></StgValue>
</operation>
</state>
</state_list>


<ports>
<port id="113" name="angle_in" dir="0" iftype="0">
<core>NULL</core><StgValue><ssdm name="angle_in"/></StgValue>
</port>
<port id="114" name="cosine_In" dir="0" iftype="0">
<core>NULL</core><StgValue><ssdm name="cosine_In"/></StgValue>
</port>
<port id="115" name="sine_In" dir="0" iftype="0">
<core>NULL</core><StgValue><ssdm name="sine_In"/></StgValue>
</port>
<port id="116" name="angle_Out" dir="1" iftype="0">
<core>NULL</core><StgValue><ssdm name="angle_Out"/></StgValue>
</port>
<port id="117" name="cosine_Out" dir="1" iftype="0">
<core>NULL</core><StgValue><ssdm name="cosine_Out"/></StgValue>
</port>
<port id="118" name="sine_Out" dir="1" iftype="0">
<core>NULL</core><StgValue><ssdm name="sine_Out"/></StgValue>
</port>
<port id="119" name="arc_tan" dir="0" iftype="0">
<core>NULL</core><StgValue><ssdm name="arc_tan"/></StgValue>
</port>
<port id="120" name="Cordic_Rotations_V" dir="0" iftype="1">
<core>ROM</core><StgValue><ssdm name="Cordic_Rotations_V"/><MemPortTyVec>1 </MemPortTyVec>
</StgValue>
</port>
</ports>


<dataflows>
<dataflow id="122" from="_ssdm_op_Read.ap_auto.i1" to="arc_tan_read" fromId="121" toId="6">
</dataflow>
<dataflow id="123" from="arc_tan" to="arc_tan_read" fromId="119" toId="6">
</dataflow>
<dataflow id="125" from="_ssdm_op_Read.ap_auto.i16" to="sine_In_read" fromId="124" toId="7">
</dataflow>
<dataflow id="126" from="sine_In" to="sine_In_read" fromId="115" toId="7">
</dataflow>
<dataflow id="127" from="_ssdm_op_Read.ap_auto.i16" to="cosine_In_read" fromId="124" toId="8">
</dataflow>
<dataflow id="128" from="cosine_In" to="cosine_In_read" fromId="114" toId="8">
</dataflow>
<dataflow id="129" from="_ssdm_op_Read.ap_auto.i16" to="angle_in_read" fromId="124" toId="9">
</dataflow>
<dataflow id="130" from="angle_in" to="angle_in_read" fromId="113" toId="9">
</dataflow>
<dataflow id="132" from="StgValue_131" to="accum_angle_V_loc" fromId="131" toId="10">
</dataflow>
<dataflow id="133" from="StgValue_131" to="inter_cosine_V_1_loc" fromId="131" toId="11">
</dataflow>
<dataflow id="134" from="StgValue_131" to="inter_sine_V_1_loc" fromId="131" toId="12">
</dataflow>
<dataflow id="136" from="_ssdm_op_BitSelect.i1.i16.i32" to="tmp" fromId="135" toId="13">
</dataflow>
<dataflow id="137" from="cosine_In_read" to="tmp" fromId="8" toId="13">
</dataflow>
<dataflow id="139" from="StgValue_138" to="tmp" fromId="138" toId="13">
</dataflow>
<dataflow id="140" from="angle_in_read" to="icmp_ln1696" fromId="9" toId="14">
</dataflow>
<dataflow id="142" from="StgValue_141" to="icmp_ln1696" fromId="141" toId="14">
</dataflow>
<dataflow id="143" from="sine_In_read" to="icmp_ln1695" fromId="7" toId="15">
</dataflow>
<dataflow id="145" from="StgValue_144" to="icmp_ln1695" fromId="144" toId="15">
</dataflow>
<dataflow id="146" from="StgValue_144" to="inter_sine_V" fromId="144" toId="16">
</dataflow>
<dataflow id="147" from="cosine_In_read" to="inter_sine_V" fromId="8" toId="16">
</dataflow>
<dataflow id="148" from="angle_in_read" to="icmp_ln1695_1" fromId="9" toId="17">
</dataflow>
<dataflow id="150" from="StgValue_149" to="icmp_ln1695_1" fromId="149" toId="17">
</dataflow>
<dataflow id="151" from="StgValue_144" to="inter_cosine_V" fromId="144" toId="18">
</dataflow>
<dataflow id="152" from="sine_In_read" to="inter_cosine_V" fromId="7" toId="18">
</dataflow>
<dataflow id="153" from="icmp_ln1695_1" to="select_ln70" fromId="17" toId="19">
</dataflow>
<dataflow id="155" from="StgValue_154" to="select_ln70" fromId="154" toId="19">
</dataflow>
<dataflow id="157" from="StgValue_156" to="select_ln70" fromId="156" toId="19">
</dataflow>
<dataflow id="158" from="icmp_ln1695_1" to="select_ln70_1" fromId="17" toId="20">
</dataflow>
<dataflow id="159" from="inter_cosine_V" to="select_ln70_1" fromId="18" toId="20">
</dataflow>
<dataflow id="160" from="cosine_In_read" to="select_ln70_1" fromId="8" toId="20">
</dataflow>
<dataflow id="161" from="icmp_ln1695_1" to="select_ln70_2" fromId="17" toId="21">
</dataflow>
<dataflow id="162" from="cosine_In_read" to="select_ln70_2" fromId="8" toId="21">
</dataflow>
<dataflow id="163" from="sine_In_read" to="select_ln70_2" fromId="7" toId="21">
</dataflow>
<dataflow id="164" from="tmp" to="xor_ln1696" fromId="13" toId="22">
</dataflow>
<dataflow id="166" from="StgValue_165" to="xor_ln1696" fromId="165" toId="22">
</dataflow>
<dataflow id="167" from="arc_tan_read" to="and_ln1696" fromId="6" toId="23">
</dataflow>
<dataflow id="168" from="xor_ln1696" to="and_ln1696" fromId="22" toId="23">
</dataflow>
<dataflow id="169" from="and_ln1696" to="select_ln1696" fromId="23" toId="24">
</dataflow>
<dataflow id="170" from="sine_In_read" to="select_ln1696" fromId="7" toId="24">
</dataflow>
<dataflow id="171" from="cosine_In_read" to="select_ln1696" fromId="8" toId="24">
</dataflow>
<dataflow id="172" from="tmp" to="and_ln1696_1" fromId="13" toId="25">
</dataflow>
<dataflow id="173" from="arc_tan_read" to="and_ln1696_1" fromId="6" toId="25">
</dataflow>
<dataflow id="174" from="and_ln1696_1" to="and_ln1695" fromId="25" toId="26">
</dataflow>
<dataflow id="175" from="icmp_ln1695" to="and_ln1695" fromId="15" toId="26">
</dataflow>
<dataflow id="176" from="and_ln1695" to="select_ln1695" fromId="26" toId="27">
</dataflow>
<dataflow id="177" from="inter_sine_V" to="select_ln1695" fromId="16" toId="27">
</dataflow>
<dataflow id="178" from="select_ln1696" to="select_ln1695" fromId="24" toId="27">
</dataflow>
<dataflow id="179" from="arc_tan_read" to="xor_ln19" fromId="6" toId="28">
</dataflow>
<dataflow id="180" from="StgValue_165" to="xor_ln19" fromId="165" toId="28">
</dataflow>
<dataflow id="181" from="icmp_ln1696" to="and_ln1696_2" fromId="14" toId="29">
</dataflow>
<dataflow id="182" from="xor_ln19" to="and_ln1696_2" fromId="28" toId="29">
</dataflow>
<dataflow id="183" from="and_ln1696_2" to="select_ln1696_1" fromId="29" toId="30">
</dataflow>
<dataflow id="184" from="inter_sine_V" to="select_ln1696_1" fromId="16" toId="30">
</dataflow>
<dataflow id="185" from="select_ln1695" to="select_ln1696_1" fromId="27" toId="30">
</dataflow>
<dataflow id="186" from="icmp_ln1696" to="or_ln1696" fromId="14" toId="31">
</dataflow>
<dataflow id="187" from="arc_tan_read" to="or_ln1696" fromId="6" toId="31">
</dataflow>
<dataflow id="188" from="or_ln1696" to="select_ln1696_2" fromId="31" toId="32">
</dataflow>
<dataflow id="189" from="select_ln1696_1" to="select_ln1696_2" fromId="30" toId="32">
</dataflow>
<dataflow id="190" from="select_ln70_2" to="select_ln1696_2" fromId="21" toId="32">
</dataflow>
<dataflow id="191" from="and_ln1696" to="select_ln1696_3" fromId="23" toId="33">
</dataflow>
<dataflow id="192" from="cosine_In_read" to="select_ln1696_3" fromId="8" toId="33">
</dataflow>
<dataflow id="193" from="sine_In_read" to="select_ln1696_3" fromId="7" toId="33">
</dataflow>
<dataflow id="194" from="icmp_ln1695" to="xor_ln1695" fromId="15" toId="34">
</dataflow>
<dataflow id="195" from="StgValue_165" to="xor_ln1695" fromId="165" toId="34">
</dataflow>
<dataflow id="196" from="and_ln1696_1" to="and_ln1695_1" fromId="25" toId="35">
</dataflow>
<dataflow id="197" from="xor_ln1695" to="and_ln1695_1" fromId="34" toId="35">
</dataflow>
<dataflow id="198" from="and_ln1695_1" to="select_ln1695_1" fromId="35" toId="36">
</dataflow>
<dataflow id="199" from="inter_cosine_V" to="select_ln1695_1" fromId="18" toId="36">
</dataflow>
<dataflow id="200" from="select_ln1696_3" to="select_ln1695_1" fromId="33" toId="36">
</dataflow>
<dataflow id="201" from="or_ln1696" to="select_ln1696_4" fromId="31" toId="37">
</dataflow>
<dataflow id="202" from="select_ln1695_1" to="select_ln1696_4" fromId="36" toId="37">
</dataflow>
<dataflow id="203" from="select_ln70_1" to="select_ln1696_4" fromId="20" toId="37">
</dataflow>
<dataflow id="204" from="and_ln1695_1" to="select_ln1695_2" fromId="35" toId="38">
</dataflow>
<dataflow id="205" from="StgValue_154" to="select_ln1695_2" fromId="154" toId="38">
</dataflow>
<dataflow id="206" from="StgValue_156" to="select_ln1695_2" fromId="156" toId="38">
</dataflow>
<dataflow id="207" from="and_ln1695_1" to="or_ln1695" fromId="35" toId="39">
</dataflow>
<dataflow id="208" from="and_ln1696" to="or_ln1695" fromId="23" toId="39">
</dataflow>
<dataflow id="209" from="or_ln1695" to="select_ln1695_3" fromId="39" toId="40">
</dataflow>
<dataflow id="210" from="select_ln1695_2" to="select_ln1695_3" fromId="38" toId="40">
</dataflow>
<dataflow id="212" from="StgValue_211" to="select_ln1695_3" fromId="211" toId="40">
</dataflow>
<dataflow id="213" from="or_ln1696" to="select_ln1696_5" fromId="31" toId="41">
</dataflow>
<dataflow id="214" from="select_ln1695_3" to="select_ln1696_5" fromId="40" toId="41">
</dataflow>
<dataflow id="215" from="select_ln70" to="select_ln1696_5" fromId="19" toId="41">
</dataflow>
<dataflow id="217" from="circular_cordic_Pipeline_CORD_LOOP" to="call_ln1696" fromId="216" toId="42">
</dataflow>
<dataflow id="218" from="select_ln1696_2" to="call_ln1696" fromId="32" toId="42">
</dataflow>
<dataflow id="219" from="select_ln1696_4" to="call_ln1696" fromId="37" toId="42">
</dataflow>
<dataflow id="220" from="select_ln1696_5" to="call_ln1696" fromId="41" toId="42">
</dataflow>
<dataflow id="221" from="angle_in_read" to="call_ln1696" fromId="9" toId="42">
</dataflow>
<dataflow id="222" from="arc_tan_read" to="call_ln1696" fromId="6" toId="42">
</dataflow>
<dataflow id="223" from="inter_sine_V_1_loc" to="call_ln1696" fromId="12" toId="42">
</dataflow>
<dataflow id="224" from="inter_cosine_V_1_loc" to="call_ln1696" fromId="11" toId="42">
</dataflow>
<dataflow id="225" from="accum_angle_V_loc" to="call_ln1696" fromId="10" toId="42">
</dataflow>
<dataflow id="226" from="Cordic_Rotations_V" to="call_ln1696" fromId="120" toId="42">
</dataflow>
<dataflow id="227" from="circular_cordic_Pipeline_CORD_LOOP" to="call_ln1696" fromId="216" toId="43">
</dataflow>
<dataflow id="228" from="select_ln1696_2" to="call_ln1696" fromId="32" toId="43">
</dataflow>
<dataflow id="229" from="select_ln1696_4" to="call_ln1696" fromId="37" toId="43">
</dataflow>
<dataflow id="230" from="select_ln1696_5" to="call_ln1696" fromId="41" toId="43">
</dataflow>
<dataflow id="231" from="angle_in_read" to="call_ln1696" fromId="9" toId="43">
</dataflow>
<dataflow id="232" from="arc_tan_read" to="call_ln1696" fromId="6" toId="43">
</dataflow>
<dataflow id="233" from="inter_sine_V_1_loc" to="call_ln1696" fromId="12" toId="43">
</dataflow>
<dataflow id="234" from="inter_cosine_V_1_loc" to="call_ln1696" fromId="11" toId="43">
</dataflow>
<dataflow id="235" from="accum_angle_V_loc" to="call_ln1696" fromId="10" toId="43">
</dataflow>
<dataflow id="236" from="Cordic_Rotations_V" to="call_ln1696" fromId="120" toId="43">
</dataflow>
<dataflow id="237" from="inter_sine_V_1_loc" to="inter_sine_V_1_loc_load" fromId="12" toId="44">
</dataflow>
<dataflow id="238" from="inter_cosine_V_1_loc" to="inter_cosine_V_1_loc_load" fromId="11" toId="45">
</dataflow>
<dataflow id="240" from="_ssdm_op_PartSelect.i14.i16.i32.i32" to="r" fromId="239" toId="46">
</dataflow>
<dataflow id="241" from="inter_cosine_V_1_loc_load" to="r" fromId="45" toId="46">
</dataflow>
<dataflow id="243" from="StgValue_242" to="r" fromId="242" toId="46">
</dataflow>
<dataflow id="244" from="StgValue_138" to="r" fromId="138" toId="46">
</dataflow>
<dataflow id="245" from="r" to="sext_ln1534" fromId="46" toId="47">
</dataflow>
<dataflow id="246" from="inter_cosine_V_1_loc_load" to="sub_ln859_1" fromId="45" toId="48">
</dataflow>
<dataflow id="247" from="sext_ln1534" to="sub_ln859_1" fromId="47" toId="48">
</dataflow>
<dataflow id="249" from="_ssdm_op_PartSelect.i13.i16.i32.i32" to="r_1" fromId="248" toId="49">
</dataflow>
<dataflow id="250" from="sub_ln859_1" to="r_1" fromId="48" toId="49">
</dataflow>
<dataflow id="252" from="StgValue_251" to="r_1" fromId="251" toId="49">
</dataflow>
<dataflow id="253" from="StgValue_138" to="r_1" fromId="138" toId="49">
</dataflow>
<dataflow id="254" from="r_1" to="sext_ln1534_1" fromId="49" toId="50">
</dataflow>
<dataflow id="255" from="sub_ln859_1" to="sub_ln859_2" fromId="48" toId="51">
</dataflow>
<dataflow id="256" from="sext_ln1534_1" to="sub_ln859_2" fromId="50" toId="51">
</dataflow>
<dataflow id="258" from="_ssdm_op_PartSelect.i12.i16.i32.i32" to="r_2" fromId="257" toId="52">
</dataflow>
<dataflow id="259" from="sub_ln859_2" to="r_2" fromId="51" toId="52">
</dataflow>
<dataflow id="261" from="StgValue_260" to="r_2" fromId="260" toId="52">
</dataflow>
<dataflow id="262" from="StgValue_138" to="r_2" fromId="138" toId="52">
</dataflow>
<dataflow id="263" from="r_2" to="sext_ln1534_2" fromId="52" toId="53">
</dataflow>
<dataflow id="264" from="sub_ln859_2" to="sub_ln859_3" fromId="51" toId="54">
</dataflow>
<dataflow id="265" from="sext_ln1534_2" to="sub_ln859_3" fromId="53" toId="54">
</dataflow>
<dataflow id="267" from="_ssdm_op_PartSelect.i9.i16.i32.i32" to="r_3" fromId="266" toId="55">
</dataflow>
<dataflow id="268" from="sub_ln859_3" to="r_3" fromId="54" toId="55">
</dataflow>
<dataflow id="270" from="StgValue_269" to="r_3" fromId="269" toId="55">
</dataflow>
<dataflow id="271" from="StgValue_138" to="r_3" fromId="138" toId="55">
</dataflow>
<dataflow id="272" from="_ssdm_op_PartSelect.i14.i16.i32.i32" to="r_7" fromId="239" toId="56">
</dataflow>
<dataflow id="273" from="inter_sine_V_1_loc_load" to="r_7" fromId="44" toId="56">
</dataflow>
<dataflow id="274" from="StgValue_242" to="r_7" fromId="242" toId="56">
</dataflow>
<dataflow id="275" from="StgValue_138" to="r_7" fromId="138" toId="56">
</dataflow>
<dataflow id="276" from="r_7" to="sext_ln1534_7" fromId="56" toId="57">
</dataflow>
<dataflow id="277" from="inter_sine_V_1_loc_load" to="sub_ln859_8" fromId="44" toId="58">
</dataflow>
<dataflow id="278" from="sext_ln1534_7" to="sub_ln859_8" fromId="57" toId="58">
</dataflow>
<dataflow id="279" from="_ssdm_op_PartSelect.i13.i16.i32.i32" to="r_8" fromId="248" toId="59">
</dataflow>
<dataflow id="280" from="sub_ln859_8" to="r_8" fromId="58" toId="59">
</dataflow>
<dataflow id="281" from="StgValue_251" to="r_8" fromId="251" toId="59">
</dataflow>
<dataflow id="282" from="StgValue_138" to="r_8" fromId="138" toId="59">
</dataflow>
<dataflow id="283" from="r_8" to="sext_ln1534_8" fromId="59" toId="60">
</dataflow>
<dataflow id="284" from="sub_ln859_8" to="sub_ln859_9" fromId="58" toId="61">
</dataflow>
<dataflow id="285" from="sext_ln1534_8" to="sub_ln859_9" fromId="60" toId="61">
</dataflow>
<dataflow id="286" from="_ssdm_op_PartSelect.i12.i16.i32.i32" to="r_9" fromId="257" toId="62">
</dataflow>
<dataflow id="287" from="sub_ln859_9" to="r_9" fromId="61" toId="62">
</dataflow>
<dataflow id="288" from="StgValue_260" to="r_9" fromId="260" toId="62">
</dataflow>
<dataflow id="289" from="StgValue_138" to="r_9" fromId="138" toId="62">
</dataflow>
<dataflow id="290" from="r_9" to="sext_ln1534_9" fromId="62" toId="63">
</dataflow>
<dataflow id="291" from="sub_ln859_9" to="sub_ln859_10" fromId="61" toId="64">
</dataflow>
<dataflow id="292" from="sext_ln1534_9" to="sub_ln859_10" fromId="63" toId="64">
</dataflow>
<dataflow id="293" from="_ssdm_op_PartSelect.i9.i16.i32.i32" to="r_10" fromId="266" toId="65">
</dataflow>
<dataflow id="294" from="sub_ln859_10" to="r_10" fromId="64" toId="65">
</dataflow>
<dataflow id="295" from="StgValue_269" to="r_10" fromId="269" toId="65">
</dataflow>
<dataflow id="296" from="StgValue_138" to="r_10" fromId="138" toId="65">
</dataflow>
<dataflow id="297" from="r_3" to="sext_ln1534_3" fromId="55" toId="66">
</dataflow>
<dataflow id="298" from="sub_ln859_3" to="sub_ln859_4" fromId="54" toId="67">
</dataflow>
<dataflow id="299" from="sext_ln1534_3" to="sub_ln859_4" fromId="66" toId="67">
</dataflow>
<dataflow id="301" from="_ssdm_op_PartSelect.i8.i16.i32.i32" to="r_4" fromId="300" toId="68">
</dataflow>
<dataflow id="302" from="sub_ln859_4" to="r_4" fromId="67" toId="68">
</dataflow>
<dataflow id="304" from="StgValue_303" to="r_4" fromId="303" toId="68">
</dataflow>
<dataflow id="305" from="StgValue_138" to="r_4" fromId="138" toId="68">
</dataflow>
<dataflow id="306" from="r_4" to="sext_ln1534_4" fromId="68" toId="69">
</dataflow>
<dataflow id="307" from="sub_ln859_4" to="sub_ln859_5" fromId="67" toId="70">
</dataflow>
<dataflow id="308" from="sext_ln1534_4" to="sub_ln859_5" fromId="69" toId="70">
</dataflow>
<dataflow id="310" from="_ssdm_op_PartSelect.i6.i16.i32.i32" to="r_5" fromId="309" toId="71">
</dataflow>
<dataflow id="311" from="sub_ln859_5" to="r_5" fromId="70" toId="71">
</dataflow>
<dataflow id="313" from="StgValue_312" to="r_5" fromId="312" toId="71">
</dataflow>
<dataflow id="314" from="StgValue_138" to="r_5" fromId="138" toId="71">
</dataflow>
<dataflow id="315" from="r_5" to="sext_ln1534_5" fromId="71" toId="72">
</dataflow>
<dataflow id="316" from="sub_ln859_5" to="sub_ln859_6" fromId="70" toId="73">
</dataflow>
<dataflow id="317" from="sext_ln1534_5" to="sub_ln859_6" fromId="72" toId="73">
</dataflow>
<dataflow id="319" from="_ssdm_op_PartSelect.i4.i16.i32.i32" to="r_6" fromId="318" toId="74">
</dataflow>
<dataflow id="320" from="sub_ln859_6" to="r_6" fromId="73" toId="74">
</dataflow>
<dataflow id="322" from="StgValue_321" to="r_6" fromId="321" toId="74">
</dataflow>
<dataflow id="323" from="StgValue_138" to="r_6" fromId="138" toId="74">
</dataflow>
<dataflow id="324" from="r_10" to="sext_ln1534_10" fromId="65" toId="75">
</dataflow>
<dataflow id="325" from="sub_ln859_10" to="sub_ln859_11" fromId="64" toId="76">
</dataflow>
<dataflow id="326" from="sext_ln1534_10" to="sub_ln859_11" fromId="75" toId="76">
</dataflow>
<dataflow id="327" from="_ssdm_op_PartSelect.i8.i16.i32.i32" to="r_11" fromId="300" toId="77">
</dataflow>
<dataflow id="328" from="sub_ln859_11" to="r_11" fromId="76" toId="77">
</dataflow>
<dataflow id="329" from="StgValue_303" to="r_11" fromId="303" toId="77">
</dataflow>
<dataflow id="330" from="StgValue_138" to="r_11" fromId="138" toId="77">
</dataflow>
<dataflow id="331" from="r_11" to="sext_ln1534_11" fromId="77" toId="78">
</dataflow>
<dataflow id="332" from="sub_ln859_11" to="sub_ln859_12" fromId="76" toId="79">
</dataflow>
<dataflow id="333" from="sext_ln1534_11" to="sub_ln859_12" fromId="78" toId="79">
</dataflow>
<dataflow id="334" from="_ssdm_op_PartSelect.i6.i16.i32.i32" to="r_12" fromId="309" toId="80">
</dataflow>
<dataflow id="335" from="sub_ln859_12" to="r_12" fromId="79" toId="80">
</dataflow>
<dataflow id="336" from="StgValue_312" to="r_12" fromId="312" toId="80">
</dataflow>
<dataflow id="337" from="StgValue_138" to="r_12" fromId="138" toId="80">
</dataflow>
<dataflow id="338" from="r_12" to="sext_ln1534_12" fromId="80" toId="81">
</dataflow>
<dataflow id="339" from="sub_ln859_12" to="sub_ln859_13" fromId="79" toId="82">
</dataflow>
<dataflow id="340" from="sext_ln1534_12" to="sub_ln859_13" fromId="81" toId="82">
</dataflow>
<dataflow id="341" from="_ssdm_op_PartSelect.i4.i16.i32.i32" to="r_13" fromId="318" toId="83">
</dataflow>
<dataflow id="342" from="sub_ln859_13" to="r_13" fromId="82" toId="83">
</dataflow>
<dataflow id="343" from="StgValue_321" to="r_13" fromId="321" toId="83">
</dataflow>
<dataflow id="344" from="StgValue_138" to="r_13" fromId="138" toId="83">
</dataflow>
<dataflow id="346" from="_ssdm_op_SpecTopModule" to="spectopmodule_ln11" fromId="345" toId="84">
</dataflow>
<dataflow id="348" from="empty_1" to="spectopmodule_ln11" fromId="347" toId="84">
</dataflow>
<dataflow id="350" from="_ssdm_op_SpecBitsMap" to="specbitsmap_ln0" fromId="349" toId="85">
</dataflow>
<dataflow id="351" from="angle_in" to="specbitsmap_ln0" fromId="113" toId="85">
</dataflow>
<dataflow id="353" from="_ssdm_op_SpecInterface" to="specinterface_ln0" fromId="352" toId="86">
</dataflow>
<dataflow id="354" from="angle_in" to="specinterface_ln0" fromId="113" toId="86">
</dataflow>
<dataflow id="356" from="empty" to="specinterface_ln0" fromId="355" toId="86">
</dataflow>
<dataflow id="358" from="StgValue_357" to="specinterface_ln0" fromId="357" toId="86">
</dataflow>
<dataflow id="359" from="StgValue_357" to="specinterface_ln0" fromId="357" toId="86">
</dataflow>
<dataflow id="361" from="empty_0" to="specinterface_ln0" fromId="360" toId="86">
</dataflow>
<dataflow id="362" from="StgValue_357" to="specinterface_ln0" fromId="357" toId="86">
</dataflow>
<dataflow id="363" from="StgValue_357" to="specinterface_ln0" fromId="357" toId="86">
</dataflow>
<dataflow id="364" from="empty_0" to="specinterface_ln0" fromId="360" toId="86">
</dataflow>
<dataflow id="365" from="empty_0" to="specinterface_ln0" fromId="360" toId="86">
</dataflow>
<dataflow id="366" from="empty_0" to="specinterface_ln0" fromId="360" toId="86">
</dataflow>
<dataflow id="367" from="StgValue_357" to="specinterface_ln0" fromId="357" toId="86">
</dataflow>
<dataflow id="368" from="StgValue_357" to="specinterface_ln0" fromId="357" toId="86">
</dataflow>
<dataflow id="369" from="StgValue_357" to="specinterface_ln0" fromId="357" toId="86">
</dataflow>
<dataflow id="370" from="StgValue_357" to="specinterface_ln0" fromId="357" toId="86">
</dataflow>
<dataflow id="371" from="empty_0" to="specinterface_ln0" fromId="360" toId="86">
</dataflow>
<dataflow id="372" from="empty_0" to="specinterface_ln0" fromId="360" toId="86">
</dataflow>
<dataflow id="374" from="StgValue_373" to="specinterface_ln0" fromId="373" toId="86">
</dataflow>
<dataflow id="375" from="StgValue_357" to="specinterface_ln0" fromId="357" toId="86">
</dataflow>
<dataflow id="376" from="_ssdm_op_SpecBitsMap" to="specbitsmap_ln0" fromId="349" toId="87">
</dataflow>
<dataflow id="377" from="cosine_In" to="specbitsmap_ln0" fromId="114" toId="87">
</dataflow>
<dataflow id="378" from="_ssdm_op_SpecInterface" to="specinterface_ln0" fromId="352" toId="88">
</dataflow>
<dataflow id="379" from="cosine_In" to="specinterface_ln0" fromId="114" toId="88">
</dataflow>
<dataflow id="380" from="empty" to="specinterface_ln0" fromId="355" toId="88">
</dataflow>
<dataflow id="381" from="StgValue_357" to="specinterface_ln0" fromId="357" toId="88">
</dataflow>
<dataflow id="382" from="StgValue_357" to="specinterface_ln0" fromId="357" toId="88">
</dataflow>
<dataflow id="383" from="empty_0" to="specinterface_ln0" fromId="360" toId="88">
</dataflow>
<dataflow id="384" from="StgValue_357" to="specinterface_ln0" fromId="357" toId="88">
</dataflow>
<dataflow id="385" from="StgValue_357" to="specinterface_ln0" fromId="357" toId="88">
</dataflow>
<dataflow id="386" from="empty_0" to="specinterface_ln0" fromId="360" toId="88">
</dataflow>
<dataflow id="387" from="empty_0" to="specinterface_ln0" fromId="360" toId="88">
</dataflow>
<dataflow id="388" from="empty_0" to="specinterface_ln0" fromId="360" toId="88">
</dataflow>
<dataflow id="389" from="StgValue_357" to="specinterface_ln0" fromId="357" toId="88">
</dataflow>
<dataflow id="390" from="StgValue_357" to="specinterface_ln0" fromId="357" toId="88">
</dataflow>
<dataflow id="391" from="StgValue_357" to="specinterface_ln0" fromId="357" toId="88">
</dataflow>
<dataflow id="392" from="StgValue_357" to="specinterface_ln0" fromId="357" toId="88">
</dataflow>
<dataflow id="393" from="empty_0" to="specinterface_ln0" fromId="360" toId="88">
</dataflow>
<dataflow id="394" from="empty_0" to="specinterface_ln0" fromId="360" toId="88">
</dataflow>
<dataflow id="395" from="StgValue_373" to="specinterface_ln0" fromId="373" toId="88">
</dataflow>
<dataflow id="396" from="StgValue_357" to="specinterface_ln0" fromId="357" toId="88">
</dataflow>
<dataflow id="397" from="_ssdm_op_SpecBitsMap" to="specbitsmap_ln0" fromId="349" toId="89">
</dataflow>
<dataflow id="398" from="sine_In" to="specbitsmap_ln0" fromId="115" toId="89">
</dataflow>
<dataflow id="399" from="_ssdm_op_SpecInterface" to="specinterface_ln0" fromId="352" toId="90">
</dataflow>
<dataflow id="400" from="sine_In" to="specinterface_ln0" fromId="115" toId="90">
</dataflow>
<dataflow id="401" from="empty" to="specinterface_ln0" fromId="355" toId="90">
</dataflow>
<dataflow id="402" from="StgValue_357" to="specinterface_ln0" fromId="357" toId="90">
</dataflow>
<dataflow id="403" from="StgValue_357" to="specinterface_ln0" fromId="357" toId="90">
</dataflow>
<dataflow id="404" from="empty_0" to="specinterface_ln0" fromId="360" toId="90">
</dataflow>
<dataflow id="405" from="StgValue_357" to="specinterface_ln0" fromId="357" toId="90">
</dataflow>
<dataflow id="406" from="StgValue_357" to="specinterface_ln0" fromId="357" toId="90">
</dataflow>
<dataflow id="407" from="empty_0" to="specinterface_ln0" fromId="360" toId="90">
</dataflow>
<dataflow id="408" from="empty_0" to="specinterface_ln0" fromId="360" toId="90">
</dataflow>
<dataflow id="409" from="empty_0" to="specinterface_ln0" fromId="360" toId="90">
</dataflow>
<dataflow id="410" from="StgValue_357" to="specinterface_ln0" fromId="357" toId="90">
</dataflow>
<dataflow id="411" from="StgValue_357" to="specinterface_ln0" fromId="357" toId="90">
</dataflow>
<dataflow id="412" from="StgValue_357" to="specinterface_ln0" fromId="357" toId="90">
</dataflow>
<dataflow id="413" from="StgValue_357" to="specinterface_ln0" fromId="357" toId="90">
</dataflow>
<dataflow id="414" from="empty_0" to="specinterface_ln0" fromId="360" toId="90">
</dataflow>
<dataflow id="415" from="empty_0" to="specinterface_ln0" fromId="360" toId="90">
</dataflow>
<dataflow id="416" from="StgValue_373" to="specinterface_ln0" fromId="373" toId="90">
</dataflow>
<dataflow id="417" from="StgValue_357" to="specinterface_ln0" fromId="357" toId="90">
</dataflow>
<dataflow id="418" from="_ssdm_op_SpecBitsMap" to="specbitsmap_ln0" fromId="349" toId="91">
</dataflow>
<dataflow id="419" from="angle_Out" to="specbitsmap_ln0" fromId="116" toId="91">
</dataflow>
<dataflow id="420" from="_ssdm_op_SpecInterface" to="specinterface_ln0" fromId="352" toId="92">
</dataflow>
<dataflow id="421" from="angle_Out" to="specinterface_ln0" fromId="116" toId="92">
</dataflow>
<dataflow id="422" from="empty" to="specinterface_ln0" fromId="355" toId="92">
</dataflow>
<dataflow id="423" from="StgValue_357" to="specinterface_ln0" fromId="357" toId="92">
</dataflow>
<dataflow id="424" from="StgValue_357" to="specinterface_ln0" fromId="357" toId="92">
</dataflow>
<dataflow id="425" from="empty_0" to="specinterface_ln0" fromId="360" toId="92">
</dataflow>
<dataflow id="426" from="StgValue_357" to="specinterface_ln0" fromId="357" toId="92">
</dataflow>
<dataflow id="427" from="StgValue_357" to="specinterface_ln0" fromId="357" toId="92">
</dataflow>
<dataflow id="428" from="empty_0" to="specinterface_ln0" fromId="360" toId="92">
</dataflow>
<dataflow id="429" from="empty_0" to="specinterface_ln0" fromId="360" toId="92">
</dataflow>
<dataflow id="430" from="empty_0" to="specinterface_ln0" fromId="360" toId="92">
</dataflow>
<dataflow id="431" from="StgValue_357" to="specinterface_ln0" fromId="357" toId="92">
</dataflow>
<dataflow id="432" from="StgValue_357" to="specinterface_ln0" fromId="357" toId="92">
</dataflow>
<dataflow id="433" from="StgValue_357" to="specinterface_ln0" fromId="357" toId="92">
</dataflow>
<dataflow id="434" from="StgValue_357" to="specinterface_ln0" fromId="357" toId="92">
</dataflow>
<dataflow id="435" from="empty_0" to="specinterface_ln0" fromId="360" toId="92">
</dataflow>
<dataflow id="436" from="empty_0" to="specinterface_ln0" fromId="360" toId="92">
</dataflow>
<dataflow id="437" from="StgValue_373" to="specinterface_ln0" fromId="373" toId="92">
</dataflow>
<dataflow id="438" from="StgValue_357" to="specinterface_ln0" fromId="357" toId="92">
</dataflow>
<dataflow id="439" from="_ssdm_op_SpecBitsMap" to="specbitsmap_ln0" fromId="349" toId="93">
</dataflow>
<dataflow id="440" from="cosine_Out" to="specbitsmap_ln0" fromId="117" toId="93">
</dataflow>
<dataflow id="441" from="_ssdm_op_SpecInterface" to="specinterface_ln0" fromId="352" toId="94">
</dataflow>
<dataflow id="442" from="cosine_Out" to="specinterface_ln0" fromId="117" toId="94">
</dataflow>
<dataflow id="443" from="empty" to="specinterface_ln0" fromId="355" toId="94">
</dataflow>
<dataflow id="444" from="StgValue_357" to="specinterface_ln0" fromId="357" toId="94">
</dataflow>
<dataflow id="445" from="StgValue_357" to="specinterface_ln0" fromId="357" toId="94">
</dataflow>
<dataflow id="446" from="empty_0" to="specinterface_ln0" fromId="360" toId="94">
</dataflow>
<dataflow id="447" from="StgValue_357" to="specinterface_ln0" fromId="357" toId="94">
</dataflow>
<dataflow id="448" from="StgValue_357" to="specinterface_ln0" fromId="357" toId="94">
</dataflow>
<dataflow id="449" from="empty_0" to="specinterface_ln0" fromId="360" toId="94">
</dataflow>
<dataflow id="450" from="empty_0" to="specinterface_ln0" fromId="360" toId="94">
</dataflow>
<dataflow id="451" from="empty_0" to="specinterface_ln0" fromId="360" toId="94">
</dataflow>
<dataflow id="452" from="StgValue_357" to="specinterface_ln0" fromId="357" toId="94">
</dataflow>
<dataflow id="453" from="StgValue_357" to="specinterface_ln0" fromId="357" toId="94">
</dataflow>
<dataflow id="454" from="StgValue_357" to="specinterface_ln0" fromId="357" toId="94">
</dataflow>
<dataflow id="455" from="StgValue_357" to="specinterface_ln0" fromId="357" toId="94">
</dataflow>
<dataflow id="456" from="empty_0" to="specinterface_ln0" fromId="360" toId="94">
</dataflow>
<dataflow id="457" from="empty_0" to="specinterface_ln0" fromId="360" toId="94">
</dataflow>
<dataflow id="458" from="StgValue_373" to="specinterface_ln0" fromId="373" toId="94">
</dataflow>
<dataflow id="459" from="StgValue_357" to="specinterface_ln0" fromId="357" toId="94">
</dataflow>
<dataflow id="460" from="_ssdm_op_SpecBitsMap" to="specbitsmap_ln0" fromId="349" toId="95">
</dataflow>
<dataflow id="461" from="sine_Out" to="specbitsmap_ln0" fromId="118" toId="95">
</dataflow>
<dataflow id="462" from="_ssdm_op_SpecInterface" to="specinterface_ln0" fromId="352" toId="96">
</dataflow>
<dataflow id="463" from="sine_Out" to="specinterface_ln0" fromId="118" toId="96">
</dataflow>
<dataflow id="464" from="empty" to="specinterface_ln0" fromId="355" toId="96">
</dataflow>
<dataflow id="465" from="StgValue_357" to="specinterface_ln0" fromId="357" toId="96">
</dataflow>
<dataflow id="466" from="StgValue_357" to="specinterface_ln0" fromId="357" toId="96">
</dataflow>
<dataflow id="467" from="empty_0" to="specinterface_ln0" fromId="360" toId="96">
</dataflow>
<dataflow id="468" from="StgValue_357" to="specinterface_ln0" fromId="357" toId="96">
</dataflow>
<dataflow id="469" from="StgValue_357" to="specinterface_ln0" fromId="357" toId="96">
</dataflow>
<dataflow id="470" from="empty_0" to="specinterface_ln0" fromId="360" toId="96">
</dataflow>
<dataflow id="471" from="empty_0" to="specinterface_ln0" fromId="360" toId="96">
</dataflow>
<dataflow id="472" from="empty_0" to="specinterface_ln0" fromId="360" toId="96">
</dataflow>
<dataflow id="473" from="StgValue_357" to="specinterface_ln0" fromId="357" toId="96">
</dataflow>
<dataflow id="474" from="StgValue_357" to="specinterface_ln0" fromId="357" toId="96">
</dataflow>
<dataflow id="475" from="StgValue_357" to="specinterface_ln0" fromId="357" toId="96">
</dataflow>
<dataflow id="476" from="StgValue_357" to="specinterface_ln0" fromId="357" toId="96">
</dataflow>
<dataflow id="477" from="empty_0" to="specinterface_ln0" fromId="360" toId="96">
</dataflow>
<dataflow id="478" from="empty_0" to="specinterface_ln0" fromId="360" toId="96">
</dataflow>
<dataflow id="479" from="StgValue_373" to="specinterface_ln0" fromId="373" toId="96">
</dataflow>
<dataflow id="480" from="StgValue_357" to="specinterface_ln0" fromId="357" toId="96">
</dataflow>
<dataflow id="481" from="_ssdm_op_SpecBitsMap" to="specbitsmap_ln0" fromId="349" toId="97">
</dataflow>
<dataflow id="482" from="arc_tan" to="specbitsmap_ln0" fromId="119" toId="97">
</dataflow>
<dataflow id="483" from="_ssdm_op_SpecInterface" to="specinterface_ln0" fromId="352" toId="98">
</dataflow>
<dataflow id="484" from="arc_tan" to="specinterface_ln0" fromId="119" toId="98">
</dataflow>
<dataflow id="485" from="empty" to="specinterface_ln0" fromId="355" toId="98">
</dataflow>
<dataflow id="486" from="StgValue_357" to="specinterface_ln0" fromId="357" toId="98">
</dataflow>
<dataflow id="487" from="StgValue_357" to="specinterface_ln0" fromId="357" toId="98">
</dataflow>
<dataflow id="488" from="empty_0" to="specinterface_ln0" fromId="360" toId="98">
</dataflow>
<dataflow id="489" from="StgValue_357" to="specinterface_ln0" fromId="357" toId="98">
</dataflow>
<dataflow id="490" from="StgValue_357" to="specinterface_ln0" fromId="357" toId="98">
</dataflow>
<dataflow id="491" from="empty_0" to="specinterface_ln0" fromId="360" toId="98">
</dataflow>
<dataflow id="492" from="empty_0" to="specinterface_ln0" fromId="360" toId="98">
</dataflow>
<dataflow id="493" from="empty_0" to="specinterface_ln0" fromId="360" toId="98">
</dataflow>
<dataflow id="494" from="StgValue_357" to="specinterface_ln0" fromId="357" toId="98">
</dataflow>
<dataflow id="495" from="StgValue_357" to="specinterface_ln0" fromId="357" toId="98">
</dataflow>
<dataflow id="496" from="StgValue_357" to="specinterface_ln0" fromId="357" toId="98">
</dataflow>
<dataflow id="497" from="StgValue_357" to="specinterface_ln0" fromId="357" toId="98">
</dataflow>
<dataflow id="498" from="empty_0" to="specinterface_ln0" fromId="360" toId="98">
</dataflow>
<dataflow id="499" from="empty_0" to="specinterface_ln0" fromId="360" toId="98">
</dataflow>
<dataflow id="500" from="StgValue_373" to="specinterface_ln0" fromId="373" toId="98">
</dataflow>
<dataflow id="501" from="StgValue_357" to="specinterface_ln0" fromId="357" toId="98">
</dataflow>
<dataflow id="502" from="accum_angle_V_loc" to="accum_angle_V_loc_load" fromId="10" toId="99">
</dataflow>
<dataflow id="503" from="StgValue_144" to="sub_ln859" fromId="144" toId="100">
</dataflow>
<dataflow id="504" from="accum_angle_V_loc_load" to="sub_ln859" fromId="99" toId="100">
</dataflow>
<dataflow id="506" from="_ssdm_op_Write.ap_auto.i16P0A" to="write_ln106" fromId="505" toId="101">
</dataflow>
<dataflow id="507" from="angle_Out" to="write_ln106" fromId="116" toId="101">
</dataflow>
<dataflow id="508" from="sub_ln859" to="write_ln106" fromId="100" toId="101">
</dataflow>
<dataflow id="509" from="r_6" to="sext_ln1534_6" fromId="74" toId="102">
</dataflow>
<dataflow id="510" from="sub_ln859_6" to="sub_ln859_7" fromId="73" toId="103">
</dataflow>
<dataflow id="511" from="sext_ln1534_6" to="sub_ln859_7" fromId="102" toId="103">
</dataflow>
<dataflow id="512" from="_ssdm_op_Write.ap_auto.i16P0A" to="write_ln108" fromId="505" toId="104">
</dataflow>
<dataflow id="513" from="cosine_Out" to="write_ln108" fromId="117" toId="104">
</dataflow>
<dataflow id="514" from="sub_ln859_7" to="write_ln108" fromId="103" toId="104">
</dataflow>
<dataflow id="515" from="r_13" to="sext_ln1534_13" fromId="83" toId="105">
</dataflow>
<dataflow id="516" from="sub_ln859_13" to="sub_ln859_14" fromId="82" toId="106">
</dataflow>
<dataflow id="517" from="sext_ln1534_13" to="sub_ln859_14" fromId="105" toId="106">
</dataflow>
<dataflow id="518" from="_ssdm_op_Write.ap_auto.i16P0A" to="write_ln109" fromId="505" toId="107">
</dataflow>
<dataflow id="519" from="sine_Out" to="write_ln109" fromId="118" toId="107">
</dataflow>
<dataflow id="520" from="sub_ln859_14" to="write_ln109" fromId="106" toId="107">
</dataflow>
</dataflows>


</stg>
