<?xml version="1.0" encoding="utf-8"?>
<BindInfo>
	<BindNode BINDTYPE="op" DISPLAY="bind_op icmp" ID="" IMPL="auto" LATENCY="0" OPTYPE="icmp" PRAGMA="" RTLNAME="icmp_ln81_fu_163_p2" SOURCE="../code/cordic.cpp:81" VARIABLE="icmp_ln81" MODULE="circular_cordic_Pipeline_CORD_LOOP" LOOP="CORD_LOOP" BUNDLEDNAME="" DSP="0" BRAM="0" URAM="0"/>
	<BindNode BINDTYPE="op" DISPLAY="bind_op add" ID="" IMPL="fabric" LATENCY="0" OPTYPE="add" PRAGMA="" RTLNAME="add_ln81_fu_169_p2" SOURCE="../code/cordic.cpp:81" VARIABLE="add_ln81" MODULE="circular_cordic_Pipeline_CORD_LOOP" LOOP="CORD_LOOP" BUNDLEDNAME="" DSP="0" BRAM="0" URAM="0"/>
	<BindNode BINDTYPE="op" DISPLAY="bind_op icmp" ID="" IMPL="auto" LATENCY="0" OPTYPE="icmp" PRAGMA="" RTLNAME="icmp_ln1696_fu_202_p2" SOURCE="C:/Xilinx/Vitis_HLS/2022.1/common/technology/autopilot\ap_fixed_base.h:1696" VARIABLE="icmp_ln1696" MODULE="circular_cordic_Pipeline_CORD_LOOP" LOOP="CORD_LOOP" BUNDLEDNAME="" DSP="0" BRAM="0" URAM="0"/>
	<BindNode BINDTYPE="op" DISPLAY="bind_op select" ID="" IMPL="auto_sel" LATENCY="0" OPTYPE="select" PRAGMA="" RTLNAME="increment_fu_207_p3" SOURCE="../code/cordic.cpp:84" VARIABLE="increment" MODULE="circular_cordic_Pipeline_CORD_LOOP" LOOP="CORD_LOOP" BUNDLEDNAME="" DSP="0" BRAM="0" URAM="0"/>
	<BindNode BINDTYPE="op" DISPLAY="bind_op ashr" ID="" IMPL="auto_pipe" LATENCY="0" OPTYPE="ashr" PRAGMA="" RTLNAME="r_fu_217_p2" SOURCE="C:/Xilinx/Vitis_HLS/2022.1/common/technology/autopilot\ap_fixed_base.h:1534" VARIABLE="r" MODULE="circular_cordic_Pipeline_CORD_LOOP" LOOP="CORD_LOOP" BUNDLEDNAME="" DSP="0" BRAM="0" URAM="0"/>
	<BindNode BINDTYPE="op" DISPLAY="bind_op sub" ID="" IMPL="fabric" LATENCY="0" OPTYPE="sub" PRAGMA="" RTLNAME="sub_ln859_fu_223_p2" SOURCE="C:/Xilinx/Vitis_HLS/2022.1/common/technology/autopilot\ap_fixed_base.h:859" VARIABLE="sub_ln859" MODULE="circular_cordic_Pipeline_CORD_LOOP" LOOP="CORD_LOOP" BUNDLEDNAME="" DSP="0" BRAM="0" URAM="0"/>
	<BindNode BINDTYPE="op" DISPLAY="bind_op add" ID="" IMPL="fabric" LATENCY="0" OPTYPE="add" PRAGMA="" RTLNAME="add_ln859_fu_229_p2" SOURCE="C:/Xilinx/Vitis_HLS/2022.1/common/technology/autopilot\ap_fixed_base.h:859" VARIABLE="add_ln859" MODULE="circular_cordic_Pipeline_CORD_LOOP" LOOP="CORD_LOOP" BUNDLEDNAME="" DSP="0" BRAM="0" URAM="0"/>
	<BindNode BINDTYPE="op" DISPLAY="bind_op select" ID="" IMPL="auto_sel" LATENCY="0" OPTYPE="select" PRAGMA="" RTLNAME="inter_cosine_V_1_fu_235_p3" SOURCE="C:/Xilinx/Vitis_HLS/2022.1/common/technology/autopilot\ap_fixed_base.h:859" VARIABLE="inter_cosine_V_1" MODULE="circular_cordic_Pipeline_CORD_LOOP" LOOP="CORD_LOOP" BUNDLEDNAME="" DSP="0" BRAM="0" URAM="0"/>
	<BindNode BINDTYPE="op" DISPLAY="bind_op ashr" ID="" IMPL="auto_pipe" LATENCY="0" OPTYPE="ashr" PRAGMA="" RTLNAME="r_1_fu_243_p2" SOURCE="C:/Xilinx/Vitis_HLS/2022.1/common/technology/autopilot\ap_fixed_base.h:1534" VARIABLE="r_1" MODULE="circular_cordic_Pipeline_CORD_LOOP" LOOP="CORD_LOOP" BUNDLEDNAME="" DSP="0" BRAM="0" URAM="0"/>
	<BindNode BINDTYPE="op" DISPLAY="bind_op add" ID="" IMPL="fabric" LATENCY="0" OPTYPE="add" PRAGMA="" RTLNAME="add_ln859_1_fu_249_p2" SOURCE="C:/Xilinx/Vitis_HLS/2022.1/common/technology/autopilot\ap_fixed_base.h:859" VARIABLE="add_ln859_1" MODULE="circular_cordic_Pipeline_CORD_LOOP" LOOP="CORD_LOOP" BUNDLEDNAME="" DSP="0" BRAM="0" URAM="0"/>
	<BindNode BINDTYPE="op" DISPLAY="bind_op sub" ID="" IMPL="fabric" LATENCY="0" OPTYPE="sub" PRAGMA="" RTLNAME="sub_ln859_1_fu_255_p2" SOURCE="C:/Xilinx/Vitis_HLS/2022.1/common/technology/autopilot\ap_fixed_base.h:859" VARIABLE="sub_ln859_1" MODULE="circular_cordic_Pipeline_CORD_LOOP" LOOP="CORD_LOOP" BUNDLEDNAME="" DSP="0" BRAM="0" URAM="0"/>
	<BindNode BINDTYPE="op" DISPLAY="bind_op select" ID="" IMPL="auto_sel" LATENCY="0" OPTYPE="select" PRAGMA="" RTLNAME="inter_sine_V_1_fu_261_p3" SOURCE="C:/Xilinx/Vitis_HLS/2022.1/common/technology/autopilot\ap_fixed_base.h:859" VARIABLE="inter_sine_V_1" MODULE="circular_cordic_Pipeline_CORD_LOOP" LOOP="CORD_LOOP" BUNDLEDNAME="" DSP="0" BRAM="0" URAM="0"/>
	<BindNode BINDTYPE="op" DISPLAY="bind_op add" ID="" IMPL="fabric" LATENCY="0" OPTYPE="add" PRAGMA="" RTLNAME="add_ln859_2_fu_273_p2" SOURCE="C:/Xilinx/Vitis_HLS/2022.1/common/technology/autopilot\ap_fixed_base.h:859" VARIABLE="add_ln859_2" MODULE="circular_cordic_Pipeline_CORD_LOOP" LOOP="CORD_LOOP" BUNDLEDNAME="" DSP="0" BRAM="0" URAM="0"/>
	<BindNode BINDTYPE="op" DISPLAY="bind_op sub" ID="" IMPL="fabric" LATENCY="0" OPTYPE="sub" PRAGMA="" RTLNAME="sub_ln859_2_fu_279_p2" SOURCE="C:/Xilinx/Vitis_HLS/2022.1/common/technology/autopilot\ap_fixed_base.h:859" VARIABLE="sub_ln859_2" MODULE="circular_cordic_Pipeline_CORD_LOOP" LOOP="CORD_LOOP" BUNDLEDNAME="" DSP="0" BRAM="0" URAM="0"/>
	<BindNode BINDTYPE="op" DISPLAY="bind_op select" ID="" IMPL="auto_sel" LATENCY="0" OPTYPE="select" PRAGMA="" RTLNAME="accum_angle_V_1_fu_285_p3" SOURCE="C:/Xilinx/Vitis_HLS/2022.1/common/technology/autopilot\ap_fixed_base.h:859" VARIABLE="accum_angle_V_1" MODULE="circular_cordic_Pipeline_CORD_LOOP" LOOP="CORD_LOOP" BUNDLEDNAME="" DSP="0" BRAM="0" URAM="0"/>
	<BindNode BINDTYPE="storage" DISPLAY="bind_storage rom_1p" ID="" IMPL="auto" LATENCY="1" OPTYPE="rom_1p" PRAGMA="" RTLNAME="Cordic_Rotations_V_U" SOURCE="" VARIABLE="Cordic_Rotations_V" MODULE="circular_cordic_Pipeline_CORD_LOOP" LOOP="" BUNDLEDNAME="" DSP="0" BRAM="0" URAM="0"/>
	<BindNode BINDTYPE="op" DISPLAY="bind_op icmp" ID="" IMPL="auto" LATENCY="0" OPTYPE="icmp" PRAGMA="" RTLNAME="icmp_ln1696_fu_169_p2" SOURCE="C:/Xilinx/Vitis_HLS/2022.1/common/technology/autopilot\ap_fixed_base.h:1696" VARIABLE="icmp_ln1696" MODULE="circular_cordic" LOOP="" BUNDLEDNAME="" DSP="0" BRAM="0" URAM="0"/>
	<BindNode BINDTYPE="op" DISPLAY="bind_op icmp" ID="" IMPL="auto" LATENCY="0" OPTYPE="icmp" PRAGMA="" RTLNAME="icmp_ln1695_fu_175_p2" SOURCE="C:/Xilinx/Vitis_HLS/2022.1/common/technology/autopilot\ap_fixed_base.h:1695" VARIABLE="icmp_ln1695" MODULE="circular_cordic" LOOP="" BUNDLEDNAME="" DSP="0" BRAM="0" URAM="0"/>
	<BindNode BINDTYPE="op" DISPLAY="bind_op sub" ID="" IMPL="fabric" LATENCY="0" OPTYPE="sub" PRAGMA="" RTLNAME="inter_sine_V_fu_181_p2" SOURCE="C:/Xilinx/Vitis_HLS/2022.1/common/technology/autopilot\ap_fixed_base.h:859" VARIABLE="inter_sine_V" MODULE="circular_cordic" LOOP="" BUNDLEDNAME="" DSP="0" BRAM="0" URAM="0"/>
	<BindNode BINDTYPE="op" DISPLAY="bind_op icmp" ID="" IMPL="auto" LATENCY="0" OPTYPE="icmp" PRAGMA="" RTLNAME="icmp_ln1695_1_fu_187_p2" SOURCE="C:/Xilinx/Vitis_HLS/2022.1/common/technology/autopilot\ap_fixed_base.h:1695" VARIABLE="icmp_ln1695_1" MODULE="circular_cordic" LOOP="" BUNDLEDNAME="" DSP="0" BRAM="0" URAM="0"/>
	<BindNode BINDTYPE="op" DISPLAY="bind_op sub" ID="" IMPL="fabric" LATENCY="0" OPTYPE="sub" PRAGMA="" RTLNAME="inter_cosine_V_fu_193_p2" SOURCE="C:/Xilinx/Vitis_HLS/2022.1/common/technology/autopilot\ap_fixed_base.h:859" VARIABLE="inter_cosine_V" MODULE="circular_cordic" LOOP="" BUNDLEDNAME="" DSP="0" BRAM="0" URAM="0"/>
	<BindNode BINDTYPE="op" DISPLAY="bind_op select" ID="" IMPL="auto_sel" LATENCY="0" OPTYPE="select" PRAGMA="" RTLNAME="select_ln70_fu_199_p3" SOURCE="../code/cordic.cpp:70" VARIABLE="select_ln70" MODULE="circular_cordic" LOOP="" BUNDLEDNAME="" DSP="0" BRAM="0" URAM="0"/>
	<BindNode BINDTYPE="op" DISPLAY="bind_op select" ID="" IMPL="auto_sel" LATENCY="0" OPTYPE="select" PRAGMA="" RTLNAME="select_ln70_1_fu_207_p3" SOURCE="../code/cordic.cpp:70" VARIABLE="select_ln70_1" MODULE="circular_cordic" LOOP="" BUNDLEDNAME="" DSP="0" BRAM="0" URAM="0"/>
	<BindNode BINDTYPE="op" DISPLAY="bind_op select" ID="" IMPL="auto_sel" LATENCY="0" OPTYPE="select" PRAGMA="" RTLNAME="select_ln70_2_fu_215_p3" SOURCE="../code/cordic.cpp:70" VARIABLE="select_ln70_2" MODULE="circular_cordic" LOOP="" BUNDLEDNAME="" DSP="0" BRAM="0" URAM="0"/>
	<BindNode BINDTYPE="op" DISPLAY="bind_op xor" ID="" IMPL="auto" LATENCY="0" OPTYPE="xor" PRAGMA="" RTLNAME="xor_ln1696_fu_223_p2" SOURCE="C:/Xilinx/Vitis_HLS/2022.1/common/technology/autopilot\ap_fixed_base.h:1696" VARIABLE="xor_ln1696" MODULE="circular_cordic" LOOP="" BUNDLEDNAME="" DSP="0" BRAM="0" URAM="0"/>
	<BindNode BINDTYPE="op" DISPLAY="bind_op and" ID="" IMPL="auto" LATENCY="0" OPTYPE="and" PRAGMA="" RTLNAME="and_ln1696_fu_229_p2" SOURCE="C:/Xilinx/Vitis_HLS/2022.1/common/technology/autopilot\ap_fixed_base.h:1696" VARIABLE="and_ln1696" MODULE="circular_cordic" LOOP="" BUNDLEDNAME="" DSP="0" BRAM="0" URAM="0"/>
	<BindNode BINDTYPE="op" DISPLAY="bind_op select" ID="" IMPL="auto_sel" LATENCY="0" OPTYPE="select" PRAGMA="" RTLNAME="select_ln1696_fu_235_p3" SOURCE="C:/Xilinx/Vitis_HLS/2022.1/common/technology/autopilot\ap_fixed_base.h:1696" VARIABLE="select_ln1696" MODULE="circular_cordic" LOOP="" BUNDLEDNAME="" DSP="0" BRAM="0" URAM="0"/>
	<BindNode BINDTYPE="op" DISPLAY="bind_op and" ID="" IMPL="auto" LATENCY="0" OPTYPE="and" PRAGMA="" RTLNAME="and_ln1696_1_fu_243_p2" SOURCE="C:/Xilinx/Vitis_HLS/2022.1/common/technology/autopilot\ap_fixed_base.h:1696" VARIABLE="and_ln1696_1" MODULE="circular_cordic" LOOP="" BUNDLEDNAME="" DSP="0" BRAM="0" URAM="0"/>
	<BindNode BINDTYPE="op" DISPLAY="bind_op and" ID="" IMPL="auto" LATENCY="0" OPTYPE="and" PRAGMA="" RTLNAME="and_ln1695_fu_249_p2" SOURCE="C:/Xilinx/Vitis_HLS/2022.1/common/technology/autopilot\ap_fixed_base.h:1695" VARIABLE="and_ln1695" MODULE="circular_cordic" LOOP="" BUNDLEDNAME="" DSP="0" BRAM="0" URAM="0"/>
	<BindNode BINDTYPE="op" DISPLAY="bind_op select" ID="" IMPL="auto_sel" LATENCY="0" OPTYPE="select" PRAGMA="" RTLNAME="select_ln1695_fu_255_p3" SOURCE="C:/Xilinx/Vitis_HLS/2022.1/common/technology/autopilot\ap_fixed_base.h:1695" VARIABLE="select_ln1695" MODULE="circular_cordic" LOOP="" BUNDLEDNAME="" DSP="0" BRAM="0" URAM="0"/>
	<BindNode BINDTYPE="op" DISPLAY="bind_op xor" ID="" IMPL="auto" LATENCY="0" OPTYPE="xor" PRAGMA="" RTLNAME="xor_ln19_fu_263_p2" SOURCE="../code/cordic.cpp:19" VARIABLE="xor_ln19" MODULE="circular_cordic" LOOP="" BUNDLEDNAME="" DSP="0" BRAM="0" URAM="0"/>
	<BindNode BINDTYPE="op" DISPLAY="bind_op and" ID="" IMPL="auto" LATENCY="0" OPTYPE="and" PRAGMA="" RTLNAME="and_ln1696_2_fu_269_p2" SOURCE="C:/Xilinx/Vitis_HLS/2022.1/common/technology/autopilot\ap_fixed_base.h:1696" VARIABLE="and_ln1696_2" MODULE="circular_cordic" LOOP="" BUNDLEDNAME="" DSP="0" BRAM="0" URAM="0"/>
	<BindNode BINDTYPE="op" DISPLAY="bind_op select" ID="" IMPL="auto_sel" LATENCY="0" OPTYPE="select" PRAGMA="" RTLNAME="select_ln1696_1_fu_275_p3" SOURCE="C:/Xilinx/Vitis_HLS/2022.1/common/technology/autopilot\ap_fixed_base.h:1696" VARIABLE="select_ln1696_1" MODULE="circular_cordic" LOOP="" BUNDLEDNAME="" DSP="0" BRAM="0" URAM="0"/>
	<BindNode BINDTYPE="op" DISPLAY="bind_op or" ID="" IMPL="auto" LATENCY="0" OPTYPE="or" PRAGMA="" RTLNAME="or_ln1696_fu_283_p2" SOURCE="C:/Xilinx/Vitis_HLS/2022.1/common/technology/autopilot\ap_fixed_base.h:1696" VARIABLE="or_ln1696" MODULE="circular_cordic" LOOP="" BUNDLEDNAME="" DSP="0" BRAM="0" URAM="0"/>
	<BindNode BINDTYPE="op" DISPLAY="bind_op select" ID="" IMPL="auto_sel" LATENCY="0" OPTYPE="select" PRAGMA="" RTLNAME="select_ln1696_2_fu_289_p3" SOURCE="C:/Xilinx/Vitis_HLS/2022.1/common/technology/autopilot\ap_fixed_base.h:1696" VARIABLE="select_ln1696_2" MODULE="circular_cordic" LOOP="" BUNDLEDNAME="" DSP="0" BRAM="0" URAM="0"/>
	<BindNode BINDTYPE="op" DISPLAY="bind_op select" ID="" IMPL="auto_sel" LATENCY="0" OPTYPE="select" PRAGMA="" RTLNAME="select_ln1696_3_fu_298_p3" SOURCE="C:/Xilinx/Vitis_HLS/2022.1/common/technology/autopilot\ap_fixed_base.h:1696" VARIABLE="select_ln1696_3" MODULE="circular_cordic" LOOP="" BUNDLEDNAME="" DSP="0" BRAM="0" URAM="0"/>
	<BindNode BINDTYPE="op" DISPLAY="bind_op xor" ID="" IMPL="auto" LATENCY="0" OPTYPE="xor" PRAGMA="" RTLNAME="xor_ln1695_fu_306_p2" SOURCE="C:/Xilinx/Vitis_HLS/2022.1/common/technology/autopilot\ap_fixed_base.h:1695" VARIABLE="xor_ln1695" MODULE="circular_cordic" LOOP="" BUNDLEDNAME="" DSP="0" BRAM="0" URAM="0"/>
	<BindNode BINDTYPE="op" DISPLAY="bind_op and" ID="" IMPL="auto" LATENCY="0" OPTYPE="and" PRAGMA="" RTLNAME="and_ln1695_1_fu_312_p2" SOURCE="C:/Xilinx/Vitis_HLS/2022.1/common/technology/autopilot\ap_fixed_base.h:1695" VARIABLE="and_ln1695_1" MODULE="circular_cordic" LOOP="" BUNDLEDNAME="" DSP="0" BRAM="0" URAM="0"/>
	<BindNode BINDTYPE="op" DISPLAY="bind_op select" ID="" IMPL="auto_sel" LATENCY="0" OPTYPE="select" PRAGMA="" RTLNAME="select_ln1695_1_fu_318_p3" SOURCE="C:/Xilinx/Vitis_HLS/2022.1/common/technology/autopilot\ap_fixed_base.h:1695" VARIABLE="select_ln1695_1" MODULE="circular_cordic" LOOP="" BUNDLEDNAME="" DSP="0" BRAM="0" URAM="0"/>
	<BindNode BINDTYPE="op" DISPLAY="bind_op select" ID="" IMPL="auto_sel" LATENCY="0" OPTYPE="select" PRAGMA="" RTLNAME="select_ln1696_4_fu_326_p3" SOURCE="C:/Xilinx/Vitis_HLS/2022.1/common/technology/autopilot\ap_fixed_base.h:1696" VARIABLE="select_ln1696_4" MODULE="circular_cordic" LOOP="" BUNDLEDNAME="" DSP="0" BRAM="0" URAM="0"/>
	<BindNode BINDTYPE="op" DISPLAY="bind_op select" ID="" IMPL="auto_sel" LATENCY="0" OPTYPE="select" PRAGMA="" RTLNAME="select_ln1695_2_fu_335_p3" SOURCE="C:/Xilinx/Vitis_HLS/2022.1/common/technology/autopilot\ap_fixed_base.h:1695" VARIABLE="select_ln1695_2" MODULE="circular_cordic" LOOP="" BUNDLEDNAME="" DSP="0" BRAM="0" URAM="0"/>
	<BindNode BINDTYPE="op" DISPLAY="bind_op or" ID="" IMPL="auto" LATENCY="0" OPTYPE="or" PRAGMA="" RTLNAME="or_ln1695_fu_343_p2" SOURCE="C:/Xilinx/Vitis_HLS/2022.1/common/technology/autopilot\ap_fixed_base.h:1695" VARIABLE="or_ln1695" MODULE="circular_cordic" LOOP="" BUNDLEDNAME="" DSP="0" BRAM="0" URAM="0"/>
	<BindNode BINDTYPE="op" DISPLAY="bind_op select" ID="" IMPL="auto_sel" LATENCY="0" OPTYPE="select" PRAGMA="" RTLNAME="select_ln1695_3_fu_349_p3" SOURCE="C:/Xilinx/Vitis_HLS/2022.1/common/technology/autopilot\ap_fixed_base.h:1695" VARIABLE="select_ln1695_3" MODULE="circular_cordic" LOOP="" BUNDLEDNAME="" DSP="0" BRAM="0" URAM="0"/>
	<BindNode BINDTYPE="op" DISPLAY="bind_op select" ID="" IMPL="auto_sel" LATENCY="0" OPTYPE="select" PRAGMA="" RTLNAME="select_ln1696_5_fu_357_p3" SOURCE="C:/Xilinx/Vitis_HLS/2022.1/common/technology/autopilot\ap_fixed_base.h:1696" VARIABLE="select_ln1696_5" MODULE="circular_cordic" LOOP="" BUNDLEDNAME="" DSP="0" BRAM="0" URAM="0"/>
	<BindNode BINDTYPE="op" DISPLAY="bind_op sub" ID="" IMPL="fabric" LATENCY="0" OPTYPE="sub" PRAGMA="" RTLNAME="angle_Out" SOURCE="C:/Xilinx/Vitis_HLS/2022.1/common/technology/autopilot\ap_fixed_base.h:859" VARIABLE="sub_ln859" MODULE="circular_cordic" LOOP="" BUNDLEDNAME="" DSP="0" BRAM="0" URAM="0"/>
	<BindNode BINDTYPE="op" DISPLAY="bind_op sub" ID="" IMPL="fabric" LATENCY="0" OPTYPE="sub" PRAGMA="" RTLNAME="sub_ln859_1_fu_386_p2" SOURCE="C:/Xilinx/Vitis_HLS/2022.1/common/technology/autopilot\ap_fixed_base.h:859" VARIABLE="sub_ln859_1" MODULE="circular_cordic" LOOP="" BUNDLEDNAME="" DSP="0" BRAM="0" URAM="0"/>
	<BindNode BINDTYPE="op" DISPLAY="bind_op sub" ID="" IMPL="fabric" LATENCY="0" OPTYPE="sub" PRAGMA="" RTLNAME="sub_ln859_2_fu_406_p2" SOURCE="C:/Xilinx/Vitis_HLS/2022.1/common/technology/autopilot\ap_fixed_base.h:859" VARIABLE="sub_ln859_2" MODULE="circular_cordic" LOOP="" BUNDLEDNAME="" DSP="0" BRAM="0" URAM="0"/>
	<BindNode BINDTYPE="op" DISPLAY="bind_op sub" ID="" IMPL="fabric" LATENCY="0" OPTYPE="sub" PRAGMA="" RTLNAME="sub_ln859_3_fu_426_p2" SOURCE="C:/Xilinx/Vitis_HLS/2022.1/common/technology/autopilot\ap_fixed_base.h:859" VARIABLE="sub_ln859_3" MODULE="circular_cordic" LOOP="" BUNDLEDNAME="" DSP="0" BRAM="0" URAM="0"/>
	<BindNode BINDTYPE="op" DISPLAY="bind_op sub" ID="" IMPL="fabric" LATENCY="0" OPTYPE="sub" PRAGMA="" RTLNAME="sub_ln859_4_fu_515_p2" SOURCE="C:/Xilinx/Vitis_HLS/2022.1/common/technology/autopilot\ap_fixed_base.h:859" VARIABLE="sub_ln859_4" MODULE="circular_cordic" LOOP="" BUNDLEDNAME="" DSP="0" BRAM="0" URAM="0"/>
	<BindNode BINDTYPE="op" DISPLAY="bind_op sub" ID="" IMPL="fabric" LATENCY="0" OPTYPE="sub" PRAGMA="" RTLNAME="sub_ln859_5_fu_534_p2" SOURCE="C:/Xilinx/Vitis_HLS/2022.1/common/technology/autopilot\ap_fixed_base.h:859" VARIABLE="sub_ln859_5" MODULE="circular_cordic" LOOP="" BUNDLEDNAME="" DSP="0" BRAM="0" URAM="0"/>
	<BindNode BINDTYPE="op" DISPLAY="bind_op sub" ID="" IMPL="fabric" LATENCY="0" OPTYPE="sub" PRAGMA="" RTLNAME="sub_ln859_6_fu_554_p2" SOURCE="C:/Xilinx/Vitis_HLS/2022.1/common/technology/autopilot\ap_fixed_base.h:859" VARIABLE="sub_ln859_6" MODULE="circular_cordic" LOOP="" BUNDLEDNAME="" DSP="0" BRAM="0" URAM="0"/>
	<BindNode BINDTYPE="op" DISPLAY="bind_op sub" ID="" IMPL="fabric" LATENCY="0" OPTYPE="sub" PRAGMA="" RTLNAME="cosine_Out" SOURCE="C:/Xilinx/Vitis_HLS/2022.1/common/technology/autopilot\ap_fixed_base.h:859" VARIABLE="sub_ln859_7" MODULE="circular_cordic" LOOP="" BUNDLEDNAME="" DSP="0" BRAM="0" URAM="0"/>
	<BindNode BINDTYPE="op" DISPLAY="bind_op sub" ID="" IMPL="fabric" LATENCY="0" OPTYPE="sub" PRAGMA="" RTLNAME="sub_ln859_8_fu_456_p2" SOURCE="C:/Xilinx/Vitis_HLS/2022.1/common/technology/autopilot\ap_fixed_base.h:859" VARIABLE="sub_ln859_8" MODULE="circular_cordic" LOOP="" BUNDLEDNAME="" DSP="0" BRAM="0" URAM="0"/>
	<BindNode BINDTYPE="op" DISPLAY="bind_op sub" ID="" IMPL="fabric" LATENCY="0" OPTYPE="sub" PRAGMA="" RTLNAME="sub_ln859_9_fu_476_p2" SOURCE="C:/Xilinx/Vitis_HLS/2022.1/common/technology/autopilot\ap_fixed_base.h:859" VARIABLE="sub_ln859_9" MODULE="circular_cordic" LOOP="" BUNDLEDNAME="" DSP="0" BRAM="0" URAM="0"/>
	<BindNode BINDTYPE="op" DISPLAY="bind_op sub" ID="" IMPL="fabric" LATENCY="0" OPTYPE="sub" PRAGMA="" RTLNAME="sub_ln859_10_fu_496_p2" SOURCE="C:/Xilinx/Vitis_HLS/2022.1/common/technology/autopilot\ap_fixed_base.h:859" VARIABLE="sub_ln859_10" MODULE="circular_cordic" LOOP="" BUNDLEDNAME="" DSP="0" BRAM="0" URAM="0"/>
	<BindNode BINDTYPE="op" DISPLAY="bind_op sub" ID="" IMPL="fabric" LATENCY="0" OPTYPE="sub" PRAGMA="" RTLNAME="sub_ln859_11_fu_573_p2" SOURCE="C:/Xilinx/Vitis_HLS/2022.1/common/technology/autopilot\ap_fixed_base.h:859" VARIABLE="sub_ln859_11" MODULE="circular_cordic" LOOP="" BUNDLEDNAME="" DSP="0" BRAM="0" URAM="0"/>
	<BindNode BINDTYPE="op" DISPLAY="bind_op sub" ID="" IMPL="fabric" LATENCY="0" OPTYPE="sub" PRAGMA="" RTLNAME="sub_ln859_12_fu_592_p2" SOURCE="C:/Xilinx/Vitis_HLS/2022.1/common/technology/autopilot\ap_fixed_base.h:859" VARIABLE="sub_ln859_12" MODULE="circular_cordic" LOOP="" BUNDLEDNAME="" DSP="0" BRAM="0" URAM="0"/>
	<BindNode BINDTYPE="op" DISPLAY="bind_op sub" ID="" IMPL="fabric" LATENCY="0" OPTYPE="sub" PRAGMA="" RTLNAME="sub_ln859_13_fu_612_p2" SOURCE="C:/Xilinx/Vitis_HLS/2022.1/common/technology/autopilot\ap_fixed_base.h:859" VARIABLE="sub_ln859_13" MODULE="circular_cordic" LOOP="" BUNDLEDNAME="" DSP="0" BRAM="0" URAM="0"/>
	<BindNode BINDTYPE="op" DISPLAY="bind_op sub" ID="" IMPL="fabric" LATENCY="0" OPTYPE="sub" PRAGMA="" RTLNAME="sine_Out" SOURCE="C:/Xilinx/Vitis_HLS/2022.1/common/technology/autopilot\ap_fixed_base.h:859" VARIABLE="sub_ln859_14" MODULE="circular_cordic" LOOP="" BUNDLEDNAME="" DSP="0" BRAM="0" URAM="0"/>
</BindInfo>
