<root versionMajor = "1" versionMinor = "5">
  <kernel src_name="circular_cordic" language="c" hwCtrl="ap_ctrl_hs" mem_layout="fpga64-xilinx-none">
    <args>
      <arg id="0" access_type="r" src_name="angle_in" src_type="ap_fixed&lt;16, 4, AP_RND, AP_WRAP, 0&gt;" src_isptr="1" src_bitwidth="16" src_size_or_depth="1">
        <hw hw_usage="data" hw_interface="Register" hw_name="angle_in" hw_bitwidth="16" hw_size_or_depth="1" hw_kernel_support="false">
          <constraint constraint_type="pragma interface" mode="ap_none" register_option="0"/>
        </hw>
      </arg>
      <arg id="1" access_type="r" src_name="cosine_In" src_type="ap_fixed&lt;16, 4, AP_RND, AP_WRAP, 0&gt;" src_isptr="1" src_bitwidth="16" src_size_or_depth="1">
        <hw hw_usage="data" hw_interface="Register" hw_name="cosine_In" hw_bitwidth="16" hw_size_or_depth="1" hw_kernel_support="false">
          <constraint constraint_type="pragma interface" mode="ap_none" register_option="0"/>
        </hw>
      </arg>
      <arg id="2" access_type="r" src_name="sine_In" src_type="ap_fixed&lt;16, 4, AP_RND, AP_WRAP, 0&gt;" src_isptr="1" src_bitwidth="16" src_size_or_depth="1">
        <hw hw_usage="data" hw_interface="Register" hw_name="sine_In" hw_bitwidth="16" hw_size_or_depth="1" hw_kernel_support="false">
          <constraint constraint_type="pragma interface" mode="ap_none" register_option="0"/>
        </hw>
      </arg>
      <arg id="3" access_type="w" src_name="angle_Out" src_type="ap_fixed&lt;16, 4, AP_RND, AP_WRAP, 0&gt;*" src_isptr="1" src_bitwidth="16" src_size_or_depth="1">
        <hw hw_usage="data" hw_interface="Register" hw_name="angle_Out" hw_bitwidth="16" hw_size_or_depth="1" hw_kernel_support="false">
          <constraint constraint_type="pragma interface" mode="ap_none" register_option="0"/>
        </hw>
      </arg>
      <arg id="4" access_type="w" src_name="cosine_Out" src_type="ap_fixed&lt;16, 4, AP_RND, AP_WRAP, 0&gt;*" src_isptr="1" src_bitwidth="16" src_size_or_depth="1">
        <hw hw_usage="data" hw_interface="Register" hw_name="cosine_Out" hw_bitwidth="16" hw_size_or_depth="1" hw_kernel_support="false">
          <constraint constraint_type="pragma interface" mode="ap_none" register_option="0"/>
        </hw>
      </arg>
      <arg id="5" access_type="w" src_name="sine_Out" src_type="ap_fixed&lt;16, 4, AP_RND, AP_WRAP, 0&gt;*" src_isptr="1" src_bitwidth="16" src_size_or_depth="1">
        <hw hw_usage="data" hw_interface="Register" hw_name="sine_Out" hw_bitwidth="16" hw_size_or_depth="1" hw_kernel_support="false">
          <constraint constraint_type="pragma interface" mode="ap_none" register_option="0"/>
        </hw>
      </arg>
      <arg id="6" access_type="r" src_name="arc_tan" src_type="bool" src_isptr="0" src_bitwidth="1" src_size_or_depth="1">
        <hw hw_usage="data" hw_interface="Register" hw_name="arc_tan" hw_bitwidth="1" hw_size_or_depth="1" hw_kernel_support="false">
          <constraint constraint_type="pragma interface" mode="ap_none" register_option="0"/>
        </hw>
      </arg>
    </args>
    <return src_type="void" src_bitwidth="0" offset="0x0">
      <hw hw_usage="data" hw_interface="" hw_name="" hw_bitwidth="0" hw_kernel_support="true"/>
    </return>
  </kernel>
</root>
