<?xml version="1.0" encoding="utf-8"?>
<xd:acceleratorMap xmlns:xd="http://www.xilinx.com/xidane" xd:functionName="cordic" xd:componentRef="cordic" xd:initiationInterval="1" xd:clockPeriod="10" xd:sequential="true" xd:hostMachine="64" xd:reset="control">
  <xd:controlReg xd:name="control" xd:interfaceRef="ap_ctrl" xd:busTypeRef="acc_handshake" xd:type="acc_handshake"/>
  <xd:arg xd:name="modes" xd:originalName="modes" xd:direction="in" xd:interfaceRef="modes" xd:busTypeRef="register" xd:dataWidth="1"/>
  <xd:arg xd:name="x_in" xd:originalName="x_in" xd:direction="in" xd:interfaceRef="x_in" xd:busTypeRef="register" xd:dataWidth="16"/>
  <xd:arg xd:name="y_in" xd:originalName="y_in" xd:direction="in" xd:interfaceRef="y_in" xd:busTypeRef="register" xd:dataWidth="16"/>
  <xd:arg xd:name="theta_in" xd:originalName="theta_in" xd:direction="in" xd:interfaceRef="theta_in" xd:busTypeRef="register" xd:dataWidth="16"/>
  <xd:arg xd:name="*(x_out)" xd:originalName="x_out" xd:direction="out" xd:interfaceRef="x_out" xd:busTypeRef="register" xd:handshakeRef="ap_vld" xd:dataWidth="16"/>
  <xd:arg xd:name="*(y_out)" xd:originalName="y_out" xd:direction="out" xd:interfaceRef="y_out" xd:busTypeRef="register" xd:handshakeRef="ap_vld" xd:dataWidth="16"/>
  <xd:arg xd:name="*(theta_out)" xd:originalName="theta_out" xd:direction="out" xd:interfaceRef="theta_out" xd:busTypeRef="register" xd:handshakeRef="ap_vld" xd:dataWidth="16"/>
  <xd:arg xd:name="done" xd:originalName="done" xd:direction="in" xd:interfaceRef="done" xd:busTypeRef="register" xd:dataWidth="16"/>
  <xd:latencyEstimates xd:best-case="42" xd:worst-case="42" xd:average-case="42"/>
  <xd:resourceEstimates xd:LUT="10412" xd:FF="3836" xd:BRAM="0" xd:DSP="0"/>
</xd:acceleratorMap>
