<?xml version="1.0" encoding="UTF-8"?>
<GenRun Id="synth_1" LaunchPart="xc7z020clg484-1" LaunchTime="1664420533">
  <File Type="PA-TCL" Name="systolic.tcl"/>
  <File Type="RDS-PROPCONSTRS" Name="systolic_drc_synth.rpt"/>
  <File Type="REPORTS-TCL" Name="systolic_reports.tcl"/>
  <File Type="RDS-RDS" Name="systolic.vds"/>
  <File Type="RDS-UTIL" Name="systolic_utilization_synth.rpt"/>
  <File Type="RDS-UTIL-PB" Name="systolic_utilization_synth.pb"/>
  <File Type="RDS-DCP" Name="systolic.dcp"/>
  <File Type="VDS-TIMINGSUMMARY" Name="systolic_timing_summary_synth.rpt"/>
  <File Type="VDS-TIMING-PB" Name="systolic_timing_summary_synth.pb"/>
  <FileSet Name="sources" Type="DesignSrcs" RelSrcDir="$PSRCDIR/sources_1" RelGenDir="$PGENDIR/sources_1">
    <Filter Type="Srcs"/>
    <File Path="$PSRCDIR/sources_1/imports/sysgen/conv_pkg.v">
      <FileInfo SFType="VHeader">
        <Attr Name="ImportPath" Val="$PPRDIR/../sysgen/conv_pkg.v"/>
        <Attr Name="ImportTime" Val="1664420524"/>
        <Attr Name="UsedIn" Val="synthesis"/>
        <Attr Name="UsedIn" Val="simulation"/>
        <Attr Name="IsVisible" Val="1"/>
      </FileInfo>
    </File>
    <File Path="$PSRCDIR/sources_1/imports/sysgen/convert_type.v">
      <FileInfo>
        <Attr Name="ImportPath" Val="$PPRDIR/../sysgen/convert_type.v"/>
        <Attr Name="ImportTime" Val="1664420524"/>
        <Attr Name="UsedIn" Val="synthesis"/>
        <Attr Name="UsedIn" Val="implementation"/>
        <Attr Name="UsedIn" Val="simulation"/>
      </FileInfo>
    </File>
    <File Path="$PSRCDIR/sources_1/imports/sysgen/synth_reg.v">
      <FileInfo>
        <Attr Name="ImportPath" Val="$PPRDIR/../sysgen/synth_reg.v"/>
        <Attr Name="ImportTime" Val="1664420524"/>
        <Attr Name="UsedIn" Val="synthesis"/>
        <Attr Name="UsedIn" Val="implementation"/>
        <Attr Name="UsedIn" Val="simulation"/>
      </FileInfo>
    </File>
    <File Path="$PSRCDIR/sources_1/imports/sysgen/synth_reg_w_init.v">
      <FileInfo>
        <Attr Name="ImportPath" Val="$PPRDIR/../sysgen/synth_reg_w_init.v"/>
        <Attr Name="ImportTime" Val="1664420524"/>
        <Attr Name="UsedIn" Val="synthesis"/>
        <Attr Name="UsedIn" Val="implementation"/>
        <Attr Name="UsedIn" Val="simulation"/>
      </FileInfo>
    </File>
    <File Path="$PSRCDIR/sources_1/imports/sysgen/systolic_entity_declarations.v">
      <FileInfo>
        <Attr Name="ImportPath" Val="$PPRDIR/../sysgen/systolic_entity_declarations.v"/>
        <Attr Name="ImportTime" Val="1664420524"/>
        <Attr Name="UsedIn" Val="synthesis"/>
        <Attr Name="UsedIn" Val="implementation"/>
        <Attr Name="UsedIn" Val="simulation"/>
      </FileInfo>
    </File>
    <File Path="$PSRCDIR/sources_1/imports/sysgen/xlclockdriver_rd.v">
      <FileInfo>
        <Attr Name="ImportPath" Val="$PPRDIR/../sysgen/xlclockdriver_rd.v"/>
        <Attr Name="ImportTime" Val="1664420524"/>
        <Attr Name="UsedIn" Val="synthesis"/>
        <Attr Name="UsedIn" Val="implementation"/>
        <Attr Name="UsedIn" Val="simulation"/>
      </FileInfo>
    </File>
    <File Path="$PSRCDIR/sources_1/imports/sysgen/systolic.v">
      <FileInfo>
        <Attr Name="ImportPath" Val="$PPRDIR/../sysgen/systolic.v"/>
        <Attr Name="ImportTime" Val="1664420524"/>
        <Attr Name="UsedIn" Val="synthesis"/>
        <Attr Name="UsedIn" Val="implementation"/>
        <Attr Name="UsedIn" Val="simulation"/>
      </FileInfo>
    </File>
    <Config>
      <Option Name="DesignMode" Val="RTL"/>
      <Option Name="TopModule" Val="systolic"/>
    </Config>
  </FileSet>
  <FileSet Name="constrs_in" Type="Constrs" RelSrcDir="$PSRCDIR/constrs_1">
    <Filter Type="Constrs"/>
    <File Path="$PSRCDIR/constrs_1/imports/sysgen/systolic_clock.xdc">
      <FileInfo>
        <Attr Name="ImportPath" Val="$PPRDIR/../sysgen/systolic_clock.xdc"/>
        <Attr Name="ImportTime" Val="1664420524"/>
        <Attr Name="UsedIn" Val="synthesis"/>
        <Attr Name="UsedIn" Val="implementation"/>
      </FileInfo>
    </File>
    <File Path="$PSRCDIR/constrs_1/imports/sysgen/systolic.xdc">
      <FileInfo>
        <Attr Name="ImportPath" Val="$PPRDIR/../sysgen/systolic.xdc"/>
        <Attr Name="ImportTime" Val="1664420524"/>
        <Attr Name="UsedIn" Val="synthesis"/>
        <Attr Name="UsedIn" Val="implementation"/>
      </FileInfo>
    </File>
    <Config>
      <Option Name="ConstrsType" Val="XDC"/>
    </Config>
  </FileSet>
  <FileSet Name="utils" Type="Utils" RelSrcDir="$PSRCDIR/utils_1">
    <Filter Type="Utils"/>
    <Config>
      <Option Name="TopAutoSet" Val="TRUE"/>
    </Config>
  </FileSet>
  <Strategy Version="1" Minor="2">
    <StratHandle Name="Vivado Synthesis Defaults" Flow="Vivado Synthesis 2022">
      <Desc>Vivado Synthesis Defaults</Desc>
    </StratHandle>
    <Step Id="synth_design">
      <Option Id="MoreOptsStr"><![CDATA[-mode out_of_context]]></Option>
    </Step>
  </Strategy>
  <BlockFileSet Type="BlockSrcs" Name="systolic_mult_gen_v12_0_i0"/>
  <BlockFileSet Type="BlockSrcs" Name="systolic_c_counter_binary_v12_0_i0"/>
</GenRun>
