{"sourceFile": [{
      "name": "",
      "directive": [
        {
          "functionName": "cordic",
          "label": "",
          "functionLabel": "",
          "id": "1",
          "sourceFile": "C:\/2022WorkDesktop\/ELEC522\/Project4\/vitis_hls\/cordic\/solution1\/directives.tcl",
          "sourceLine": "6",
          "pragma": {
            "name": "TOP",
            "option": [{
                "name": "name",
                "value": "cordic"
              }]
          }
        },
        {
          "functionName": "cordic",
          "label": "",
          "functionLabel": "",
          "id": "2",
          "sourceFile": "C:\/2022WorkDesktop\/ELEC522\/Project4\/vitis_hls\/cordic\/solution1\/directives.tcl",
          "sourceLine": "7",
          "pragma": {"name": "PIPELINE"}
        },
        {
          "functionName": "cordic",
          "label": "",
          "functionLabel": "",
          "id": "3",
          "sourceFile": "C:\/2022WorkDesktop\/ELEC522\/Project4\/vitis_hls\/cordic\/solution1\/csynth.tcl",
          "sourceLine": "16",
          "pragma": {
            "name": "TOP",
            "option": [{
                "name": "name",
                "value": "cordic"
              }]
          }
        }
      ]
    }]}
