<profile>

<section name = "Vitis HLS Report for 'cordic'" level="0">
<item name = "Date">Tue Nov  8 09:10:32 2022
</item>
<item name = "Version">2022.1 (Build 3526262 on Mon Apr 18 15:48:16 MDT 2022)</item>
<item name = "Project">cordic</item>
<item name = "Solution">solution1 (Vivado IP Flow Target)</item>
<item name = "Product family">zynq</item>
<item name = "Target device">xc7z020-clg484-1</item>
</section>

<section name = "Performance Estimates" level="0">
<item name = "Timing">
<section name = "" level="1">
<item name = "Summary"><table name="" hasTotal="0">
<keys size="4">Clock, Target, Estimated, Uncertainty</keys>
<column name="ap_clk">10.00 ns, 6.873 ns, 2.70 ns</column>
</table>
</item>
</section>
</item>
<item name = "Latency">
<section name = "" level="1">
<item name = "Summary"><table name="" hasTotal="0">
<keys size="8">, min, max, min, max, min, max, Type</keys>
<column name="">15, 15, 0.150 us, 0.150 us, 2, 2, yes</column>
</table>
</item>
<item name = "Detail">
<section name = "" level="1">
<item name = "Instance"><table name="" hasTotal="0">
<keys size="9">Instance, Module, min, max, min, max, min, max, Type</keys>
</table>
</item>
<item name = "Loop"><table name="" hasTotal="0">
<keys size="8">Loop Name, min, max, Latency, achieved, target, Count, Pipelined</keys>
</table>
</item>
</section>
</item>
</section>
</item>
</section>

<section name = "Utilization Estimates" level="0">
<item name = "Summary"><table name="" hasTotal="1">
<keys size="6">Name, BRAM_18K, DSP, FF, LUT, URAM</keys>
<column name="DSP">-, -, -, -, -</column>
<column name="Expression">-, -, 0, 4628, -</column>
<column name="FIFO">-, -, -, -, -</column>
<column name="Instance">0, -, 153, 202, -</column>
<column name="Memory">-, -, -, -, -</column>
<column name="Multiplexer">-, -, -, 63, -</column>
<column name="Register">-, -, 2153, 288, -</column>
<specialColumn name="Available">280, 220, 106400, 53200, 0</specialColumn>
<specialColumn name="Utilization (%)">0, 0, 2, 9, 0</specialColumn>
</table>
</item>
<item name = "Detail">
<section name = "" level="1">
<item name = "Instance"><table name="" hasTotal="1">
<keys size="7">Instance, Module, BRAM_18K, DSP, FF, LUT, URAM</keys>
<column name="HLS_CORDIC_PERIPH_BUS_s_axi_U">HLS_CORDIC_PERIPH_BUS_s_axi, 0, 0, 153, 202, 0</column>
</table>
</item>
<item name = "DSP"><table name="" hasTotal="0">
<keys size="3">Instance, Module, Expression</keys>
</table>
</item>
<item name = "Memory"><table name="" hasTotal="1">
<keys size="10">Memory, Module, BRAM_18K, FF, LUT, URAM, Words, Bits, Banks, W*Bits*Banks</keys>
</table>
</item>
<item name = "FIFO"><table name="" hasTotal="1">
<keys size="8">Name, BRAM_18K, FF, LUT, URAM, Depth, Bits, Size:D*B</keys>
</table>
</item>
<item name = "Expression"><table name="" hasTotal="1">
<keys size="7">Variable Name, Operation, DSP, FF, LUT, Bitwidth P0, Bitwidth P1</keys>
<column name="add_ln1697_10_fu_1272_p2">+, 0, 0, 16, 16, 7</column>
<column name="add_ln1697_12_fu_1655_p2">+, 0, 0, 16, 16, 6</column>
<column name="add_ln1697_14_fu_1901_p2">+, 0, 0, 16, 16, 5</column>
<column name="add_ln1697_16_fu_2066_p2">+, 0, 0, 16, 16, 4</column>
<column name="add_ln1697_18_fu_2381_p2">+, 0, 0, 16, 16, 3</column>
<column name="add_ln1697_2_fu_477_p2">+, 0, 0, 16, 16, 11</column>
<column name="add_ln1697_4_fu_511_p2">+, 0, 0, 16, 16, 10</column>
<column name="add_ln1697_6_fu_657_p2">+, 0, 0, 16, 16, 9</column>
<column name="add_ln1697_8_fu_948_p2">+, 0, 0, 16, 16, 8</column>
<column name="add_ln1697_fu_442_p2">+, 0, 0, 16, 16, 12</column>
<column name="add_ln859_11_fu_3277_p2">+, 0, 0, 20, 15, 14</column>
<column name="add_ln859_19_fu_2953_p2">+, 0, 0, 23, 16, 16</column>
<column name="add_ln859_20_fu_2964_p2">+, 0, 0, 16, 16, 16</column>
<column name="add_ln859_22_fu_3325_p2">+, 0, 0, 16, 16, 16</column>
<column name="add_ln859_24_fu_3376_p2">+, 0, 0, 16, 16, 16</column>
<column name="add_ln859_26_fu_2979_p2">+, 0, 0, 23, 16, 16</column>
<column name="add_ln859_27_fu_2990_p2">+, 0, 0, 16, 16, 16</column>
<column name="add_ln859_29_fu_3342_p2">+, 0, 0, 16, 16, 16</column>
<column name="add_ln859_2_fu_3265_p2">+, 0, 0, 16, 16, 16</column>
<column name="add_ln859_31_fu_3394_p2">+, 0, 0, 16, 16, 16</column>
<column name="add_ln859_34_fu_3196_p2">+, 0, 0, 12, 12, 12</column>
<column name="add_ln859_35_fu_3202_p2">+, 0, 0, 14, 9, 9</column>
<column name="add_ln859_36_fu_3208_p2">+, 0, 0, 14, 6, 6</column>
<column name="add_ln859_4_fu_3364_p2">+, 0, 0, 16, 16, 16</column>
<column name="add_ln859_62_fu_2585_p2">+, 0, 0, 14, 6, 6</column>
<column name="add_ln859_63_fu_2591_p2">+, 0, 0, 12, 12, 12</column>
<column name="add_ln859_64_fu_2597_p2">+, 0, 0, 14, 9, 9</column>
<column name="add_ln859_65_fu_2747_p2">+, 0, 0, 14, 6, 6</column>
<column name="add_ln859_66_fu_2753_p2">+, 0, 0, 12, 12, 12</column>
<column name="add_ln859_67_fu_2759_p2">+, 0, 0, 14, 9, 9</column>
<column name="add_ln859_fu_3184_p2">+, 0, 0, 16, 16, 16</column>
<column name="add_ln90_1_fu_1526_p2">+, 0, 0, 12, 12, 12</column>
<column name="add_ln90_2_fu_1536_p2">+, 0, 0, 14, 13, 13</column>
<column name="add_ln90_3_fu_2913_p2">+, 0, 0, 14, 14, 14</column>
<column name="add_ln90_4_fu_2919_p2">+, 0, 0, 10, 10, 10</column>
<column name="add_ln90_5_fu_2375_p2">+, 0, 0, 14, 7, 7</column>
<column name="add_ln90_6_fu_2928_p2">+, 0, 0, 15, 8, 8</column>
<column name="add_ln90_7_fu_2938_p2">+, 0, 0, 10, 10, 10</column>
<column name="add_ln90_8_fu_3004_p2">+, 0, 0, 14, 14, 14</column>
<column name="add_ln90_fu_2904_p2">+, 0, 0, 14, 14, 14</column>
<column name="current_x_V_12_fu_1434_p2">+, 0, 0, 23, 16, 16</column>
<column name="current_x_V_15_fu_1708_p2">+, 0, 0, 23, 16, 16</column>
<column name="current_x_V_18_fu_1778_p2">+, 0, 0, 23, 16, 16</column>
<column name="current_x_V_21_fu_2022_p2">+, 0, 0, 23, 16, 16</column>
<column name="current_x_V_24_fu_2193_p2">+, 0, 0, 23, 16, 16</column>
<column name="current_x_V_27_fu_2283_p2">+, 0, 0, 23, 16, 16</column>
<column name="current_x_V_30_fu_2821_p2">+, 0, 0, 23, 16, 16</column>
<column name="current_x_V_33_fu_2884_p2">+, 0, 0, 23, 16, 16</column>
<column name="current_x_V_39_fu_604_p2">+, 0, 0, 23, 16, 16</column>
<column name="current_x_V_3_fu_1021_p2">+, 0, 0, 23, 16, 16</column>
<column name="current_x_V_42_fu_831_p2">+, 0, 0, 23, 16, 16</column>
<column name="current_x_V_45_fu_895_p2">+, 0, 0, 23, 16, 16</column>
<column name="current_x_V_48_fu_1155_p2">+, 0, 0, 23, 16, 16</column>
<column name="current_x_V_51_fu_1219_p2">+, 0, 0, 23, 16, 16</column>
<column name="current_x_V_54_fu_1558_p2">+, 0, 0, 23, 16, 16</column>
<column name="current_x_V_57_fu_1622_p2">+, 0, 0, 23, 16, 16</column>
<column name="current_x_V_60_fu_1870_p2">+, 0, 0, 23, 16, 16</column>
<column name="current_x_V_63_fu_1960_p2">+, 0, 0, 23, 16, 16</column>
<column name="current_x_V_66_fu_2101_p2">+, 0, 0, 23, 16, 16</column>
<column name="current_x_V_69_fu_2415_p2">+, 0, 0, 23, 16, 16</column>
<column name="current_x_V_6_fu_1097_p2">+, 0, 0, 23, 16, 16</column>
<column name="current_x_V_71_fu_730_p2">+, 0, 0, 23, 16, 16</column>
<column name="current_x_V_9_fu_1344_p2">+, 0, 0, 23, 16, 16</column>
<column name="current_y_V_11_fu_1360_p2">+, 0, 0, 23, 16, 16</column>
<column name="current_y_V_14_fu_1452_p2">+, 0, 0, 23, 16, 16</column>
<column name="current_y_V_17_fu_1723_p2">+, 0, 0, 23, 16, 16</column>
<column name="current_y_V_20_fu_1796_p2">+, 0, 0, 23, 16, 16</column>
<column name="current_y_V_23_fu_2037_p2">+, 0, 0, 23, 16, 16</column>
<column name="current_y_V_26_fu_2209_p2">+, 0, 0, 23, 16, 16</column>
<column name="current_y_V_29_fu_2301_p2">+, 0, 0, 23, 16, 16</column>
<column name="current_y_V_32_fu_2836_p2">+, 0, 0, 23, 16, 16</column>
<column name="current_y_V_36_fu_598_p2">+, 0, 0, 23, 16, 16</column>
<column name="current_y_V_39_fu_826_p2">+, 0, 0, 23, 16, 16</column>
<column name="current_y_V_42_fu_889_p2">+, 0, 0, 23, 16, 16</column>
<column name="current_y_V_45_fu_1150_p2">+, 0, 0, 23, 16, 16</column>
<column name="current_y_V_48_fu_1213_p2">+, 0, 0, 23, 16, 16</column>
<column name="current_y_V_51_fu_1553_p2">+, 0, 0, 23, 16, 16</column>
<column name="current_y_V_54_fu_1616_p2">+, 0, 0, 23, 16, 16</column>
<column name="current_y_V_57_fu_1865_p2">+, 0, 0, 23, 16, 16</column>
<column name="current_y_V_5_fu_1039_p2">+, 0, 0, 23, 16, 16</column>
<column name="current_y_V_60_fu_1954_p2">+, 0, 0, 23, 16, 16</column>
<column name="current_y_V_63_fu_2096_p2">+, 0, 0, 23, 16, 16</column>
<column name="current_y_V_66_fu_2410_p2">+, 0, 0, 23, 16, 16</column>
<column name="current_y_V_70_fu_538_p2">+, 0, 0, 23, 16, 16</column>
<column name="current_y_V_8_fu_1115_p2">+, 0, 0, 23, 16, 16</column>
<column name="dat_out_V_fu_3417_p2">+, 0, 0, 16, 16, 16</column>
<column name="theta_in_V_10_fu_448_p2">+, 0, 0, 16, 16, 16</column>
<column name="theta_in_V_11_fu_482_p2">+, 0, 0, 16, 16, 16</column>
<column name="theta_in_V_12_fu_516_p2">+, 0, 0, 16, 16, 16</column>
<column name="theta_in_V_13_fu_662_p2">+, 0, 0, 16, 16, 16</column>
<column name="theta_in_V_14_fu_953_p2">+, 0, 0, 16, 16, 16</column>
<column name="theta_in_V_15_fu_1277_p2">+, 0, 0, 16, 16, 16</column>
<column name="theta_in_V_16_fu_1660_p2">+, 0, 0, 16, 16, 16</column>
<column name="theta_in_V_17_fu_1906_p2">+, 0, 0, 16, 16, 16</column>
<column name="theta_in_V_18_fu_2071_p2">+, 0, 0, 16, 16, 16</column>
<column name="theta_in_V_19_fu_2386_p2">+, 0, 0, 16, 16, 16</column>
<column name="theta_in_V_3_fu_3016_p2">+, 0, 0, 14, 14, 14</column>
<column name="theta_in_V_5_fu_294_p2">+, 0, 0, 23, 16, 15</column>
<column name="theta_in_V_9_fu_413_p2">+, 0, 0, 23, 16, 16</column>
<column name="current_x_V_10_fu_1355_p2">-, 0, 0, 23, 16, 16</column>
<column name="current_x_V_13_fu_1446_p2">-, 0, 0, 23, 16, 16</column>
<column name="current_x_V_16_fu_1718_p2">-, 0, 0, 23, 16, 16</column>
<column name="current_x_V_19_fu_1790_p2">-, 0, 0, 23, 16, 16</column>
<column name="current_x_V_22_fu_2032_p2">-, 0, 0, 23, 16, 16</column>
<column name="current_x_V_25_fu_2204_p2">-, 0, 0, 23, 16, 16</column>
<column name="current_x_V_28_fu_2295_p2">-, 0, 0, 23, 16, 16</column>
<column name="current_x_V_2_fu_742_p2">-, 0, 0, 23, 16, 16</column>
<column name="current_x_V_31_fu_2831_p2">-, 0, 0, 23, 16, 16</column>
<column name="current_x_V_34_fu_2890_p2">-, 0, 0, 23, 16, 16</column>
<column name="current_x_V_36_fu_542_p2">-, 0, 0, 23, 16, 16</column>
<column name="current_x_V_38_fu_592_p2">-, 0, 0, 23, 16, 16</column>
<column name="current_x_V_41_fu_821_p2">-, 0, 0, 23, 16, 16</column>
<column name="current_x_V_44_fu_883_p2">-, 0, 0, 23, 16, 16</column>
<column name="current_x_V_47_fu_1145_p2">-, 0, 0, 23, 16, 16</column>
<column name="current_x_V_4_fu_1033_p2">-, 0, 0, 23, 16, 16</column>
<column name="current_x_V_50_fu_1207_p2">-, 0, 0, 23, 16, 16</column>
<column name="current_x_V_53_fu_1548_p2">-, 0, 0, 23, 16, 16</column>
<column name="current_x_V_56_fu_1610_p2">-, 0, 0, 23, 16, 16</column>
<column name="current_x_V_59_fu_1860_p2">-, 0, 0, 23, 16, 16</column>
<column name="current_x_V_62_fu_1948_p2">-, 0, 0, 23, 16, 16</column>
<column name="current_x_V_65_fu_2091_p2">-, 0, 0, 23, 16, 16</column>
<column name="current_x_V_68_fu_2405_p2">-, 0, 0, 23, 16, 16</column>
<column name="current_x_V_7_fu_1109_p2">-, 0, 0, 23, 16, 16</column>
<column name="current_x_V_fu_691_p2">-, 0, 0, 23, 1, 16</column>
<column name="current_y_V_10_fu_1349_p2">-, 0, 0, 23, 16, 16</column>
<column name="current_y_V_13_fu_1440_p2">-, 0, 0, 23, 16, 16</column>
<column name="current_y_V_16_fu_1713_p2">-, 0, 0, 23, 16, 16</column>
<column name="current_y_V_19_fu_1784_p2">-, 0, 0, 23, 16, 16</column>
<column name="current_y_V_22_fu_2027_p2">-, 0, 0, 23, 16, 16</column>
<column name="current_y_V_25_fu_2198_p2">-, 0, 0, 23, 16, 16</column>
<column name="current_y_V_28_fu_2289_p2">-, 0, 0, 23, 16, 16</column>
<column name="current_y_V_2_fu_736_p2">-, 0, 0, 23, 16, 16</column>
<column name="current_y_V_31_fu_2826_p2">-, 0, 0, 23, 16, 16</column>
<column name="current_y_V_35_fu_546_p2">-, 0, 0, 23, 16, 16</column>
<column name="current_y_V_37_fu_610_p2">-, 0, 0, 23, 16, 16</column>
<column name="current_y_V_40_fu_836_p2">-, 0, 0, 23, 16, 16</column>
<column name="current_y_V_43_fu_901_p2">-, 0, 0, 23, 16, 16</column>
<column name="current_y_V_46_fu_1160_p2">-, 0, 0, 23, 16, 16</column>
<column name="current_y_V_49_fu_1225_p2">-, 0, 0, 23, 16, 16</column>
<column name="current_y_V_4_fu_1027_p2">-, 0, 0, 23, 16, 16</column>
<column name="current_y_V_52_fu_1563_p2">-, 0, 0, 23, 16, 16</column>
<column name="current_y_V_55_fu_1628_p2">-, 0, 0, 23, 16, 16</column>
<column name="current_y_V_58_fu_1875_p2">-, 0, 0, 23, 16, 16</column>
<column name="current_y_V_61_fu_1966_p2">-, 0, 0, 23, 16, 16</column>
<column name="current_y_V_64_fu_2106_p2">-, 0, 0, 23, 16, 16</column>
<column name="current_y_V_67_fu_2420_p2">-, 0, 0, 23, 16, 16</column>
<column name="current_y_V_7_fu_1103_p2">-, 0, 0, 23, 16, 16</column>
<column name="current_y_V_fu_710_p2">-, 0, 0, 23, 1, 16</column>
<column name="dat_out_V_1_fu_3381_p2">-, 0, 0, 16, 16, 16</column>
<column name="dat_out_V_2_fu_3399_p2">-, 0, 0, 16, 16, 16</column>
<column name="sub_ln859_1_fu_3287_p2">-, 0, 0, 23, 15, 16</column>
<column name="sub_ln859_29_fu_3178_p2">-, 0, 0, 23, 16, 16</column>
<column name="sub_ln859_30_fu_3190_p2">-, 0, 0, 16, 16, 16</column>
<column name="sub_ln859_31_fu_3257_p2">-, 0, 0, 16, 16, 16</column>
<column name="sub_ln859_32_fu_3356_p2">-, 0, 0, 16, 16, 16</column>
<column name="sub_ln859_33_fu_3409_p2">-, 0, 0, 16, 16, 16</column>
<column name="sub_ln859_60_fu_2958_p2">-, 0, 0, 16, 16, 16</column>
<column name="sub_ln859_61_fu_3220_p2">-, 0, 0, 16, 16, 16</column>
<column name="sub_ln859_62_fu_3225_p2">-, 0, 0, 16, 16, 16</column>
<column name="sub_ln859_63_fu_3330_p2">-, 0, 0, 16, 16, 16</column>
<column name="sub_ln859_65_fu_2984_p2">-, 0, 0, 16, 16, 16</column>
<column name="sub_ln859_66_fu_3237_p2">-, 0, 0, 16, 16, 16</column>
<column name="sub_ln859_67_fu_3242_p2">-, 0, 0, 16, 16, 16</column>
<column name="sub_ln859_68_fu_3347_p2">-, 0, 0, 16, 16, 16</column>
<column name="sub_ln859_6_fu_3424_p2">-, 0, 0, 23, 1, 16</column>
<column name="sub_ln859_7_fu_3430_p2">-, 0, 0, 23, 1, 16</column>
<column name="sub_ln859_fu_3271_p2">-, 0, 0, 20, 14, 15</column>
<column name="theta_in_V_4_fu_270_p2">-, 0, 0, 23, 14, 16</column>
<column name="theta_in_V_6_fu_318_p2">-, 0, 0, 23, 15, 16</column>
<column name="and_ln113_fu_769_p2">and, 0, 0, 2, 1, 1</column>
<column name="and_ln117_1_fu_803_p2">and, 0, 0, 2, 1, 1</column>
<column name="and_ln117_fu_797_p2">and, 0, 0, 2, 1, 1</column>
<column name="and_ln121_fu_3283_p2">and, 0, 0, 2, 1, 1</column>
<column name="and_ln138_1_fu_340_p2">and, 0, 0, 2, 1, 1</column>
<column name="and_ln138_fu_264_p2">and, 0, 0, 2, 1, 1</column>
<column name="and_ln144_1_fu_352_p2">and, 0, 0, 2, 1, 1</column>
<column name="and_ln144_fu_288_p2">and, 0, 0, 2, 1, 1</column>
<column name="and_ln150_fu_312_p2">and, 0, 0, 2, 1, 1</column>
<column name="ap_condition_2640">and, 0, 0, 2, 1, 1</column>
<column name="ap_condition_2644">and, 0, 0, 2, 1, 1</column>
<column name="ap_condition_2649">and, 0, 0, 2, 1, 1</column>
<column name="ap_condition_2652">and, 0, 0, 2, 1, 1</column>
<column name="icmp_ln1695_fu_780_p2">icmp, 0, 0, 13, 16, 1</column>
<column name="icmp_ln1696_1_fu_282_p2">icmp, 0, 0, 13, 16, 15</column>
<column name="icmp_ln1696_2_fu_306_p2">icmp, 0, 0, 13, 16, 15</column>
<column name="icmp_ln1696_fu_258_p2">icmp, 0, 0, 13, 16, 14</column>
<column name="icmp_ln1697_1_fu_276_p2">icmp, 0, 0, 13, 16, 14</column>
<column name="icmp_ln1697_2_fu_300_p2">icmp, 0, 0, 13, 16, 15</column>
<column name="icmp_ln1697_fu_252_p2">icmp, 0, 0, 13, 16, 13</column>
<column name="icmp_ln1698_fu_775_p2">icmp, 0, 0, 13, 16, 1</column>
<column name="or_ln113_fu_791_p2">or, 0, 0, 2, 1, 1</column>
<column name="or_ln117_fu_809_p2">or, 0, 0, 2, 1, 1</column>
<column name="or_ln144_1_fu_372_p2">or, 0, 0, 2, 1, 1</column>
<column name="or_ln144_fu_366_p2">or, 0, 0, 2, 1, 1</column>
<column name="sine_sign_fu_384_p2">or, 0, 0, 2, 1, 1</column>
<column name="current_x_V_11_fu_1366_p3">select, 0, 0, 16, 1, 16</column>
<column name="current_x_V_14_fu_1458_p3">select, 0, 0, 16, 1, 16</column>
<column name="current_x_V_17_fu_1728_p3">select, 0, 0, 16, 1, 16</column>
<column name="current_x_V_20_fu_1802_p3">select, 0, 0, 16, 1, 16</column>
<column name="current_x_V_23_fu_2042_p3">select, 0, 0, 16, 1, 16</column>
<column name="current_x_V_26_fu_2215_p3">select, 0, 0, 16, 1, 16</column>
<column name="current_x_V_29_fu_2307_p3">select, 0, 0, 16, 1, 16</column>
<column name="current_x_V_32_fu_2841_p3">select, 0, 0, 16, 1, 16</column>
<column name="current_x_V_35_fu_2996_p3">select, 0, 0, 16, 1, 16</column>
<column name="current_x_V_40_fu_623_p3">select, 0, 0, 16, 1, 16</column>
<column name="current_x_V_43_fu_848_p3">select, 0, 0, 16, 1, 16</column>
<column name="current_x_V_46_fu_914_p3">select, 0, 0, 16, 1, 16</column>
<column name="current_x_V_49_fu_1172_p3">select, 0, 0, 16, 1, 16</column>
<column name="current_x_V_52_fu_1238_p3">select, 0, 0, 16, 1, 16</column>
<column name="current_x_V_55_fu_1575_p3">select, 0, 0, 16, 1, 16</column>
<column name="current_x_V_58_fu_1641_p3">select, 0, 0, 16, 1, 16</column>
<column name="current_x_V_5_fu_1045_p3">select, 0, 0, 16, 1, 16</column>
<column name="current_x_V_61_fu_1887_p3">select, 0, 0, 16, 1, 16</column>
<column name="current_x_V_64_fu_1980_p3">select, 0, 0, 16, 1, 16</column>
<column name="current_x_V_67_fu_2119_p3">select, 0, 0, 16, 1, 16</column>
<column name="current_x_V_70_fu_2425_p3">select, 0, 0, 16, 1, 16</column>
<column name="current_x_V_8_fu_1121_p3">select, 0, 0, 16, 1, 16</column>
<column name="current_y_V_12_fu_1374_p3">select, 0, 0, 16, 1, 16</column>
<column name="current_y_V_15_fu_1466_p3">select, 0, 0, 16, 1, 16</column>
<column name="current_y_V_18_fu_1735_p3">select, 0, 0, 16, 1, 16</column>
<column name="current_y_V_21_fu_1810_p3">select, 0, 0, 16, 1, 16</column>
<column name="current_y_V_24_fu_2163_p3">select, 0, 0, 16, 1, 16</column>
<column name="current_y_V_27_fu_2223_p3">select, 0, 0, 16, 1, 16</column>
<column name="current_y_V_30_fu_2315_p3">select, 0, 0, 16, 1, 16</column>
<column name="current_y_V_33_fu_2848_p3">select, 0, 0, 16, 1, 16</column>
<column name="current_y_V_38_fu_616_p3">select, 0, 0, 16, 1, 16</column>
<column name="current_y_V_41_fu_841_p3">select, 0, 0, 16, 1, 16</column>
<column name="current_y_V_44_fu_907_p3">select, 0, 0, 16, 1, 16</column>
<column name="current_y_V_47_fu_1165_p3">select, 0, 0, 16, 1, 16</column>
<column name="current_y_V_50_fu_1231_p3">select, 0, 0, 16, 1, 16</column>
<column name="current_y_V_53_fu_1568_p3">select, 0, 0, 16, 1, 16</column>
<column name="current_y_V_56_fu_1634_p3">select, 0, 0, 16, 1, 16</column>
<column name="current_y_V_59_fu_1880_p3">select, 0, 0, 16, 1, 16</column>
<column name="current_y_V_62_fu_1972_p3">select, 0, 0, 16, 1, 16</column>
<column name="current_y_V_65_fu_2111_p3">select, 0, 0, 16, 1, 16</column>
<column name="current_y_V_68_fu_2433_p3">select, 0, 0, 16, 1, 16</column>
<column name="current_y_V_69_fu_715_p3">select, 0, 0, 16, 1, 16</column>
<column name="current_y_V_6_fu_1053_p3">select, 0, 0, 16, 1, 16</column>
<column name="current_y_V_9_fu_1299_p3">select, 0, 0, 16, 1, 16</column>
<column name="r_V_69_fu_696_p3">select, 0, 0, 16, 1, 16</column>
<column name="select_ln117_1_fu_3304_p3">select, 0, 0, 16, 1, 16</column>
<column name="select_ln117_2_fu_3312_p3">select, 0, 0, 16, 1, 16</column>
<column name="select_ln117_fu_3293_p3">select, 0, 0, 15, 1, 15</column>
<column name="select_ln150_fu_324_p3">select, 0, 0, 16, 1, 16</column>
<column name="select_ln1534_1_fu_1390_p3">select, 0, 0, 11, 1, 11</column>
<column name="select_ln1534_2_fu_1482_p3">select, 0, 0, 10, 1, 10</column>
<column name="select_ln1534_3_fu_2786_p3">select, 0, 0, 9, 1, 9</column>
<column name="select_ln1534_4_fu_2793_p3">select, 0, 0, 8, 1, 8</column>
<column name="select_ln1534_5_fu_2807_p3">select, 0, 0, 7, 1, 7</column>
<column name="select_ln1534_6_fu_2239_p3">select, 0, 0, 6, 1, 6</column>
<column name="select_ln1534_7_fu_2331_p3">select, 0, 0, 5, 1, 5</column>
<column name="select_ln1534_8_fu_2855_p3">select, 0, 0, 4, 1, 4</column>
<column name="select_ln1534_fu_1311_p3">select, 0, 0, 12, 1, 12</column>
<column name="select_ln163_1_fu_557_p3">select, 0, 0, 16, 1, 16</column>
<column name="select_ln163_2_fu_405_p3">select, 0, 0, 13, 1, 12</column>
<column name="select_ln163_fu_550_p3">select, 0, 0, 16, 1, 16</column>
<column name="select_ln1697_12_fu_941_p3">select, 0, 0, 8, 1, 8</column>
<column name="select_ln1697_15_fu_1265_p3">select, 0, 0, 7, 1, 7</column>
<column name="select_ln1697_18_fu_1648_p3">select, 0, 0, 6, 1, 6</column>
<column name="select_ln1697_21_fu_1894_p3">select, 0, 0, 5, 1, 5</column>
<column name="select_ln1697_24_fu_2059_p3">select, 0, 0, 4, 1, 4</column>
<column name="select_ln1697_27_fu_2135_p3">select, 0, 0, 3, 1, 3</column>
<column name="select_ln1697_3_fu_470_p3">select, 0, 0, 11, 1, 11</column>
<column name="select_ln1697_6_fu_504_p3">select, 0, 0, 10, 1, 10</column>
<column name="select_ln1697_9_fu_650_p3">select, 0, 0, 9, 1, 9</column>
<column name="select_ln1697_fu_434_p3">select, 0, 0, 12, 1, 12</column>
<column name="select_ln90_1_fu_980_p3">select, 0, 0, 16, 1, 16</column>
<column name="select_ln90_3_fu_3009_p3">select, 0, 0, 11, 1, 11</column>
<column name="select_ln90_fu_975_p3">select, 0, 0, 16, 1, 16</column>
<column name="theta_in_V_1_fu_2772_p3">select, 0, 0, 14, 1, 14</column>
<column name="theta_in_V_2_fu_2779_p3">select, 0, 0, 14, 1, 14</column>
<column name="theta_in_V_7_fu_332_p3">select, 0, 0, 16, 1, 16</column>
<column name="theta_in_V_8_fu_358_p3">select, 0, 0, 16, 1, 16</column>
<column name="theta_in_V_fu_2765_p3">select, 0, 0, 13, 1, 12</column>
<column name="ap_enable_pp0">xor, 0, 0, 2, 1, 2</column>
<column name="xor_ln113_1_fu_785_p2">xor, 0, 0, 2, 1, 2</column>
<column name="xor_ln138_fu_346_p2">xor, 0, 0, 2, 2, 1</column>
<column name="xor_ln144_fu_378_p2">xor, 0, 0, 2, 1, 2</column>
<column name="xor_ln1697_fu_763_p2">xor, 0, 0, 2, 1, 2</column>
</table>
</item>
<item name = "Multiplexer"><table name="" hasTotal="1">
<keys size="5">Name, LUT, Input Size, Bits, Total Bits</keys>
<column name="ap_NS_fsm">14, 3, 1, 3</column>
<column name="ap_enable_reg_pp0_iter0">9, 2, 1, 2</column>
<column name="out_x">20, 4, 16, 64</column>
<column name="out_y">20, 4, 16, 64</column>
</table>
</item>
<item name = "Register"><table name="" hasTotal="1">
<keys size="5">Name, FF, LUT, Bits, Const Bits</keys>
<column name="add_ln859_20_reg_4098">16, 0, 16, 0</column>
<column name="add_ln859_27_reg_4103">16, 0, 16, 0</column>
<column name="add_ln859_2_reg_4159">16, 0, 16, 0</column>
<column name="add_ln859_34_reg_4134">12, 0, 12, 0</column>
<column name="add_ln859_35_reg_4139">9, 0, 9, 0</column>
<column name="add_ln859_36_reg_4144">6, 0, 6, 0</column>
<column name="add_ln859_36_reg_4144_pp0_iter6_reg">6, 0, 6, 0</column>
<column name="add_ln859_4_reg_4179">16, 0, 16, 0</column>
<column name="add_ln859_62_reg_4008">6, 0, 6, 0</column>
<column name="add_ln859_63_reg_4013">12, 0, 12, 0</column>
<column name="add_ln859_63_reg_4013_pp0_iter6_reg">12, 0, 12, 0</column>
<column name="add_ln859_64_reg_4018">9, 0, 9, 0</column>
<column name="add_ln859_64_reg_4018_pp0_iter6_reg">9, 0, 9, 0</column>
<column name="add_ln859_65_reg_4053">6, 0, 6, 0</column>
<column name="add_ln859_66_reg_4058">12, 0, 12, 0</column>
<column name="add_ln859_66_reg_4058_pp0_iter6_reg">12, 0, 12, 0</column>
<column name="add_ln859_67_reg_4063">9, 0, 9, 0</column>
<column name="add_ln859_67_reg_4063_pp0_iter6_reg">9, 0, 9, 0</column>
<column name="add_ln90_2_reg_3768">12, 0, 13, 1</column>
<column name="add_ln90_2_reg_3768_pp0_iter4_reg">12, 0, 13, 1</column>
<column name="add_ln90_3_reg_4088">13, 0, 14, 1</column>
<column name="add_ln90_5_reg_3963">6, 0, 7, 1</column>
<column name="add_ln90_7_reg_4093">9, 0, 10, 1</column>
<column name="and_ln117_1_reg_3613">1, 0, 1, 0</column>
<column name="ap_CS_fsm">2, 0, 2, 0</column>
<column name="ap_enable_reg_pp0_iter0_reg">1, 0, 1, 0</column>
<column name="ap_enable_reg_pp0_iter1">1, 0, 1, 0</column>
<column name="ap_enable_reg_pp0_iter2">1, 0, 1, 0</column>
<column name="ap_enable_reg_pp0_iter3">1, 0, 1, 0</column>
<column name="ap_enable_reg_pp0_iter4">1, 0, 1, 0</column>
<column name="ap_enable_reg_pp0_iter5">1, 0, 1, 0</column>
<column name="ap_enable_reg_pp0_iter6">1, 0, 1, 0</column>
<column name="ap_enable_reg_pp0_iter7">1, 0, 1, 0</column>
<column name="current_x_V_14_reg_3735">16, 0, 16, 0</column>
<column name="current_x_V_20_reg_3811">16, 0, 16, 0</column>
<column name="current_x_V_23_reg_3887">16, 0, 16, 0</column>
<column name="current_x_V_29_reg_3930">16, 0, 16, 0</column>
<column name="current_x_V_2_reg_3597">16, 0, 16, 0</column>
<column name="current_x_V_33_reg_4073">16, 0, 16, 0</column>
<column name="current_x_V_34_reg_4078">16, 0, 16, 0</column>
<column name="current_x_V_40_reg_3543">16, 0, 16, 0</column>
<column name="current_x_V_46_reg_3629">16, 0, 16, 0</column>
<column name="current_x_V_52_reg_3703">16, 0, 16, 0</column>
<column name="current_x_V_58_reg_3779">16, 0, 16, 0</column>
<column name="current_x_V_64_reg_3856">16, 0, 16, 0</column>
<column name="current_x_V_67_reg_3909">16, 0, 16, 0</column>
<column name="current_x_V_70_reg_3968">16, 0, 16, 0</column>
<column name="current_x_V_71_reg_3586">16, 0, 16, 0</column>
<column name="current_x_V_8_reg_3686">16, 0, 16, 0</column>
<column name="current_y_V_15_reg_3741">16, 0, 16, 0</column>
<column name="current_y_V_21_reg_3817">16, 0, 16, 0</column>
<column name="current_y_V_21_reg_3817_pp0_iter4_reg">16, 0, 16, 0</column>
<column name="current_y_V_22_reg_3877">16, 0, 16, 0</column>
<column name="current_y_V_23_reg_3882">16, 0, 16, 0</column>
<column name="current_y_V_2_reg_3592">16, 0, 16, 0</column>
<column name="current_y_V_30_reg_3936">16, 0, 16, 0</column>
<column name="current_y_V_38_reg_3537">16, 0, 16, 0</column>
<column name="current_y_V_44_reg_3623">16, 0, 16, 0</column>
<column name="current_y_V_50_reg_3697">16, 0, 16, 0</column>
<column name="current_y_V_56_reg_3773">16, 0, 16, 0</column>
<column name="current_y_V_62_reg_3850">16, 0, 16, 0</column>
<column name="current_y_V_65_reg_3903">16, 0, 16, 0</column>
<column name="current_y_V_68_reg_3973">16, 0, 16, 0</column>
<column name="current_y_V_6_reg_3666">16, 0, 16, 0</column>
<column name="current_y_V_7_reg_3676">16, 0, 16, 0</column>
<column name="current_y_V_8_reg_3681">16, 0, 16, 0</column>
<column name="dat_out_V_1_reg_4184">16, 0, 16, 0</column>
<column name="dat_out_V_2_reg_4189">16, 0, 16, 0</column>
<column name="icmp_ln1695_reg_3608">1, 0, 1, 0</column>
<column name="mode_read_reg_3436">1, 0, 1, 0</column>
<column name="or_ln117_reg_3618">1, 0, 1, 0</column>
<column name="or_ln144_reg_3469">1, 0, 1, 0</column>
<column name="r_10_reg_4033">13, 0, 13, 0</column>
<column name="r_11_reg_4038">12, 0, 12, 0</column>
<column name="r_3_reg_4114">12, 0, 12, 0</column>
<column name="r_4_reg_3978">15, 0, 15, 0</column>
<column name="r_5_reg_3983">14, 0, 14, 0</column>
<column name="r_6_reg_3988">13, 0, 13, 0</column>
<column name="r_7_reg_3993">12, 0, 12, 0</column>
<column name="r_8_reg_4023">15, 0, 15, 0</column>
<column name="r_9_reg_4028">14, 0, 14, 0</column>
<column name="r_V_101_reg_3709">10, 0, 10, 0</column>
<column name="r_V_102_reg_3714">10, 0, 10, 0</column>
<column name="r_V_105_reg_3790">8, 0, 8, 0</column>
<column name="r_V_106_reg_3795">8, 0, 8, 0</column>
<column name="r_V_109_reg_3867">6, 0, 6, 0</column>
<column name="r_V_110_reg_3872">6, 0, 6, 0</column>
<column name="r_V_111_reg_3920">5, 0, 5, 0</column>
<column name="r_V_112_reg_3925">5, 0, 5, 0</column>
<column name="r_V_2_reg_4119">9, 0, 9, 0</column>
<column name="r_V_55_reg_3998">9, 0, 9, 0</column>
<column name="r_V_55_reg_3998_pp0_iter6_reg">9, 0, 9, 0</column>
<column name="r_V_58_reg_4003">6, 0, 6, 0</column>
<column name="r_V_58_reg_4003_pp0_iter6_reg">6, 0, 6, 0</column>
<column name="r_V_5_reg_4124">6, 0, 6, 0</column>
<column name="r_V_5_reg_4124_pp0_iter6_reg">6, 0, 6, 0</column>
<column name="r_V_63_reg_4043">9, 0, 9, 0</column>
<column name="r_V_63_reg_4043_pp0_iter6_reg">9, 0, 9, 0</column>
<column name="r_V_66_reg_4048">6, 0, 6, 0</column>
<column name="r_V_66_reg_4048_pp0_iter6_reg">6, 0, 6, 0</column>
<column name="r_V_75_reg_3692">13, 0, 13, 0</column>
<column name="r_V_78_reg_3747">11, 0, 11, 0</column>
<column name="r_V_79_reg_3752">11, 0, 11, 0</column>
<column name="r_V_82_reg_3829">9, 0, 9, 0</column>
<column name="r_V_83_reg_3834">9, 0, 9, 0</column>
<column name="r_V_85_reg_3893">8, 0, 8, 0</column>
<column name="r_V_88_reg_3942">6, 0, 6, 0</column>
<column name="r_V_89_reg_3947">6, 0, 6, 0</column>
<column name="r_V_93_reg_3549">14, 0, 14, 0</column>
<column name="r_V_94_reg_3554">14, 0, 14, 0</column>
<column name="r_V_97_reg_3635">12, 0, 12, 0</column>
<column name="r_V_98_reg_3640">12, 0, 12, 0</column>
<column name="select_ln117_2_reg_4164">16, 0, 16, 0</column>
<column name="select_ln1697_27_reg_3915">2, 0, 16, 14</column>
<column name="sine_sign_reg_3473">1, 0, 1, 0</column>
<column name="sub_ln859_30_reg_4129">16, 0, 16, 0</column>
<column name="sub_ln859_62_reg_4149">16, 0, 16, 0</column>
<column name="sub_ln859_63_reg_4169">16, 0, 16, 0</column>
<column name="sub_ln859_67_reg_4154">16, 0, 16, 0</column>
<column name="sub_ln859_68_reg_4174">16, 0, 16, 0</column>
<column name="theta_in_V_10_reg_3489">16, 0, 16, 0</column>
<column name="theta_in_V_11_reg_3505">16, 0, 16, 0</column>
<column name="theta_in_V_12_reg_3521">16, 0, 16, 0</column>
<column name="theta_in_V_13_reg_3559">16, 0, 16, 0</column>
<column name="theta_in_V_14_reg_3645">16, 0, 16, 0</column>
<column name="theta_in_V_15_reg_3719">16, 0, 16, 0</column>
<column name="theta_in_V_16_reg_3785">16, 0, 16, 0</column>
<column name="theta_in_V_17_reg_3845">16, 0, 16, 0</column>
<column name="theta_in_V_18_reg_3898">16, 0, 16, 0</column>
<column name="theta_in_V_3_reg_4108">13, 0, 14, 1</column>
<column name="theta_in_V_8_reg_3463">16, 0, 16, 0</column>
<column name="tmp_11_reg_3757">1, 0, 1, 0</column>
<column name="tmp_12_reg_3763">1, 0, 1, 0</column>
<column name="tmp_12_reg_3763_pp0_iter4_reg">1, 0, 1, 0</column>
<column name="tmp_14_reg_3824">1, 0, 1, 0</column>
<column name="tmp_14_reg_3824_pp0_iter4_reg">1, 0, 1, 0</column>
<column name="tmp_15_reg_3839">1, 0, 1, 0</column>
<column name="tmp_1_reg_3575">1, 0, 1, 0</column>
<column name="tmp_21_reg_3952">1, 0, 1, 0</column>
<column name="tmp_22_reg_3958">1, 0, 1, 0</column>
<column name="tmp_23_reg_4068">1, 0, 1, 0</column>
<column name="tmp_24_reg_4083">1, 0, 1, 0</column>
<column name="tmp_26_reg_3477">1, 0, 1, 0</column>
<column name="tmp_26_reg_3477_pp0_iter1_reg">1, 0, 1, 0</column>
<column name="tmp_28_reg_3483">1, 0, 1, 0</column>
<column name="tmp_28_reg_3483_pp0_iter1_reg">1, 0, 1, 0</column>
<column name="tmp_2_reg_3580">1, 0, 1, 0</column>
<column name="tmp_30_reg_3494">1, 0, 1, 0</column>
<column name="tmp_30_reg_3494_pp0_iter1_reg">1, 0, 1, 0</column>
<column name="tmp_31_reg_3500">1, 0, 1, 0</column>
<column name="tmp_32_reg_3510">1, 0, 1, 0</column>
<column name="tmp_32_reg_3510_pp0_iter2_reg">1, 0, 1, 0</column>
<column name="tmp_33_reg_3516">1, 0, 1, 0</column>
<column name="tmp_34_reg_3526">1, 0, 1, 0</column>
<column name="tmp_34_reg_3526_pp0_iter2_reg">1, 0, 1, 0</column>
<column name="tmp_35_reg_3532">1, 0, 1, 0</column>
<column name="tmp_36_reg_3564">1, 0, 1, 0</column>
<column name="tmp_37_reg_3570">1, 0, 1, 0</column>
<column name="tmp_38_reg_3650">1, 0, 1, 0</column>
<column name="tmp_39_reg_3656">1, 0, 1, 0</column>
<column name="tmp_3_reg_3602">1, 0, 1, 0</column>
<column name="tmp_40_reg_3724">1, 0, 1, 0</column>
<column name="tmp_41_reg_3730">1, 0, 1, 0</column>
<column name="tmp_42_reg_3800">1, 0, 1, 0</column>
<column name="tmp_43_reg_3806">1, 0, 1, 0</column>
<column name="tmp_45_reg_3862">1, 0, 1, 0</column>
<column name="tmp_4_reg_3661">1, 0, 1, 0</column>
<column name="tmp_5_reg_3671">1, 0, 1, 0</column>
<column name="x_in_read_reg_3451">16, 0, 16, 0</column>
<column name="x_in_read_reg_3451_pp0_iter1_reg">16, 0, 16, 0</column>
<column name="y_in_read_reg_3440">16, 0, 16, 0</column>
<column name="y_in_read_reg_3440_pp0_iter1_reg">16, 0, 16, 0</column>
<column name="and_ln117_1_reg_3613">64, 32, 1, 0</column>
<column name="icmp_ln1695_reg_3608">64, 32, 1, 0</column>
<column name="mode_read_reg_3436">64, 32, 1, 0</column>
<column name="or_ln117_reg_3618">64, 32, 1, 0</column>
<column name="or_ln144_reg_3469">64, 32, 1, 0</column>
<column name="sine_sign_reg_3473">64, 32, 1, 0</column>
<column name="tmp_1_reg_3575">64, 32, 1, 0</column>
<column name="tmp_3_reg_3602">64, 32, 1, 0</column>
<column name="tmp_4_reg_3661">64, 32, 1, 0</column>
</table>
</item>
</section>
</item>
</section>

<section name = "Interface" level="0">
<item name = "Summary"><table name="" hasTotal="0">
<keys size="6">RTL Ports, Dir, Bits, Protocol, Source Object, C Type</keys>
<column name="s_axi_HLS_CORDIC_PERIPH_BUS_AWVALID">in, 1, s_axi, HLS_CORDIC_PERIPH_BUS, scalar</column>
<column name="s_axi_HLS_CORDIC_PERIPH_BUS_AWREADY">out, 1, s_axi, HLS_CORDIC_PERIPH_BUS, scalar</column>
<column name="s_axi_HLS_CORDIC_PERIPH_BUS_AWADDR">in, 7, s_axi, HLS_CORDIC_PERIPH_BUS, scalar</column>
<column name="s_axi_HLS_CORDIC_PERIPH_BUS_WVALID">in, 1, s_axi, HLS_CORDIC_PERIPH_BUS, scalar</column>
<column name="s_axi_HLS_CORDIC_PERIPH_BUS_WREADY">out, 1, s_axi, HLS_CORDIC_PERIPH_BUS, scalar</column>
<column name="s_axi_HLS_CORDIC_PERIPH_BUS_WDATA">in, 32, s_axi, HLS_CORDIC_PERIPH_BUS, scalar</column>
<column name="s_axi_HLS_CORDIC_PERIPH_BUS_WSTRB">in, 4, s_axi, HLS_CORDIC_PERIPH_BUS, scalar</column>
<column name="s_axi_HLS_CORDIC_PERIPH_BUS_ARVALID">in, 1, s_axi, HLS_CORDIC_PERIPH_BUS, scalar</column>
<column name="s_axi_HLS_CORDIC_PERIPH_BUS_ARREADY">out, 1, s_axi, HLS_CORDIC_PERIPH_BUS, scalar</column>
<column name="s_axi_HLS_CORDIC_PERIPH_BUS_ARADDR">in, 7, s_axi, HLS_CORDIC_PERIPH_BUS, scalar</column>
<column name="s_axi_HLS_CORDIC_PERIPH_BUS_RVALID">out, 1, s_axi, HLS_CORDIC_PERIPH_BUS, scalar</column>
<column name="s_axi_HLS_CORDIC_PERIPH_BUS_RREADY">in, 1, s_axi, HLS_CORDIC_PERIPH_BUS, scalar</column>
<column name="s_axi_HLS_CORDIC_PERIPH_BUS_RDATA">out, 32, s_axi, HLS_CORDIC_PERIPH_BUS, scalar</column>
<column name="s_axi_HLS_CORDIC_PERIPH_BUS_RRESP">out, 2, s_axi, HLS_CORDIC_PERIPH_BUS, scalar</column>
<column name="s_axi_HLS_CORDIC_PERIPH_BUS_BVALID">out, 1, s_axi, HLS_CORDIC_PERIPH_BUS, scalar</column>
<column name="s_axi_HLS_CORDIC_PERIPH_BUS_BREADY">in, 1, s_axi, HLS_CORDIC_PERIPH_BUS, scalar</column>
<column name="s_axi_HLS_CORDIC_PERIPH_BUS_BRESP">out, 2, s_axi, HLS_CORDIC_PERIPH_BUS, scalar</column>
<column name="ap_clk">in, 1, ap_ctrl_hs, cordic, return value</column>
<column name="ap_rst_n">in, 1, ap_ctrl_hs, cordic, return value</column>
<column name="interrupt">out, 1, ap_ctrl_hs, cordic, return value</column>
</table>
</item>
</section>
</profile>
