<?xml version="1.0" encoding="utf-8"?>
<BindInfo>
	<BindNode BINDTYPE="op" DISPLAY="bind_op icmp" ID="" IMPL="auto" LATENCY="0" OPTYPE="icmp" PRAGMA="" RTLNAME="icmp_ln1697_fu_252_p2" SOURCE="C:/Xilinx/Vitis_HLS/2022.1/common/technology/autopilot\ap_fixed_base.h:1697" VARIABLE="icmp_ln1697" MODULE="cordic" LOOP="" BUNDLEDNAME="" DSP="0" BRAM="0" URAM="0"/>
	<BindNode BINDTYPE="op" DISPLAY="bind_op icmp" ID="" IMPL="auto" LATENCY="0" OPTYPE="icmp" PRAGMA="" RTLNAME="icmp_ln1696_fu_258_p2" SOURCE="C:/Xilinx/Vitis_HLS/2022.1/common/technology/autopilot\ap_fixed_base.h:1696" VARIABLE="icmp_ln1696" MODULE="cordic" LOOP="" BUNDLEDNAME="" DSP="0" BRAM="0" URAM="0"/>
	<BindNode BINDTYPE="op" DISPLAY="bind_op and" ID="" IMPL="auto" LATENCY="0" OPTYPE="and" PRAGMA="" RTLNAME="and_ln138_fu_264_p2" SOURCE="source_files/cordic_fixed.cpp:138" VARIABLE="and_ln138" MODULE="cordic" LOOP="" BUNDLEDNAME="" DSP="0" BRAM="0" URAM="0"/>
	<BindNode BINDTYPE="op" DISPLAY="bind_op sub" ID="" IMPL="fabric" LATENCY="0" OPTYPE="sub" PRAGMA="" RTLNAME="theta_in_V_4_fu_270_p2" SOURCE="C:/Xilinx/Vitis_HLS/2022.1/common/technology/autopilot\ap_fixed_base.h:859" VARIABLE="theta_in_V_4" MODULE="cordic" LOOP="" BUNDLEDNAME="" DSP="0" BRAM="0" URAM="0"/>
	<BindNode BINDTYPE="op" DISPLAY="bind_op icmp" ID="" IMPL="auto" LATENCY="0" OPTYPE="icmp" PRAGMA="" RTLNAME="icmp_ln1697_1_fu_276_p2" SOURCE="C:/Xilinx/Vitis_HLS/2022.1/common/technology/autopilot\ap_fixed_base.h:1697" VARIABLE="icmp_ln1697_1" MODULE="cordic" LOOP="" BUNDLEDNAME="" DSP="0" BRAM="0" URAM="0"/>
	<BindNode BINDTYPE="op" DISPLAY="bind_op icmp" ID="" IMPL="auto" LATENCY="0" OPTYPE="icmp" PRAGMA="" RTLNAME="icmp_ln1696_1_fu_282_p2" SOURCE="C:/Xilinx/Vitis_HLS/2022.1/common/technology/autopilot\ap_fixed_base.h:1696" VARIABLE="icmp_ln1696_1" MODULE="cordic" LOOP="" BUNDLEDNAME="" DSP="0" BRAM="0" URAM="0"/>
	<BindNode BINDTYPE="op" DISPLAY="bind_op and" ID="" IMPL="auto" LATENCY="0" OPTYPE="and" PRAGMA="" RTLNAME="and_ln144_fu_288_p2" SOURCE="source_files/cordic_fixed.cpp:144" VARIABLE="and_ln144" MODULE="cordic" LOOP="" BUNDLEDNAME="" DSP="0" BRAM="0" URAM="0"/>
	<BindNode BINDTYPE="op" DISPLAY="bind_op add" ID="" IMPL="fabric" LATENCY="0" OPTYPE="add" PRAGMA="" RTLNAME="theta_in_V_5_fu_294_p2" SOURCE="C:/Xilinx/Vitis_HLS/2022.1/common/technology/autopilot\ap_fixed_base.h:859" VARIABLE="theta_in_V_5" MODULE="cordic" LOOP="" BUNDLEDNAME="" DSP="0" BRAM="0" URAM="0"/>
	<BindNode BINDTYPE="op" DISPLAY="bind_op icmp" ID="" IMPL="auto" LATENCY="0" OPTYPE="icmp" PRAGMA="" RTLNAME="icmp_ln1697_2_fu_300_p2" SOURCE="C:/Xilinx/Vitis_HLS/2022.1/common/technology/autopilot\ap_fixed_base.h:1697" VARIABLE="icmp_ln1697_2" MODULE="cordic" LOOP="" BUNDLEDNAME="" DSP="0" BRAM="0" URAM="0"/>
	<BindNode BINDTYPE="op" DISPLAY="bind_op icmp" ID="" IMPL="auto" LATENCY="0" OPTYPE="icmp" PRAGMA="" RTLNAME="icmp_ln1696_2_fu_306_p2" SOURCE="C:/Xilinx/Vitis_HLS/2022.1/common/technology/autopilot\ap_fixed_base.h:1696" VARIABLE="icmp_ln1696_2" MODULE="cordic" LOOP="" BUNDLEDNAME="" DSP="0" BRAM="0" URAM="0"/>
	<BindNode BINDTYPE="op" DISPLAY="bind_op and" ID="" IMPL="auto" LATENCY="0" OPTYPE="and" PRAGMA="" RTLNAME="and_ln150_fu_312_p2" SOURCE="source_files/cordic_fixed.cpp:150" VARIABLE="and_ln150" MODULE="cordic" LOOP="" BUNDLEDNAME="" DSP="0" BRAM="0" URAM="0"/>
	<BindNode BINDTYPE="op" DISPLAY="bind_op sub" ID="" IMPL="fabric" LATENCY="0" OPTYPE="sub" PRAGMA="" RTLNAME="theta_in_V_6_fu_318_p2" SOURCE="C:/Xilinx/Vitis_HLS/2022.1/common/technology/autopilot\ap_fixed_base.h:859" VARIABLE="theta_in_V_6" MODULE="cordic" LOOP="" BUNDLEDNAME="" DSP="0" BRAM="0" URAM="0"/>
	<BindNode BINDTYPE="op" DISPLAY="bind_op select" ID="" IMPL="auto_sel" LATENCY="0" OPTYPE="select" PRAGMA="" RTLNAME="select_ln150_fu_324_p3" SOURCE="source_files/cordic_fixed.cpp:150" VARIABLE="select_ln150" MODULE="cordic" LOOP="" BUNDLEDNAME="" DSP="0" BRAM="0" URAM="0"/>
	<BindNode BINDTYPE="op" DISPLAY="bind_op select" ID="" IMPL="auto_sel" LATENCY="0" OPTYPE="select" PRAGMA="" RTLNAME="theta_in_V_7_fu_332_p3" SOURCE="source_files/cordic_fixed.cpp:138" VARIABLE="theta_in_V_7" MODULE="cordic" LOOP="" BUNDLEDNAME="" DSP="0" BRAM="0" URAM="0"/>
	<BindNode BINDTYPE="op" DISPLAY="bind_op and" ID="" IMPL="auto" LATENCY="0" OPTYPE="and" PRAGMA="" RTLNAME="and_ln138_1_fu_340_p2" SOURCE="source_files/cordic_fixed.cpp:138" VARIABLE="and_ln138_1" MODULE="cordic" LOOP="" BUNDLEDNAME="" DSP="0" BRAM="0" URAM="0"/>
	<BindNode BINDTYPE="op" DISPLAY="bind_op xor" ID="" IMPL="auto" LATENCY="0" OPTYPE="xor" PRAGMA="" RTLNAME="xor_ln138_fu_346_p2" SOURCE="source_files/cordic_fixed.cpp:138" VARIABLE="xor_ln138" MODULE="cordic" LOOP="" BUNDLEDNAME="" DSP="0" BRAM="0" URAM="0"/>
	<BindNode BINDTYPE="op" DISPLAY="bind_op and" ID="" IMPL="auto" LATENCY="0" OPTYPE="and" PRAGMA="" RTLNAME="and_ln144_1_fu_352_p2" SOURCE="source_files/cordic_fixed.cpp:144" VARIABLE="and_ln144_1" MODULE="cordic" LOOP="" BUNDLEDNAME="" DSP="0" BRAM="0" URAM="0"/>
	<BindNode BINDTYPE="op" DISPLAY="bind_op select" ID="" IMPL="auto_sel" LATENCY="0" OPTYPE="select" PRAGMA="" RTLNAME="theta_in_V_8_fu_358_p3" SOURCE="source_files/cordic_fixed.cpp:144" VARIABLE="theta_in_V_8" MODULE="cordic" LOOP="" BUNDLEDNAME="" DSP="0" BRAM="0" URAM="0"/>
	<BindNode BINDTYPE="op" DISPLAY="bind_op or" ID="" IMPL="auto" LATENCY="0" OPTYPE="or" PRAGMA="" RTLNAME="or_ln144_fu_366_p2" SOURCE="source_files/cordic_fixed.cpp:144" VARIABLE="or_ln144" MODULE="cordic" LOOP="" BUNDLEDNAME="" DSP="0" BRAM="0" URAM="0"/>
	<BindNode BINDTYPE="op" DISPLAY="bind_op or" ID="" IMPL="auto" LATENCY="0" OPTYPE="or" PRAGMA="" RTLNAME="or_ln144_1_fu_372_p2" SOURCE="source_files/cordic_fixed.cpp:144" VARIABLE="or_ln144_1" MODULE="cordic" LOOP="" BUNDLEDNAME="" DSP="0" BRAM="0" URAM="0"/>
	<BindNode BINDTYPE="op" DISPLAY="bind_op xor" ID="" IMPL="auto" LATENCY="0" OPTYPE="xor" PRAGMA="" RTLNAME="xor_ln144_fu_378_p2" SOURCE="source_files/cordic_fixed.cpp:144" VARIABLE="xor_ln144" MODULE="cordic" LOOP="" BUNDLEDNAME="" DSP="0" BRAM="0" URAM="0"/>
	<BindNode BINDTYPE="op" DISPLAY="bind_op or" ID="" IMPL="auto" LATENCY="0" OPTYPE="or" PRAGMA="" RTLNAME="sine_sign_fu_384_p2" SOURCE="source_files/cordic_fixed.cpp:144" VARIABLE="sine_sign" MODULE="cordic" LOOP="" BUNDLEDNAME="" DSP="0" BRAM="0" URAM="0"/>
	<BindNode BINDTYPE="op" DISPLAY="bind_op add" ID="" IMPL="fabric" LATENCY="0" OPTYPE="add" PRAGMA="" RTLNAME="current_y_V_70_fu_538_p2" SOURCE="C:/Xilinx/Vitis_HLS/2022.1/common/technology/autopilot\ap_fixed_base.h:859" VARIABLE="current_y_V_70" MODULE="cordic" LOOP="" BUNDLEDNAME="" DSP="0" BRAM="0" URAM="0"/>
	<BindNode BINDTYPE="op" DISPLAY="bind_op sub" ID="" IMPL="fabric" LATENCY="0" OPTYPE="sub" PRAGMA="" RTLNAME="current_x_V_36_fu_542_p2" SOURCE="C:/Xilinx/Vitis_HLS/2022.1/common/technology/autopilot\ap_fixed_base.h:859" VARIABLE="current_x_V_36" MODULE="cordic" LOOP="" BUNDLEDNAME="" DSP="0" BRAM="0" URAM="0"/>
	<BindNode BINDTYPE="op" DISPLAY="bind_op sub" ID="" IMPL="fabric" LATENCY="0" OPTYPE="sub" PRAGMA="" RTLNAME="current_y_V_35_fu_546_p2" SOURCE="C:/Xilinx/Vitis_HLS/2022.1/common/technology/autopilot\ap_fixed_base.h:859" VARIABLE="current_y_V_35" MODULE="cordic" LOOP="" BUNDLEDNAME="" DSP="0" BRAM="0" URAM="0"/>
	<BindNode BINDTYPE="op" DISPLAY="bind_op select" ID="" IMPL="auto_sel" LATENCY="0" OPTYPE="select" PRAGMA="" RTLNAME="select_ln163_fu_550_p3" SOURCE="source_files/cordic_fixed.cpp:163" VARIABLE="select_ln163" MODULE="cordic" LOOP="" BUNDLEDNAME="" DSP="0" BRAM="0" URAM="0"/>
	<BindNode BINDTYPE="op" DISPLAY="bind_op select" ID="" IMPL="auto_sel" LATENCY="0" OPTYPE="select" PRAGMA="" RTLNAME="select_ln163_1_fu_557_p3" SOURCE="source_files/cordic_fixed.cpp:163" VARIABLE="select_ln163_1" MODULE="cordic" LOOP="" BUNDLEDNAME="" DSP="0" BRAM="0" URAM="0"/>
	<BindNode BINDTYPE="op" DISPLAY="bind_op select" ID="" IMPL="auto_sel" LATENCY="0" OPTYPE="select" PRAGMA="" RTLNAME="select_ln163_2_fu_405_p3" SOURCE="source_files/cordic_fixed.cpp:163" VARIABLE="select_ln163_2" MODULE="cordic" LOOP="" BUNDLEDNAME="" DSP="0" BRAM="0" URAM="0"/>
	<BindNode BINDTYPE="op" DISPLAY="bind_op add" ID="" IMPL="fabric" LATENCY="0" OPTYPE="add" PRAGMA="" RTLNAME="theta_in_V_9_fu_413_p2" SOURCE="source_files/cordic_fixed.cpp:163" VARIABLE="theta_in_V_9" MODULE="cordic" LOOP="" BUNDLEDNAME="" DSP="0" BRAM="0" URAM="0"/>
	<BindNode BINDTYPE="op" DISPLAY="bind_op sub" ID="" IMPL="fabric" LATENCY="0" OPTYPE="sub" PRAGMA="" RTLNAME="current_x_V_38_fu_592_p2" SOURCE="C:/Xilinx/Vitis_HLS/2022.1/common/technology/autopilot\ap_fixed_base.h:859" VARIABLE="current_x_V_38" MODULE="cordic" LOOP="" BUNDLEDNAME="" DSP="0" BRAM="0" URAM="0"/>
	<BindNode BINDTYPE="op" DISPLAY="bind_op add" ID="" IMPL="fabric" LATENCY="0" OPTYPE="add" PRAGMA="" RTLNAME="current_y_V_36_fu_598_p2" SOURCE="C:/Xilinx/Vitis_HLS/2022.1/common/technology/autopilot\ap_fixed_base.h:859" VARIABLE="current_y_V_36" MODULE="cordic" LOOP="" BUNDLEDNAME="" DSP="0" BRAM="0" URAM="0"/>
	<BindNode BINDTYPE="op" DISPLAY="bind_op add" ID="" IMPL="fabric" LATENCY="0" OPTYPE="add" PRAGMA="" RTLNAME="current_x_V_39_fu_604_p2" SOURCE="C:/Xilinx/Vitis_HLS/2022.1/common/technology/autopilot\ap_fixed_base.h:859" VARIABLE="current_x_V_39" MODULE="cordic" LOOP="" BUNDLEDNAME="" DSP="0" BRAM="0" URAM="0"/>
	<BindNode BINDTYPE="op" DISPLAY="bind_op sub" ID="" IMPL="fabric" LATENCY="0" OPTYPE="sub" PRAGMA="" RTLNAME="current_y_V_37_fu_610_p2" SOURCE="C:/Xilinx/Vitis_HLS/2022.1/common/technology/autopilot\ap_fixed_base.h:859" VARIABLE="current_y_V_37" MODULE="cordic" LOOP="" BUNDLEDNAME="" DSP="0" BRAM="0" URAM="0"/>
	<BindNode BINDTYPE="op" DISPLAY="bind_op select" ID="" IMPL="auto_sel" LATENCY="0" OPTYPE="select" PRAGMA="" RTLNAME="current_y_V_38_fu_616_p3" SOURCE="C:/Xilinx/Vitis_HLS/2022.1/common/technology/autopilot\ap_fixed_base.h:1697" VARIABLE="current_y_V_38" MODULE="cordic" LOOP="" BUNDLEDNAME="" DSP="0" BRAM="0" URAM="0"/>
	<BindNode BINDTYPE="op" DISPLAY="bind_op select" ID="" IMPL="auto_sel" LATENCY="0" OPTYPE="select" PRAGMA="" RTLNAME="current_x_V_40_fu_623_p3" SOURCE="C:/Xilinx/Vitis_HLS/2022.1/common/technology/autopilot\ap_fixed_base.h:1697" VARIABLE="current_x_V_40" MODULE="cordic" LOOP="" BUNDLEDNAME="" DSP="0" BRAM="0" URAM="0"/>
	<BindNode BINDTYPE="op" DISPLAY="bind_op select" ID="" IMPL="auto_sel" LATENCY="0" OPTYPE="select" PRAGMA="" RTLNAME="select_ln1697_fu_434_p3" SOURCE="C:/Xilinx/Vitis_HLS/2022.1/common/technology/autopilot\ap_fixed_base.h:1697" VARIABLE="select_ln1697" MODULE="cordic" LOOP="" BUNDLEDNAME="" DSP="0" BRAM="0" URAM="0"/>
	<BindNode BINDTYPE="op" DISPLAY="bind_op all" ID="" IMPL="tadder" LATENCY="0" OPTYPE="all" PRAGMA="" RTLNAME="add_ln1697_fu_442_p2" SOURCE="C:/Xilinx/Vitis_HLS/2022.1/common/technology/autopilot\ap_fixed_base.h:1697" VARIABLE="add_ln1697" MODULE="cordic" LOOP="" BUNDLEDNAME="" DSP="0" BRAM="0" URAM="0"/>
	<BindNode BINDTYPE="op" DISPLAY="bind_op all" ID="" IMPL="tadder" LATENCY="0" OPTYPE="all" PRAGMA="" RTLNAME="theta_in_V_10_fu_448_p2" SOURCE="C:/Xilinx/Vitis_HLS/2022.1/common/technology/autopilot\ap_fixed_base.h:1697" VARIABLE="theta_in_V_10" MODULE="cordic" LOOP="" BUNDLEDNAME="" DSP="0" BRAM="0" URAM="0"/>
	<BindNode BINDTYPE="op" DISPLAY="bind_op sub" ID="" IMPL="fabric" LATENCY="0" OPTYPE="sub" PRAGMA="" RTLNAME="current_x_V_41_fu_821_p2" SOURCE="C:/Xilinx/Vitis_HLS/2022.1/common/technology/autopilot\ap_fixed_base.h:859" VARIABLE="current_x_V_41" MODULE="cordic" LOOP="" BUNDLEDNAME="" DSP="0" BRAM="0" URAM="0"/>
	<BindNode BINDTYPE="op" DISPLAY="bind_op add" ID="" IMPL="fabric" LATENCY="0" OPTYPE="add" PRAGMA="" RTLNAME="current_y_V_39_fu_826_p2" SOURCE="C:/Xilinx/Vitis_HLS/2022.1/common/technology/autopilot\ap_fixed_base.h:859" VARIABLE="current_y_V_39" MODULE="cordic" LOOP="" BUNDLEDNAME="" DSP="0" BRAM="0" URAM="0"/>
	<BindNode BINDTYPE="op" DISPLAY="bind_op add" ID="" IMPL="fabric" LATENCY="0" OPTYPE="add" PRAGMA="" RTLNAME="current_x_V_42_fu_831_p2" SOURCE="C:/Xilinx/Vitis_HLS/2022.1/common/technology/autopilot\ap_fixed_base.h:859" VARIABLE="current_x_V_42" MODULE="cordic" LOOP="" BUNDLEDNAME="" DSP="0" BRAM="0" URAM="0"/>
	<BindNode BINDTYPE="op" DISPLAY="bind_op sub" ID="" IMPL="fabric" LATENCY="0" OPTYPE="sub" PRAGMA="" RTLNAME="current_y_V_40_fu_836_p2" SOURCE="C:/Xilinx/Vitis_HLS/2022.1/common/technology/autopilot\ap_fixed_base.h:859" VARIABLE="current_y_V_40" MODULE="cordic" LOOP="" BUNDLEDNAME="" DSP="0" BRAM="0" URAM="0"/>
	<BindNode BINDTYPE="op" DISPLAY="bind_op select" ID="" IMPL="auto_sel" LATENCY="0" OPTYPE="select" PRAGMA="" RTLNAME="current_y_V_41_fu_841_p3" SOURCE="C:/Xilinx/Vitis_HLS/2022.1/common/technology/autopilot\ap_fixed_base.h:1697" VARIABLE="current_y_V_41" MODULE="cordic" LOOP="" BUNDLEDNAME="" DSP="0" BRAM="0" URAM="0"/>
	<BindNode BINDTYPE="op" DISPLAY="bind_op select" ID="" IMPL="auto_sel" LATENCY="0" OPTYPE="select" PRAGMA="" RTLNAME="current_x_V_43_fu_848_p3" SOURCE="C:/Xilinx/Vitis_HLS/2022.1/common/technology/autopilot\ap_fixed_base.h:1697" VARIABLE="current_x_V_43" MODULE="cordic" LOOP="" BUNDLEDNAME="" DSP="0" BRAM="0" URAM="0"/>
	<BindNode BINDTYPE="op" DISPLAY="bind_op select" ID="" IMPL="auto_sel" LATENCY="0" OPTYPE="select" PRAGMA="" RTLNAME="select_ln1697_3_fu_470_p3" SOURCE="C:/Xilinx/Vitis_HLS/2022.1/common/technology/autopilot\ap_fixed_base.h:1697" VARIABLE="select_ln1697_3" MODULE="cordic" LOOP="" BUNDLEDNAME="" DSP="0" BRAM="0" URAM="0"/>
	<BindNode BINDTYPE="op" DISPLAY="bind_op all" ID="" IMPL="tadder" LATENCY="0" OPTYPE="all" PRAGMA="" RTLNAME="add_ln1697_2_fu_477_p2" SOURCE="C:/Xilinx/Vitis_HLS/2022.1/common/technology/autopilot\ap_fixed_base.h:1697" VARIABLE="add_ln1697_2" MODULE="cordic" LOOP="" BUNDLEDNAME="" DSP="0" BRAM="0" URAM="0"/>
	<BindNode BINDTYPE="op" DISPLAY="bind_op all" ID="" IMPL="tadder" LATENCY="0" OPTYPE="all" PRAGMA="" RTLNAME="theta_in_V_11_fu_482_p2" SOURCE="C:/Xilinx/Vitis_HLS/2022.1/common/technology/autopilot\ap_fixed_base.h:1697" VARIABLE="theta_in_V_11" MODULE="cordic" LOOP="" BUNDLEDNAME="" DSP="0" BRAM="0" URAM="0"/>
	<BindNode BINDTYPE="op" DISPLAY="bind_op sub" ID="" IMPL="fabric" LATENCY="0" OPTYPE="sub" PRAGMA="" RTLNAME="current_x_V_44_fu_883_p2" SOURCE="C:/Xilinx/Vitis_HLS/2022.1/common/technology/autopilot\ap_fixed_base.h:859" VARIABLE="current_x_V_44" MODULE="cordic" LOOP="" BUNDLEDNAME="" DSP="0" BRAM="0" URAM="0"/>
	<BindNode BINDTYPE="op" DISPLAY="bind_op add" ID="" IMPL="fabric" LATENCY="0" OPTYPE="add" PRAGMA="" RTLNAME="current_y_V_42_fu_889_p2" SOURCE="C:/Xilinx/Vitis_HLS/2022.1/common/technology/autopilot\ap_fixed_base.h:859" VARIABLE="current_y_V_42" MODULE="cordic" LOOP="" BUNDLEDNAME="" DSP="0" BRAM="0" URAM="0"/>
	<BindNode BINDTYPE="op" DISPLAY="bind_op add" ID="" IMPL="fabric" LATENCY="0" OPTYPE="add" PRAGMA="" RTLNAME="current_x_V_45_fu_895_p2" SOURCE="C:/Xilinx/Vitis_HLS/2022.1/common/technology/autopilot\ap_fixed_base.h:859" VARIABLE="current_x_V_45" MODULE="cordic" LOOP="" BUNDLEDNAME="" DSP="0" BRAM="0" URAM="0"/>
	<BindNode BINDTYPE="op" DISPLAY="bind_op sub" ID="" IMPL="fabric" LATENCY="0" OPTYPE="sub" PRAGMA="" RTLNAME="current_y_V_43_fu_901_p2" SOURCE="C:/Xilinx/Vitis_HLS/2022.1/common/technology/autopilot\ap_fixed_base.h:859" VARIABLE="current_y_V_43" MODULE="cordic" LOOP="" BUNDLEDNAME="" DSP="0" BRAM="0" URAM="0"/>
	<BindNode BINDTYPE="op" DISPLAY="bind_op select" ID="" IMPL="auto_sel" LATENCY="0" OPTYPE="select" PRAGMA="" RTLNAME="current_y_V_44_fu_907_p3" SOURCE="C:/Xilinx/Vitis_HLS/2022.1/common/technology/autopilot\ap_fixed_base.h:1697" VARIABLE="current_y_V_44" MODULE="cordic" LOOP="" BUNDLEDNAME="" DSP="0" BRAM="0" URAM="0"/>
	<BindNode BINDTYPE="op" DISPLAY="bind_op select" ID="" IMPL="auto_sel" LATENCY="0" OPTYPE="select" PRAGMA="" RTLNAME="current_x_V_46_fu_914_p3" SOURCE="C:/Xilinx/Vitis_HLS/2022.1/common/technology/autopilot\ap_fixed_base.h:1697" VARIABLE="current_x_V_46" MODULE="cordic" LOOP="" BUNDLEDNAME="" DSP="0" BRAM="0" URAM="0"/>
	<BindNode BINDTYPE="op" DISPLAY="bind_op select" ID="" IMPL="auto_sel" LATENCY="0" OPTYPE="select" PRAGMA="" RTLNAME="select_ln1697_6_fu_504_p3" SOURCE="C:/Xilinx/Vitis_HLS/2022.1/common/technology/autopilot\ap_fixed_base.h:1697" VARIABLE="select_ln1697_6" MODULE="cordic" LOOP="" BUNDLEDNAME="" DSP="0" BRAM="0" URAM="0"/>
	<BindNode BINDTYPE="op" DISPLAY="bind_op all" ID="" IMPL="tadder" LATENCY="0" OPTYPE="all" PRAGMA="" RTLNAME="add_ln1697_4_fu_511_p2" SOURCE="C:/Xilinx/Vitis_HLS/2022.1/common/technology/autopilot\ap_fixed_base.h:1697" VARIABLE="add_ln1697_4" MODULE="cordic" LOOP="" BUNDLEDNAME="" DSP="0" BRAM="0" URAM="0"/>
	<BindNode BINDTYPE="op" DISPLAY="bind_op all" ID="" IMPL="tadder" LATENCY="0" OPTYPE="all" PRAGMA="" RTLNAME="theta_in_V_12_fu_516_p2" SOURCE="C:/Xilinx/Vitis_HLS/2022.1/common/technology/autopilot\ap_fixed_base.h:1697" VARIABLE="theta_in_V_12" MODULE="cordic" LOOP="" BUNDLEDNAME="" DSP="0" BRAM="0" URAM="0"/>
	<BindNode BINDTYPE="op" DISPLAY="bind_op sub" ID="" IMPL="fabric" LATENCY="0" OPTYPE="sub" PRAGMA="" RTLNAME="current_x_V_47_fu_1145_p2" SOURCE="C:/Xilinx/Vitis_HLS/2022.1/common/technology/autopilot\ap_fixed_base.h:859" VARIABLE="current_x_V_47" MODULE="cordic" LOOP="" BUNDLEDNAME="" DSP="0" BRAM="0" URAM="0"/>
	<BindNode BINDTYPE="op" DISPLAY="bind_op add" ID="" IMPL="fabric" LATENCY="0" OPTYPE="add" PRAGMA="" RTLNAME="current_y_V_45_fu_1150_p2" SOURCE="C:/Xilinx/Vitis_HLS/2022.1/common/technology/autopilot\ap_fixed_base.h:859" VARIABLE="current_y_V_45" MODULE="cordic" LOOP="" BUNDLEDNAME="" DSP="0" BRAM="0" URAM="0"/>
	<BindNode BINDTYPE="op" DISPLAY="bind_op add" ID="" IMPL="fabric" LATENCY="0" OPTYPE="add" PRAGMA="" RTLNAME="current_x_V_48_fu_1155_p2" SOURCE="C:/Xilinx/Vitis_HLS/2022.1/common/technology/autopilot\ap_fixed_base.h:859" VARIABLE="current_x_V_48" MODULE="cordic" LOOP="" BUNDLEDNAME="" DSP="0" BRAM="0" URAM="0"/>
	<BindNode BINDTYPE="op" DISPLAY="bind_op sub" ID="" IMPL="fabric" LATENCY="0" OPTYPE="sub" PRAGMA="" RTLNAME="current_y_V_46_fu_1160_p2" SOURCE="C:/Xilinx/Vitis_HLS/2022.1/common/technology/autopilot\ap_fixed_base.h:859" VARIABLE="current_y_V_46" MODULE="cordic" LOOP="" BUNDLEDNAME="" DSP="0" BRAM="0" URAM="0"/>
	<BindNode BINDTYPE="op" DISPLAY="bind_op select" ID="" IMPL="auto_sel" LATENCY="0" OPTYPE="select" PRAGMA="" RTLNAME="current_y_V_47_fu_1165_p3" SOURCE="C:/Xilinx/Vitis_HLS/2022.1/common/technology/autopilot\ap_fixed_base.h:1697" VARIABLE="current_y_V_47" MODULE="cordic" LOOP="" BUNDLEDNAME="" DSP="0" BRAM="0" URAM="0"/>
	<BindNode BINDTYPE="op" DISPLAY="bind_op select" ID="" IMPL="auto_sel" LATENCY="0" OPTYPE="select" PRAGMA="" RTLNAME="current_x_V_49_fu_1172_p3" SOURCE="C:/Xilinx/Vitis_HLS/2022.1/common/technology/autopilot\ap_fixed_base.h:1697" VARIABLE="current_x_V_49" MODULE="cordic" LOOP="" BUNDLEDNAME="" DSP="0" BRAM="0" URAM="0"/>
	<BindNode BINDTYPE="op" DISPLAY="bind_op select" ID="" IMPL="auto_sel" LATENCY="0" OPTYPE="select" PRAGMA="" RTLNAME="select_ln1697_9_fu_650_p3" SOURCE="C:/Xilinx/Vitis_HLS/2022.1/common/technology/autopilot\ap_fixed_base.h:1697" VARIABLE="select_ln1697_9" MODULE="cordic" LOOP="" BUNDLEDNAME="" DSP="0" BRAM="0" URAM="0"/>
	<BindNode BINDTYPE="op" DISPLAY="bind_op all" ID="" IMPL="tadder" LATENCY="0" OPTYPE="all" PRAGMA="" RTLNAME="add_ln1697_6_fu_657_p2" SOURCE="C:/Xilinx/Vitis_HLS/2022.1/common/technology/autopilot\ap_fixed_base.h:1697" VARIABLE="add_ln1697_6" MODULE="cordic" LOOP="" BUNDLEDNAME="" DSP="0" BRAM="0" URAM="0"/>
	<BindNode BINDTYPE="op" DISPLAY="bind_op all" ID="" IMPL="tadder" LATENCY="0" OPTYPE="all" PRAGMA="" RTLNAME="theta_in_V_13_fu_662_p2" SOURCE="C:/Xilinx/Vitis_HLS/2022.1/common/technology/autopilot\ap_fixed_base.h:1697" VARIABLE="theta_in_V_13" MODULE="cordic" LOOP="" BUNDLEDNAME="" DSP="0" BRAM="0" URAM="0"/>
	<BindNode BINDTYPE="op" DISPLAY="bind_op sub" ID="" IMPL="fabric" LATENCY="0" OPTYPE="sub" PRAGMA="" RTLNAME="current_x_V_50_fu_1207_p2" SOURCE="C:/Xilinx/Vitis_HLS/2022.1/common/technology/autopilot\ap_fixed_base.h:859" VARIABLE="current_x_V_50" MODULE="cordic" LOOP="" BUNDLEDNAME="" DSP="0" BRAM="0" URAM="0"/>
	<BindNode BINDTYPE="op" DISPLAY="bind_op add" ID="" IMPL="fabric" LATENCY="0" OPTYPE="add" PRAGMA="" RTLNAME="current_y_V_48_fu_1213_p2" SOURCE="C:/Xilinx/Vitis_HLS/2022.1/common/technology/autopilot\ap_fixed_base.h:859" VARIABLE="current_y_V_48" MODULE="cordic" LOOP="" BUNDLEDNAME="" DSP="0" BRAM="0" URAM="0"/>
	<BindNode BINDTYPE="op" DISPLAY="bind_op add" ID="" IMPL="fabric" LATENCY="0" OPTYPE="add" PRAGMA="" RTLNAME="current_x_V_51_fu_1219_p2" SOURCE="C:/Xilinx/Vitis_HLS/2022.1/common/technology/autopilot\ap_fixed_base.h:859" VARIABLE="current_x_V_51" MODULE="cordic" LOOP="" BUNDLEDNAME="" DSP="0" BRAM="0" URAM="0"/>
	<BindNode BINDTYPE="op" DISPLAY="bind_op sub" ID="" IMPL="fabric" LATENCY="0" OPTYPE="sub" PRAGMA="" RTLNAME="current_y_V_49_fu_1225_p2" SOURCE="C:/Xilinx/Vitis_HLS/2022.1/common/technology/autopilot\ap_fixed_base.h:859" VARIABLE="current_y_V_49" MODULE="cordic" LOOP="" BUNDLEDNAME="" DSP="0" BRAM="0" URAM="0"/>
	<BindNode BINDTYPE="op" DISPLAY="bind_op select" ID="" IMPL="auto_sel" LATENCY="0" OPTYPE="select" PRAGMA="" RTLNAME="current_y_V_50_fu_1231_p3" SOURCE="C:/Xilinx/Vitis_HLS/2022.1/common/technology/autopilot\ap_fixed_base.h:1697" VARIABLE="current_y_V_50" MODULE="cordic" LOOP="" BUNDLEDNAME="" DSP="0" BRAM="0" URAM="0"/>
	<BindNode BINDTYPE="op" DISPLAY="bind_op select" ID="" IMPL="auto_sel" LATENCY="0" OPTYPE="select" PRAGMA="" RTLNAME="current_x_V_52_fu_1238_p3" SOURCE="C:/Xilinx/Vitis_HLS/2022.1/common/technology/autopilot\ap_fixed_base.h:1697" VARIABLE="current_x_V_52" MODULE="cordic" LOOP="" BUNDLEDNAME="" DSP="0" BRAM="0" URAM="0"/>
	<BindNode BINDTYPE="op" DISPLAY="bind_op select" ID="" IMPL="auto_sel" LATENCY="0" OPTYPE="select" PRAGMA="" RTLNAME="select_ln1697_12_fu_941_p3" SOURCE="C:/Xilinx/Vitis_HLS/2022.1/common/technology/autopilot\ap_fixed_base.h:1697" VARIABLE="select_ln1697_12" MODULE="cordic" LOOP="" BUNDLEDNAME="" DSP="0" BRAM="0" URAM="0"/>
	<BindNode BINDTYPE="op" DISPLAY="bind_op all" ID="" IMPL="tadder" LATENCY="0" OPTYPE="all" PRAGMA="" RTLNAME="add_ln1697_8_fu_948_p2" SOURCE="C:/Xilinx/Vitis_HLS/2022.1/common/technology/autopilot\ap_fixed_base.h:1697" VARIABLE="add_ln1697_8" MODULE="cordic" LOOP="" BUNDLEDNAME="" DSP="0" BRAM="0" URAM="0"/>
	<BindNode BINDTYPE="op" DISPLAY="bind_op all" ID="" IMPL="tadder" LATENCY="0" OPTYPE="all" PRAGMA="" RTLNAME="theta_in_V_14_fu_953_p2" SOURCE="C:/Xilinx/Vitis_HLS/2022.1/common/technology/autopilot\ap_fixed_base.h:1697" VARIABLE="theta_in_V_14" MODULE="cordic" LOOP="" BUNDLEDNAME="" DSP="0" BRAM="0" URAM="0"/>
	<BindNode BINDTYPE="op" DISPLAY="bind_op sub" ID="" IMPL="fabric" LATENCY="0" OPTYPE="sub" PRAGMA="" RTLNAME="current_x_V_53_fu_1548_p2" SOURCE="C:/Xilinx/Vitis_HLS/2022.1/common/technology/autopilot\ap_fixed_base.h:859" VARIABLE="current_x_V_53" MODULE="cordic" LOOP="" BUNDLEDNAME="" DSP="0" BRAM="0" URAM="0"/>
	<BindNode BINDTYPE="op" DISPLAY="bind_op add" ID="" IMPL="fabric" LATENCY="0" OPTYPE="add" PRAGMA="" RTLNAME="current_y_V_51_fu_1553_p2" SOURCE="C:/Xilinx/Vitis_HLS/2022.1/common/technology/autopilot\ap_fixed_base.h:859" VARIABLE="current_y_V_51" MODULE="cordic" LOOP="" BUNDLEDNAME="" DSP="0" BRAM="0" URAM="0"/>
	<BindNode BINDTYPE="op" DISPLAY="bind_op add" ID="" IMPL="fabric" LATENCY="0" OPTYPE="add" PRAGMA="" RTLNAME="current_x_V_54_fu_1558_p2" SOURCE="C:/Xilinx/Vitis_HLS/2022.1/common/technology/autopilot\ap_fixed_base.h:859" VARIABLE="current_x_V_54" MODULE="cordic" LOOP="" BUNDLEDNAME="" DSP="0" BRAM="0" URAM="0"/>
	<BindNode BINDTYPE="op" DISPLAY="bind_op sub" ID="" IMPL="fabric" LATENCY="0" OPTYPE="sub" PRAGMA="" RTLNAME="current_y_V_52_fu_1563_p2" SOURCE="C:/Xilinx/Vitis_HLS/2022.1/common/technology/autopilot\ap_fixed_base.h:859" VARIABLE="current_y_V_52" MODULE="cordic" LOOP="" BUNDLEDNAME="" DSP="0" BRAM="0" URAM="0"/>
	<BindNode BINDTYPE="op" DISPLAY="bind_op select" ID="" IMPL="auto_sel" LATENCY="0" OPTYPE="select" PRAGMA="" RTLNAME="current_y_V_53_fu_1568_p3" SOURCE="C:/Xilinx/Vitis_HLS/2022.1/common/technology/autopilot\ap_fixed_base.h:1697" VARIABLE="current_y_V_53" MODULE="cordic" LOOP="" BUNDLEDNAME="" DSP="0" BRAM="0" URAM="0"/>
	<BindNode BINDTYPE="op" DISPLAY="bind_op select" ID="" IMPL="auto_sel" LATENCY="0" OPTYPE="select" PRAGMA="" RTLNAME="current_x_V_55_fu_1575_p3" SOURCE="C:/Xilinx/Vitis_HLS/2022.1/common/technology/autopilot\ap_fixed_base.h:1697" VARIABLE="current_x_V_55" MODULE="cordic" LOOP="" BUNDLEDNAME="" DSP="0" BRAM="0" URAM="0"/>
	<BindNode BINDTYPE="op" DISPLAY="bind_op select" ID="" IMPL="auto_sel" LATENCY="0" OPTYPE="select" PRAGMA="" RTLNAME="select_ln1697_15_fu_1265_p3" SOURCE="C:/Xilinx/Vitis_HLS/2022.1/common/technology/autopilot\ap_fixed_base.h:1697" VARIABLE="select_ln1697_15" MODULE="cordic" LOOP="" BUNDLEDNAME="" DSP="0" BRAM="0" URAM="0"/>
	<BindNode BINDTYPE="op" DISPLAY="bind_op all" ID="" IMPL="tadder" LATENCY="0" OPTYPE="all" PRAGMA="" RTLNAME="add_ln1697_10_fu_1272_p2" SOURCE="C:/Xilinx/Vitis_HLS/2022.1/common/technology/autopilot\ap_fixed_base.h:1697" VARIABLE="add_ln1697_10" MODULE="cordic" LOOP="" BUNDLEDNAME="" DSP="0" BRAM="0" URAM="0"/>
	<BindNode BINDTYPE="op" DISPLAY="bind_op all" ID="" IMPL="tadder" LATENCY="0" OPTYPE="all" PRAGMA="" RTLNAME="theta_in_V_15_fu_1277_p2" SOURCE="C:/Xilinx/Vitis_HLS/2022.1/common/technology/autopilot\ap_fixed_base.h:1697" VARIABLE="theta_in_V_15" MODULE="cordic" LOOP="" BUNDLEDNAME="" DSP="0" BRAM="0" URAM="0"/>
	<BindNode BINDTYPE="op" DISPLAY="bind_op sub" ID="" IMPL="fabric" LATENCY="0" OPTYPE="sub" PRAGMA="" RTLNAME="current_x_V_56_fu_1610_p2" SOURCE="C:/Xilinx/Vitis_HLS/2022.1/common/technology/autopilot\ap_fixed_base.h:859" VARIABLE="current_x_V_56" MODULE="cordic" LOOP="" BUNDLEDNAME="" DSP="0" BRAM="0" URAM="0"/>
	<BindNode BINDTYPE="op" DISPLAY="bind_op add" ID="" IMPL="fabric" LATENCY="0" OPTYPE="add" PRAGMA="" RTLNAME="current_y_V_54_fu_1616_p2" SOURCE="C:/Xilinx/Vitis_HLS/2022.1/common/technology/autopilot\ap_fixed_base.h:859" VARIABLE="current_y_V_54" MODULE="cordic" LOOP="" BUNDLEDNAME="" DSP="0" BRAM="0" URAM="0"/>
	<BindNode BINDTYPE="op" DISPLAY="bind_op add" ID="" IMPL="fabric" LATENCY="0" OPTYPE="add" PRAGMA="" RTLNAME="current_x_V_57_fu_1622_p2" SOURCE="C:/Xilinx/Vitis_HLS/2022.1/common/technology/autopilot\ap_fixed_base.h:859" VARIABLE="current_x_V_57" MODULE="cordic" LOOP="" BUNDLEDNAME="" DSP="0" BRAM="0" URAM="0"/>
	<BindNode BINDTYPE="op" DISPLAY="bind_op sub" ID="" IMPL="fabric" LATENCY="0" OPTYPE="sub" PRAGMA="" RTLNAME="current_y_V_55_fu_1628_p2" SOURCE="C:/Xilinx/Vitis_HLS/2022.1/common/technology/autopilot\ap_fixed_base.h:859" VARIABLE="current_y_V_55" MODULE="cordic" LOOP="" BUNDLEDNAME="" DSP="0" BRAM="0" URAM="0"/>
	<BindNode BINDTYPE="op" DISPLAY="bind_op select" ID="" IMPL="auto_sel" LATENCY="0" OPTYPE="select" PRAGMA="" RTLNAME="current_y_V_56_fu_1634_p3" SOURCE="C:/Xilinx/Vitis_HLS/2022.1/common/technology/autopilot\ap_fixed_base.h:1697" VARIABLE="current_y_V_56" MODULE="cordic" LOOP="" BUNDLEDNAME="" DSP="0" BRAM="0" URAM="0"/>
	<BindNode BINDTYPE="op" DISPLAY="bind_op select" ID="" IMPL="auto_sel" LATENCY="0" OPTYPE="select" PRAGMA="" RTLNAME="current_x_V_58_fu_1641_p3" SOURCE="C:/Xilinx/Vitis_HLS/2022.1/common/technology/autopilot\ap_fixed_base.h:1697" VARIABLE="current_x_V_58" MODULE="cordic" LOOP="" BUNDLEDNAME="" DSP="0" BRAM="0" URAM="0"/>
	<BindNode BINDTYPE="op" DISPLAY="bind_op select" ID="" IMPL="auto_sel" LATENCY="0" OPTYPE="select" PRAGMA="" RTLNAME="select_ln1697_18_fu_1648_p3" SOURCE="C:/Xilinx/Vitis_HLS/2022.1/common/technology/autopilot\ap_fixed_base.h:1697" VARIABLE="select_ln1697_18" MODULE="cordic" LOOP="" BUNDLEDNAME="" DSP="0" BRAM="0" URAM="0"/>
	<BindNode BINDTYPE="op" DISPLAY="bind_op all" ID="" IMPL="tadder" LATENCY="0" OPTYPE="all" PRAGMA="" RTLNAME="add_ln1697_12_fu_1655_p2" SOURCE="C:/Xilinx/Vitis_HLS/2022.1/common/technology/autopilot\ap_fixed_base.h:1697" VARIABLE="add_ln1697_12" MODULE="cordic" LOOP="" BUNDLEDNAME="" DSP="0" BRAM="0" URAM="0"/>
	<BindNode BINDTYPE="op" DISPLAY="bind_op all" ID="" IMPL="tadder" LATENCY="0" OPTYPE="all" PRAGMA="" RTLNAME="theta_in_V_16_fu_1660_p2" SOURCE="C:/Xilinx/Vitis_HLS/2022.1/common/technology/autopilot\ap_fixed_base.h:1697" VARIABLE="theta_in_V_16" MODULE="cordic" LOOP="" BUNDLEDNAME="" DSP="0" BRAM="0" URAM="0"/>
	<BindNode BINDTYPE="op" DISPLAY="bind_op sub" ID="" IMPL="fabric" LATENCY="0" OPTYPE="sub" PRAGMA="" RTLNAME="current_x_V_59_fu_1860_p2" SOURCE="C:/Xilinx/Vitis_HLS/2022.1/common/technology/autopilot\ap_fixed_base.h:859" VARIABLE="current_x_V_59" MODULE="cordic" LOOP="" BUNDLEDNAME="" DSP="0" BRAM="0" URAM="0"/>
	<BindNode BINDTYPE="op" DISPLAY="bind_op add" ID="" IMPL="fabric" LATENCY="0" OPTYPE="add" PRAGMA="" RTLNAME="current_y_V_57_fu_1865_p2" SOURCE="C:/Xilinx/Vitis_HLS/2022.1/common/technology/autopilot\ap_fixed_base.h:859" VARIABLE="current_y_V_57" MODULE="cordic" LOOP="" BUNDLEDNAME="" DSP="0" BRAM="0" URAM="0"/>
	<BindNode BINDTYPE="op" DISPLAY="bind_op add" ID="" IMPL="fabric" LATENCY="0" OPTYPE="add" PRAGMA="" RTLNAME="current_x_V_60_fu_1870_p2" SOURCE="C:/Xilinx/Vitis_HLS/2022.1/common/technology/autopilot\ap_fixed_base.h:859" VARIABLE="current_x_V_60" MODULE="cordic" LOOP="" BUNDLEDNAME="" DSP="0" BRAM="0" URAM="0"/>
	<BindNode BINDTYPE="op" DISPLAY="bind_op sub" ID="" IMPL="fabric" LATENCY="0" OPTYPE="sub" PRAGMA="" RTLNAME="current_y_V_58_fu_1875_p2" SOURCE="C:/Xilinx/Vitis_HLS/2022.1/common/technology/autopilot\ap_fixed_base.h:859" VARIABLE="current_y_V_58" MODULE="cordic" LOOP="" BUNDLEDNAME="" DSP="0" BRAM="0" URAM="0"/>
	<BindNode BINDTYPE="op" DISPLAY="bind_op select" ID="" IMPL="auto_sel" LATENCY="0" OPTYPE="select" PRAGMA="" RTLNAME="current_y_V_59_fu_1880_p3" SOURCE="C:/Xilinx/Vitis_HLS/2022.1/common/technology/autopilot\ap_fixed_base.h:1697" VARIABLE="current_y_V_59" MODULE="cordic" LOOP="" BUNDLEDNAME="" DSP="0" BRAM="0" URAM="0"/>
	<BindNode BINDTYPE="op" DISPLAY="bind_op select" ID="" IMPL="auto_sel" LATENCY="0" OPTYPE="select" PRAGMA="" RTLNAME="current_x_V_61_fu_1887_p3" SOURCE="C:/Xilinx/Vitis_HLS/2022.1/common/technology/autopilot\ap_fixed_base.h:1697" VARIABLE="current_x_V_61" MODULE="cordic" LOOP="" BUNDLEDNAME="" DSP="0" BRAM="0" URAM="0"/>
	<BindNode BINDTYPE="op" DISPLAY="bind_op select" ID="" IMPL="auto_sel" LATENCY="0" OPTYPE="select" PRAGMA="" RTLNAME="select_ln1697_21_fu_1894_p3" SOURCE="C:/Xilinx/Vitis_HLS/2022.1/common/technology/autopilot\ap_fixed_base.h:1697" VARIABLE="select_ln1697_21" MODULE="cordic" LOOP="" BUNDLEDNAME="" DSP="0" BRAM="0" URAM="0"/>
	<BindNode BINDTYPE="op" DISPLAY="bind_op all" ID="" IMPL="tadder" LATENCY="0" OPTYPE="all" PRAGMA="" RTLNAME="add_ln1697_14_fu_1901_p2" SOURCE="C:/Xilinx/Vitis_HLS/2022.1/common/technology/autopilot\ap_fixed_base.h:1697" VARIABLE="add_ln1697_14" MODULE="cordic" LOOP="" BUNDLEDNAME="" DSP="0" BRAM="0" URAM="0"/>
	<BindNode BINDTYPE="op" DISPLAY="bind_op all" ID="" IMPL="tadder" LATENCY="0" OPTYPE="all" PRAGMA="" RTLNAME="theta_in_V_17_fu_1906_p2" SOURCE="C:/Xilinx/Vitis_HLS/2022.1/common/technology/autopilot\ap_fixed_base.h:1697" VARIABLE="theta_in_V_17" MODULE="cordic" LOOP="" BUNDLEDNAME="" DSP="0" BRAM="0" URAM="0"/>
	<BindNode BINDTYPE="op" DISPLAY="bind_op sub" ID="" IMPL="fabric" LATENCY="0" OPTYPE="sub" PRAGMA="" RTLNAME="current_x_V_62_fu_1948_p2" SOURCE="C:/Xilinx/Vitis_HLS/2022.1/common/technology/autopilot\ap_fixed_base.h:859" VARIABLE="current_x_V_62" MODULE="cordic" LOOP="" BUNDLEDNAME="" DSP="0" BRAM="0" URAM="0"/>
	<BindNode BINDTYPE="op" DISPLAY="bind_op add" ID="" IMPL="fabric" LATENCY="0" OPTYPE="add" PRAGMA="" RTLNAME="current_y_V_60_fu_1954_p2" SOURCE="C:/Xilinx/Vitis_HLS/2022.1/common/technology/autopilot\ap_fixed_base.h:859" VARIABLE="current_y_V_60" MODULE="cordic" LOOP="" BUNDLEDNAME="" DSP="0" BRAM="0" URAM="0"/>
	<BindNode BINDTYPE="op" DISPLAY="bind_op add" ID="" IMPL="fabric" LATENCY="0" OPTYPE="add" PRAGMA="" RTLNAME="current_x_V_63_fu_1960_p2" SOURCE="C:/Xilinx/Vitis_HLS/2022.1/common/technology/autopilot\ap_fixed_base.h:859" VARIABLE="current_x_V_63" MODULE="cordic" LOOP="" BUNDLEDNAME="" DSP="0" BRAM="0" URAM="0"/>
	<BindNode BINDTYPE="op" DISPLAY="bind_op sub" ID="" IMPL="fabric" LATENCY="0" OPTYPE="sub" PRAGMA="" RTLNAME="current_y_V_61_fu_1966_p2" SOURCE="C:/Xilinx/Vitis_HLS/2022.1/common/technology/autopilot\ap_fixed_base.h:859" VARIABLE="current_y_V_61" MODULE="cordic" LOOP="" BUNDLEDNAME="" DSP="0" BRAM="0" URAM="0"/>
	<BindNode BINDTYPE="op" DISPLAY="bind_op select" ID="" IMPL="auto_sel" LATENCY="0" OPTYPE="select" PRAGMA="" RTLNAME="current_y_V_62_fu_1972_p3" SOURCE="C:/Xilinx/Vitis_HLS/2022.1/common/technology/autopilot\ap_fixed_base.h:1697" VARIABLE="current_y_V_62" MODULE="cordic" LOOP="" BUNDLEDNAME="" DSP="0" BRAM="0" URAM="0"/>
	<BindNode BINDTYPE="op" DISPLAY="bind_op select" ID="" IMPL="auto_sel" LATENCY="0" OPTYPE="select" PRAGMA="" RTLNAME="current_x_V_64_fu_1980_p3" SOURCE="C:/Xilinx/Vitis_HLS/2022.1/common/technology/autopilot\ap_fixed_base.h:1697" VARIABLE="current_x_V_64" MODULE="cordic" LOOP="" BUNDLEDNAME="" DSP="0" BRAM="0" URAM="0"/>
	<BindNode BINDTYPE="op" DISPLAY="bind_op select" ID="" IMPL="auto_sel" LATENCY="0" OPTYPE="select" PRAGMA="" RTLNAME="select_ln1697_24_fu_2059_p3" SOURCE="C:/Xilinx/Vitis_HLS/2022.1/common/technology/autopilot\ap_fixed_base.h:1697" VARIABLE="select_ln1697_24" MODULE="cordic" LOOP="" BUNDLEDNAME="" DSP="0" BRAM="0" URAM="0"/>
	<BindNode BINDTYPE="op" DISPLAY="bind_op all" ID="" IMPL="tadder" LATENCY="0" OPTYPE="all" PRAGMA="" RTLNAME="add_ln1697_16_fu_2066_p2" SOURCE="C:/Xilinx/Vitis_HLS/2022.1/common/technology/autopilot\ap_fixed_base.h:1697" VARIABLE="add_ln1697_16" MODULE="cordic" LOOP="" BUNDLEDNAME="" DSP="0" BRAM="0" URAM="0"/>
	<BindNode BINDTYPE="op" DISPLAY="bind_op all" ID="" IMPL="tadder" LATENCY="0" OPTYPE="all" PRAGMA="" RTLNAME="theta_in_V_18_fu_2071_p2" SOURCE="C:/Xilinx/Vitis_HLS/2022.1/common/technology/autopilot\ap_fixed_base.h:1697" VARIABLE="theta_in_V_18" MODULE="cordic" LOOP="" BUNDLEDNAME="" DSP="0" BRAM="0" URAM="0"/>
	<BindNode BINDTYPE="op" DISPLAY="bind_op sub" ID="" IMPL="fabric" LATENCY="0" OPTYPE="sub" PRAGMA="" RTLNAME="current_x_V_65_fu_2091_p2" SOURCE="C:/Xilinx/Vitis_HLS/2022.1/common/technology/autopilot\ap_fixed_base.h:859" VARIABLE="current_x_V_65" MODULE="cordic" LOOP="" BUNDLEDNAME="" DSP="0" BRAM="0" URAM="0"/>
	<BindNode BINDTYPE="op" DISPLAY="bind_op add" ID="" IMPL="fabric" LATENCY="0" OPTYPE="add" PRAGMA="" RTLNAME="current_y_V_63_fu_2096_p2" SOURCE="C:/Xilinx/Vitis_HLS/2022.1/common/technology/autopilot\ap_fixed_base.h:859" VARIABLE="current_y_V_63" MODULE="cordic" LOOP="" BUNDLEDNAME="" DSP="0" BRAM="0" URAM="0"/>
	<BindNode BINDTYPE="op" DISPLAY="bind_op add" ID="" IMPL="fabric" LATENCY="0" OPTYPE="add" PRAGMA="" RTLNAME="current_x_V_66_fu_2101_p2" SOURCE="C:/Xilinx/Vitis_HLS/2022.1/common/technology/autopilot\ap_fixed_base.h:859" VARIABLE="current_x_V_66" MODULE="cordic" LOOP="" BUNDLEDNAME="" DSP="0" BRAM="0" URAM="0"/>
	<BindNode BINDTYPE="op" DISPLAY="bind_op sub" ID="" IMPL="fabric" LATENCY="0" OPTYPE="sub" PRAGMA="" RTLNAME="current_y_V_64_fu_2106_p2" SOURCE="C:/Xilinx/Vitis_HLS/2022.1/common/technology/autopilot\ap_fixed_base.h:859" VARIABLE="current_y_V_64" MODULE="cordic" LOOP="" BUNDLEDNAME="" DSP="0" BRAM="0" URAM="0"/>
	<BindNode BINDTYPE="op" DISPLAY="bind_op select" ID="" IMPL="auto_sel" LATENCY="0" OPTYPE="select" PRAGMA="" RTLNAME="current_y_V_65_fu_2111_p3" SOURCE="C:/Xilinx/Vitis_HLS/2022.1/common/technology/autopilot\ap_fixed_base.h:1697" VARIABLE="current_y_V_65" MODULE="cordic" LOOP="" BUNDLEDNAME="" DSP="0" BRAM="0" URAM="0"/>
	<BindNode BINDTYPE="op" DISPLAY="bind_op select" ID="" IMPL="auto_sel" LATENCY="0" OPTYPE="select" PRAGMA="" RTLNAME="current_x_V_67_fu_2119_p3" SOURCE="C:/Xilinx/Vitis_HLS/2022.1/common/technology/autopilot\ap_fixed_base.h:1697" VARIABLE="current_x_V_67" MODULE="cordic" LOOP="" BUNDLEDNAME="" DSP="0" BRAM="0" URAM="0"/>
	<BindNode BINDTYPE="op" DISPLAY="bind_op select" ID="" IMPL="auto_sel" LATENCY="0" OPTYPE="select" PRAGMA="" RTLNAME="select_ln1697_27_fu_2135_p3" SOURCE="C:/Xilinx/Vitis_HLS/2022.1/common/technology/autopilot\ap_fixed_base.h:1697" VARIABLE="select_ln1697_27" MODULE="cordic" LOOP="" BUNDLEDNAME="" DSP="0" BRAM="0" URAM="0"/>
	<BindNode BINDTYPE="op" DISPLAY="bind_op all" ID="" IMPL="tadder" LATENCY="0" OPTYPE="all" PRAGMA="" RTLNAME="add_ln1697_18_fu_2381_p2" SOURCE="C:/Xilinx/Vitis_HLS/2022.1/common/technology/autopilot\ap_fixed_base.h:1697" VARIABLE="add_ln1697_18" MODULE="cordic" LOOP="" BUNDLEDNAME="" DSP="0" BRAM="0" URAM="0"/>
	<BindNode BINDTYPE="op" DISPLAY="bind_op all" ID="" IMPL="tadder" LATENCY="0" OPTYPE="all" PRAGMA="" RTLNAME="theta_in_V_19_fu_2386_p2" SOURCE="C:/Xilinx/Vitis_HLS/2022.1/common/technology/autopilot\ap_fixed_base.h:1697" VARIABLE="theta_in_V_19" MODULE="cordic" LOOP="" BUNDLEDNAME="" DSP="0" BRAM="0" URAM="0"/>
	<BindNode BINDTYPE="op" DISPLAY="bind_op sub" ID="" IMPL="fabric" LATENCY="0" OPTYPE="sub" PRAGMA="" RTLNAME="current_x_V_68_fu_2405_p2" SOURCE="C:/Xilinx/Vitis_HLS/2022.1/common/technology/autopilot\ap_fixed_base.h:859" VARIABLE="current_x_V_68" MODULE="cordic" LOOP="" BUNDLEDNAME="" DSP="0" BRAM="0" URAM="0"/>
	<BindNode BINDTYPE="op" DISPLAY="bind_op add" ID="" IMPL="fabric" LATENCY="0" OPTYPE="add" PRAGMA="" RTLNAME="current_y_V_66_fu_2410_p2" SOURCE="C:/Xilinx/Vitis_HLS/2022.1/common/technology/autopilot\ap_fixed_base.h:859" VARIABLE="current_y_V_66" MODULE="cordic" LOOP="" BUNDLEDNAME="" DSP="0" BRAM="0" URAM="0"/>
	<BindNode BINDTYPE="op" DISPLAY="bind_op add" ID="" IMPL="fabric" LATENCY="0" OPTYPE="add" PRAGMA="" RTLNAME="current_x_V_69_fu_2415_p2" SOURCE="C:/Xilinx/Vitis_HLS/2022.1/common/technology/autopilot\ap_fixed_base.h:859" VARIABLE="current_x_V_69" MODULE="cordic" LOOP="" BUNDLEDNAME="" DSP="0" BRAM="0" URAM="0"/>
	<BindNode BINDTYPE="op" DISPLAY="bind_op sub" ID="" IMPL="fabric" LATENCY="0" OPTYPE="sub" PRAGMA="" RTLNAME="current_y_V_67_fu_2420_p2" SOURCE="C:/Xilinx/Vitis_HLS/2022.1/common/technology/autopilot\ap_fixed_base.h:859" VARIABLE="current_y_V_67" MODULE="cordic" LOOP="" BUNDLEDNAME="" DSP="0" BRAM="0" URAM="0"/>
	<BindNode BINDTYPE="op" DISPLAY="bind_op select" ID="" IMPL="auto_sel" LATENCY="0" OPTYPE="select" PRAGMA="" RTLNAME="current_x_V_70_fu_2425_p3" SOURCE="source_files/cordic_fixed.cpp:163" VARIABLE="current_x_V_70" MODULE="cordic" LOOP="" BUNDLEDNAME="" DSP="0" BRAM="0" URAM="0"/>
	<BindNode BINDTYPE="op" DISPLAY="bind_op select" ID="" IMPL="auto_sel" LATENCY="0" OPTYPE="select" PRAGMA="" RTLNAME="current_y_V_68_fu_2433_p3" SOURCE="source_files/cordic_fixed.cpp:163" VARIABLE="current_y_V_68" MODULE="cordic" LOOP="" BUNDLEDNAME="" DSP="0" BRAM="0" URAM="0"/>
	<BindNode BINDTYPE="op" DISPLAY="bind_op add" ID="" IMPL="fabric" LATENCY="0" OPTYPE="add" PRAGMA="" RTLNAME="add_ln859_62_fu_2585_p2" SOURCE="C:/Xilinx/Vitis_HLS/2022.1/common/technology/autopilot\ap_fixed_base.h:859" VARIABLE="add_ln859_62" MODULE="cordic" LOOP="" BUNDLEDNAME="" DSP="0" BRAM="0" URAM="0"/>
	<BindNode BINDTYPE="op" DISPLAY="bind_op add" ID="" IMPL="fabric" LATENCY="0" OPTYPE="add" PRAGMA="" RTLNAME="add_ln859_19_fu_2953_p2" SOURCE="C:/Xilinx/Vitis_HLS/2022.1/common/technology/autopilot\ap_fixed_base.h:859" VARIABLE="add_ln859_19" MODULE="cordic" LOOP="" BUNDLEDNAME="" DSP="0" BRAM="0" URAM="0"/>
	<BindNode BINDTYPE="op" DISPLAY="bind_op all" ID="" IMPL="tadder" LATENCY="0" OPTYPE="all" PRAGMA="" RTLNAME="sub_ln859_60_fu_2958_p2" SOURCE="C:/Xilinx/Vitis_HLS/2022.1/common/technology/autopilot\ap_fixed_base.h:859" VARIABLE="sub_ln859_60" MODULE="cordic" LOOP="" BUNDLEDNAME="" DSP="0" BRAM="0" URAM="0"/>
	<BindNode BINDTYPE="op" DISPLAY="bind_op all" ID="" IMPL="tadder" LATENCY="0" OPTYPE="all" PRAGMA="" RTLNAME="add_ln859_20_fu_2964_p2" SOURCE="C:/Xilinx/Vitis_HLS/2022.1/common/technology/autopilot\ap_fixed_base.h:859" VARIABLE="add_ln859_20" MODULE="cordic" LOOP="" BUNDLEDNAME="" DSP="0" BRAM="0" URAM="0"/>
	<BindNode BINDTYPE="op" DISPLAY="bind_op all" ID="" IMPL="tadder" LATENCY="0" OPTYPE="all" PRAGMA="" RTLNAME="sub_ln859_61_fu_3220_p2" SOURCE="C:/Xilinx/Vitis_HLS/2022.1/common/technology/autopilot\ap_fixed_base.h:859" VARIABLE="sub_ln859_61" MODULE="cordic" LOOP="" BUNDLEDNAME="" DSP="0" BRAM="0" URAM="0"/>
	<BindNode BINDTYPE="op" DISPLAY="bind_op all" ID="" IMPL="tadder" LATENCY="0" OPTYPE="all" PRAGMA="" RTLNAME="sub_ln859_62_fu_3225_p2" SOURCE="C:/Xilinx/Vitis_HLS/2022.1/common/technology/autopilot\ap_fixed_base.h:859" VARIABLE="sub_ln859_62" MODULE="cordic" LOOP="" BUNDLEDNAME="" DSP="0" BRAM="0" URAM="0"/>
	<BindNode BINDTYPE="op" DISPLAY="bind_op add" ID="" IMPL="fabric" LATENCY="0" OPTYPE="add" PRAGMA="" RTLNAME="add_ln859_63_fu_2591_p2" SOURCE="C:/Xilinx/Vitis_HLS/2022.1/common/technology/autopilot\ap_fixed_base.h:859" VARIABLE="add_ln859_63" MODULE="cordic" LOOP="" BUNDLEDNAME="" DSP="0" BRAM="0" URAM="0"/>
	<BindNode BINDTYPE="op" DISPLAY="bind_op all" ID="" IMPL="tadder" LATENCY="0" OPTYPE="all" PRAGMA="" RTLNAME="add_ln859_22_fu_3325_p2" SOURCE="C:/Xilinx/Vitis_HLS/2022.1/common/technology/autopilot\ap_fixed_base.h:859" VARIABLE="add_ln859_22" MODULE="cordic" LOOP="" BUNDLEDNAME="" DSP="0" BRAM="0" URAM="0"/>
	<BindNode BINDTYPE="op" DISPLAY="bind_op all" ID="" IMPL="tadder" LATENCY="0" OPTYPE="all" PRAGMA="" RTLNAME="sub_ln859_63_fu_3330_p2" SOURCE="C:/Xilinx/Vitis_HLS/2022.1/common/technology/autopilot\ap_fixed_base.h:859" VARIABLE="sub_ln859_63" MODULE="cordic" LOOP="" BUNDLEDNAME="" DSP="0" BRAM="0" URAM="0"/>
	<BindNode BINDTYPE="op" DISPLAY="bind_op add" ID="" IMPL="fabric" LATENCY="0" OPTYPE="add" PRAGMA="" RTLNAME="add_ln859_64_fu_2597_p2" SOURCE="C:/Xilinx/Vitis_HLS/2022.1/common/technology/autopilot\ap_fixed_base.h:859" VARIABLE="add_ln859_64" MODULE="cordic" LOOP="" BUNDLEDNAME="" DSP="0" BRAM="0" URAM="0"/>
	<BindNode BINDTYPE="op" DISPLAY="bind_op all" ID="" IMPL="tadder" LATENCY="0" OPTYPE="all" PRAGMA="" RTLNAME="add_ln859_24_fu_3376_p2" SOURCE="C:/Xilinx/Vitis_HLS/2022.1/common/technology/autopilot\ap_fixed_base.h:859" VARIABLE="add_ln859_24" MODULE="cordic" LOOP="" BUNDLEDNAME="" DSP="0" BRAM="0" URAM="0"/>
	<BindNode BINDTYPE="op" DISPLAY="bind_op all" ID="" IMPL="tadder" LATENCY="0" OPTYPE="all" PRAGMA="" RTLNAME="dat_out_V_1_fu_3381_p2" SOURCE="C:/Xilinx/Vitis_HLS/2022.1/common/technology/autopilot\ap_fixed_base.h:859" VARIABLE="dat_out_V_1" MODULE="cordic" LOOP="" BUNDLEDNAME="" DSP="0" BRAM="0" URAM="0"/>
	<BindNode BINDTYPE="op" DISPLAY="bind_op add" ID="" IMPL="fabric" LATENCY="0" OPTYPE="add" PRAGMA="" RTLNAME="add_ln859_65_fu_2747_p2" SOURCE="C:/Xilinx/Vitis_HLS/2022.1/common/technology/autopilot\ap_fixed_base.h:859" VARIABLE="add_ln859_65" MODULE="cordic" LOOP="" BUNDLEDNAME="" DSP="0" BRAM="0" URAM="0"/>
	<BindNode BINDTYPE="op" DISPLAY="bind_op add" ID="" IMPL="fabric" LATENCY="0" OPTYPE="add" PRAGMA="" RTLNAME="add_ln859_26_fu_2979_p2" SOURCE="C:/Xilinx/Vitis_HLS/2022.1/common/technology/autopilot\ap_fixed_base.h:859" VARIABLE="add_ln859_26" MODULE="cordic" LOOP="" BUNDLEDNAME="" DSP="0" BRAM="0" URAM="0"/>
	<BindNode BINDTYPE="op" DISPLAY="bind_op all" ID="" IMPL="tadder" LATENCY="0" OPTYPE="all" PRAGMA="" RTLNAME="sub_ln859_65_fu_2984_p2" SOURCE="C:/Xilinx/Vitis_HLS/2022.1/common/technology/autopilot\ap_fixed_base.h:859" VARIABLE="sub_ln859_65" MODULE="cordic" LOOP="" BUNDLEDNAME="" DSP="0" BRAM="0" URAM="0"/>
	<BindNode BINDTYPE="op" DISPLAY="bind_op all" ID="" IMPL="tadder" LATENCY="0" OPTYPE="all" PRAGMA="" RTLNAME="add_ln859_27_fu_2990_p2" SOURCE="C:/Xilinx/Vitis_HLS/2022.1/common/technology/autopilot\ap_fixed_base.h:859" VARIABLE="add_ln859_27" MODULE="cordic" LOOP="" BUNDLEDNAME="" DSP="0" BRAM="0" URAM="0"/>
	<BindNode BINDTYPE="op" DISPLAY="bind_op all" ID="" IMPL="tadder" LATENCY="0" OPTYPE="all" PRAGMA="" RTLNAME="sub_ln859_66_fu_3237_p2" SOURCE="C:/Xilinx/Vitis_HLS/2022.1/common/technology/autopilot\ap_fixed_base.h:859" VARIABLE="sub_ln859_66" MODULE="cordic" LOOP="" BUNDLEDNAME="" DSP="0" BRAM="0" URAM="0"/>
	<BindNode BINDTYPE="op" DISPLAY="bind_op all" ID="" IMPL="tadder" LATENCY="0" OPTYPE="all" PRAGMA="" RTLNAME="sub_ln859_67_fu_3242_p2" SOURCE="C:/Xilinx/Vitis_HLS/2022.1/common/technology/autopilot\ap_fixed_base.h:859" VARIABLE="sub_ln859_67" MODULE="cordic" LOOP="" BUNDLEDNAME="" DSP="0" BRAM="0" URAM="0"/>
	<BindNode BINDTYPE="op" DISPLAY="bind_op add" ID="" IMPL="fabric" LATENCY="0" OPTYPE="add" PRAGMA="" RTLNAME="add_ln859_66_fu_2753_p2" SOURCE="C:/Xilinx/Vitis_HLS/2022.1/common/technology/autopilot\ap_fixed_base.h:859" VARIABLE="add_ln859_66" MODULE="cordic" LOOP="" BUNDLEDNAME="" DSP="0" BRAM="0" URAM="0"/>
	<BindNode BINDTYPE="op" DISPLAY="bind_op all" ID="" IMPL="tadder" LATENCY="0" OPTYPE="all" PRAGMA="" RTLNAME="add_ln859_29_fu_3342_p2" SOURCE="C:/Xilinx/Vitis_HLS/2022.1/common/technology/autopilot\ap_fixed_base.h:859" VARIABLE="add_ln859_29" MODULE="cordic" LOOP="" BUNDLEDNAME="" DSP="0" BRAM="0" URAM="0"/>
	<BindNode BINDTYPE="op" DISPLAY="bind_op all" ID="" IMPL="tadder" LATENCY="0" OPTYPE="all" PRAGMA="" RTLNAME="sub_ln859_68_fu_3347_p2" SOURCE="C:/Xilinx/Vitis_HLS/2022.1/common/technology/autopilot\ap_fixed_base.h:859" VARIABLE="sub_ln859_68" MODULE="cordic" LOOP="" BUNDLEDNAME="" DSP="0" BRAM="0" URAM="0"/>
	<BindNode BINDTYPE="op" DISPLAY="bind_op add" ID="" IMPL="fabric" LATENCY="0" OPTYPE="add" PRAGMA="" RTLNAME="add_ln859_67_fu_2759_p2" SOURCE="C:/Xilinx/Vitis_HLS/2022.1/common/technology/autopilot\ap_fixed_base.h:859" VARIABLE="add_ln859_67" MODULE="cordic" LOOP="" BUNDLEDNAME="" DSP="0" BRAM="0" URAM="0"/>
	<BindNode BINDTYPE="op" DISPLAY="bind_op all" ID="" IMPL="tadder" LATENCY="0" OPTYPE="all" PRAGMA="" RTLNAME="add_ln859_31_fu_3394_p2" SOURCE="C:/Xilinx/Vitis_HLS/2022.1/common/technology/autopilot\ap_fixed_base.h:859" VARIABLE="add_ln859_31" MODULE="cordic" LOOP="" BUNDLEDNAME="" DSP="0" BRAM="0" URAM="0"/>
	<BindNode BINDTYPE="op" DISPLAY="bind_op all" ID="" IMPL="tadder" LATENCY="0" OPTYPE="all" PRAGMA="" RTLNAME="dat_out_V_2_fu_3399_p2" SOURCE="C:/Xilinx/Vitis_HLS/2022.1/common/technology/autopilot\ap_fixed_base.h:859" VARIABLE="dat_out_V_2" MODULE="cordic" LOOP="" BUNDLEDNAME="" DSP="0" BRAM="0" URAM="0"/>
	<BindNode BINDTYPE="op" DISPLAY="bind_op sub" ID="" IMPL="fabric" LATENCY="0" OPTYPE="sub" PRAGMA="" RTLNAME="sub_ln859_6_fu_3424_p2" SOURCE="C:/Xilinx/Vitis_HLS/2022.1/common/technology/autopilot\ap_fixed_base.h:859" VARIABLE="sub_ln859_6" MODULE="cordic" LOOP="" BUNDLEDNAME="" DSP="0" BRAM="0" URAM="0"/>
	<BindNode BINDTYPE="op" DISPLAY="bind_op sub" ID="" IMPL="fabric" LATENCY="0" OPTYPE="sub" PRAGMA="" RTLNAME="sub_ln859_7_fu_3430_p2" SOURCE="C:/Xilinx/Vitis_HLS/2022.1/common/technology/autopilot\ap_fixed_base.h:859" VARIABLE="sub_ln859_7" MODULE="cordic" LOOP="" BUNDLEDNAME="" DSP="0" BRAM="0" URAM="0"/>
	<BindNode BINDTYPE="op" DISPLAY="bind_op sub" ID="" IMPL="fabric" LATENCY="0" OPTYPE="sub" PRAGMA="" RTLNAME="current_x_V_fu_691_p2" SOURCE="C:/Xilinx/Vitis_HLS/2022.1/common/technology/autopilot\ap_fixed_base.h:859" VARIABLE="current_x_V" MODULE="cordic" LOOP="" BUNDLEDNAME="" DSP="0" BRAM="0" URAM="0"/>
	<BindNode BINDTYPE="op" DISPLAY="bind_op select" ID="" IMPL="auto_sel" LATENCY="0" OPTYPE="select" PRAGMA="" RTLNAME="r_V_69_fu_696_p3" SOURCE="source_files/cordic_fixed.cpp:65" VARIABLE="r_V_69" MODULE="cordic" LOOP="" BUNDLEDNAME="" DSP="0" BRAM="0" URAM="0"/>
	<BindNode BINDTYPE="op" DISPLAY="bind_op sub" ID="" IMPL="fabric" LATENCY="0" OPTYPE="sub" PRAGMA="" RTLNAME="current_y_V_fu_710_p2" SOURCE="C:/Xilinx/Vitis_HLS/2022.1/common/technology/autopilot\ap_fixed_base.h:859" VARIABLE="current_y_V" MODULE="cordic" LOOP="" BUNDLEDNAME="" DSP="0" BRAM="0" URAM="0"/>
	<BindNode BINDTYPE="op" DISPLAY="bind_op select" ID="" IMPL="auto_sel" LATENCY="0" OPTYPE="select" PRAGMA="" RTLNAME="current_y_V_69_fu_715_p3" SOURCE="source_files/cordic_fixed.cpp:74" VARIABLE="current_y_V_69" MODULE="cordic" LOOP="" BUNDLEDNAME="" DSP="0" BRAM="0" URAM="0"/>
	<BindNode BINDTYPE="op" DISPLAY="bind_op add" ID="" IMPL="fabric" LATENCY="0" OPTYPE="add" PRAGMA="" RTLNAME="current_x_V_71_fu_730_p2" SOURCE="C:/Xilinx/Vitis_HLS/2022.1/common/technology/autopilot\ap_fixed_base.h:859" VARIABLE="current_x_V_71" MODULE="cordic" LOOP="" BUNDLEDNAME="" DSP="0" BRAM="0" URAM="0"/>
	<BindNode BINDTYPE="op" DISPLAY="bind_op sub" ID="" IMPL="fabric" LATENCY="0" OPTYPE="sub" PRAGMA="" RTLNAME="current_y_V_2_fu_736_p2" SOURCE="C:/Xilinx/Vitis_HLS/2022.1/common/technology/autopilot\ap_fixed_base.h:859" VARIABLE="current_y_V_2" MODULE="cordic" LOOP="" BUNDLEDNAME="" DSP="0" BRAM="0" URAM="0"/>
	<BindNode BINDTYPE="op" DISPLAY="bind_op sub" ID="" IMPL="fabric" LATENCY="0" OPTYPE="sub" PRAGMA="" RTLNAME="current_x_V_2_fu_742_p2" SOURCE="C:/Xilinx/Vitis_HLS/2022.1/common/technology/autopilot\ap_fixed_base.h:859" VARIABLE="current_x_V_2" MODULE="cordic" LOOP="" BUNDLEDNAME="" DSP="0" BRAM="0" URAM="0"/>
	<BindNode BINDTYPE="op" DISPLAY="bind_op select" ID="" IMPL="auto_sel" LATENCY="0" OPTYPE="select" PRAGMA="" RTLNAME="select_ln90_fu_975_p3" SOURCE="source_files/cordic_fixed.cpp:90" VARIABLE="select_ln90" MODULE="cordic" LOOP="" BUNDLEDNAME="" DSP="0" BRAM="0" URAM="0"/>
	<BindNode BINDTYPE="op" DISPLAY="bind_op select" ID="" IMPL="auto_sel" LATENCY="0" OPTYPE="select" PRAGMA="" RTLNAME="select_ln90_1_fu_980_p3" SOURCE="source_files/cordic_fixed.cpp:90" VARIABLE="select_ln90_1" MODULE="cordic" LOOP="" BUNDLEDNAME="" DSP="0" BRAM="0" URAM="0"/>
	<BindNode BINDTYPE="op" DISPLAY="bind_op add" ID="" IMPL="fabric" LATENCY="0" OPTYPE="add" PRAGMA="" RTLNAME="current_x_V_3_fu_1021_p2" SOURCE="C:/Xilinx/Vitis_HLS/2022.1/common/technology/autopilot\ap_fixed_base.h:859" VARIABLE="current_x_V_3" MODULE="cordic" LOOP="" BUNDLEDNAME="" DSP="0" BRAM="0" URAM="0"/>
	<BindNode BINDTYPE="op" DISPLAY="bind_op sub" ID="" IMPL="fabric" LATENCY="0" OPTYPE="sub" PRAGMA="" RTLNAME="current_y_V_4_fu_1027_p2" SOURCE="C:/Xilinx/Vitis_HLS/2022.1/common/technology/autopilot\ap_fixed_base.h:859" VARIABLE="current_y_V_4" MODULE="cordic" LOOP="" BUNDLEDNAME="" DSP="0" BRAM="0" URAM="0"/>
	<BindNode BINDTYPE="op" DISPLAY="bind_op select" ID="" IMPL="auto_sel" LATENCY="0" OPTYPE="select" PRAGMA="" RTLNAME="theta_in_V_fu_2765_p3" SOURCE="C:/Xilinx/Vitis_HLS/2022.1/common/technology/autopilot\ap_fixed_base.h:1393" VARIABLE="theta_in_V" MODULE="cordic" LOOP="" BUNDLEDNAME="" DSP="0" BRAM="0" URAM="0"/>
	<BindNode BINDTYPE="op" DISPLAY="bind_op sub" ID="" IMPL="fabric" LATENCY="0" OPTYPE="sub" PRAGMA="" RTLNAME="current_x_V_4_fu_1033_p2" SOURCE="C:/Xilinx/Vitis_HLS/2022.1/common/technology/autopilot\ap_fixed_base.h:859" VARIABLE="current_x_V_4" MODULE="cordic" LOOP="" BUNDLEDNAME="" DSP="0" BRAM="0" URAM="0"/>
	<BindNode BINDTYPE="op" DISPLAY="bind_op add" ID="" IMPL="fabric" LATENCY="0" OPTYPE="add" PRAGMA="" RTLNAME="current_y_V_5_fu_1039_p2" SOURCE="C:/Xilinx/Vitis_HLS/2022.1/common/technology/autopilot\ap_fixed_base.h:859" VARIABLE="current_y_V_5" MODULE="cordic" LOOP="" BUNDLEDNAME="" DSP="0" BRAM="0" URAM="0"/>
	<BindNode BINDTYPE="op" DISPLAY="bind_op select" ID="" IMPL="auto_sel" LATENCY="0" OPTYPE="select" PRAGMA="" RTLNAME="theta_in_V_1_fu_2772_p3" SOURCE="C:/Xilinx/Vitis_HLS/2022.1/common/technology/autopilot\ap_fixed_base.h:859" VARIABLE="theta_in_V_1" MODULE="cordic" LOOP="" BUNDLEDNAME="" DSP="0" BRAM="0" URAM="0"/>
	<BindNode BINDTYPE="op" DISPLAY="bind_op select" ID="" IMPL="auto_sel" LATENCY="0" OPTYPE="select" PRAGMA="" RTLNAME="current_x_V_5_fu_1045_p3" SOURCE="C:/Xilinx/Vitis_HLS/2022.1/common/technology/autopilot\ap_fixed_base.h:1697" VARIABLE="current_x_V_5" MODULE="cordic" LOOP="" BUNDLEDNAME="" DSP="0" BRAM="0" URAM="0"/>
	<BindNode BINDTYPE="op" DISPLAY="bind_op select" ID="" IMPL="auto_sel" LATENCY="0" OPTYPE="select" PRAGMA="" RTLNAME="current_y_V_6_fu_1053_p3" SOURCE="C:/Xilinx/Vitis_HLS/2022.1/common/technology/autopilot\ap_fixed_base.h:1697" VARIABLE="current_y_V_6" MODULE="cordic" LOOP="" BUNDLEDNAME="" DSP="0" BRAM="0" URAM="0"/>
	<BindNode BINDTYPE="op" DISPLAY="bind_op select" ID="" IMPL="auto_sel" LATENCY="0" OPTYPE="select" PRAGMA="" RTLNAME="theta_in_V_2_fu_2779_p3" SOURCE="C:/Xilinx/Vitis_HLS/2022.1/common/technology/autopilot\ap_fixed_base.h:1697" VARIABLE="theta_in_V_2" MODULE="cordic" LOOP="" BUNDLEDNAME="" DSP="0" BRAM="0" URAM="0"/>
	<BindNode BINDTYPE="op" DISPLAY="bind_op add" ID="" IMPL="fabric" LATENCY="0" OPTYPE="add" PRAGMA="" RTLNAME="current_x_V_6_fu_1097_p2" SOURCE="C:/Xilinx/Vitis_HLS/2022.1/common/technology/autopilot\ap_fixed_base.h:859" VARIABLE="current_x_V_6" MODULE="cordic" LOOP="" BUNDLEDNAME="" DSP="0" BRAM="0" URAM="0"/>
	<BindNode BINDTYPE="op" DISPLAY="bind_op sub" ID="" IMPL="fabric" LATENCY="0" OPTYPE="sub" PRAGMA="" RTLNAME="current_y_V_7_fu_1103_p2" SOURCE="C:/Xilinx/Vitis_HLS/2022.1/common/technology/autopilot\ap_fixed_base.h:859" VARIABLE="current_y_V_7" MODULE="cordic" LOOP="" BUNDLEDNAME="" DSP="0" BRAM="0" URAM="0"/>
	<BindNode BINDTYPE="op" DISPLAY="bind_op sub" ID="" IMPL="fabric" LATENCY="0" OPTYPE="sub" PRAGMA="" RTLNAME="current_x_V_7_fu_1109_p2" SOURCE="C:/Xilinx/Vitis_HLS/2022.1/common/technology/autopilot\ap_fixed_base.h:859" VARIABLE="current_x_V_7" MODULE="cordic" LOOP="" BUNDLEDNAME="" DSP="0" BRAM="0" URAM="0"/>
	<BindNode BINDTYPE="op" DISPLAY="bind_op add" ID="" IMPL="fabric" LATENCY="0" OPTYPE="add" PRAGMA="" RTLNAME="current_y_V_8_fu_1115_p2" SOURCE="C:/Xilinx/Vitis_HLS/2022.1/common/technology/autopilot\ap_fixed_base.h:859" VARIABLE="current_y_V_8" MODULE="cordic" LOOP="" BUNDLEDNAME="" DSP="0" BRAM="0" URAM="0"/>
	<BindNode BINDTYPE="op" DISPLAY="bind_op select" ID="" IMPL="auto_sel" LATENCY="0" OPTYPE="select" PRAGMA="" RTLNAME="current_x_V_8_fu_1121_p3" SOURCE="C:/Xilinx/Vitis_HLS/2022.1/common/technology/autopilot\ap_fixed_base.h:1697" VARIABLE="current_x_V_8" MODULE="cordic" LOOP="" BUNDLEDNAME="" DSP="0" BRAM="0" URAM="0"/>
	<BindNode BINDTYPE="op" DISPLAY="bind_op select" ID="" IMPL="auto_sel" LATENCY="0" OPTYPE="select" PRAGMA="" RTLNAME="current_y_V_9_fu_1299_p3" SOURCE="C:/Xilinx/Vitis_HLS/2022.1/common/technology/autopilot\ap_fixed_base.h:1697" VARIABLE="current_y_V_9" MODULE="cordic" LOOP="" BUNDLEDNAME="" DSP="0" BRAM="0" URAM="0"/>
	<BindNode BINDTYPE="op" DISPLAY="bind_op select" ID="" IMPL="auto_sel" LATENCY="0" OPTYPE="select" PRAGMA="" RTLNAME="select_ln1534_fu_1311_p3" SOURCE="C:/Xilinx/Vitis_HLS/2022.1/common/technology/autopilot\ap_fixed_base.h:1534" VARIABLE="select_ln1534" MODULE="cordic" LOOP="" BUNDLEDNAME="" DSP="0" BRAM="0" URAM="0"/>
	<BindNode BINDTYPE="op" DISPLAY="bind_op add" ID="" IMPL="fabric" LATENCY="0" OPTYPE="add" PRAGMA="" RTLNAME="current_x_V_9_fu_1344_p2" SOURCE="C:/Xilinx/Vitis_HLS/2022.1/common/technology/autopilot\ap_fixed_base.h:859" VARIABLE="current_x_V_9" MODULE="cordic" LOOP="" BUNDLEDNAME="" DSP="0" BRAM="0" URAM="0"/>
	<BindNode BINDTYPE="op" DISPLAY="bind_op sub" ID="" IMPL="fabric" LATENCY="0" OPTYPE="sub" PRAGMA="" RTLNAME="current_y_V_10_fu_1349_p2" SOURCE="C:/Xilinx/Vitis_HLS/2022.1/common/technology/autopilot\ap_fixed_base.h:859" VARIABLE="current_y_V_10" MODULE="cordic" LOOP="" BUNDLEDNAME="" DSP="0" BRAM="0" URAM="0"/>
	<BindNode BINDTYPE="op" DISPLAY="bind_op sub" ID="" IMPL="fabric" LATENCY="0" OPTYPE="sub" PRAGMA="" RTLNAME="current_x_V_10_fu_1355_p2" SOURCE="C:/Xilinx/Vitis_HLS/2022.1/common/technology/autopilot\ap_fixed_base.h:859" VARIABLE="current_x_V_10" MODULE="cordic" LOOP="" BUNDLEDNAME="" DSP="0" BRAM="0" URAM="0"/>
	<BindNode BINDTYPE="op" DISPLAY="bind_op add" ID="" IMPL="fabric" LATENCY="0" OPTYPE="add" PRAGMA="" RTLNAME="current_y_V_11_fu_1360_p2" SOURCE="C:/Xilinx/Vitis_HLS/2022.1/common/technology/autopilot\ap_fixed_base.h:859" VARIABLE="current_y_V_11" MODULE="cordic" LOOP="" BUNDLEDNAME="" DSP="0" BRAM="0" URAM="0"/>
	<BindNode BINDTYPE="op" DISPLAY="bind_op select" ID="" IMPL="auto_sel" LATENCY="0" OPTYPE="select" PRAGMA="" RTLNAME="current_x_V_11_fu_1366_p3" SOURCE="C:/Xilinx/Vitis_HLS/2022.1/common/technology/autopilot\ap_fixed_base.h:1697" VARIABLE="current_x_V_11" MODULE="cordic" LOOP="" BUNDLEDNAME="" DSP="0" BRAM="0" URAM="0"/>
	<BindNode BINDTYPE="op" DISPLAY="bind_op select" ID="" IMPL="auto_sel" LATENCY="0" OPTYPE="select" PRAGMA="" RTLNAME="current_y_V_12_fu_1374_p3" SOURCE="C:/Xilinx/Vitis_HLS/2022.1/common/technology/autopilot\ap_fixed_base.h:1697" VARIABLE="current_y_V_12" MODULE="cordic" LOOP="" BUNDLEDNAME="" DSP="0" BRAM="0" URAM="0"/>
	<BindNode BINDTYPE="op" DISPLAY="bind_op select" ID="" IMPL="auto_sel" LATENCY="0" OPTYPE="select" PRAGMA="" RTLNAME="select_ln1534_1_fu_1390_p3" SOURCE="C:/Xilinx/Vitis_HLS/2022.1/common/technology/autopilot\ap_fixed_base.h:1534" VARIABLE="select_ln1534_1" MODULE="cordic" LOOP="" BUNDLEDNAME="" DSP="0" BRAM="0" URAM="0"/>
	<BindNode BINDTYPE="op" DISPLAY="bind_op add" ID="" IMPL="fabric" LATENCY="0" OPTYPE="add" PRAGMA="" RTLNAME="current_x_V_12_fu_1434_p2" SOURCE="C:/Xilinx/Vitis_HLS/2022.1/common/technology/autopilot\ap_fixed_base.h:859" VARIABLE="current_x_V_12" MODULE="cordic" LOOP="" BUNDLEDNAME="" DSP="0" BRAM="0" URAM="0"/>
	<BindNode BINDTYPE="op" DISPLAY="bind_op sub" ID="" IMPL="fabric" LATENCY="0" OPTYPE="sub" PRAGMA="" RTLNAME="current_y_V_13_fu_1440_p2" SOURCE="C:/Xilinx/Vitis_HLS/2022.1/common/technology/autopilot\ap_fixed_base.h:859" VARIABLE="current_y_V_13" MODULE="cordic" LOOP="" BUNDLEDNAME="" DSP="0" BRAM="0" URAM="0"/>
	<BindNode BINDTYPE="op" DISPLAY="bind_op sub" ID="" IMPL="fabric" LATENCY="0" OPTYPE="sub" PRAGMA="" RTLNAME="current_x_V_13_fu_1446_p2" SOURCE="C:/Xilinx/Vitis_HLS/2022.1/common/technology/autopilot\ap_fixed_base.h:859" VARIABLE="current_x_V_13" MODULE="cordic" LOOP="" BUNDLEDNAME="" DSP="0" BRAM="0" URAM="0"/>
	<BindNode BINDTYPE="op" DISPLAY="bind_op add" ID="" IMPL="fabric" LATENCY="0" OPTYPE="add" PRAGMA="" RTLNAME="current_y_V_14_fu_1452_p2" SOURCE="C:/Xilinx/Vitis_HLS/2022.1/common/technology/autopilot\ap_fixed_base.h:859" VARIABLE="current_y_V_14" MODULE="cordic" LOOP="" BUNDLEDNAME="" DSP="0" BRAM="0" URAM="0"/>
	<BindNode BINDTYPE="op" DISPLAY="bind_op select" ID="" IMPL="auto_sel" LATENCY="0" OPTYPE="select" PRAGMA="" RTLNAME="current_x_V_14_fu_1458_p3" SOURCE="C:/Xilinx/Vitis_HLS/2022.1/common/technology/autopilot\ap_fixed_base.h:1697" VARIABLE="current_x_V_14" MODULE="cordic" LOOP="" BUNDLEDNAME="" DSP="0" BRAM="0" URAM="0"/>
	<BindNode BINDTYPE="op" DISPLAY="bind_op select" ID="" IMPL="auto_sel" LATENCY="0" OPTYPE="select" PRAGMA="" RTLNAME="current_y_V_15_fu_1466_p3" SOURCE="C:/Xilinx/Vitis_HLS/2022.1/common/technology/autopilot\ap_fixed_base.h:1697" VARIABLE="current_y_V_15" MODULE="cordic" LOOP="" BUNDLEDNAME="" DSP="0" BRAM="0" URAM="0"/>
	<BindNode BINDTYPE="op" DISPLAY="bind_op select" ID="" IMPL="auto_sel" LATENCY="0" OPTYPE="select" PRAGMA="" RTLNAME="select_ln1534_2_fu_1482_p3" SOURCE="C:/Xilinx/Vitis_HLS/2022.1/common/technology/autopilot\ap_fixed_base.h:1534" VARIABLE="select_ln1534_2" MODULE="cordic" LOOP="" BUNDLEDNAME="" DSP="0" BRAM="0" URAM="0"/>
	<BindNode BINDTYPE="op" DISPLAY="bind_op add" ID="" IMPL="fabric" LATENCY="0" OPTYPE="add" PRAGMA="" RTLNAME="current_x_V_15_fu_1708_p2" SOURCE="C:/Xilinx/Vitis_HLS/2022.1/common/technology/autopilot\ap_fixed_base.h:859" VARIABLE="current_x_V_15" MODULE="cordic" LOOP="" BUNDLEDNAME="" DSP="0" BRAM="0" URAM="0"/>
	<BindNode BINDTYPE="op" DISPLAY="bind_op sub" ID="" IMPL="fabric" LATENCY="0" OPTYPE="sub" PRAGMA="" RTLNAME="current_y_V_16_fu_1713_p2" SOURCE="C:/Xilinx/Vitis_HLS/2022.1/common/technology/autopilot\ap_fixed_base.h:859" VARIABLE="current_y_V_16" MODULE="cordic" LOOP="" BUNDLEDNAME="" DSP="0" BRAM="0" URAM="0"/>
	<BindNode BINDTYPE="op" DISPLAY="bind_op sub" ID="" IMPL="fabric" LATENCY="0" OPTYPE="sub" PRAGMA="" RTLNAME="current_x_V_16_fu_1718_p2" SOURCE="C:/Xilinx/Vitis_HLS/2022.1/common/technology/autopilot\ap_fixed_base.h:859" VARIABLE="current_x_V_16" MODULE="cordic" LOOP="" BUNDLEDNAME="" DSP="0" BRAM="0" URAM="0"/>
	<BindNode BINDTYPE="op" DISPLAY="bind_op add" ID="" IMPL="fabric" LATENCY="0" OPTYPE="add" PRAGMA="" RTLNAME="current_y_V_17_fu_1723_p2" SOURCE="C:/Xilinx/Vitis_HLS/2022.1/common/technology/autopilot\ap_fixed_base.h:859" VARIABLE="current_y_V_17" MODULE="cordic" LOOP="" BUNDLEDNAME="" DSP="0" BRAM="0" URAM="0"/>
	<BindNode BINDTYPE="op" DISPLAY="bind_op select" ID="" IMPL="auto_sel" LATENCY="0" OPTYPE="select" PRAGMA="" RTLNAME="current_x_V_17_fu_1728_p3" SOURCE="C:/Xilinx/Vitis_HLS/2022.1/common/technology/autopilot\ap_fixed_base.h:1697" VARIABLE="current_x_V_17" MODULE="cordic" LOOP="" BUNDLEDNAME="" DSP="0" BRAM="0" URAM="0"/>
	<BindNode BINDTYPE="op" DISPLAY="bind_op select" ID="" IMPL="auto_sel" LATENCY="0" OPTYPE="select" PRAGMA="" RTLNAME="current_y_V_18_fu_1735_p3" SOURCE="C:/Xilinx/Vitis_HLS/2022.1/common/technology/autopilot\ap_fixed_base.h:1697" VARIABLE="current_y_V_18" MODULE="cordic" LOOP="" BUNDLEDNAME="" DSP="0" BRAM="0" URAM="0"/>
	<BindNode BINDTYPE="op" DISPLAY="bind_op select" ID="" IMPL="auto_sel" LATENCY="0" OPTYPE="select" PRAGMA="" RTLNAME="select_ln1534_3_fu_2786_p3" SOURCE="C:/Xilinx/Vitis_HLS/2022.1/common/technology/autopilot\ap_fixed_base.h:1534" VARIABLE="select_ln1534_3" MODULE="cordic" LOOP="" BUNDLEDNAME="" DSP="0" BRAM="0" URAM="0"/>
	<BindNode BINDTYPE="op" DISPLAY="bind_op add" ID="" IMPL="fabric" LATENCY="0" OPTYPE="add" PRAGMA="" RTLNAME="current_x_V_18_fu_1778_p2" SOURCE="C:/Xilinx/Vitis_HLS/2022.1/common/technology/autopilot\ap_fixed_base.h:859" VARIABLE="current_x_V_18" MODULE="cordic" LOOP="" BUNDLEDNAME="" DSP="0" BRAM="0" URAM="0"/>
	<BindNode BINDTYPE="op" DISPLAY="bind_op sub" ID="" IMPL="fabric" LATENCY="0" OPTYPE="sub" PRAGMA="" RTLNAME="current_y_V_19_fu_1784_p2" SOURCE="C:/Xilinx/Vitis_HLS/2022.1/common/technology/autopilot\ap_fixed_base.h:859" VARIABLE="current_y_V_19" MODULE="cordic" LOOP="" BUNDLEDNAME="" DSP="0" BRAM="0" URAM="0"/>
	<BindNode BINDTYPE="op" DISPLAY="bind_op sub" ID="" IMPL="fabric" LATENCY="0" OPTYPE="sub" PRAGMA="" RTLNAME="current_x_V_19_fu_1790_p2" SOURCE="C:/Xilinx/Vitis_HLS/2022.1/common/technology/autopilot\ap_fixed_base.h:859" VARIABLE="current_x_V_19" MODULE="cordic" LOOP="" BUNDLEDNAME="" DSP="0" BRAM="0" URAM="0"/>
	<BindNode BINDTYPE="op" DISPLAY="bind_op add" ID="" IMPL="fabric" LATENCY="0" OPTYPE="add" PRAGMA="" RTLNAME="current_y_V_20_fu_1796_p2" SOURCE="C:/Xilinx/Vitis_HLS/2022.1/common/technology/autopilot\ap_fixed_base.h:859" VARIABLE="current_y_V_20" MODULE="cordic" LOOP="" BUNDLEDNAME="" DSP="0" BRAM="0" URAM="0"/>
	<BindNode BINDTYPE="op" DISPLAY="bind_op select" ID="" IMPL="auto_sel" LATENCY="0" OPTYPE="select" PRAGMA="" RTLNAME="current_x_V_20_fu_1802_p3" SOURCE="C:/Xilinx/Vitis_HLS/2022.1/common/technology/autopilot\ap_fixed_base.h:1697" VARIABLE="current_x_V_20" MODULE="cordic" LOOP="" BUNDLEDNAME="" DSP="0" BRAM="0" URAM="0"/>
	<BindNode BINDTYPE="op" DISPLAY="bind_op select" ID="" IMPL="auto_sel" LATENCY="0" OPTYPE="select" PRAGMA="" RTLNAME="current_y_V_21_fu_1810_p3" SOURCE="C:/Xilinx/Vitis_HLS/2022.1/common/technology/autopilot\ap_fixed_base.h:1697" VARIABLE="current_y_V_21" MODULE="cordic" LOOP="" BUNDLEDNAME="" DSP="0" BRAM="0" URAM="0"/>
	<BindNode BINDTYPE="op" DISPLAY="bind_op select" ID="" IMPL="auto_sel" LATENCY="0" OPTYPE="select" PRAGMA="" RTLNAME="select_ln1534_4_fu_2793_p3" SOURCE="C:/Xilinx/Vitis_HLS/2022.1/common/technology/autopilot\ap_fixed_base.h:1534" VARIABLE="select_ln1534_4" MODULE="cordic" LOOP="" BUNDLEDNAME="" DSP="0" BRAM="0" URAM="0"/>
	<BindNode BINDTYPE="op" DISPLAY="bind_op add" ID="" IMPL="fabric" LATENCY="0" OPTYPE="add" PRAGMA="" RTLNAME="current_x_V_21_fu_2022_p2" SOURCE="C:/Xilinx/Vitis_HLS/2022.1/common/technology/autopilot\ap_fixed_base.h:859" VARIABLE="current_x_V_21" MODULE="cordic" LOOP="" BUNDLEDNAME="" DSP="0" BRAM="0" URAM="0"/>
	<BindNode BINDTYPE="op" DISPLAY="bind_op sub" ID="" IMPL="fabric" LATENCY="0" OPTYPE="sub" PRAGMA="" RTLNAME="current_y_V_22_fu_2027_p2" SOURCE="C:/Xilinx/Vitis_HLS/2022.1/common/technology/autopilot\ap_fixed_base.h:859" VARIABLE="current_y_V_22" MODULE="cordic" LOOP="" BUNDLEDNAME="" DSP="0" BRAM="0" URAM="0"/>
	<BindNode BINDTYPE="op" DISPLAY="bind_op sub" ID="" IMPL="fabric" LATENCY="0" OPTYPE="sub" PRAGMA="" RTLNAME="current_x_V_22_fu_2032_p2" SOURCE="C:/Xilinx/Vitis_HLS/2022.1/common/technology/autopilot\ap_fixed_base.h:859" VARIABLE="current_x_V_22" MODULE="cordic" LOOP="" BUNDLEDNAME="" DSP="0" BRAM="0" URAM="0"/>
	<BindNode BINDTYPE="op" DISPLAY="bind_op add" ID="" IMPL="fabric" LATENCY="0" OPTYPE="add" PRAGMA="" RTLNAME="current_y_V_23_fu_2037_p2" SOURCE="C:/Xilinx/Vitis_HLS/2022.1/common/technology/autopilot\ap_fixed_base.h:859" VARIABLE="current_y_V_23" MODULE="cordic" LOOP="" BUNDLEDNAME="" DSP="0" BRAM="0" URAM="0"/>
	<BindNode BINDTYPE="op" DISPLAY="bind_op select" ID="" IMPL="auto_sel" LATENCY="0" OPTYPE="select" PRAGMA="" RTLNAME="current_x_V_23_fu_2042_p3" SOURCE="C:/Xilinx/Vitis_HLS/2022.1/common/technology/autopilot\ap_fixed_base.h:1697" VARIABLE="current_x_V_23" MODULE="cordic" LOOP="" BUNDLEDNAME="" DSP="0" BRAM="0" URAM="0"/>
	<BindNode BINDTYPE="op" DISPLAY="bind_op select" ID="" IMPL="auto_sel" LATENCY="0" OPTYPE="select" PRAGMA="" RTLNAME="current_y_V_24_fu_2163_p3" SOURCE="C:/Xilinx/Vitis_HLS/2022.1/common/technology/autopilot\ap_fixed_base.h:1697" VARIABLE="current_y_V_24" MODULE="cordic" LOOP="" BUNDLEDNAME="" DSP="0" BRAM="0" URAM="0"/>
	<BindNode BINDTYPE="op" DISPLAY="bind_op select" ID="" IMPL="auto_sel" LATENCY="0" OPTYPE="select" PRAGMA="" RTLNAME="select_ln1534_5_fu_2807_p3" SOURCE="C:/Xilinx/Vitis_HLS/2022.1/common/technology/autopilot\ap_fixed_base.h:1534" VARIABLE="select_ln1534_5" MODULE="cordic" LOOP="" BUNDLEDNAME="" DSP="0" BRAM="0" URAM="0"/>
	<BindNode BINDTYPE="op" DISPLAY="bind_op add" ID="" IMPL="fabric" LATENCY="0" OPTYPE="add" PRAGMA="" RTLNAME="current_x_V_24_fu_2193_p2" SOURCE="C:/Xilinx/Vitis_HLS/2022.1/common/technology/autopilot\ap_fixed_base.h:859" VARIABLE="current_x_V_24" MODULE="cordic" LOOP="" BUNDLEDNAME="" DSP="0" BRAM="0" URAM="0"/>
	<BindNode BINDTYPE="op" DISPLAY="bind_op sub" ID="" IMPL="fabric" LATENCY="0" OPTYPE="sub" PRAGMA="" RTLNAME="current_y_V_25_fu_2198_p2" SOURCE="C:/Xilinx/Vitis_HLS/2022.1/common/technology/autopilot\ap_fixed_base.h:859" VARIABLE="current_y_V_25" MODULE="cordic" LOOP="" BUNDLEDNAME="" DSP="0" BRAM="0" URAM="0"/>
	<BindNode BINDTYPE="op" DISPLAY="bind_op sub" ID="" IMPL="fabric" LATENCY="0" OPTYPE="sub" PRAGMA="" RTLNAME="current_x_V_25_fu_2204_p2" SOURCE="C:/Xilinx/Vitis_HLS/2022.1/common/technology/autopilot\ap_fixed_base.h:859" VARIABLE="current_x_V_25" MODULE="cordic" LOOP="" BUNDLEDNAME="" DSP="0" BRAM="0" URAM="0"/>
	<BindNode BINDTYPE="op" DISPLAY="bind_op add" ID="" IMPL="fabric" LATENCY="0" OPTYPE="add" PRAGMA="" RTLNAME="current_y_V_26_fu_2209_p2" SOURCE="C:/Xilinx/Vitis_HLS/2022.1/common/technology/autopilot\ap_fixed_base.h:859" VARIABLE="current_y_V_26" MODULE="cordic" LOOP="" BUNDLEDNAME="" DSP="0" BRAM="0" URAM="0"/>
	<BindNode BINDTYPE="op" DISPLAY="bind_op select" ID="" IMPL="auto_sel" LATENCY="0" OPTYPE="select" PRAGMA="" RTLNAME="current_x_V_26_fu_2215_p3" SOURCE="C:/Xilinx/Vitis_HLS/2022.1/common/technology/autopilot\ap_fixed_base.h:1697" VARIABLE="current_x_V_26" MODULE="cordic" LOOP="" BUNDLEDNAME="" DSP="0" BRAM="0" URAM="0"/>
	<BindNode BINDTYPE="op" DISPLAY="bind_op select" ID="" IMPL="auto_sel" LATENCY="0" OPTYPE="select" PRAGMA="" RTLNAME="current_y_V_27_fu_2223_p3" SOURCE="C:/Xilinx/Vitis_HLS/2022.1/common/technology/autopilot\ap_fixed_base.h:1697" VARIABLE="current_y_V_27" MODULE="cordic" LOOP="" BUNDLEDNAME="" DSP="0" BRAM="0" URAM="0"/>
	<BindNode BINDTYPE="op" DISPLAY="bind_op select" ID="" IMPL="auto_sel" LATENCY="0" OPTYPE="select" PRAGMA="" RTLNAME="select_ln1534_6_fu_2239_p3" SOURCE="C:/Xilinx/Vitis_HLS/2022.1/common/technology/autopilot\ap_fixed_base.h:1534" VARIABLE="select_ln1534_6" MODULE="cordic" LOOP="" BUNDLEDNAME="" DSP="0" BRAM="0" URAM="0"/>
	<BindNode BINDTYPE="op" DISPLAY="bind_op add" ID="" IMPL="fabric" LATENCY="0" OPTYPE="add" PRAGMA="" RTLNAME="current_x_V_27_fu_2283_p2" SOURCE="C:/Xilinx/Vitis_HLS/2022.1/common/technology/autopilot\ap_fixed_base.h:859" VARIABLE="current_x_V_27" MODULE="cordic" LOOP="" BUNDLEDNAME="" DSP="0" BRAM="0" URAM="0"/>
	<BindNode BINDTYPE="op" DISPLAY="bind_op sub" ID="" IMPL="fabric" LATENCY="0" OPTYPE="sub" PRAGMA="" RTLNAME="current_y_V_28_fu_2289_p2" SOURCE="C:/Xilinx/Vitis_HLS/2022.1/common/technology/autopilot\ap_fixed_base.h:859" VARIABLE="current_y_V_28" MODULE="cordic" LOOP="" BUNDLEDNAME="" DSP="0" BRAM="0" URAM="0"/>
	<BindNode BINDTYPE="op" DISPLAY="bind_op sub" ID="" IMPL="fabric" LATENCY="0" OPTYPE="sub" PRAGMA="" RTLNAME="current_x_V_28_fu_2295_p2" SOURCE="C:/Xilinx/Vitis_HLS/2022.1/common/technology/autopilot\ap_fixed_base.h:859" VARIABLE="current_x_V_28" MODULE="cordic" LOOP="" BUNDLEDNAME="" DSP="0" BRAM="0" URAM="0"/>
	<BindNode BINDTYPE="op" DISPLAY="bind_op add" ID="" IMPL="fabric" LATENCY="0" OPTYPE="add" PRAGMA="" RTLNAME="current_y_V_29_fu_2301_p2" SOURCE="C:/Xilinx/Vitis_HLS/2022.1/common/technology/autopilot\ap_fixed_base.h:859" VARIABLE="current_y_V_29" MODULE="cordic" LOOP="" BUNDLEDNAME="" DSP="0" BRAM="0" URAM="0"/>
	<BindNode BINDTYPE="op" DISPLAY="bind_op select" ID="" IMPL="auto_sel" LATENCY="0" OPTYPE="select" PRAGMA="" RTLNAME="current_x_V_29_fu_2307_p3" SOURCE="C:/Xilinx/Vitis_HLS/2022.1/common/technology/autopilot\ap_fixed_base.h:1697" VARIABLE="current_x_V_29" MODULE="cordic" LOOP="" BUNDLEDNAME="" DSP="0" BRAM="0" URAM="0"/>
	<BindNode BINDTYPE="op" DISPLAY="bind_op select" ID="" IMPL="auto_sel" LATENCY="0" OPTYPE="select" PRAGMA="" RTLNAME="current_y_V_30_fu_2315_p3" SOURCE="C:/Xilinx/Vitis_HLS/2022.1/common/technology/autopilot\ap_fixed_base.h:1697" VARIABLE="current_y_V_30" MODULE="cordic" LOOP="" BUNDLEDNAME="" DSP="0" BRAM="0" URAM="0"/>
	<BindNode BINDTYPE="op" DISPLAY="bind_op select" ID="" IMPL="auto_sel" LATENCY="0" OPTYPE="select" PRAGMA="" RTLNAME="select_ln1534_7_fu_2331_p3" SOURCE="C:/Xilinx/Vitis_HLS/2022.1/common/technology/autopilot\ap_fixed_base.h:1534" VARIABLE="select_ln1534_7" MODULE="cordic" LOOP="" BUNDLEDNAME="" DSP="0" BRAM="0" URAM="0"/>
	<BindNode BINDTYPE="op" DISPLAY="bind_op add" ID="" IMPL="fabric" LATENCY="0" OPTYPE="add" PRAGMA="" RTLNAME="current_x_V_30_fu_2821_p2" SOURCE="C:/Xilinx/Vitis_HLS/2022.1/common/technology/autopilot\ap_fixed_base.h:859" VARIABLE="current_x_V_30" MODULE="cordic" LOOP="" BUNDLEDNAME="" DSP="0" BRAM="0" URAM="0"/>
	<BindNode BINDTYPE="op" DISPLAY="bind_op sub" ID="" IMPL="fabric" LATENCY="0" OPTYPE="sub" PRAGMA="" RTLNAME="current_y_V_31_fu_2826_p2" SOURCE="C:/Xilinx/Vitis_HLS/2022.1/common/technology/autopilot\ap_fixed_base.h:859" VARIABLE="current_y_V_31" MODULE="cordic" LOOP="" BUNDLEDNAME="" DSP="0" BRAM="0" URAM="0"/>
	<BindNode BINDTYPE="op" DISPLAY="bind_op sub" ID="" IMPL="fabric" LATENCY="0" OPTYPE="sub" PRAGMA="" RTLNAME="current_x_V_31_fu_2831_p2" SOURCE="C:/Xilinx/Vitis_HLS/2022.1/common/technology/autopilot\ap_fixed_base.h:859" VARIABLE="current_x_V_31" MODULE="cordic" LOOP="" BUNDLEDNAME="" DSP="0" BRAM="0" URAM="0"/>
	<BindNode BINDTYPE="op" DISPLAY="bind_op add" ID="" IMPL="fabric" LATENCY="0" OPTYPE="add" PRAGMA="" RTLNAME="current_y_V_32_fu_2836_p2" SOURCE="C:/Xilinx/Vitis_HLS/2022.1/common/technology/autopilot\ap_fixed_base.h:859" VARIABLE="current_y_V_32" MODULE="cordic" LOOP="" BUNDLEDNAME="" DSP="0" BRAM="0" URAM="0"/>
	<BindNode BINDTYPE="op" DISPLAY="bind_op select" ID="" IMPL="auto_sel" LATENCY="0" OPTYPE="select" PRAGMA="" RTLNAME="current_x_V_32_fu_2841_p3" SOURCE="C:/Xilinx/Vitis_HLS/2022.1/common/technology/autopilot\ap_fixed_base.h:1697" VARIABLE="current_x_V_32" MODULE="cordic" LOOP="" BUNDLEDNAME="" DSP="0" BRAM="0" URAM="0"/>
	<BindNode BINDTYPE="op" DISPLAY="bind_op select" ID="" IMPL="auto_sel" LATENCY="0" OPTYPE="select" PRAGMA="" RTLNAME="current_y_V_33_fu_2848_p3" SOURCE="C:/Xilinx/Vitis_HLS/2022.1/common/technology/autopilot\ap_fixed_base.h:1697" VARIABLE="current_y_V_33" MODULE="cordic" LOOP="" BUNDLEDNAME="" DSP="0" BRAM="0" URAM="0"/>
	<BindNode BINDTYPE="op" DISPLAY="bind_op select" ID="" IMPL="auto_sel" LATENCY="0" OPTYPE="select" PRAGMA="" RTLNAME="select_ln1534_8_fu_2855_p3" SOURCE="C:/Xilinx/Vitis_HLS/2022.1/common/technology/autopilot\ap_fixed_base.h:1534" VARIABLE="select_ln1534_8" MODULE="cordic" LOOP="" BUNDLEDNAME="" DSP="0" BRAM="0" URAM="0"/>
	<BindNode BINDTYPE="op" DISPLAY="bind_op add" ID="" IMPL="fabric" LATENCY="0" OPTYPE="add" PRAGMA="" RTLNAME="current_x_V_33_fu_2884_p2" SOURCE="C:/Xilinx/Vitis_HLS/2022.1/common/technology/autopilot\ap_fixed_base.h:859" VARIABLE="current_x_V_33" MODULE="cordic" LOOP="" BUNDLEDNAME="" DSP="0" BRAM="0" URAM="0"/>
	<BindNode BINDTYPE="op" DISPLAY="bind_op sub" ID="" IMPL="fabric" LATENCY="0" OPTYPE="sub" PRAGMA="" RTLNAME="current_x_V_34_fu_2890_p2" SOURCE="C:/Xilinx/Vitis_HLS/2022.1/common/technology/autopilot\ap_fixed_base.h:859" VARIABLE="current_x_V_34" MODULE="cordic" LOOP="" BUNDLEDNAME="" DSP="0" BRAM="0" URAM="0"/>
	<BindNode BINDTYPE="op" DISPLAY="bind_op select" ID="" IMPL="auto_sel" LATENCY="0" OPTYPE="select" PRAGMA="" RTLNAME="current_x_V_35_fu_2996_p3" SOURCE="source_files/cordic_fixed.cpp:90" VARIABLE="current_x_V_35" MODULE="cordic" LOOP="" BUNDLEDNAME="" DSP="0" BRAM="0" URAM="0"/>
	<BindNode BINDTYPE="op" DISPLAY="bind_op all" ID="" IMPL="tadder" LATENCY="0" OPTYPE="all" PRAGMA="" RTLNAME="add_ln90_fu_2904_p2" SOURCE="source_files/cordic_fixed.cpp:90" VARIABLE="add_ln90" MODULE="cordic" LOOP="" BUNDLEDNAME="" DSP="0" BRAM="0" URAM="0"/>
	<BindNode BINDTYPE="op" DISPLAY="bind_op add" ID="" IMPL="fabric" LATENCY="0" OPTYPE="add" PRAGMA="" RTLNAME="add_ln90_1_fu_1526_p2" SOURCE="source_files/cordic_fixed.cpp:90" VARIABLE="add_ln90_1" MODULE="cordic" LOOP="" BUNDLEDNAME="" DSP="0" BRAM="0" URAM="0"/>
	<BindNode BINDTYPE="op" DISPLAY="bind_op add" ID="" IMPL="fabric" LATENCY="0" OPTYPE="add" PRAGMA="" RTLNAME="add_ln90_2_fu_1536_p2" SOURCE="source_files/cordic_fixed.cpp:90" VARIABLE="add_ln90_2" MODULE="cordic" LOOP="" BUNDLEDNAME="" DSP="0" BRAM="0" URAM="0"/>
	<BindNode BINDTYPE="op" DISPLAY="bind_op all" ID="" IMPL="tadder" LATENCY="0" OPTYPE="all" PRAGMA="" RTLNAME="add_ln90_3_fu_2913_p2" SOURCE="source_files/cordic_fixed.cpp:90" VARIABLE="add_ln90_3" MODULE="cordic" LOOP="" BUNDLEDNAME="" DSP="0" BRAM="0" URAM="0"/>
	<BindNode BINDTYPE="op" DISPLAY="bind_op all" ID="" IMPL="tadder" LATENCY="0" OPTYPE="all" PRAGMA="" RTLNAME="add_ln90_4_fu_2919_p2" SOURCE="source_files/cordic_fixed.cpp:90" VARIABLE="add_ln90_4" MODULE="cordic" LOOP="" BUNDLEDNAME="" DSP="0" BRAM="0" URAM="0"/>
	<BindNode BINDTYPE="op" DISPLAY="bind_op add" ID="" IMPL="fabric" LATENCY="0" OPTYPE="add" PRAGMA="" RTLNAME="add_ln90_5_fu_2375_p2" SOURCE="source_files/cordic_fixed.cpp:90" VARIABLE="add_ln90_5" MODULE="cordic" LOOP="" BUNDLEDNAME="" DSP="0" BRAM="0" URAM="0"/>
	<BindNode BINDTYPE="op" DISPLAY="bind_op add" ID="" IMPL="fabric" LATENCY="0" OPTYPE="add" PRAGMA="" RTLNAME="add_ln90_6_fu_2928_p2" SOURCE="source_files/cordic_fixed.cpp:90" VARIABLE="add_ln90_6" MODULE="cordic" LOOP="" BUNDLEDNAME="" DSP="0" BRAM="0" URAM="0"/>
	<BindNode BINDTYPE="op" DISPLAY="bind_op all" ID="" IMPL="tadder" LATENCY="0" OPTYPE="all" PRAGMA="" RTLNAME="add_ln90_7_fu_2938_p2" SOURCE="source_files/cordic_fixed.cpp:90" VARIABLE="add_ln90_7" MODULE="cordic" LOOP="" BUNDLEDNAME="" DSP="0" BRAM="0" URAM="0"/>
	<BindNode BINDTYPE="op" DISPLAY="bind_op all" ID="" IMPL="tadder" LATENCY="0" OPTYPE="all" PRAGMA="" RTLNAME="add_ln90_8_fu_3004_p2" SOURCE="source_files/cordic_fixed.cpp:90" VARIABLE="add_ln90_8" MODULE="cordic" LOOP="" BUNDLEDNAME="" DSP="0" BRAM="0" URAM="0"/>
	<BindNode BINDTYPE="op" DISPLAY="bind_op select" ID="" IMPL="auto_sel" LATENCY="0" OPTYPE="select" PRAGMA="" RTLNAME="select_ln90_3_fu_3009_p3" SOURCE="source_files/cordic_fixed.cpp:90" VARIABLE="select_ln90_3" MODULE="cordic" LOOP="" BUNDLEDNAME="" DSP="0" BRAM="0" URAM="0"/>
	<BindNode BINDTYPE="op" DISPLAY="bind_op all" ID="" IMPL="tadder" LATENCY="0" OPTYPE="all" PRAGMA="" RTLNAME="theta_in_V_3_fu_3016_p2" SOURCE="source_files/cordic_fixed.cpp:90" VARIABLE="theta_in_V_3" MODULE="cordic" LOOP="" BUNDLEDNAME="" DSP="0" BRAM="0" URAM="0"/>
	<BindNode BINDTYPE="op" DISPLAY="bind_op sub" ID="" IMPL="fabric" LATENCY="0" OPTYPE="sub" PRAGMA="" RTLNAME="sub_ln859_29_fu_3178_p2" SOURCE="C:/Xilinx/Vitis_HLS/2022.1/common/technology/autopilot\ap_fixed_base.h:859" VARIABLE="sub_ln859_29" MODULE="cordic" LOOP="" BUNDLEDNAME="" DSP="0" BRAM="0" URAM="0"/>
	<BindNode BINDTYPE="op" DISPLAY="bind_op all" ID="" IMPL="tadder" LATENCY="0" OPTYPE="all" PRAGMA="" RTLNAME="add_ln859_fu_3184_p2" SOURCE="C:/Xilinx/Vitis_HLS/2022.1/common/technology/autopilot\ap_fixed_base.h:859" VARIABLE="add_ln859" MODULE="cordic" LOOP="" BUNDLEDNAME="" DSP="0" BRAM="0" URAM="0"/>
	<BindNode BINDTYPE="op" DISPLAY="bind_op all" ID="" IMPL="tadder" LATENCY="0" OPTYPE="all" PRAGMA="" RTLNAME="sub_ln859_30_fu_3190_p2" SOURCE="C:/Xilinx/Vitis_HLS/2022.1/common/technology/autopilot\ap_fixed_base.h:859" VARIABLE="sub_ln859_30" MODULE="cordic" LOOP="" BUNDLEDNAME="" DSP="0" BRAM="0" URAM="0"/>
	<BindNode BINDTYPE="op" DISPLAY="bind_op all" ID="" IMPL="tadder" LATENCY="0" OPTYPE="all" PRAGMA="" RTLNAME="sub_ln859_31_fu_3257_p2" SOURCE="C:/Xilinx/Vitis_HLS/2022.1/common/technology/autopilot\ap_fixed_base.h:859" VARIABLE="sub_ln859_31" MODULE="cordic" LOOP="" BUNDLEDNAME="" DSP="0" BRAM="0" URAM="0"/>
	<BindNode BINDTYPE="op" DISPLAY="bind_op add" ID="" IMPL="fabric" LATENCY="0" OPTYPE="add" PRAGMA="" RTLNAME="add_ln859_34_fu_3196_p2" SOURCE="C:/Xilinx/Vitis_HLS/2022.1/common/technology/autopilot\ap_fixed_base.h:859" VARIABLE="add_ln859_34" MODULE="cordic" LOOP="" BUNDLEDNAME="" DSP="0" BRAM="0" URAM="0"/>
	<BindNode BINDTYPE="op" DISPLAY="bind_op all" ID="" IMPL="tadder" LATENCY="0" OPTYPE="all" PRAGMA="" RTLNAME="add_ln859_2_fu_3265_p2" SOURCE="C:/Xilinx/Vitis_HLS/2022.1/common/technology/autopilot\ap_fixed_base.h:859" VARIABLE="add_ln859_2" MODULE="cordic" LOOP="" BUNDLEDNAME="" DSP="0" BRAM="0" URAM="0"/>
	<BindNode BINDTYPE="op" DISPLAY="bind_op all" ID="" IMPL="tadder" LATENCY="0" OPTYPE="all" PRAGMA="" RTLNAME="sub_ln859_32_fu_3356_p2" SOURCE="C:/Xilinx/Vitis_HLS/2022.1/common/technology/autopilot\ap_fixed_base.h:859" VARIABLE="sub_ln859_32" MODULE="cordic" LOOP="" BUNDLEDNAME="" DSP="0" BRAM="0" URAM="0"/>
	<BindNode BINDTYPE="op" DISPLAY="bind_op add" ID="" IMPL="fabric" LATENCY="0" OPTYPE="add" PRAGMA="" RTLNAME="add_ln859_35_fu_3202_p2" SOURCE="C:/Xilinx/Vitis_HLS/2022.1/common/technology/autopilot\ap_fixed_base.h:859" VARIABLE="add_ln859_35" MODULE="cordic" LOOP="" BUNDLEDNAME="" DSP="0" BRAM="0" URAM="0"/>
	<BindNode BINDTYPE="op" DISPLAY="bind_op all" ID="" IMPL="tadder" LATENCY="0" OPTYPE="all" PRAGMA="" RTLNAME="add_ln859_4_fu_3364_p2" SOURCE="C:/Xilinx/Vitis_HLS/2022.1/common/technology/autopilot\ap_fixed_base.h:859" VARIABLE="add_ln859_4" MODULE="cordic" LOOP="" BUNDLEDNAME="" DSP="0" BRAM="0" URAM="0"/>
	<BindNode BINDTYPE="op" DISPLAY="bind_op all" ID="" IMPL="tadder" LATENCY="0" OPTYPE="all" PRAGMA="" RTLNAME="sub_ln859_33_fu_3409_p2" SOURCE="C:/Xilinx/Vitis_HLS/2022.1/common/technology/autopilot\ap_fixed_base.h:859" VARIABLE="sub_ln859_33" MODULE="cordic" LOOP="" BUNDLEDNAME="" DSP="0" BRAM="0" URAM="0"/>
	<BindNode BINDTYPE="op" DISPLAY="bind_op add" ID="" IMPL="fabric" LATENCY="0" OPTYPE="add" PRAGMA="" RTLNAME="add_ln859_36_fu_3208_p2" SOURCE="C:/Xilinx/Vitis_HLS/2022.1/common/technology/autopilot\ap_fixed_base.h:859" VARIABLE="add_ln859_36" MODULE="cordic" LOOP="" BUNDLEDNAME="" DSP="0" BRAM="0" URAM="0"/>
	<BindNode BINDTYPE="op" DISPLAY="bind_op all" ID="" IMPL="tadder" LATENCY="0" OPTYPE="all" PRAGMA="" RTLNAME="dat_out_V_fu_3417_p2" SOURCE="C:/Xilinx/Vitis_HLS/2022.1/common/technology/autopilot\ap_fixed_base.h:859" VARIABLE="dat_out_V" MODULE="cordic" LOOP="" BUNDLEDNAME="" DSP="0" BRAM="0" URAM="0"/>
	<BindNode BINDTYPE="op" DISPLAY="bind_op xor" ID="" IMPL="auto" LATENCY="0" OPTYPE="xor" PRAGMA="" RTLNAME="xor_ln1697_fu_763_p2" SOURCE="C:/Xilinx/Vitis_HLS/2022.1/common/technology/autopilot\ap_fixed_base.h:1697" VARIABLE="xor_ln1697" MODULE="cordic" LOOP="" BUNDLEDNAME="" DSP="0" BRAM="0" URAM="0"/>
	<BindNode BINDTYPE="op" DISPLAY="bind_op and" ID="" IMPL="auto" LATENCY="0" OPTYPE="and" PRAGMA="" RTLNAME="and_ln113_fu_769_p2" SOURCE="source_files/cordic_fixed.cpp:113" VARIABLE="and_ln113" MODULE="cordic" LOOP="" BUNDLEDNAME="" DSP="0" BRAM="0" URAM="0"/>
	<BindNode BINDTYPE="op" DISPLAY="bind_op sub" ID="" IMPL="fabric" LATENCY="0" OPTYPE="sub" PRAGMA="" RTLNAME="sub_ln859_fu_3271_p2" SOURCE="C:/Xilinx/Vitis_HLS/2022.1/common/technology/autopilot\ap_fixed_base.h:859" VARIABLE="sub_ln859" MODULE="cordic" LOOP="" BUNDLEDNAME="" DSP="0" BRAM="0" URAM="0"/>
	<BindNode BINDTYPE="op" DISPLAY="bind_op icmp" ID="" IMPL="auto" LATENCY="0" OPTYPE="icmp" PRAGMA="" RTLNAME="icmp_ln1698_fu_775_p2" SOURCE="C:/Xilinx/Vitis_HLS/2022.1/common/technology/autopilot\ap_fixed_base.h:1698" VARIABLE="icmp_ln1698" MODULE="cordic" LOOP="" BUNDLEDNAME="" DSP="0" BRAM="0" URAM="0"/>
	<BindNode BINDTYPE="op" DISPLAY="bind_op add" ID="" IMPL="fabric" LATENCY="0" OPTYPE="add" PRAGMA="" RTLNAME="add_ln859_11_fu_3277_p2" SOURCE="C:/Xilinx/Vitis_HLS/2022.1/common/technology/autopilot\ap_fixed_base.h:859" VARIABLE="add_ln859_11" MODULE="cordic" LOOP="" BUNDLEDNAME="" DSP="0" BRAM="0" URAM="0"/>
	<BindNode BINDTYPE="op" DISPLAY="bind_op icmp" ID="" IMPL="auto" LATENCY="0" OPTYPE="icmp" PRAGMA="" RTLNAME="icmp_ln1695_fu_780_p2" SOURCE="C:/Xilinx/Vitis_HLS/2022.1/common/technology/autopilot\ap_fixed_base.h:1695" VARIABLE="icmp_ln1695" MODULE="cordic" LOOP="" BUNDLEDNAME="" DSP="0" BRAM="0" URAM="0"/>
	<BindNode BINDTYPE="op" DISPLAY="bind_op and" ID="" IMPL="auto" LATENCY="0" OPTYPE="and" PRAGMA="" RTLNAME="and_ln121_fu_3283_p2" SOURCE="source_files/cordic_fixed.cpp:121" VARIABLE="and_ln121" MODULE="cordic" LOOP="" BUNDLEDNAME="" DSP="0" BRAM="0" URAM="0"/>
	<BindNode BINDTYPE="op" DISPLAY="bind_op sub" ID="" IMPL="fabric" LATENCY="0" OPTYPE="sub" PRAGMA="" RTLNAME="sub_ln859_1_fu_3287_p2" SOURCE="C:/Xilinx/Vitis_HLS/2022.1/common/technology/autopilot\ap_fixed_base.h:859" VARIABLE="sub_ln859_1" MODULE="cordic" LOOP="" BUNDLEDNAME="" DSP="0" BRAM="0" URAM="0"/>
	<BindNode BINDTYPE="op" DISPLAY="bind_op xor" ID="" IMPL="auto" LATENCY="0" OPTYPE="xor" PRAGMA="" RTLNAME="xor_ln113_1_fu_785_p2" SOURCE="source_files/cordic_fixed.cpp:113" VARIABLE="xor_ln113_1" MODULE="cordic" LOOP="" BUNDLEDNAME="" DSP="0" BRAM="0" URAM="0"/>
	<BindNode BINDTYPE="op" DISPLAY="bind_op or" ID="" IMPL="auto" LATENCY="0" OPTYPE="or" PRAGMA="" RTLNAME="or_ln113_fu_791_p2" SOURCE="source_files/cordic_fixed.cpp:113" VARIABLE="or_ln113" MODULE="cordic" LOOP="" BUNDLEDNAME="" DSP="0" BRAM="0" URAM="0"/>
	<BindNode BINDTYPE="op" DISPLAY="bind_op and" ID="" IMPL="auto" LATENCY="0" OPTYPE="and" PRAGMA="" RTLNAME="and_ln117_fu_797_p2" SOURCE="source_files/cordic_fixed.cpp:117" VARIABLE="and_ln117" MODULE="cordic" LOOP="" BUNDLEDNAME="" DSP="0" BRAM="0" URAM="0"/>
	<BindNode BINDTYPE="op" DISPLAY="bind_op and" ID="" IMPL="auto" LATENCY="0" OPTYPE="and" PRAGMA="" RTLNAME="and_ln117_1_fu_803_p2" SOURCE="source_files/cordic_fixed.cpp:117" VARIABLE="and_ln117_1" MODULE="cordic" LOOP="" BUNDLEDNAME="" DSP="0" BRAM="0" URAM="0"/>
	<BindNode BINDTYPE="op" DISPLAY="bind_op select" ID="" IMPL="auto_sel" LATENCY="0" OPTYPE="select" PRAGMA="" RTLNAME="select_ln117_fu_3293_p3" SOURCE="source_files/cordic_fixed.cpp:117" VARIABLE="select_ln117" MODULE="cordic" LOOP="" BUNDLEDNAME="" DSP="0" BRAM="0" URAM="0"/>
	<BindNode BINDTYPE="op" DISPLAY="bind_op or" ID="" IMPL="auto" LATENCY="0" OPTYPE="or" PRAGMA="" RTLNAME="or_ln117_fu_809_p2" SOURCE="source_files/cordic_fixed.cpp:117" VARIABLE="or_ln117" MODULE="cordic" LOOP="" BUNDLEDNAME="" DSP="0" BRAM="0" URAM="0"/>
	<BindNode BINDTYPE="op" DISPLAY="bind_op select" ID="" IMPL="auto_sel" LATENCY="0" OPTYPE="select" PRAGMA="" RTLNAME="select_ln117_1_fu_3304_p3" SOURCE="source_files/cordic_fixed.cpp:117" VARIABLE="select_ln117_1" MODULE="cordic" LOOP="" BUNDLEDNAME="" DSP="0" BRAM="0" URAM="0"/>
	<BindNode BINDTYPE="op" DISPLAY="bind_op select" ID="" IMPL="auto_sel" LATENCY="0" OPTYPE="select" PRAGMA="" RTLNAME="select_ln117_2_fu_3312_p3" SOURCE="source_files/cordic_fixed.cpp:117" VARIABLE="select_ln117_2" MODULE="cordic" LOOP="" BUNDLEDNAME="" DSP="0" BRAM="0" URAM="0"/>
	<BindNode BINDTYPE="adapter" DISPLAY="bind_adapter axilite" ID="" IMPL="" LATENCY="" OPTYPE="" PRAGMA="yes" RTLNAME="HLS_CORDIC_PERIPH_BUS_s_axi_U" SOURCE="" VARIABLE="" MODULE="cordic" LOOP="" BUNDLEDNAME="HLS_CORDIC_PERIPH_BUS" DSP="0" BRAM="0" URAM="0"/>
</BindInfo>
