<root versionMajor = "1" versionMinor = "5">
  <kernel src_name="cordic" language="c" hwCtrl="ap_ctrl_hs" mem_layout="fpga64-xilinx-none">
    <args>
      <arg id="0" access_type="r" src_name="theta_in" src_type="ap_fixed&lt;16, 4, AP_TRN, AP_WRAP, 0&gt;" src_isptr="1" src_bitwidth="16" src_size_or_depth="1">
        <hw hw_usage="data" hw_interface="S_AXILite" hw_name="HLS_CORDIC_PERIPH_BUS" hw_bitwidth="16" hw_size_or_depth="1" hw_kernel_support="true">
          <constraint constraint_type="pragma interface" mode="s_axilite" register_option="0" offset="16"/>
        </hw>
      </arg>
      <arg id="1" access_type="r" src_name="x_in" src_type="ap_fixed&lt;16, 4, AP_TRN, AP_WRAP, 0&gt;" src_isptr="1" src_bitwidth="16" src_size_or_depth="1">
        <hw hw_usage="data" hw_interface="S_AXILite" hw_name="HLS_CORDIC_PERIPH_BUS" hw_bitwidth="16" hw_size_or_depth="1" hw_kernel_support="true">
          <constraint constraint_type="pragma interface" mode="s_axilite" register_option="0" offset="24"/>
        </hw>
      </arg>
      <arg id="2" access_type="r" src_name="y_in" src_type="ap_fixed&lt;16, 4, AP_TRN, AP_WRAP, 0&gt;" src_isptr="1" src_bitwidth="16" src_size_or_depth="1">
        <hw hw_usage="data" hw_interface="S_AXILite" hw_name="HLS_CORDIC_PERIPH_BUS" hw_bitwidth="16" hw_size_or_depth="1" hw_kernel_support="true">
          <constraint constraint_type="pragma interface" mode="s_axilite" register_option="0" offset="32"/>
        </hw>
      </arg>
      <arg id="3" access_type="w" src_name="out_x" src_type="ap_fixed&lt;16, 4, AP_TRN, AP_WRAP, 0&gt;&amp;" src_isptr="1" src_bitwidth="16" src_size_or_depth="1">
        <hw hw_usage="data" hw_interface="S_AXILite" hw_name="HLS_CORDIC_PERIPH_BUS" hw_bitwidth="16" hw_size_or_depth="1" hw_kernel_support="true">
          <constraint constraint_type="pragma interface" mode="s_axilite" register_option="0" offset="40"/>
        </hw>
      </arg>
      <arg id="4" access_type="w" src_name="out_y" src_type="ap_fixed&lt;16, 4, AP_TRN, AP_WRAP, 0&gt;&amp;" src_isptr="1" src_bitwidth="16" src_size_or_depth="1">
        <hw hw_usage="data" hw_interface="S_AXILite" hw_name="HLS_CORDIC_PERIPH_BUS" hw_bitwidth="16" hw_size_or_depth="1" hw_kernel_support="true">
          <constraint constraint_type="pragma interface" mode="s_axilite" register_option="0" offset="56"/>
        </hw>
      </arg>
      <arg id="5" access_type="r" src_name="mode" src_type="bool" src_isptr="0" src_bitwidth="1" src_size_or_depth="1">
        <hw hw_usage="data" hw_interface="S_AXILite" hw_name="HLS_CORDIC_PERIPH_BUS" hw_bitwidth="1" hw_size_or_depth="1" hw_kernel_support="true">
          <constraint constraint_type="pragma interface" mode="s_axilite" register_option="0" offset="72"/>
        </hw>
      </arg>
    </args>
    <return src_type="void" src_bitwidth="0" offset="0x0">
      <hw hw_usage="data" hw_interface="" hw_name="" hw_bitwidth="0" hw_kernel_support="true"/>
    </return>
  </kernel>
</root>
