<?xml version="1.0" encoding="utf-8"?>
<xd:acceleratorMap xmlns:xd="http://www.xilinx.com/xidane" xd:functionName="cordic" xd:componentRef="cordic" xd:initiationInterval="1" xd:clockPeriod="10" xd:sequential="true" xd:hostMachine="64" xd:reset="control">
  <xd:controlReg xd:name="control" xd:interfaceRef="ap_ctrl" xd:busTypeRef="acc_handshake" xd:type="acc_handshake"/>
  <xd:arg xd:name="state" xd:originalName="state" xd:direction="in" xd:interfaceRef="state" xd:busTypeRef="register" xd:dataWidth="1"/>
  <xd:arg xd:name="theta" xd:originalName="theta" xd:direction="in" xd:interfaceRef="theta" xd:busTypeRef="register" xd:dataWidth="16"/>
  <xd:arg xd:name="x" xd:originalName="x" xd:direction="in" xd:interfaceRef="x" xd:busTypeRef="register" xd:dataWidth="16"/>
  <xd:arg xd:name="y" xd:originalName="y" xd:direction="in" xd:interfaceRef="y" xd:busTypeRef="register" xd:dataWidth="16"/>
  <xd:arg xd:name="*(s)" xd:originalName="s" xd:direction="out" xd:interfaceRef="s" xd:busTypeRef="register" xd:handshakeRef="ap_vld" xd:dataWidth="16"/>
  <xd:arg xd:name="*(c)" xd:originalName="c" xd:direction="out" xd:interfaceRef="c" xd:busTypeRef="register" xd:handshakeRef="ap_vld" xd:dataWidth="16"/>
  <xd:arg xd:name="*(t)" xd:originalName="t" xd:direction="out" xd:interfaceRef="t" xd:busTypeRef="register" xd:handshakeRef="ap_vld" xd:dataWidth="16"/>
  <xd:latencyEstimates xd:best-case="24" xd:worst-case="24" xd:average-case="24"/>
  <xd:resourceEstimates xd:LUT="10085" xd:FF="3585" xd:BRAM="0" xd:DSP="0"/>
</xd:acceleratorMap>
