<?xml version="1.0" encoding="utf-8"?>
<AdditionalInfo>
  <CTypeInfo>
      <RtlPort>
        <name>done</name>
        <type>Signed</type>
        <fractionWidth>0</fractionWidth>
      </RtlPort>
      <RtlPort>
        <name>modes</name>
        <type>Unsigned</type>
        <fractionWidth>0</fractionWidth>
      </RtlPort>
      <RtlPort>
        <name>QTb_in</name>
        <type>Signed</type>
        <fractionWidth>13</fractionWidth>
      </RtlPort>
      <RtlPort>
        <name>R_in</name>
        <type>Signed</type>
        <fractionWidth>13</fractionWidth>
      </RtlPort>
      <RtlPort>
        <name>results</name>
        <type>Signed</type>
        <fractionWidth>0</fractionWidth>
      </RtlPort>
      <RtlPort>
        <name>results_ap_vld</name>
        <type>bool</type>
        <fractionWidth>0</fractionWidth>
      </RtlPort>
      <RtlPort>
        <name>theta_in</name>
        <type>Signed</type>
        <fractionWidth>13</fractionWidth>
      </RtlPort>
      <RtlPort>
        <name>theta_out</name>
        <type>Signed</type>
        <fractionWidth>0</fractionWidth>
      </RtlPort>
      <RtlPort>
        <name>theta_out_ap_vld</name>
        <type>bool</type>
        <fractionWidth>0</fractionWidth>
      </RtlPort>
      <RtlPort>
        <name>x_in</name>
        <type>Signed</type>
        <fractionWidth>13</fractionWidth>
      </RtlPort>
      <RtlPort>
        <name>x_out</name>
        <type>Signed</type>
        <fractionWidth>0</fractionWidth>
      </RtlPort>
      <RtlPort>
        <name>x_out_ap_vld</name>
        <type>bool</type>
        <fractionWidth>0</fractionWidth>
      </RtlPort>
      <RtlPort>
        <name>y_in</name>
        <type>Signed</type>
        <fractionWidth>13</fractionWidth>
      </RtlPort>
      <RtlPort>
        <name>y_out</name>
        <type>Signed</type>
        <fractionWidth>0</fractionWidth>
      </RtlPort>
      <RtlPort>
        <name>y_out_ap_vld</name>
        <type>bool</type>
        <fractionWidth>0</fractionWidth>
      </RtlPort>
  </CTypeInfo>
  <DesignConstraint>
    <clk_period>10</clk_period>
  </DesignConstraint>
  <Machine>64</Machine>
  <modelParameters>
    <combinational>0</combinational>
    <latency>42</latency>
    <II>1</II>
  </modelParameters>
</AdditionalInfo>
