{"sourceFile": [{
      "name": "",
      "directive": [
        {
          "functionName": "sin_cos",
          "label": "",
          "functionLabel": "",
          "id": "1",
          "sourceFile": "C:\/ELEC522\/jg122\/Project5_sinandcos\/sincos\/solution1\/directives.tcl",
          "sourceLine": "6",
          "pragma": {
            "name": "TOP",
            "option": [{
                "name": "name",
                "value": "sin_cos"
              }]
          }
        },
        {
          "functionName": "sin_cos",
          "label": "",
          "functionLabel": "",
          "id": "2",
          "sourceFile": "C:\/ELEC522\/jg122\/Project5_sinandcos\/sincos\/solution1\/directives.tcl",
          "sourceLine": "7",
          "pragma": {"name": "PIPELINE"}
        },
        {
          "functionName": "sin_cos",
          "label": "",
          "functionLabel": "",
          "id": "3",
          "sourceFile": "C:\/ELEC522\/jg122\/Project5_sinandcos\/sincos\/solution1\/csynth.tcl",
          "sourceLine": "16",
          "pragma": {
            "name": "TOP",
            "option": [{
                "name": "name",
                "value": "sin_cos"
              }]
          }
        }
      ]
    }]}
