<?xml version="1.0" encoding="utf-8"?>
<BindInfo>
	<BindNode BINDTYPE="op" DISPLAY="bind_op sub" ID="" IMPL="fabric" LATENCY="0" OPTYPE="sub" PRAGMA="" RTLNAME="current_cos_V_fu_210_p2" SOURCE="C:/Xilinx/Vitis_HLS/2022.1/common/technology/autopilot\ap_fixed_base.h:859" VARIABLE="current_cos_V" MODULE="sin_cos" LOOP="" BUNDLEDNAME="" DSP="0" BRAM="0" URAM="0"/>
	<BindNode BINDTYPE="op" DISPLAY="bind_op add" ID="" IMPL="fabric" LATENCY="0" OPTYPE="add" PRAGMA="" RTLNAME="current_cos_V_1_fu_230_p2" SOURCE="C:/Xilinx/Vitis_HLS/2022.1/common/technology/autopilot\ap_fixed_base.h:859" VARIABLE="current_cos_V_1" MODULE="sin_cos" LOOP="" BUNDLEDNAME="" DSP="0" BRAM="0" URAM="0"/>
	<BindNode BINDTYPE="op" DISPLAY="bind_op sub" ID="" IMPL="fabric" LATENCY="0" OPTYPE="sub" PRAGMA="" RTLNAME="current_cos_V_2_fu_250_p2" SOURCE="C:/Xilinx/Vitis_HLS/2022.1/common/technology/autopilot\ap_fixed_base.h:859" VARIABLE="current_cos_V_2" MODULE="sin_cos" LOOP="" BUNDLEDNAME="" DSP="0" BRAM="0" URAM="0"/>
	<BindNode BINDTYPE="op" DISPLAY="bind_op add" ID="" IMPL="fabric" LATENCY="0" OPTYPE="add" PRAGMA="" RTLNAME="current_cos_V_3_fu_379_p2" SOURCE="C:/Xilinx/Vitis_HLS/2022.1/common/technology/autopilot\ap_fixed_base.h:859" VARIABLE="current_cos_V_3" MODULE="sin_cos" LOOP="" BUNDLEDNAME="" DSP="0" BRAM="0" URAM="0"/>
	<BindNode BINDTYPE="op" DISPLAY="bind_op add" ID="" IMPL="fabric" LATENCY="0" OPTYPE="add" PRAGMA="" RTLNAME="current_cos_V_4_fu_398_p2" SOURCE="C:/Xilinx/Vitis_HLS/2022.1/common/technology/autopilot\ap_fixed_base.h:859" VARIABLE="current_cos_V_4" MODULE="sin_cos" LOOP="" BUNDLEDNAME="" DSP="0" BRAM="0" URAM="0"/>
	<BindNode BINDTYPE="op" DISPLAY="bind_op add" ID="" IMPL="fabric" LATENCY="0" OPTYPE="add" PRAGMA="" RTLNAME="current_cos_V_106_fu_418_p2" SOURCE="C:/Xilinx/Vitis_HLS/2022.1/common/technology/autopilot\ap_fixed_base.h:859" VARIABLE="current_cos_V_106" MODULE="sin_cos" LOOP="" BUNDLEDNAME="" DSP="0" BRAM="0" URAM="0"/>
	<BindNode BINDTYPE="op" DISPLAY="bind_op sub" ID="" IMPL="fabric" LATENCY="0" OPTYPE="sub" PRAGMA="" RTLNAME="current_sin_V_fu_280_p2" SOURCE="C:/Xilinx/Vitis_HLS/2022.1/common/technology/autopilot\ap_fixed_base.h:859" VARIABLE="current_sin_V" MODULE="sin_cos" LOOP="" BUNDLEDNAME="" DSP="0" BRAM="0" URAM="0"/>
	<BindNode BINDTYPE="op" DISPLAY="bind_op add" ID="" IMPL="fabric" LATENCY="0" OPTYPE="add" PRAGMA="" RTLNAME="current_sin_V_1_fu_300_p2" SOURCE="C:/Xilinx/Vitis_HLS/2022.1/common/technology/autopilot\ap_fixed_base.h:859" VARIABLE="current_sin_V_1" MODULE="sin_cos" LOOP="" BUNDLEDNAME="" DSP="0" BRAM="0" URAM="0"/>
	<BindNode BINDTYPE="op" DISPLAY="bind_op sub" ID="" IMPL="fabric" LATENCY="0" OPTYPE="sub" PRAGMA="" RTLNAME="current_sin_V_2_fu_320_p2" SOURCE="C:/Xilinx/Vitis_HLS/2022.1/common/technology/autopilot\ap_fixed_base.h:859" VARIABLE="current_sin_V_2" MODULE="sin_cos" LOOP="" BUNDLEDNAME="" DSP="0" BRAM="0" URAM="0"/>
	<BindNode BINDTYPE="op" DISPLAY="bind_op add" ID="" IMPL="fabric" LATENCY="0" OPTYPE="add" PRAGMA="" RTLNAME="current_sin_V_3_fu_427_p2" SOURCE="C:/Xilinx/Vitis_HLS/2022.1/common/technology/autopilot\ap_fixed_base.h:859" VARIABLE="current_sin_V_3" MODULE="sin_cos" LOOP="" BUNDLEDNAME="" DSP="0" BRAM="0" URAM="0"/>
	<BindNode BINDTYPE="op" DISPLAY="bind_op add" ID="" IMPL="fabric" LATENCY="0" OPTYPE="add" PRAGMA="" RTLNAME="current_sin_V_4_fu_446_p2" SOURCE="C:/Xilinx/Vitis_HLS/2022.1/common/technology/autopilot\ap_fixed_base.h:859" VARIABLE="current_sin_V_4" MODULE="sin_cos" LOOP="" BUNDLEDNAME="" DSP="0" BRAM="0" URAM="0"/>
	<BindNode BINDTYPE="op" DISPLAY="bind_op add" ID="" IMPL="fabric" LATENCY="0" OPTYPE="add" PRAGMA="" RTLNAME="current_sin_V_106_fu_466_p2" SOURCE="C:/Xilinx/Vitis_HLS/2022.1/common/technology/autopilot\ap_fixed_base.h:859" VARIABLE="current_sin_V_106" MODULE="sin_cos" LOOP="" BUNDLEDNAME="" DSP="0" BRAM="0" URAM="0"/>
	<BindNode BINDTYPE="op" DISPLAY="bind_op icmp" ID="" IMPL="auto" LATENCY="0" OPTYPE="icmp" PRAGMA="" RTLNAME="i_fu_336_p2" SOURCE="C:/Xilinx/Vitis_HLS/2022.1/common/technology/autopilot\ap_fixed_base.h:1695" VARIABLE="i" MODULE="sin_cos" LOOP="" BUNDLEDNAME="" DSP="0" BRAM="0" URAM="0"/>
	<BindNode BINDTYPE="op" DISPLAY="bind_op add" ID="" IMPL="fabric" LATENCY="0" OPTYPE="add" PRAGMA="" RTLNAME="theta_V_fu_342_p2" SOURCE="C:/Xilinx/Vitis_HLS/2022.1/common/technology/autopilot\ap_fixed_base.h:859" VARIABLE="theta_V" MODULE="sin_cos" LOOP="" BUNDLEDNAME="" DSP="0" BRAM="0" URAM="0"/>
	<BindNode BINDTYPE="op" DISPLAY="bind_op select" ID="" IMPL="auto_sel" LATENCY="0" OPTYPE="select" PRAGMA="" RTLNAME="theta_V_1_fu_348_p3" SOURCE="cordic_fixed.cpp:47" VARIABLE="theta_V_1" MODULE="sin_cos" LOOP="" BUNDLEDNAME="" DSP="0" BRAM="0" URAM="0"/>
	<BindNode BINDTYPE="op" DISPLAY="bind_op icmp" ID="" IMPL="auto" LATENCY="0" OPTYPE="icmp" PRAGMA="" RTLNAME="icmp_ln1695_fu_356_p2" SOURCE="C:/Xilinx/Vitis_HLS/2022.1/common/technology/autopilot\ap_fixed_base.h:1695" VARIABLE="icmp_ln1695" MODULE="sin_cos" LOOP="" BUNDLEDNAME="" DSP="0" BRAM="0" URAM="0"/>
	<BindNode BINDTYPE="op" DISPLAY="bind_op add" ID="" IMPL="fabric" LATENCY="0" OPTYPE="add" PRAGMA="" RTLNAME="theta_V_2_fu_362_p2" SOURCE="C:/Xilinx/Vitis_HLS/2022.1/common/technology/autopilot\ap_fixed_base.h:859" VARIABLE="theta_V_2" MODULE="sin_cos" LOOP="" BUNDLEDNAME="" DSP="0" BRAM="0" URAM="0"/>
	<BindNode BINDTYPE="op" DISPLAY="bind_op select" ID="" IMPL="auto_sel" LATENCY="0" OPTYPE="select" PRAGMA="" RTLNAME="i_1_fu_475_p3" SOURCE="cordic_fixed.cpp:49" VARIABLE="i_1" MODULE="sin_cos" LOOP="" BUNDLEDNAME="" DSP="0" BRAM="0" URAM="0"/>
	<BindNode BINDTYPE="op" DISPLAY="bind_op select" ID="" IMPL="auto_sel" LATENCY="0" OPTYPE="select" PRAGMA="" RTLNAME="theta_V_3_fu_368_p3" SOURCE="C:/Xilinx/Vitis_HLS/2022.1/common/technology/autopilot\ap_fixed_base.h:1695" VARIABLE="theta_V_3" MODULE="sin_cos" LOOP="" BUNDLEDNAME="" DSP="0" BRAM="0" URAM="0"/>
	<BindNode BINDTYPE="op" DISPLAY="bind_op select" ID="" IMPL="auto_sel" LATENCY="0" OPTYPE="select" PRAGMA="" RTLNAME="i_2_fu_482_p3" SOURCE="C:/Xilinx/Vitis_HLS/2022.1/common/technology/autopilot\ap_fixed_base.h:1695" VARIABLE="i_2" MODULE="sin_cos" LOOP="" BUNDLEDNAME="" DSP="0" BRAM="0" URAM="0"/>
	<BindNode BINDTYPE="op" DISPLAY="bind_op icmp" ID="" IMPL="auto" LATENCY="0" OPTYPE="icmp" PRAGMA="" RTLNAME="icmp_ln1695_1_fu_489_p2" SOURCE="C:/Xilinx/Vitis_HLS/2022.1/common/technology/autopilot\ap_fixed_base.h:1695" VARIABLE="icmp_ln1695_1" MODULE="sin_cos" LOOP="" BUNDLEDNAME="" DSP="0" BRAM="0" URAM="0"/>
	<BindNode BINDTYPE="op" DISPLAY="bind_op add" ID="" IMPL="fabric" LATENCY="0" OPTYPE="add" PRAGMA="" RTLNAME="theta_V_4_fu_494_p2" SOURCE="C:/Xilinx/Vitis_HLS/2022.1/common/technology/autopilot\ap_fixed_base.h:859" VARIABLE="theta_V_4" MODULE="sin_cos" LOOP="" BUNDLEDNAME="" DSP="0" BRAM="0" URAM="0"/>
	<BindNode BINDTYPE="op" DISPLAY="bind_op add" ID="" IMPL="fabric" LATENCY="0" OPTYPE="add" PRAGMA="" RTLNAME="i_3_fu_499_p2" SOURCE="cordic_fixed.cpp:49" VARIABLE="i_3" MODULE="sin_cos" LOOP="" BUNDLEDNAME="" DSP="0" BRAM="0" URAM="0"/>
	<BindNode BINDTYPE="op" DISPLAY="bind_op select" ID="" IMPL="auto_sel" LATENCY="0" OPTYPE="select" PRAGMA="" RTLNAME="theta_V_5_fu_505_p3" SOURCE="C:/Xilinx/Vitis_HLS/2022.1/common/technology/autopilot\ap_fixed_base.h:1695" VARIABLE="theta_V_5" MODULE="sin_cos" LOOP="" BUNDLEDNAME="" DSP="0" BRAM="0" URAM="0"/>
	<BindNode BINDTYPE="op" DISPLAY="bind_op select" ID="" IMPL="auto_sel" LATENCY="0" OPTYPE="select" PRAGMA="" RTLNAME="i_4_fu_512_p3" SOURCE="C:/Xilinx/Vitis_HLS/2022.1/common/technology/autopilot\ap_fixed_base.h:1695" VARIABLE="i_4" MODULE="sin_cos" LOOP="" BUNDLEDNAME="" DSP="0" BRAM="0" URAM="0"/>
	<BindNode BINDTYPE="op" DISPLAY="bind_op icmp" ID="" IMPL="auto" LATENCY="0" OPTYPE="icmp" PRAGMA="" RTLNAME="icmp_ln1695_2_fu_520_p2" SOURCE="C:/Xilinx/Vitis_HLS/2022.1/common/technology/autopilot\ap_fixed_base.h:1695" VARIABLE="icmp_ln1695_2" MODULE="sin_cos" LOOP="" BUNDLEDNAME="" DSP="0" BRAM="0" URAM="0"/>
	<BindNode BINDTYPE="op" DISPLAY="bind_op add" ID="" IMPL="fabric" LATENCY="0" OPTYPE="add" PRAGMA="" RTLNAME="theta_V_6_fu_526_p2" SOURCE="C:/Xilinx/Vitis_HLS/2022.1/common/technology/autopilot\ap_fixed_base.h:859" VARIABLE="theta_V_6" MODULE="sin_cos" LOOP="" BUNDLEDNAME="" DSP="0" BRAM="0" URAM="0"/>
	<BindNode BINDTYPE="op" DISPLAY="bind_op add" ID="" IMPL="fabric" LATENCY="0" OPTYPE="add" PRAGMA="" RTLNAME="i_5_fu_543_p2" SOURCE="cordic_fixed.cpp:49" VARIABLE="i_5" MODULE="sin_cos" LOOP="" BUNDLEDNAME="" DSP="0" BRAM="0" URAM="0"/>
	<BindNode BINDTYPE="op" DISPLAY="bind_op select" ID="" IMPL="auto_sel" LATENCY="0" OPTYPE="select" PRAGMA="" RTLNAME="theta_V_7_fu_532_p3" SOURCE="C:/Xilinx/Vitis_HLS/2022.1/common/technology/autopilot\ap_fixed_base.h:1695" VARIABLE="theta_V_7" MODULE="sin_cos" LOOP="" BUNDLEDNAME="" DSP="0" BRAM="0" URAM="0"/>
	<BindNode BINDTYPE="op" DISPLAY="bind_op select" ID="" IMPL="auto_sel" LATENCY="0" OPTYPE="select" PRAGMA="" RTLNAME="i_6_fu_549_p3" SOURCE="C:/Xilinx/Vitis_HLS/2022.1/common/technology/autopilot\ap_fixed_base.h:1695" VARIABLE="i_6" MODULE="sin_cos" LOOP="" BUNDLEDNAME="" DSP="0" BRAM="0" URAM="0"/>
	<BindNode BINDTYPE="op" DISPLAY="bind_op icmp" ID="" IMPL="auto" LATENCY="0" OPTYPE="icmp" PRAGMA="" RTLNAME="icmp_ln1695_3_fu_556_p2" SOURCE="C:/Xilinx/Vitis_HLS/2022.1/common/technology/autopilot\ap_fixed_base.h:1695" VARIABLE="icmp_ln1695_3" MODULE="sin_cos" LOOP="" BUNDLEDNAME="" DSP="0" BRAM="0" URAM="0"/>
	<BindNode BINDTYPE="op" DISPLAY="bind_op add" ID="" IMPL="fabric" LATENCY="0" OPTYPE="add" PRAGMA="" RTLNAME="theta_V_8_fu_561_p2" SOURCE="C:/Xilinx/Vitis_HLS/2022.1/common/technology/autopilot\ap_fixed_base.h:859" VARIABLE="theta_V_8" MODULE="sin_cos" LOOP="" BUNDLEDNAME="" DSP="0" BRAM="0" URAM="0"/>
	<BindNode BINDTYPE="op" DISPLAY="bind_op add" ID="" IMPL="fabric" LATENCY="0" OPTYPE="add" PRAGMA="" RTLNAME="i_7_fu_566_p2" SOURCE="cordic_fixed.cpp:49" VARIABLE="i_7" MODULE="sin_cos" LOOP="" BUNDLEDNAME="" DSP="0" BRAM="0" URAM="0"/>
	<BindNode BINDTYPE="op" DISPLAY="bind_op select" ID="" IMPL="auto_sel" LATENCY="0" OPTYPE="select" PRAGMA="" RTLNAME="theta_V_9_fu_572_p3" SOURCE="C:/Xilinx/Vitis_HLS/2022.1/common/technology/autopilot\ap_fixed_base.h:1695" VARIABLE="theta_V_9" MODULE="sin_cos" LOOP="" BUNDLEDNAME="" DSP="0" BRAM="0" URAM="0"/>
	<BindNode BINDTYPE="op" DISPLAY="bind_op select" ID="" IMPL="auto_sel" LATENCY="0" OPTYPE="select" PRAGMA="" RTLNAME="i_8_fu_579_p3" SOURCE="C:/Xilinx/Vitis_HLS/2022.1/common/technology/autopilot\ap_fixed_base.h:1695" VARIABLE="i_8" MODULE="sin_cos" LOOP="" BUNDLEDNAME="" DSP="0" BRAM="0" URAM="0"/>
	<BindNode BINDTYPE="op" DISPLAY="bind_op add" ID="" IMPL="fabric" LATENCY="0" OPTYPE="add" PRAGMA="" RTLNAME="current_sin_V_107_fu_735_p2" SOURCE="C:/Xilinx/Vitis_HLS/2022.1/common/technology/autopilot\ap_fixed_base.h:859" VARIABLE="current_sin_V_107" MODULE="sin_cos" LOOP="" BUNDLEDNAME="" DSP="0" BRAM="0" URAM="0"/>
	<BindNode BINDTYPE="op" DISPLAY="bind_op sub" ID="" IMPL="fabric" LATENCY="0" OPTYPE="sub" PRAGMA="" RTLNAME="current_cos_V_6_fu_739_p2" SOURCE="C:/Xilinx/Vitis_HLS/2022.1/common/technology/autopilot\ap_fixed_base.h:859" VARIABLE="current_cos_V_6" MODULE="sin_cos" LOOP="" BUNDLEDNAME="" DSP="0" BRAM="0" URAM="0"/>
	<BindNode BINDTYPE="op" DISPLAY="bind_op sub" ID="" IMPL="fabric" LATENCY="0" OPTYPE="sub" PRAGMA="" RTLNAME="current_sin_V_7_fu_743_p2" SOURCE="C:/Xilinx/Vitis_HLS/2022.1/common/technology/autopilot\ap_fixed_base.h:859" VARIABLE="current_sin_V_7" MODULE="sin_cos" LOOP="" BUNDLEDNAME="" DSP="0" BRAM="0" URAM="0"/>
	<BindNode BINDTYPE="op" DISPLAY="bind_op select" ID="" IMPL="auto_sel" LATENCY="0" OPTYPE="select" PRAGMA="" RTLNAME="select_ln59_fu_603_p3" SOURCE="cordic_fixed.cpp:59" VARIABLE="select_ln59" MODULE="sin_cos" LOOP="" BUNDLEDNAME="" DSP="0" BRAM="0" URAM="0"/>
	<BindNode BINDTYPE="op" DISPLAY="bind_op add" ID="" IMPL="fabric" LATENCY="0" OPTYPE="add" PRAGMA="" RTLNAME="theta_V_10_fu_611_p2" SOURCE="cordic_fixed.cpp:59" VARIABLE="theta_V_10" MODULE="sin_cos" LOOP="" BUNDLEDNAME="" DSP="0" BRAM="0" URAM="0"/>
	<BindNode BINDTYPE="op" DISPLAY="bind_op select" ID="" IMPL="auto_sel" LATENCY="0" OPTYPE="select" PRAGMA="" RTLNAME="current_cos_V_8_fu_747_p3" SOURCE="cordic_fixed.cpp:59" VARIABLE="current_cos_V_8" MODULE="sin_cos" LOOP="" BUNDLEDNAME="" DSP="0" BRAM="0" URAM="0"/>
	<BindNode BINDTYPE="op" DISPLAY="bind_op select" ID="" IMPL="auto_sel" LATENCY="0" OPTYPE="select" PRAGMA="" RTLNAME="current_sin_V_8_fu_754_p3" SOURCE="cordic_fixed.cpp:59" VARIABLE="current_sin_V_8" MODULE="sin_cos" LOOP="" BUNDLEDNAME="" DSP="0" BRAM="0" URAM="0"/>
	<BindNode BINDTYPE="op" DISPLAY="bind_op sub" ID="" IMPL="fabric" LATENCY="0" OPTYPE="sub" PRAGMA="" RTLNAME="current_cos_V_9_fu_789_p2" SOURCE="C:/Xilinx/Vitis_HLS/2022.1/common/technology/autopilot\ap_fixed_base.h:859" VARIABLE="current_cos_V_9" MODULE="sin_cos" LOOP="" BUNDLEDNAME="" DSP="0" BRAM="0" URAM="0"/>
	<BindNode BINDTYPE="op" DISPLAY="bind_op add" ID="" IMPL="fabric" LATENCY="0" OPTYPE="add" PRAGMA="" RTLNAME="current_sin_V_9_fu_795_p2" SOURCE="C:/Xilinx/Vitis_HLS/2022.1/common/technology/autopilot\ap_fixed_base.h:859" VARIABLE="current_sin_V_9" MODULE="sin_cos" LOOP="" BUNDLEDNAME="" DSP="0" BRAM="0" URAM="0"/>
	<BindNode BINDTYPE="op" DISPLAY="bind_op add" ID="" IMPL="fabric" LATENCY="0" OPTYPE="add" PRAGMA="" RTLNAME="current_cos_V_10_fu_801_p2" SOURCE="C:/Xilinx/Vitis_HLS/2022.1/common/technology/autopilot\ap_fixed_base.h:859" VARIABLE="current_cos_V_10" MODULE="sin_cos" LOOP="" BUNDLEDNAME="" DSP="0" BRAM="0" URAM="0"/>
	<BindNode BINDTYPE="op" DISPLAY="bind_op sub" ID="" IMPL="fabric" LATENCY="0" OPTYPE="sub" PRAGMA="" RTLNAME="current_sin_V_10_fu_807_p2" SOURCE="C:/Xilinx/Vitis_HLS/2022.1/common/technology/autopilot\ap_fixed_base.h:859" VARIABLE="current_sin_V_10" MODULE="sin_cos" LOOP="" BUNDLEDNAME="" DSP="0" BRAM="0" URAM="0"/>
	<BindNode BINDTYPE="op" DISPLAY="bind_op select" ID="" IMPL="auto_sel" LATENCY="0" OPTYPE="select" PRAGMA="" RTLNAME="select_ln1697_fu_633_p3" SOURCE="C:/Xilinx/Vitis_HLS/2022.1/common/technology/autopilot\ap_fixed_base.h:1697" VARIABLE="select_ln1697" MODULE="sin_cos" LOOP="" BUNDLEDNAME="" DSP="0" BRAM="0" URAM="0"/>
	<BindNode BINDTYPE="op" DISPLAY="bind_op all" ID="" IMPL="tadder" LATENCY="0" OPTYPE="all" PRAGMA="" RTLNAME="add_ln1697_fu_640_p2" SOURCE="C:/Xilinx/Vitis_HLS/2022.1/common/technology/autopilot\ap_fixed_base.h:1697" VARIABLE="add_ln1697" MODULE="sin_cos" LOOP="" BUNDLEDNAME="" DSP="0" BRAM="0" URAM="0"/>
	<BindNode BINDTYPE="op" DISPLAY="bind_op all" ID="" IMPL="tadder" LATENCY="0" OPTYPE="all" PRAGMA="" RTLNAME="theta_V_11_fu_645_p2" SOURCE="C:/Xilinx/Vitis_HLS/2022.1/common/technology/autopilot\ap_fixed_base.h:1697" VARIABLE="theta_V_11" MODULE="sin_cos" LOOP="" BUNDLEDNAME="" DSP="0" BRAM="0" URAM="0"/>
	<BindNode BINDTYPE="op" DISPLAY="bind_op select" ID="" IMPL="auto_sel" LATENCY="0" OPTYPE="select" PRAGMA="" RTLNAME="current_cos_V_11_fu_813_p3" SOURCE="C:/Xilinx/Vitis_HLS/2022.1/common/technology/autopilot\ap_fixed_base.h:1697" VARIABLE="current_cos_V_11" MODULE="sin_cos" LOOP="" BUNDLEDNAME="" DSP="0" BRAM="0" URAM="0"/>
	<BindNode BINDTYPE="op" DISPLAY="bind_op select" ID="" IMPL="auto_sel" LATENCY="0" OPTYPE="select" PRAGMA="" RTLNAME="current_sin_V_11_fu_820_p3" SOURCE="C:/Xilinx/Vitis_HLS/2022.1/common/technology/autopilot\ap_fixed_base.h:1697" VARIABLE="current_sin_V_11" MODULE="sin_cos" LOOP="" BUNDLEDNAME="" DSP="0" BRAM="0" URAM="0"/>
	<BindNode BINDTYPE="op" DISPLAY="bind_op sub" ID="" IMPL="fabric" LATENCY="0" OPTYPE="sub" PRAGMA="" RTLNAME="current_cos_V_12_fu_887_p2" SOURCE="C:/Xilinx/Vitis_HLS/2022.1/common/technology/autopilot\ap_fixed_base.h:859" VARIABLE="current_cos_V_12" MODULE="sin_cos" LOOP="" BUNDLEDNAME="" DSP="0" BRAM="0" URAM="0"/>
	<BindNode BINDTYPE="op" DISPLAY="bind_op add" ID="" IMPL="fabric" LATENCY="0" OPTYPE="add" PRAGMA="" RTLNAME="current_sin_V_12_fu_892_p2" SOURCE="C:/Xilinx/Vitis_HLS/2022.1/common/technology/autopilot\ap_fixed_base.h:859" VARIABLE="current_sin_V_12" MODULE="sin_cos" LOOP="" BUNDLEDNAME="" DSP="0" BRAM="0" URAM="0"/>
	<BindNode BINDTYPE="op" DISPLAY="bind_op add" ID="" IMPL="fabric" LATENCY="0" OPTYPE="add" PRAGMA="" RTLNAME="current_cos_V_13_fu_897_p2" SOURCE="C:/Xilinx/Vitis_HLS/2022.1/common/technology/autopilot\ap_fixed_base.h:859" VARIABLE="current_cos_V_13" MODULE="sin_cos" LOOP="" BUNDLEDNAME="" DSP="0" BRAM="0" URAM="0"/>
	<BindNode BINDTYPE="op" DISPLAY="bind_op sub" ID="" IMPL="fabric" LATENCY="0" OPTYPE="sub" PRAGMA="" RTLNAME="current_sin_V_13_fu_902_p2" SOURCE="C:/Xilinx/Vitis_HLS/2022.1/common/technology/autopilot\ap_fixed_base.h:859" VARIABLE="current_sin_V_13" MODULE="sin_cos" LOOP="" BUNDLEDNAME="" DSP="0" BRAM="0" URAM="0"/>
	<BindNode BINDTYPE="op" DISPLAY="bind_op select" ID="" IMPL="auto_sel" LATENCY="0" OPTYPE="select" PRAGMA="" RTLNAME="select_ln1697_3_fu_667_p3" SOURCE="C:/Xilinx/Vitis_HLS/2022.1/common/technology/autopilot\ap_fixed_base.h:1697" VARIABLE="select_ln1697_3" MODULE="sin_cos" LOOP="" BUNDLEDNAME="" DSP="0" BRAM="0" URAM="0"/>
	<BindNode BINDTYPE="op" DISPLAY="bind_op all" ID="" IMPL="tadder" LATENCY="0" OPTYPE="all" PRAGMA="" RTLNAME="add_ln1697_2_fu_674_p2" SOURCE="C:/Xilinx/Vitis_HLS/2022.1/common/technology/autopilot\ap_fixed_base.h:1697" VARIABLE="add_ln1697_2" MODULE="sin_cos" LOOP="" BUNDLEDNAME="" DSP="0" BRAM="0" URAM="0"/>
	<BindNode BINDTYPE="op" DISPLAY="bind_op all" ID="" IMPL="tadder" LATENCY="0" OPTYPE="all" PRAGMA="" RTLNAME="theta_V_12_fu_679_p2" SOURCE="C:/Xilinx/Vitis_HLS/2022.1/common/technology/autopilot\ap_fixed_base.h:1697" VARIABLE="theta_V_12" MODULE="sin_cos" LOOP="" BUNDLEDNAME="" DSP="0" BRAM="0" URAM="0"/>
	<BindNode BINDTYPE="op" DISPLAY="bind_op select" ID="" IMPL="auto_sel" LATENCY="0" OPTYPE="select" PRAGMA="" RTLNAME="current_cos_V_14_fu_907_p3" SOURCE="C:/Xilinx/Vitis_HLS/2022.1/common/technology/autopilot\ap_fixed_base.h:1697" VARIABLE="current_cos_V_14" MODULE="sin_cos" LOOP="" BUNDLEDNAME="" DSP="0" BRAM="0" URAM="0"/>
	<BindNode BINDTYPE="op" DISPLAY="bind_op select" ID="" IMPL="auto_sel" LATENCY="0" OPTYPE="select" PRAGMA="" RTLNAME="current_sin_V_14_fu_914_p3" SOURCE="C:/Xilinx/Vitis_HLS/2022.1/common/technology/autopilot\ap_fixed_base.h:1697" VARIABLE="current_sin_V_14" MODULE="sin_cos" LOOP="" BUNDLEDNAME="" DSP="0" BRAM="0" URAM="0"/>
	<BindNode BINDTYPE="op" DISPLAY="bind_op sub" ID="" IMPL="fabric" LATENCY="0" OPTYPE="sub" PRAGMA="" RTLNAME="current_cos_V_15_fu_949_p2" SOURCE="C:/Xilinx/Vitis_HLS/2022.1/common/technology/autopilot\ap_fixed_base.h:859" VARIABLE="current_cos_V_15" MODULE="sin_cos" LOOP="" BUNDLEDNAME="" DSP="0" BRAM="0" URAM="0"/>
	<BindNode BINDTYPE="op" DISPLAY="bind_op add" ID="" IMPL="fabric" LATENCY="0" OPTYPE="add" PRAGMA="" RTLNAME="current_sin_V_15_fu_955_p2" SOURCE="C:/Xilinx/Vitis_HLS/2022.1/common/technology/autopilot\ap_fixed_base.h:859" VARIABLE="current_sin_V_15" MODULE="sin_cos" LOOP="" BUNDLEDNAME="" DSP="0" BRAM="0" URAM="0"/>
	<BindNode BINDTYPE="op" DISPLAY="bind_op add" ID="" IMPL="fabric" LATENCY="0" OPTYPE="add" PRAGMA="" RTLNAME="current_cos_V_16_fu_961_p2" SOURCE="C:/Xilinx/Vitis_HLS/2022.1/common/technology/autopilot\ap_fixed_base.h:859" VARIABLE="current_cos_V_16" MODULE="sin_cos" LOOP="" BUNDLEDNAME="" DSP="0" BRAM="0" URAM="0"/>
	<BindNode BINDTYPE="op" DISPLAY="bind_op sub" ID="" IMPL="fabric" LATENCY="0" OPTYPE="sub" PRAGMA="" RTLNAME="current_sin_V_16_fu_967_p2" SOURCE="C:/Xilinx/Vitis_HLS/2022.1/common/technology/autopilot\ap_fixed_base.h:859" VARIABLE="current_sin_V_16" MODULE="sin_cos" LOOP="" BUNDLEDNAME="" DSP="0" BRAM="0" URAM="0"/>
	<BindNode BINDTYPE="op" DISPLAY="bind_op select" ID="" IMPL="auto_sel" LATENCY="0" OPTYPE="select" PRAGMA="" RTLNAME="select_ln1697_6_fu_701_p3" SOURCE="C:/Xilinx/Vitis_HLS/2022.1/common/technology/autopilot\ap_fixed_base.h:1697" VARIABLE="select_ln1697_6" MODULE="sin_cos" LOOP="" BUNDLEDNAME="" DSP="0" BRAM="0" URAM="0"/>
	<BindNode BINDTYPE="op" DISPLAY="bind_op all" ID="" IMPL="tadder" LATENCY="0" OPTYPE="all" PRAGMA="" RTLNAME="add_ln1697_4_fu_708_p2" SOURCE="C:/Xilinx/Vitis_HLS/2022.1/common/technology/autopilot\ap_fixed_base.h:1697" VARIABLE="add_ln1697_4" MODULE="sin_cos" LOOP="" BUNDLEDNAME="" DSP="0" BRAM="0" URAM="0"/>
	<BindNode BINDTYPE="op" DISPLAY="bind_op all" ID="" IMPL="tadder" LATENCY="0" OPTYPE="all" PRAGMA="" RTLNAME="theta_V_13_fu_713_p2" SOURCE="C:/Xilinx/Vitis_HLS/2022.1/common/technology/autopilot\ap_fixed_base.h:1697" VARIABLE="theta_V_13" MODULE="sin_cos" LOOP="" BUNDLEDNAME="" DSP="0" BRAM="0" URAM="0"/>
	<BindNode BINDTYPE="op" DISPLAY="bind_op select" ID="" IMPL="auto_sel" LATENCY="0" OPTYPE="select" PRAGMA="" RTLNAME="current_cos_V_17_fu_973_p3" SOURCE="C:/Xilinx/Vitis_HLS/2022.1/common/technology/autopilot\ap_fixed_base.h:1697" VARIABLE="current_cos_V_17" MODULE="sin_cos" LOOP="" BUNDLEDNAME="" DSP="0" BRAM="0" URAM="0"/>
	<BindNode BINDTYPE="op" DISPLAY="bind_op select" ID="" IMPL="auto_sel" LATENCY="0" OPTYPE="select" PRAGMA="" RTLNAME="current_sin_V_17_fu_980_p3" SOURCE="C:/Xilinx/Vitis_HLS/2022.1/common/technology/autopilot\ap_fixed_base.h:1697" VARIABLE="current_sin_V_17" MODULE="sin_cos" LOOP="" BUNDLEDNAME="" DSP="0" BRAM="0" URAM="0"/>
	<BindNode BINDTYPE="op" DISPLAY="bind_op sub" ID="" IMPL="fabric" LATENCY="0" OPTYPE="sub" PRAGMA="" RTLNAME="current_cos_V_18_fu_1047_p2" SOURCE="C:/Xilinx/Vitis_HLS/2022.1/common/technology/autopilot\ap_fixed_base.h:859" VARIABLE="current_cos_V_18" MODULE="sin_cos" LOOP="" BUNDLEDNAME="" DSP="0" BRAM="0" URAM="0"/>
	<BindNode BINDTYPE="op" DISPLAY="bind_op add" ID="" IMPL="fabric" LATENCY="0" OPTYPE="add" PRAGMA="" RTLNAME="current_sin_V_18_fu_1052_p2" SOURCE="C:/Xilinx/Vitis_HLS/2022.1/common/technology/autopilot\ap_fixed_base.h:859" VARIABLE="current_sin_V_18" MODULE="sin_cos" LOOP="" BUNDLEDNAME="" DSP="0" BRAM="0" URAM="0"/>
	<BindNode BINDTYPE="op" DISPLAY="bind_op add" ID="" IMPL="fabric" LATENCY="0" OPTYPE="add" PRAGMA="" RTLNAME="current_cos_V_19_fu_1057_p2" SOURCE="C:/Xilinx/Vitis_HLS/2022.1/common/technology/autopilot\ap_fixed_base.h:859" VARIABLE="current_cos_V_19" MODULE="sin_cos" LOOP="" BUNDLEDNAME="" DSP="0" BRAM="0" URAM="0"/>
	<BindNode BINDTYPE="op" DISPLAY="bind_op sub" ID="" IMPL="fabric" LATENCY="0" OPTYPE="sub" PRAGMA="" RTLNAME="current_sin_V_19_fu_1062_p2" SOURCE="C:/Xilinx/Vitis_HLS/2022.1/common/technology/autopilot\ap_fixed_base.h:859" VARIABLE="current_sin_V_19" MODULE="sin_cos" LOOP="" BUNDLEDNAME="" DSP="0" BRAM="0" URAM="0"/>
	<BindNode BINDTYPE="op" DISPLAY="bind_op select" ID="" IMPL="auto_sel" LATENCY="0" OPTYPE="select" PRAGMA="" RTLNAME="select_ln1697_9_fu_847_p3" SOURCE="C:/Xilinx/Vitis_HLS/2022.1/common/technology/autopilot\ap_fixed_base.h:1697" VARIABLE="select_ln1697_9" MODULE="sin_cos" LOOP="" BUNDLEDNAME="" DSP="0" BRAM="0" URAM="0"/>
	<BindNode BINDTYPE="op" DISPLAY="bind_op all" ID="" IMPL="tadder" LATENCY="0" OPTYPE="all" PRAGMA="" RTLNAME="add_ln1697_6_fu_854_p2" SOURCE="C:/Xilinx/Vitis_HLS/2022.1/common/technology/autopilot\ap_fixed_base.h:1697" VARIABLE="add_ln1697_6" MODULE="sin_cos" LOOP="" BUNDLEDNAME="" DSP="0" BRAM="0" URAM="0"/>
	<BindNode BINDTYPE="op" DISPLAY="bind_op all" ID="" IMPL="tadder" LATENCY="0" OPTYPE="all" PRAGMA="" RTLNAME="theta_V_14_fu_859_p2" SOURCE="C:/Xilinx/Vitis_HLS/2022.1/common/technology/autopilot\ap_fixed_base.h:1697" VARIABLE="theta_V_14" MODULE="sin_cos" LOOP="" BUNDLEDNAME="" DSP="0" BRAM="0" URAM="0"/>
	<BindNode BINDTYPE="op" DISPLAY="bind_op select" ID="" IMPL="auto_sel" LATENCY="0" OPTYPE="select" PRAGMA="" RTLNAME="current_cos_V_20_fu_1067_p3" SOURCE="C:/Xilinx/Vitis_HLS/2022.1/common/technology/autopilot\ap_fixed_base.h:1697" VARIABLE="current_cos_V_20" MODULE="sin_cos" LOOP="" BUNDLEDNAME="" DSP="0" BRAM="0" URAM="0"/>
	<BindNode BINDTYPE="op" DISPLAY="bind_op select" ID="" IMPL="auto_sel" LATENCY="0" OPTYPE="select" PRAGMA="" RTLNAME="current_sin_V_20_fu_1074_p3" SOURCE="C:/Xilinx/Vitis_HLS/2022.1/common/technology/autopilot\ap_fixed_base.h:1697" VARIABLE="current_sin_V_20" MODULE="sin_cos" LOOP="" BUNDLEDNAME="" DSP="0" BRAM="0" URAM="0"/>
	<BindNode BINDTYPE="op" DISPLAY="bind_op sub" ID="" IMPL="fabric" LATENCY="0" OPTYPE="sub" PRAGMA="" RTLNAME="current_cos_V_21_fu_1109_p2" SOURCE="C:/Xilinx/Vitis_HLS/2022.1/common/technology/autopilot\ap_fixed_base.h:859" VARIABLE="current_cos_V_21" MODULE="sin_cos" LOOP="" BUNDLEDNAME="" DSP="0" BRAM="0" URAM="0"/>
	<BindNode BINDTYPE="op" DISPLAY="bind_op add" ID="" IMPL="fabric" LATENCY="0" OPTYPE="add" PRAGMA="" RTLNAME="current_sin_V_21_fu_1115_p2" SOURCE="C:/Xilinx/Vitis_HLS/2022.1/common/technology/autopilot\ap_fixed_base.h:859" VARIABLE="current_sin_V_21" MODULE="sin_cos" LOOP="" BUNDLEDNAME="" DSP="0" BRAM="0" URAM="0"/>
	<BindNode BINDTYPE="op" DISPLAY="bind_op add" ID="" IMPL="fabric" LATENCY="0" OPTYPE="add" PRAGMA="" RTLNAME="current_cos_V_22_fu_1121_p2" SOURCE="C:/Xilinx/Vitis_HLS/2022.1/common/technology/autopilot\ap_fixed_base.h:859" VARIABLE="current_cos_V_22" MODULE="sin_cos" LOOP="" BUNDLEDNAME="" DSP="0" BRAM="0" URAM="0"/>
	<BindNode BINDTYPE="op" DISPLAY="bind_op sub" ID="" IMPL="fabric" LATENCY="0" OPTYPE="sub" PRAGMA="" RTLNAME="current_sin_V_22_fu_1127_p2" SOURCE="C:/Xilinx/Vitis_HLS/2022.1/common/technology/autopilot\ap_fixed_base.h:859" VARIABLE="current_sin_V_22" MODULE="sin_cos" LOOP="" BUNDLEDNAME="" DSP="0" BRAM="0" URAM="0"/>
	<BindNode BINDTYPE="op" DISPLAY="bind_op select" ID="" IMPL="auto_sel" LATENCY="0" OPTYPE="select" PRAGMA="" RTLNAME="select_ln1697_12_fu_1007_p3" SOURCE="C:/Xilinx/Vitis_HLS/2022.1/common/technology/autopilot\ap_fixed_base.h:1697" VARIABLE="select_ln1697_12" MODULE="sin_cos" LOOP="" BUNDLEDNAME="" DSP="0" BRAM="0" URAM="0"/>
	<BindNode BINDTYPE="op" DISPLAY="bind_op all" ID="" IMPL="tadder" LATENCY="0" OPTYPE="all" PRAGMA="" RTLNAME="add_ln1697_8_fu_1014_p2" SOURCE="C:/Xilinx/Vitis_HLS/2022.1/common/technology/autopilot\ap_fixed_base.h:1697" VARIABLE="add_ln1697_8" MODULE="sin_cos" LOOP="" BUNDLEDNAME="" DSP="0" BRAM="0" URAM="0"/>
	<BindNode BINDTYPE="op" DISPLAY="bind_op all" ID="" IMPL="tadder" LATENCY="0" OPTYPE="all" PRAGMA="" RTLNAME="theta_V_15_fu_1019_p2" SOURCE="C:/Xilinx/Vitis_HLS/2022.1/common/technology/autopilot\ap_fixed_base.h:1697" VARIABLE="theta_V_15" MODULE="sin_cos" LOOP="" BUNDLEDNAME="" DSP="0" BRAM="0" URAM="0"/>
	<BindNode BINDTYPE="op" DISPLAY="bind_op select" ID="" IMPL="auto_sel" LATENCY="0" OPTYPE="select" PRAGMA="" RTLNAME="current_cos_V_23_fu_1133_p3" SOURCE="C:/Xilinx/Vitis_HLS/2022.1/common/technology/autopilot\ap_fixed_base.h:1697" VARIABLE="current_cos_V_23" MODULE="sin_cos" LOOP="" BUNDLEDNAME="" DSP="0" BRAM="0" URAM="0"/>
	<BindNode BINDTYPE="op" DISPLAY="bind_op select" ID="" IMPL="auto_sel" LATENCY="0" OPTYPE="select" PRAGMA="" RTLNAME="current_sin_V_23_fu_1140_p3" SOURCE="C:/Xilinx/Vitis_HLS/2022.1/common/technology/autopilot\ap_fixed_base.h:1697" VARIABLE="current_sin_V_23" MODULE="sin_cos" LOOP="" BUNDLEDNAME="" DSP="0" BRAM="0" URAM="0"/>
	<BindNode BINDTYPE="op" DISPLAY="bind_op sub" ID="" IMPL="fabric" LATENCY="0" OPTYPE="sub" PRAGMA="" RTLNAME="current_cos_V_24_fu_1207_p2" SOURCE="C:/Xilinx/Vitis_HLS/2022.1/common/technology/autopilot\ap_fixed_base.h:859" VARIABLE="current_cos_V_24" MODULE="sin_cos" LOOP="" BUNDLEDNAME="" DSP="0" BRAM="0" URAM="0"/>
	<BindNode BINDTYPE="op" DISPLAY="bind_op add" ID="" IMPL="fabric" LATENCY="0" OPTYPE="add" PRAGMA="" RTLNAME="current_sin_V_24_fu_1212_p2" SOURCE="C:/Xilinx/Vitis_HLS/2022.1/common/technology/autopilot\ap_fixed_base.h:859" VARIABLE="current_sin_V_24" MODULE="sin_cos" LOOP="" BUNDLEDNAME="" DSP="0" BRAM="0" URAM="0"/>
	<BindNode BINDTYPE="op" DISPLAY="bind_op add" ID="" IMPL="fabric" LATENCY="0" OPTYPE="add" PRAGMA="" RTLNAME="current_cos_V_25_fu_1217_p2" SOURCE="C:/Xilinx/Vitis_HLS/2022.1/common/technology/autopilot\ap_fixed_base.h:859" VARIABLE="current_cos_V_25" MODULE="sin_cos" LOOP="" BUNDLEDNAME="" DSP="0" BRAM="0" URAM="0"/>
	<BindNode BINDTYPE="op" DISPLAY="bind_op sub" ID="" IMPL="fabric" LATENCY="0" OPTYPE="sub" PRAGMA="" RTLNAME="current_sin_V_25_fu_1222_p2" SOURCE="C:/Xilinx/Vitis_HLS/2022.1/common/technology/autopilot\ap_fixed_base.h:859" VARIABLE="current_sin_V_25" MODULE="sin_cos" LOOP="" BUNDLEDNAME="" DSP="0" BRAM="0" URAM="0"/>
	<BindNode BINDTYPE="op" DISPLAY="bind_op select" ID="" IMPL="auto_sel" LATENCY="0" OPTYPE="select" PRAGMA="" RTLNAME="select_ln1697_15_fu_1167_p3" SOURCE="C:/Xilinx/Vitis_HLS/2022.1/common/technology/autopilot\ap_fixed_base.h:1697" VARIABLE="select_ln1697_15" MODULE="sin_cos" LOOP="" BUNDLEDNAME="" DSP="0" BRAM="0" URAM="0"/>
	<BindNode BINDTYPE="op" DISPLAY="bind_op all" ID="" IMPL="tadder" LATENCY="0" OPTYPE="all" PRAGMA="" RTLNAME="add_ln1697_10_fu_1174_p2" SOURCE="C:/Xilinx/Vitis_HLS/2022.1/common/technology/autopilot\ap_fixed_base.h:1697" VARIABLE="add_ln1697_10" MODULE="sin_cos" LOOP="" BUNDLEDNAME="" DSP="0" BRAM="0" URAM="0"/>
	<BindNode BINDTYPE="op" DISPLAY="bind_op all" ID="" IMPL="tadder" LATENCY="0" OPTYPE="all" PRAGMA="" RTLNAME="theta_V_16_fu_1179_p2" SOURCE="C:/Xilinx/Vitis_HLS/2022.1/common/technology/autopilot\ap_fixed_base.h:1697" VARIABLE="theta_V_16" MODULE="sin_cos" LOOP="" BUNDLEDNAME="" DSP="0" BRAM="0" URAM="0"/>
	<BindNode BINDTYPE="op" DISPLAY="bind_op select" ID="" IMPL="auto_sel" LATENCY="0" OPTYPE="select" PRAGMA="" RTLNAME="current_cos_V_26_fu_1227_p3" SOURCE="C:/Xilinx/Vitis_HLS/2022.1/common/technology/autopilot\ap_fixed_base.h:1697" VARIABLE="current_cos_V_26" MODULE="sin_cos" LOOP="" BUNDLEDNAME="" DSP="0" BRAM="0" URAM="0"/>
	<BindNode BINDTYPE="op" DISPLAY="bind_op select" ID="" IMPL="auto_sel" LATENCY="0" OPTYPE="select" PRAGMA="" RTLNAME="current_sin_V_26_fu_1234_p3" SOURCE="C:/Xilinx/Vitis_HLS/2022.1/common/technology/autopilot\ap_fixed_base.h:1697" VARIABLE="current_sin_V_26" MODULE="sin_cos" LOOP="" BUNDLEDNAME="" DSP="0" BRAM="0" URAM="0"/>
	<BindNode BINDTYPE="op" DISPLAY="bind_op sub" ID="" IMPL="fabric" LATENCY="0" OPTYPE="sub" PRAGMA="" RTLNAME="current_cos_V_27_fu_1269_p2" SOURCE="C:/Xilinx/Vitis_HLS/2022.1/common/technology/autopilot\ap_fixed_base.h:859" VARIABLE="current_cos_V_27" MODULE="sin_cos" LOOP="" BUNDLEDNAME="" DSP="0" BRAM="0" URAM="0"/>
	<BindNode BINDTYPE="op" DISPLAY="bind_op add" ID="" IMPL="fabric" LATENCY="0" OPTYPE="add" PRAGMA="" RTLNAME="current_sin_V_27_fu_1275_p2" SOURCE="C:/Xilinx/Vitis_HLS/2022.1/common/technology/autopilot\ap_fixed_base.h:859" VARIABLE="current_sin_V_27" MODULE="sin_cos" LOOP="" BUNDLEDNAME="" DSP="0" BRAM="0" URAM="0"/>
	<BindNode BINDTYPE="op" DISPLAY="bind_op add" ID="" IMPL="fabric" LATENCY="0" OPTYPE="add" PRAGMA="" RTLNAME="current_cos_V_28_fu_1281_p2" SOURCE="C:/Xilinx/Vitis_HLS/2022.1/common/technology/autopilot\ap_fixed_base.h:859" VARIABLE="current_cos_V_28" MODULE="sin_cos" LOOP="" BUNDLEDNAME="" DSP="0" BRAM="0" URAM="0"/>
	<BindNode BINDTYPE="op" DISPLAY="bind_op sub" ID="" IMPL="fabric" LATENCY="0" OPTYPE="sub" PRAGMA="" RTLNAME="current_sin_V_28_fu_1287_p2" SOURCE="C:/Xilinx/Vitis_HLS/2022.1/common/technology/autopilot\ap_fixed_base.h:859" VARIABLE="current_sin_V_28" MODULE="sin_cos" LOOP="" BUNDLEDNAME="" DSP="0" BRAM="0" URAM="0"/>
	<BindNode BINDTYPE="op" DISPLAY="bind_op select" ID="" IMPL="auto_sel" LATENCY="0" OPTYPE="select" PRAGMA="" RTLNAME="select_ln1697_18_fu_1293_p3" SOURCE="C:/Xilinx/Vitis_HLS/2022.1/common/technology/autopilot\ap_fixed_base.h:1697" VARIABLE="select_ln1697_18" MODULE="sin_cos" LOOP="" BUNDLEDNAME="" DSP="0" BRAM="0" URAM="0"/>
	<BindNode BINDTYPE="op" DISPLAY="bind_op all" ID="" IMPL="tadder" LATENCY="0" OPTYPE="all" PRAGMA="" RTLNAME="add_ln1697_12_fu_1300_p2" SOURCE="C:/Xilinx/Vitis_HLS/2022.1/common/technology/autopilot\ap_fixed_base.h:1697" VARIABLE="add_ln1697_12" MODULE="sin_cos" LOOP="" BUNDLEDNAME="" DSP="0" BRAM="0" URAM="0"/>
	<BindNode BINDTYPE="op" DISPLAY="bind_op all" ID="" IMPL="tadder" LATENCY="0" OPTYPE="all" PRAGMA="" RTLNAME="theta_V_17_fu_1305_p2" SOURCE="C:/Xilinx/Vitis_HLS/2022.1/common/technology/autopilot\ap_fixed_base.h:1697" VARIABLE="theta_V_17" MODULE="sin_cos" LOOP="" BUNDLEDNAME="" DSP="0" BRAM="0" URAM="0"/>
	<BindNode BINDTYPE="op" DISPLAY="bind_op select" ID="" IMPL="auto_sel" LATENCY="0" OPTYPE="select" PRAGMA="" RTLNAME="current_cos_V_29_fu_1311_p3" SOURCE="C:/Xilinx/Vitis_HLS/2022.1/common/technology/autopilot\ap_fixed_base.h:1697" VARIABLE="current_cos_V_29" MODULE="sin_cos" LOOP="" BUNDLEDNAME="" DSP="0" BRAM="0" URAM="0"/>
	<BindNode BINDTYPE="op" DISPLAY="bind_op select" ID="" IMPL="auto_sel" LATENCY="0" OPTYPE="select" PRAGMA="" RTLNAME="current_sin_V_29_fu_1318_p3" SOURCE="C:/Xilinx/Vitis_HLS/2022.1/common/technology/autopilot\ap_fixed_base.h:1697" VARIABLE="current_sin_V_29" MODULE="sin_cos" LOOP="" BUNDLEDNAME="" DSP="0" BRAM="0" URAM="0"/>
	<BindNode BINDTYPE="op" DISPLAY="bind_op sub" ID="" IMPL="fabric" LATENCY="0" OPTYPE="sub" PRAGMA="" RTLNAME="current_cos_V_30_fu_1367_p2" SOURCE="C:/Xilinx/Vitis_HLS/2022.1/common/technology/autopilot\ap_fixed_base.h:859" VARIABLE="current_cos_V_30" MODULE="sin_cos" LOOP="" BUNDLEDNAME="" DSP="0" BRAM="0" URAM="0"/>
	<BindNode BINDTYPE="op" DISPLAY="bind_op add" ID="" IMPL="fabric" LATENCY="0" OPTYPE="add" PRAGMA="" RTLNAME="current_sin_V_30_fu_1372_p2" SOURCE="C:/Xilinx/Vitis_HLS/2022.1/common/technology/autopilot\ap_fixed_base.h:859" VARIABLE="current_sin_V_30" MODULE="sin_cos" LOOP="" BUNDLEDNAME="" DSP="0" BRAM="0" URAM="0"/>
	<BindNode BINDTYPE="op" DISPLAY="bind_op add" ID="" IMPL="fabric" LATENCY="0" OPTYPE="add" PRAGMA="" RTLNAME="current_cos_V_31_fu_1377_p2" SOURCE="C:/Xilinx/Vitis_HLS/2022.1/common/technology/autopilot\ap_fixed_base.h:859" VARIABLE="current_cos_V_31" MODULE="sin_cos" LOOP="" BUNDLEDNAME="" DSP="0" BRAM="0" URAM="0"/>
	<BindNode BINDTYPE="op" DISPLAY="bind_op sub" ID="" IMPL="fabric" LATENCY="0" OPTYPE="sub" PRAGMA="" RTLNAME="current_sin_V_31_fu_1382_p2" SOURCE="C:/Xilinx/Vitis_HLS/2022.1/common/technology/autopilot\ap_fixed_base.h:859" VARIABLE="current_sin_V_31" MODULE="sin_cos" LOOP="" BUNDLEDNAME="" DSP="0" BRAM="0" URAM="0"/>
	<BindNode BINDTYPE="op" DISPLAY="bind_op select" ID="" IMPL="auto_sel" LATENCY="0" OPTYPE="select" PRAGMA="" RTLNAME="select_ln1697_21_fu_1387_p3" SOURCE="C:/Xilinx/Vitis_HLS/2022.1/common/technology/autopilot\ap_fixed_base.h:1697" VARIABLE="select_ln1697_21" MODULE="sin_cos" LOOP="" BUNDLEDNAME="" DSP="0" BRAM="0" URAM="0"/>
	<BindNode BINDTYPE="op" DISPLAY="bind_op all" ID="" IMPL="tadder" LATENCY="0" OPTYPE="all" PRAGMA="" RTLNAME="add_ln1697_14_fu_1394_p2" SOURCE="C:/Xilinx/Vitis_HLS/2022.1/common/technology/autopilot\ap_fixed_base.h:1697" VARIABLE="add_ln1697_14" MODULE="sin_cos" LOOP="" BUNDLEDNAME="" DSP="0" BRAM="0" URAM="0"/>
	<BindNode BINDTYPE="op" DISPLAY="bind_op all" ID="" IMPL="tadder" LATENCY="0" OPTYPE="all" PRAGMA="" RTLNAME="theta_V_18_fu_1399_p2" SOURCE="C:/Xilinx/Vitis_HLS/2022.1/common/technology/autopilot\ap_fixed_base.h:1697" VARIABLE="theta_V_18" MODULE="sin_cos" LOOP="" BUNDLEDNAME="" DSP="0" BRAM="0" URAM="0"/>
	<BindNode BINDTYPE="op" DISPLAY="bind_op select" ID="" IMPL="auto_sel" LATENCY="0" OPTYPE="select" PRAGMA="" RTLNAME="current_cos_V_32_fu_1405_p3" SOURCE="C:/Xilinx/Vitis_HLS/2022.1/common/technology/autopilot\ap_fixed_base.h:1697" VARIABLE="current_cos_V_32" MODULE="sin_cos" LOOP="" BUNDLEDNAME="" DSP="0" BRAM="0" URAM="0"/>
	<BindNode BINDTYPE="op" DISPLAY="bind_op select" ID="" IMPL="auto_sel" LATENCY="0" OPTYPE="select" PRAGMA="" RTLNAME="current_sin_V_32_fu_1412_p3" SOURCE="C:/Xilinx/Vitis_HLS/2022.1/common/technology/autopilot\ap_fixed_base.h:1697" VARIABLE="current_sin_V_32" MODULE="sin_cos" LOOP="" BUNDLEDNAME="" DSP="0" BRAM="0" URAM="0"/>
	<BindNode BINDTYPE="op" DISPLAY="bind_op sub" ID="" IMPL="fabric" LATENCY="0" OPTYPE="sub" PRAGMA="" RTLNAME="current_cos_V_33_fu_1455_p2" SOURCE="C:/Xilinx/Vitis_HLS/2022.1/common/technology/autopilot\ap_fixed_base.h:859" VARIABLE="current_cos_V_33" MODULE="sin_cos" LOOP="" BUNDLEDNAME="" DSP="0" BRAM="0" URAM="0"/>
	<BindNode BINDTYPE="op" DISPLAY="bind_op add" ID="" IMPL="fabric" LATENCY="0" OPTYPE="add" PRAGMA="" RTLNAME="current_sin_V_33_fu_1461_p2" SOURCE="C:/Xilinx/Vitis_HLS/2022.1/common/technology/autopilot\ap_fixed_base.h:859" VARIABLE="current_sin_V_33" MODULE="sin_cos" LOOP="" BUNDLEDNAME="" DSP="0" BRAM="0" URAM="0"/>
	<BindNode BINDTYPE="op" DISPLAY="bind_op add" ID="" IMPL="fabric" LATENCY="0" OPTYPE="add" PRAGMA="" RTLNAME="current_cos_V_34_fu_1467_p2" SOURCE="C:/Xilinx/Vitis_HLS/2022.1/common/technology/autopilot\ap_fixed_base.h:859" VARIABLE="current_cos_V_34" MODULE="sin_cos" LOOP="" BUNDLEDNAME="" DSP="0" BRAM="0" URAM="0"/>
	<BindNode BINDTYPE="op" DISPLAY="bind_op sub" ID="" IMPL="fabric" LATENCY="0" OPTYPE="sub" PRAGMA="" RTLNAME="current_sin_V_34_fu_1473_p2" SOURCE="C:/Xilinx/Vitis_HLS/2022.1/common/technology/autopilot\ap_fixed_base.h:859" VARIABLE="current_sin_V_34" MODULE="sin_cos" LOOP="" BUNDLEDNAME="" DSP="0" BRAM="0" URAM="0"/>
	<BindNode BINDTYPE="op" DISPLAY="bind_op select" ID="" IMPL="auto_sel" LATENCY="0" OPTYPE="select" PRAGMA="" RTLNAME="select_ln1697_24_fu_1487_p3" SOURCE="C:/Xilinx/Vitis_HLS/2022.1/common/technology/autopilot\ap_fixed_base.h:1697" VARIABLE="select_ln1697_24" MODULE="sin_cos" LOOP="" BUNDLEDNAME="" DSP="0" BRAM="0" URAM="0"/>
	<BindNode BINDTYPE="op" DISPLAY="bind_op all" ID="" IMPL="tadder" LATENCY="0" OPTYPE="all" PRAGMA="" RTLNAME="add_ln1697_16_fu_1531_p2" SOURCE="C:/Xilinx/Vitis_HLS/2022.1/common/technology/autopilot\ap_fixed_base.h:1697" VARIABLE="add_ln1697_16" MODULE="sin_cos" LOOP="" BUNDLEDNAME="" DSP="0" BRAM="0" URAM="0"/>
	<BindNode BINDTYPE="op" DISPLAY="bind_op all" ID="" IMPL="tadder" LATENCY="0" OPTYPE="all" PRAGMA="" RTLNAME="theta_V_19_fu_1536_p2" SOURCE="C:/Xilinx/Vitis_HLS/2022.1/common/technology/autopilot\ap_fixed_base.h:1697" VARIABLE="theta_V_19" MODULE="sin_cos" LOOP="" BUNDLEDNAME="" DSP="0" BRAM="0" URAM="0"/>
	<BindNode BINDTYPE="op" DISPLAY="bind_op select" ID="" IMPL="auto_sel" LATENCY="0" OPTYPE="select" PRAGMA="" RTLNAME="current_cos_V_35_fu_1495_p3" SOURCE="C:/Xilinx/Vitis_HLS/2022.1/common/technology/autopilot\ap_fixed_base.h:1697" VARIABLE="current_cos_V_35" MODULE="sin_cos" LOOP="" BUNDLEDNAME="" DSP="0" BRAM="0" URAM="0"/>
	<BindNode BINDTYPE="op" DISPLAY="bind_op select" ID="" IMPL="auto_sel" LATENCY="0" OPTYPE="select" PRAGMA="" RTLNAME="current_sin_V_35_fu_1503_p3" SOURCE="C:/Xilinx/Vitis_HLS/2022.1/common/technology/autopilot\ap_fixed_base.h:1697" VARIABLE="current_sin_V_35" MODULE="sin_cos" LOOP="" BUNDLEDNAME="" DSP="0" BRAM="0" URAM="0"/>
	<BindNode BINDTYPE="op" DISPLAY="bind_op sub" ID="" IMPL="fabric" LATENCY="0" OPTYPE="sub" PRAGMA="" RTLNAME="current_cos_V_36_fu_1555_p2" SOURCE="C:/Xilinx/Vitis_HLS/2022.1/common/technology/autopilot\ap_fixed_base.h:859" VARIABLE="current_cos_V_36" MODULE="sin_cos" LOOP="" BUNDLEDNAME="" DSP="0" BRAM="0" URAM="0"/>
	<BindNode BINDTYPE="op" DISPLAY="bind_op add" ID="" IMPL="fabric" LATENCY="0" OPTYPE="add" PRAGMA="" RTLNAME="current_sin_V_36_fu_1560_p2" SOURCE="C:/Xilinx/Vitis_HLS/2022.1/common/technology/autopilot\ap_fixed_base.h:859" VARIABLE="current_sin_V_36" MODULE="sin_cos" LOOP="" BUNDLEDNAME="" DSP="0" BRAM="0" URAM="0"/>
	<BindNode BINDTYPE="op" DISPLAY="bind_op add" ID="" IMPL="fabric" LATENCY="0" OPTYPE="add" PRAGMA="" RTLNAME="current_cos_V_37_fu_1565_p2" SOURCE="C:/Xilinx/Vitis_HLS/2022.1/common/technology/autopilot\ap_fixed_base.h:859" VARIABLE="current_cos_V_37" MODULE="sin_cos" LOOP="" BUNDLEDNAME="" DSP="0" BRAM="0" URAM="0"/>
	<BindNode BINDTYPE="op" DISPLAY="bind_op sub" ID="" IMPL="fabric" LATENCY="0" OPTYPE="sub" PRAGMA="" RTLNAME="current_sin_V_37_fu_1570_p2" SOURCE="C:/Xilinx/Vitis_HLS/2022.1/common/technology/autopilot\ap_fixed_base.h:859" VARIABLE="current_sin_V_37" MODULE="sin_cos" LOOP="" BUNDLEDNAME="" DSP="0" BRAM="0" URAM="0"/>
	<BindNode BINDTYPE="op" DISPLAY="bind_op select" ID="" IMPL="auto_sel" LATENCY="0" OPTYPE="select" PRAGMA="" RTLNAME="current_cos_V_38_fu_1575_p3" SOURCE="cordic_fixed.cpp:59" VARIABLE="current_cos_V_38" MODULE="sin_cos" LOOP="" BUNDLEDNAME="" DSP="0" BRAM="0" URAM="0"/>
	<BindNode BINDTYPE="op" DISPLAY="bind_op select" ID="" IMPL="auto_sel" LATENCY="0" OPTYPE="select" PRAGMA="" RTLNAME="current_sin_V_38_fu_1583_p3" SOURCE="cordic_fixed.cpp:59" VARIABLE="current_sin_V_38" MODULE="sin_cos" LOOP="" BUNDLEDNAME="" DSP="0" BRAM="0" URAM="0"/>
	<BindNode BINDTYPE="op" DISPLAY="bind_op sub" ID="" IMPL="fabric" LATENCY="0" OPTYPE="sub" PRAGMA="" RTLNAME="current_cos_V_39_fu_1619_p2" SOURCE="C:/Xilinx/Vitis_HLS/2022.1/common/technology/autopilot\ap_fixed_base.h:859" VARIABLE="current_cos_V_39" MODULE="sin_cos" LOOP="" BUNDLEDNAME="" DSP="0" BRAM="0" URAM="0"/>
	<BindNode BINDTYPE="op" DISPLAY="bind_op add" ID="" IMPL="fabric" LATENCY="0" OPTYPE="add" PRAGMA="" RTLNAME="current_sin_V_39_fu_1625_p2" SOURCE="C:/Xilinx/Vitis_HLS/2022.1/common/technology/autopilot\ap_fixed_base.h:859" VARIABLE="current_sin_V_39" MODULE="sin_cos" LOOP="" BUNDLEDNAME="" DSP="0" BRAM="0" URAM="0"/>
	<BindNode BINDTYPE="op" DISPLAY="bind_op add" ID="" IMPL="fabric" LATENCY="0" OPTYPE="add" PRAGMA="" RTLNAME="current_cos_V_40_fu_1631_p2" SOURCE="C:/Xilinx/Vitis_HLS/2022.1/common/technology/autopilot\ap_fixed_base.h:859" VARIABLE="current_cos_V_40" MODULE="sin_cos" LOOP="" BUNDLEDNAME="" DSP="0" BRAM="0" URAM="0"/>
	<BindNode BINDTYPE="op" DISPLAY="bind_op sub" ID="" IMPL="fabric" LATENCY="0" OPTYPE="sub" PRAGMA="" RTLNAME="current_sin_V_40_fu_1637_p2" SOURCE="C:/Xilinx/Vitis_HLS/2022.1/common/technology/autopilot\ap_fixed_base.h:859" VARIABLE="current_sin_V_40" MODULE="sin_cos" LOOP="" BUNDLEDNAME="" DSP="0" BRAM="0" URAM="0"/>
	<BindNode BINDTYPE="op" DISPLAY="bind_op select" ID="" IMPL="auto_sel" LATENCY="0" OPTYPE="select" PRAGMA="" RTLNAME="current_cos_V_41_fu_1643_p3" SOURCE="cordic_fixed.cpp:59" VARIABLE="current_cos_V_41" MODULE="sin_cos" LOOP="" BUNDLEDNAME="" DSP="0" BRAM="0" URAM="0"/>
	<BindNode BINDTYPE="op" DISPLAY="bind_op select" ID="" IMPL="auto_sel" LATENCY="0" OPTYPE="select" PRAGMA="" RTLNAME="current_sin_V_41_fu_1648_p3" SOURCE="cordic_fixed.cpp:59" VARIABLE="current_sin_V_41" MODULE="sin_cos" LOOP="" BUNDLEDNAME="" DSP="0" BRAM="0" URAM="0"/>
	<BindNode BINDTYPE="op" DISPLAY="bind_op sub" ID="" IMPL="fabric" LATENCY="0" OPTYPE="sub" PRAGMA="" RTLNAME="current_cos_V_42_fu_1681_p2" SOURCE="C:/Xilinx/Vitis_HLS/2022.1/common/technology/autopilot\ap_fixed_base.h:859" VARIABLE="current_cos_V_42" MODULE="sin_cos" LOOP="" BUNDLEDNAME="" DSP="0" BRAM="0" URAM="0"/>
	<BindNode BINDTYPE="op" DISPLAY="bind_op add" ID="" IMPL="fabric" LATENCY="0" OPTYPE="add" PRAGMA="" RTLNAME="current_sin_V_42_fu_1687_p2" SOURCE="C:/Xilinx/Vitis_HLS/2022.1/common/technology/autopilot\ap_fixed_base.h:859" VARIABLE="current_sin_V_42" MODULE="sin_cos" LOOP="" BUNDLEDNAME="" DSP="0" BRAM="0" URAM="0"/>
	<BindNode BINDTYPE="op" DISPLAY="bind_op add" ID="" IMPL="fabric" LATENCY="0" OPTYPE="add" PRAGMA="" RTLNAME="current_cos_V_43_fu_1693_p2" SOURCE="C:/Xilinx/Vitis_HLS/2022.1/common/technology/autopilot\ap_fixed_base.h:859" VARIABLE="current_cos_V_43" MODULE="sin_cos" LOOP="" BUNDLEDNAME="" DSP="0" BRAM="0" URAM="0"/>
	<BindNode BINDTYPE="op" DISPLAY="bind_op sub" ID="" IMPL="fabric" LATENCY="0" OPTYPE="sub" PRAGMA="" RTLNAME="current_sin_V_43_fu_1699_p2" SOURCE="C:/Xilinx/Vitis_HLS/2022.1/common/technology/autopilot\ap_fixed_base.h:859" VARIABLE="current_sin_V_43" MODULE="sin_cos" LOOP="" BUNDLEDNAME="" DSP="0" BRAM="0" URAM="0"/>
	<BindNode BINDTYPE="op" DISPLAY="bind_op select" ID="" IMPL="auto_sel" LATENCY="0" OPTYPE="select" PRAGMA="" RTLNAME="current_cos_V_44_fu_1705_p3" SOURCE="cordic_fixed.cpp:59" VARIABLE="current_cos_V_44" MODULE="sin_cos" LOOP="" BUNDLEDNAME="" DSP="0" BRAM="0" URAM="0"/>
	<BindNode BINDTYPE="op" DISPLAY="bind_op select" ID="" IMPL="auto_sel" LATENCY="0" OPTYPE="select" PRAGMA="" RTLNAME="current_sin_V_44_fu_1712_p3" SOURCE="cordic_fixed.cpp:59" VARIABLE="current_sin_V_44" MODULE="sin_cos" LOOP="" BUNDLEDNAME="" DSP="0" BRAM="0" URAM="0"/>
	<BindNode BINDTYPE="op" DISPLAY="bind_op sub" ID="" IMPL="fabric" LATENCY="0" OPTYPE="sub" PRAGMA="" RTLNAME="current_cos_V_45_fu_1747_p2" SOURCE="C:/Xilinx/Vitis_HLS/2022.1/common/technology/autopilot\ap_fixed_base.h:859" VARIABLE="current_cos_V_45" MODULE="sin_cos" LOOP="" BUNDLEDNAME="" DSP="0" BRAM="0" URAM="0"/>
	<BindNode BINDTYPE="op" DISPLAY="bind_op add" ID="" IMPL="fabric" LATENCY="0" OPTYPE="add" PRAGMA="" RTLNAME="current_sin_V_45_fu_1753_p2" SOURCE="C:/Xilinx/Vitis_HLS/2022.1/common/technology/autopilot\ap_fixed_base.h:859" VARIABLE="current_sin_V_45" MODULE="sin_cos" LOOP="" BUNDLEDNAME="" DSP="0" BRAM="0" URAM="0"/>
	<BindNode BINDTYPE="op" DISPLAY="bind_op add" ID="" IMPL="fabric" LATENCY="0" OPTYPE="add" PRAGMA="" RTLNAME="current_cos_V_46_fu_1759_p2" SOURCE="C:/Xilinx/Vitis_HLS/2022.1/common/technology/autopilot\ap_fixed_base.h:859" VARIABLE="current_cos_V_46" MODULE="sin_cos" LOOP="" BUNDLEDNAME="" DSP="0" BRAM="0" URAM="0"/>
	<BindNode BINDTYPE="op" DISPLAY="bind_op sub" ID="" IMPL="fabric" LATENCY="0" OPTYPE="sub" PRAGMA="" RTLNAME="current_sin_V_46_fu_1765_p2" SOURCE="C:/Xilinx/Vitis_HLS/2022.1/common/technology/autopilot\ap_fixed_base.h:859" VARIABLE="current_sin_V_46" MODULE="sin_cos" LOOP="" BUNDLEDNAME="" DSP="0" BRAM="0" URAM="0"/>
	<BindNode BINDTYPE="op" DISPLAY="bind_op select" ID="" IMPL="auto_sel" LATENCY="0" OPTYPE="select" PRAGMA="" RTLNAME="current_cos_V_47_fu_1771_p3" SOURCE="cordic_fixed.cpp:59" VARIABLE="current_cos_V_47" MODULE="sin_cos" LOOP="" BUNDLEDNAME="" DSP="0" BRAM="0" URAM="0"/>
	<BindNode BINDTYPE="op" DISPLAY="bind_op select" ID="" IMPL="auto_sel" LATENCY="0" OPTYPE="select" PRAGMA="" RTLNAME="current_sin_V_47_fu_1778_p3" SOURCE="cordic_fixed.cpp:59" VARIABLE="current_sin_V_47" MODULE="sin_cos" LOOP="" BUNDLEDNAME="" DSP="0" BRAM="0" URAM="0"/>
	<BindNode BINDTYPE="op" DISPLAY="bind_op sub" ID="" IMPL="fabric" LATENCY="0" OPTYPE="sub" PRAGMA="" RTLNAME="current_cos_V_48_fu_1811_p2" SOURCE="C:/Xilinx/Vitis_HLS/2022.1/common/technology/autopilot\ap_fixed_base.h:859" VARIABLE="current_cos_V_48" MODULE="sin_cos" LOOP="" BUNDLEDNAME="" DSP="0" BRAM="0" URAM="0"/>
	<BindNode BINDTYPE="op" DISPLAY="bind_op add" ID="" IMPL="fabric" LATENCY="0" OPTYPE="add" PRAGMA="" RTLNAME="current_sin_V_48_fu_1816_p2" SOURCE="C:/Xilinx/Vitis_HLS/2022.1/common/technology/autopilot\ap_fixed_base.h:859" VARIABLE="current_sin_V_48" MODULE="sin_cos" LOOP="" BUNDLEDNAME="" DSP="0" BRAM="0" URAM="0"/>
	<BindNode BINDTYPE="op" DISPLAY="bind_op add" ID="" IMPL="fabric" LATENCY="0" OPTYPE="add" PRAGMA="" RTLNAME="current_cos_V_49_fu_1821_p2" SOURCE="C:/Xilinx/Vitis_HLS/2022.1/common/technology/autopilot\ap_fixed_base.h:859" VARIABLE="current_cos_V_49" MODULE="sin_cos" LOOP="" BUNDLEDNAME="" DSP="0" BRAM="0" URAM="0"/>
	<BindNode BINDTYPE="op" DISPLAY="bind_op sub" ID="" IMPL="fabric" LATENCY="0" OPTYPE="sub" PRAGMA="" RTLNAME="current_sin_V_49_fu_1826_p2" SOURCE="C:/Xilinx/Vitis_HLS/2022.1/common/technology/autopilot\ap_fixed_base.h:859" VARIABLE="current_sin_V_49" MODULE="sin_cos" LOOP="" BUNDLEDNAME="" DSP="0" BRAM="0" URAM="0"/>
	<BindNode BINDTYPE="op" DISPLAY="bind_op select" ID="" IMPL="auto_sel" LATENCY="0" OPTYPE="select" PRAGMA="" RTLNAME="current_cos_V_50_fu_1831_p3" SOURCE="cordic_fixed.cpp:59" VARIABLE="current_cos_V_50" MODULE="sin_cos" LOOP="" BUNDLEDNAME="" DSP="0" BRAM="0" URAM="0"/>
	<BindNode BINDTYPE="op" DISPLAY="bind_op select" ID="" IMPL="auto_sel" LATENCY="0" OPTYPE="select" PRAGMA="" RTLNAME="current_sin_V_50_fu_1838_p3" SOURCE="cordic_fixed.cpp:59" VARIABLE="current_sin_V_50" MODULE="sin_cos" LOOP="" BUNDLEDNAME="" DSP="0" BRAM="0" URAM="0"/>
	<BindNode BINDTYPE="op" DISPLAY="bind_op sub" ID="" IMPL="fabric" LATENCY="0" OPTYPE="sub" PRAGMA="" RTLNAME="current_cos_V_51_fu_1873_p2" SOURCE="C:/Xilinx/Vitis_HLS/2022.1/common/technology/autopilot\ap_fixed_base.h:859" VARIABLE="current_cos_V_51" MODULE="sin_cos" LOOP="" BUNDLEDNAME="" DSP="0" BRAM="0" URAM="0"/>
	<BindNode BINDTYPE="op" DISPLAY="bind_op add" ID="" IMPL="fabric" LATENCY="0" OPTYPE="add" PRAGMA="" RTLNAME="current_sin_V_51_fu_1879_p2" SOURCE="C:/Xilinx/Vitis_HLS/2022.1/common/technology/autopilot\ap_fixed_base.h:859" VARIABLE="current_sin_V_51" MODULE="sin_cos" LOOP="" BUNDLEDNAME="" DSP="0" BRAM="0" URAM="0"/>
	<BindNode BINDTYPE="op" DISPLAY="bind_op add" ID="" IMPL="fabric" LATENCY="0" OPTYPE="add" PRAGMA="" RTLNAME="current_cos_V_52_fu_1885_p2" SOURCE="C:/Xilinx/Vitis_HLS/2022.1/common/technology/autopilot\ap_fixed_base.h:859" VARIABLE="current_cos_V_52" MODULE="sin_cos" LOOP="" BUNDLEDNAME="" DSP="0" BRAM="0" URAM="0"/>
	<BindNode BINDTYPE="op" DISPLAY="bind_op sub" ID="" IMPL="fabric" LATENCY="0" OPTYPE="sub" PRAGMA="" RTLNAME="current_sin_V_52_fu_1891_p2" SOURCE="C:/Xilinx/Vitis_HLS/2022.1/common/technology/autopilot\ap_fixed_base.h:859" VARIABLE="current_sin_V_52" MODULE="sin_cos" LOOP="" BUNDLEDNAME="" DSP="0" BRAM="0" URAM="0"/>
	<BindNode BINDTYPE="op" DISPLAY="bind_op select" ID="" IMPL="auto_sel" LATENCY="0" OPTYPE="select" PRAGMA="" RTLNAME="current_cos_V_53_fu_1897_p3" SOURCE="cordic_fixed.cpp:59" VARIABLE="current_cos_V_53" MODULE="sin_cos" LOOP="" BUNDLEDNAME="" DSP="0" BRAM="0" URAM="0"/>
	<BindNode BINDTYPE="op" DISPLAY="bind_op select" ID="" IMPL="auto_sel" LATENCY="0" OPTYPE="select" PRAGMA="" RTLNAME="current_sin_V_53_fu_1904_p3" SOURCE="cordic_fixed.cpp:59" VARIABLE="current_sin_V_53" MODULE="sin_cos" LOOP="" BUNDLEDNAME="" DSP="0" BRAM="0" URAM="0"/>
	<BindNode BINDTYPE="op" DISPLAY="bind_op sub" ID="" IMPL="fabric" LATENCY="0" OPTYPE="sub" PRAGMA="" RTLNAME="current_cos_V_54_fu_1937_p2" SOURCE="C:/Xilinx/Vitis_HLS/2022.1/common/technology/autopilot\ap_fixed_base.h:859" VARIABLE="current_cos_V_54" MODULE="sin_cos" LOOP="" BUNDLEDNAME="" DSP="0" BRAM="0" URAM="0"/>
	<BindNode BINDTYPE="op" DISPLAY="bind_op add" ID="" IMPL="fabric" LATENCY="0" OPTYPE="add" PRAGMA="" RTLNAME="current_sin_V_54_fu_1942_p2" SOURCE="C:/Xilinx/Vitis_HLS/2022.1/common/technology/autopilot\ap_fixed_base.h:859" VARIABLE="current_sin_V_54" MODULE="sin_cos" LOOP="" BUNDLEDNAME="" DSP="0" BRAM="0" URAM="0"/>
	<BindNode BINDTYPE="op" DISPLAY="bind_op add" ID="" IMPL="fabric" LATENCY="0" OPTYPE="add" PRAGMA="" RTLNAME="current_cos_V_55_fu_1947_p2" SOURCE="C:/Xilinx/Vitis_HLS/2022.1/common/technology/autopilot\ap_fixed_base.h:859" VARIABLE="current_cos_V_55" MODULE="sin_cos" LOOP="" BUNDLEDNAME="" DSP="0" BRAM="0" URAM="0"/>
	<BindNode BINDTYPE="op" DISPLAY="bind_op sub" ID="" IMPL="fabric" LATENCY="0" OPTYPE="sub" PRAGMA="" RTLNAME="current_sin_V_55_fu_1952_p2" SOURCE="C:/Xilinx/Vitis_HLS/2022.1/common/technology/autopilot\ap_fixed_base.h:859" VARIABLE="current_sin_V_55" MODULE="sin_cos" LOOP="" BUNDLEDNAME="" DSP="0" BRAM="0" URAM="0"/>
	<BindNode BINDTYPE="op" DISPLAY="bind_op select" ID="" IMPL="auto_sel" LATENCY="0" OPTYPE="select" PRAGMA="" RTLNAME="current_cos_V_56_fu_1957_p3" SOURCE="cordic_fixed.cpp:59" VARIABLE="current_cos_V_56" MODULE="sin_cos" LOOP="" BUNDLEDNAME="" DSP="0" BRAM="0" URAM="0"/>
	<BindNode BINDTYPE="op" DISPLAY="bind_op select" ID="" IMPL="auto_sel" LATENCY="0" OPTYPE="select" PRAGMA="" RTLNAME="current_sin_V_56_fu_1964_p3" SOURCE="cordic_fixed.cpp:59" VARIABLE="current_sin_V_56" MODULE="sin_cos" LOOP="" BUNDLEDNAME="" DSP="0" BRAM="0" URAM="0"/>
	<BindNode BINDTYPE="op" DISPLAY="bind_op sub" ID="" IMPL="fabric" LATENCY="0" OPTYPE="sub" PRAGMA="" RTLNAME="current_cos_V_57_fu_1999_p2" SOURCE="C:/Xilinx/Vitis_HLS/2022.1/common/technology/autopilot\ap_fixed_base.h:859" VARIABLE="current_cos_V_57" MODULE="sin_cos" LOOP="" BUNDLEDNAME="" DSP="0" BRAM="0" URAM="0"/>
	<BindNode BINDTYPE="op" DISPLAY="bind_op add" ID="" IMPL="fabric" LATENCY="0" OPTYPE="add" PRAGMA="" RTLNAME="current_sin_V_57_fu_2005_p2" SOURCE="C:/Xilinx/Vitis_HLS/2022.1/common/technology/autopilot\ap_fixed_base.h:859" VARIABLE="current_sin_V_57" MODULE="sin_cos" LOOP="" BUNDLEDNAME="" DSP="0" BRAM="0" URAM="0"/>
	<BindNode BINDTYPE="op" DISPLAY="bind_op add" ID="" IMPL="fabric" LATENCY="0" OPTYPE="add" PRAGMA="" RTLNAME="current_cos_V_58_fu_2011_p2" SOURCE="C:/Xilinx/Vitis_HLS/2022.1/common/technology/autopilot\ap_fixed_base.h:859" VARIABLE="current_cos_V_58" MODULE="sin_cos" LOOP="" BUNDLEDNAME="" DSP="0" BRAM="0" URAM="0"/>
	<BindNode BINDTYPE="op" DISPLAY="bind_op sub" ID="" IMPL="fabric" LATENCY="0" OPTYPE="sub" PRAGMA="" RTLNAME="current_sin_V_58_fu_2017_p2" SOURCE="C:/Xilinx/Vitis_HLS/2022.1/common/technology/autopilot\ap_fixed_base.h:859" VARIABLE="current_sin_V_58" MODULE="sin_cos" LOOP="" BUNDLEDNAME="" DSP="0" BRAM="0" URAM="0"/>
	<BindNode BINDTYPE="op" DISPLAY="bind_op select" ID="" IMPL="auto_sel" LATENCY="0" OPTYPE="select" PRAGMA="" RTLNAME="current_cos_V_59_fu_2023_p3" SOURCE="cordic_fixed.cpp:59" VARIABLE="current_cos_V_59" MODULE="sin_cos" LOOP="" BUNDLEDNAME="" DSP="0" BRAM="0" URAM="0"/>
	<BindNode BINDTYPE="op" DISPLAY="bind_op select" ID="" IMPL="auto_sel" LATENCY="0" OPTYPE="select" PRAGMA="" RTLNAME="current_sin_V_59_fu_2030_p3" SOURCE="cordic_fixed.cpp:59" VARIABLE="current_sin_V_59" MODULE="sin_cos" LOOP="" BUNDLEDNAME="" DSP="0" BRAM="0" URAM="0"/>
	<BindNode BINDTYPE="op" DISPLAY="bind_op sub" ID="" IMPL="fabric" LATENCY="0" OPTYPE="sub" PRAGMA="" RTLNAME="current_cos_V_60_fu_2063_p2" SOURCE="C:/Xilinx/Vitis_HLS/2022.1/common/technology/autopilot\ap_fixed_base.h:859" VARIABLE="current_cos_V_60" MODULE="sin_cos" LOOP="" BUNDLEDNAME="" DSP="0" BRAM="0" URAM="0"/>
	<BindNode BINDTYPE="op" DISPLAY="bind_op add" ID="" IMPL="fabric" LATENCY="0" OPTYPE="add" PRAGMA="" RTLNAME="current_sin_V_60_fu_2068_p2" SOURCE="C:/Xilinx/Vitis_HLS/2022.1/common/technology/autopilot\ap_fixed_base.h:859" VARIABLE="current_sin_V_60" MODULE="sin_cos" LOOP="" BUNDLEDNAME="" DSP="0" BRAM="0" URAM="0"/>
	<BindNode BINDTYPE="op" DISPLAY="bind_op add" ID="" IMPL="fabric" LATENCY="0" OPTYPE="add" PRAGMA="" RTLNAME="current_cos_V_61_fu_2073_p2" SOURCE="C:/Xilinx/Vitis_HLS/2022.1/common/technology/autopilot\ap_fixed_base.h:859" VARIABLE="current_cos_V_61" MODULE="sin_cos" LOOP="" BUNDLEDNAME="" DSP="0" BRAM="0" URAM="0"/>
	<BindNode BINDTYPE="op" DISPLAY="bind_op sub" ID="" IMPL="fabric" LATENCY="0" OPTYPE="sub" PRAGMA="" RTLNAME="current_sin_V_61_fu_2078_p2" SOURCE="C:/Xilinx/Vitis_HLS/2022.1/common/technology/autopilot\ap_fixed_base.h:859" VARIABLE="current_sin_V_61" MODULE="sin_cos" LOOP="" BUNDLEDNAME="" DSP="0" BRAM="0" URAM="0"/>
	<BindNode BINDTYPE="op" DISPLAY="bind_op select" ID="" IMPL="auto_sel" LATENCY="0" OPTYPE="select" PRAGMA="" RTLNAME="current_cos_V_62_fu_2083_p3" SOURCE="cordic_fixed.cpp:59" VARIABLE="current_cos_V_62" MODULE="sin_cos" LOOP="" BUNDLEDNAME="" DSP="0" BRAM="0" URAM="0"/>
	<BindNode BINDTYPE="op" DISPLAY="bind_op select" ID="" IMPL="auto_sel" LATENCY="0" OPTYPE="select" PRAGMA="" RTLNAME="current_sin_V_62_fu_2090_p3" SOURCE="cordic_fixed.cpp:59" VARIABLE="current_sin_V_62" MODULE="sin_cos" LOOP="" BUNDLEDNAME="" DSP="0" BRAM="0" URAM="0"/>
	<BindNode BINDTYPE="op" DISPLAY="bind_op select" ID="" IMPL="auto_sel" LATENCY="0" OPTYPE="select" PRAGMA="" RTLNAME="select_ln1534_fu_2105_p3" SOURCE="C:/Xilinx/Vitis_HLS/2022.1/common/technology/autopilot\ap_fixed_base.h:1534" VARIABLE="select_ln1534" MODULE="sin_cos" LOOP="" BUNDLEDNAME="" DSP="0" BRAM="0" URAM="0"/>
	<BindNode BINDTYPE="op" DISPLAY="bind_op select" ID="" IMPL="auto_sel" LATENCY="0" OPTYPE="select" PRAGMA="" RTLNAME="select_ln1534_1_fu_2121_p3" SOURCE="C:/Xilinx/Vitis_HLS/2022.1/common/technology/autopilot\ap_fixed_base.h:1534" VARIABLE="select_ln1534_1" MODULE="sin_cos" LOOP="" BUNDLEDNAME="" DSP="0" BRAM="0" URAM="0"/>
	<BindNode BINDTYPE="op" DISPLAY="bind_op sub" ID="" IMPL="fabric" LATENCY="0" OPTYPE="sub" PRAGMA="" RTLNAME="current_cos_V_63_fu_2129_p2" SOURCE="C:/Xilinx/Vitis_HLS/2022.1/common/technology/autopilot\ap_fixed_base.h:859" VARIABLE="current_cos_V_63" MODULE="sin_cos" LOOP="" BUNDLEDNAME="" DSP="0" BRAM="0" URAM="0"/>
	<BindNode BINDTYPE="op" DISPLAY="bind_op add" ID="" IMPL="fabric" LATENCY="0" OPTYPE="add" PRAGMA="" RTLNAME="current_sin_V_63_fu_2135_p2" SOURCE="C:/Xilinx/Vitis_HLS/2022.1/common/technology/autopilot\ap_fixed_base.h:859" VARIABLE="current_sin_V_63" MODULE="sin_cos" LOOP="" BUNDLEDNAME="" DSP="0" BRAM="0" URAM="0"/>
	<BindNode BINDTYPE="op" DISPLAY="bind_op add" ID="" IMPL="fabric" LATENCY="0" OPTYPE="add" PRAGMA="" RTLNAME="current_cos_V_64_fu_2141_p2" SOURCE="C:/Xilinx/Vitis_HLS/2022.1/common/technology/autopilot\ap_fixed_base.h:859" VARIABLE="current_cos_V_64" MODULE="sin_cos" LOOP="" BUNDLEDNAME="" DSP="0" BRAM="0" URAM="0"/>
	<BindNode BINDTYPE="op" DISPLAY="bind_op sub" ID="" IMPL="fabric" LATENCY="0" OPTYPE="sub" PRAGMA="" RTLNAME="current_sin_V_64_fu_2147_p2" SOURCE="C:/Xilinx/Vitis_HLS/2022.1/common/technology/autopilot\ap_fixed_base.h:859" VARIABLE="current_sin_V_64" MODULE="sin_cos" LOOP="" BUNDLEDNAME="" DSP="0" BRAM="0" URAM="0"/>
	<BindNode BINDTYPE="op" DISPLAY="bind_op select" ID="" IMPL="auto_sel" LATENCY="0" OPTYPE="select" PRAGMA="" RTLNAME="current_cos_V_65_fu_2153_p3" SOURCE="cordic_fixed.cpp:59" VARIABLE="current_cos_V_65" MODULE="sin_cos" LOOP="" BUNDLEDNAME="" DSP="0" BRAM="0" URAM="0"/>
	<BindNode BINDTYPE="op" DISPLAY="bind_op select" ID="" IMPL="auto_sel" LATENCY="0" OPTYPE="select" PRAGMA="" RTLNAME="current_sin_V_65_fu_2160_p3" SOURCE="cordic_fixed.cpp:59" VARIABLE="current_sin_V_65" MODULE="sin_cos" LOOP="" BUNDLEDNAME="" DSP="0" BRAM="0" URAM="0"/>
	<BindNode BINDTYPE="op" DISPLAY="bind_op select" ID="" IMPL="auto_sel" LATENCY="0" OPTYPE="select" PRAGMA="" RTLNAME="select_ln1534_2_fu_2183_p3" SOURCE="C:/Xilinx/Vitis_HLS/2022.1/common/technology/autopilot\ap_fixed_base.h:1534" VARIABLE="select_ln1534_2" MODULE="sin_cos" LOOP="" BUNDLEDNAME="" DSP="0" BRAM="0" URAM="0"/>
	<BindNode BINDTYPE="op" DISPLAY="bind_op select" ID="" IMPL="auto_sel" LATENCY="0" OPTYPE="select" PRAGMA="" RTLNAME="select_ln1534_3_fu_2190_p3" SOURCE="C:/Xilinx/Vitis_HLS/2022.1/common/technology/autopilot\ap_fixed_base.h:1534" VARIABLE="select_ln1534_3" MODULE="sin_cos" LOOP="" BUNDLEDNAME="" DSP="0" BRAM="0" URAM="0"/>
	<BindNode BINDTYPE="op" DISPLAY="bind_op sub" ID="" IMPL="fabric" LATENCY="0" OPTYPE="sub" PRAGMA="" RTLNAME="current_cos_V_66_fu_2197_p2" SOURCE="C:/Xilinx/Vitis_HLS/2022.1/common/technology/autopilot\ap_fixed_base.h:859" VARIABLE="current_cos_V_66" MODULE="sin_cos" LOOP="" BUNDLEDNAME="" DSP="0" BRAM="0" URAM="0"/>
	<BindNode BINDTYPE="op" DISPLAY="bind_op add" ID="" IMPL="fabric" LATENCY="0" OPTYPE="add" PRAGMA="" RTLNAME="current_sin_V_66_fu_2202_p2" SOURCE="C:/Xilinx/Vitis_HLS/2022.1/common/technology/autopilot\ap_fixed_base.h:859" VARIABLE="current_sin_V_66" MODULE="sin_cos" LOOP="" BUNDLEDNAME="" DSP="0" BRAM="0" URAM="0"/>
	<BindNode BINDTYPE="op" DISPLAY="bind_op add" ID="" IMPL="fabric" LATENCY="0" OPTYPE="add" PRAGMA="" RTLNAME="current_cos_V_67_fu_2207_p2" SOURCE="C:/Xilinx/Vitis_HLS/2022.1/common/technology/autopilot\ap_fixed_base.h:859" VARIABLE="current_cos_V_67" MODULE="sin_cos" LOOP="" BUNDLEDNAME="" DSP="0" BRAM="0" URAM="0"/>
	<BindNode BINDTYPE="op" DISPLAY="bind_op sub" ID="" IMPL="fabric" LATENCY="0" OPTYPE="sub" PRAGMA="" RTLNAME="current_sin_V_67_fu_2212_p2" SOURCE="C:/Xilinx/Vitis_HLS/2022.1/common/technology/autopilot\ap_fixed_base.h:859" VARIABLE="current_sin_V_67" MODULE="sin_cos" LOOP="" BUNDLEDNAME="" DSP="0" BRAM="0" URAM="0"/>
	<BindNode BINDTYPE="op" DISPLAY="bind_op select" ID="" IMPL="auto_sel" LATENCY="0" OPTYPE="select" PRAGMA="" RTLNAME="current_cos_V_68_fu_2217_p3" SOURCE="cordic_fixed.cpp:59" VARIABLE="current_cos_V_68" MODULE="sin_cos" LOOP="" BUNDLEDNAME="" DSP="0" BRAM="0" URAM="0"/>
	<BindNode BINDTYPE="op" DISPLAY="bind_op select" ID="" IMPL="auto_sel" LATENCY="0" OPTYPE="select" PRAGMA="" RTLNAME="current_sin_V_68_fu_2224_p3" SOURCE="cordic_fixed.cpp:59" VARIABLE="current_sin_V_68" MODULE="sin_cos" LOOP="" BUNDLEDNAME="" DSP="0" BRAM="0" URAM="0"/>
	<BindNode BINDTYPE="op" DISPLAY="bind_op select" ID="" IMPL="auto_sel" LATENCY="0" OPTYPE="select" PRAGMA="" RTLNAME="select_ln1534_4_fu_2239_p3" SOURCE="C:/Xilinx/Vitis_HLS/2022.1/common/technology/autopilot\ap_fixed_base.h:1534" VARIABLE="select_ln1534_4" MODULE="sin_cos" LOOP="" BUNDLEDNAME="" DSP="0" BRAM="0" URAM="0"/>
	<BindNode BINDTYPE="op" DISPLAY="bind_op select" ID="" IMPL="auto_sel" LATENCY="0" OPTYPE="select" PRAGMA="" RTLNAME="select_ln1534_5_fu_2255_p3" SOURCE="C:/Xilinx/Vitis_HLS/2022.1/common/technology/autopilot\ap_fixed_base.h:1534" VARIABLE="select_ln1534_5" MODULE="sin_cos" LOOP="" BUNDLEDNAME="" DSP="0" BRAM="0" URAM="0"/>
	<BindNode BINDTYPE="op" DISPLAY="bind_op sub" ID="" IMPL="fabric" LATENCY="0" OPTYPE="sub" PRAGMA="" RTLNAME="current_cos_V_69_fu_2263_p2" SOURCE="C:/Xilinx/Vitis_HLS/2022.1/common/technology/autopilot\ap_fixed_base.h:859" VARIABLE="current_cos_V_69" MODULE="sin_cos" LOOP="" BUNDLEDNAME="" DSP="0" BRAM="0" URAM="0"/>
	<BindNode BINDTYPE="op" DISPLAY="bind_op add" ID="" IMPL="fabric" LATENCY="0" OPTYPE="add" PRAGMA="" RTLNAME="current_sin_V_69_fu_2269_p2" SOURCE="C:/Xilinx/Vitis_HLS/2022.1/common/technology/autopilot\ap_fixed_base.h:859" VARIABLE="current_sin_V_69" MODULE="sin_cos" LOOP="" BUNDLEDNAME="" DSP="0" BRAM="0" URAM="0"/>
	<BindNode BINDTYPE="op" DISPLAY="bind_op add" ID="" IMPL="fabric" LATENCY="0" OPTYPE="add" PRAGMA="" RTLNAME="current_cos_V_70_fu_2275_p2" SOURCE="C:/Xilinx/Vitis_HLS/2022.1/common/technology/autopilot\ap_fixed_base.h:859" VARIABLE="current_cos_V_70" MODULE="sin_cos" LOOP="" BUNDLEDNAME="" DSP="0" BRAM="0" URAM="0"/>
	<BindNode BINDTYPE="op" DISPLAY="bind_op sub" ID="" IMPL="fabric" LATENCY="0" OPTYPE="sub" PRAGMA="" RTLNAME="current_sin_V_70_fu_2281_p2" SOURCE="C:/Xilinx/Vitis_HLS/2022.1/common/technology/autopilot\ap_fixed_base.h:859" VARIABLE="current_sin_V_70" MODULE="sin_cos" LOOP="" BUNDLEDNAME="" DSP="0" BRAM="0" URAM="0"/>
	<BindNode BINDTYPE="op" DISPLAY="bind_op select" ID="" IMPL="auto_sel" LATENCY="0" OPTYPE="select" PRAGMA="" RTLNAME="current_cos_V_71_fu_2287_p3" SOURCE="cordic_fixed.cpp:59" VARIABLE="current_cos_V_71" MODULE="sin_cos" LOOP="" BUNDLEDNAME="" DSP="0" BRAM="0" URAM="0"/>
	<BindNode BINDTYPE="op" DISPLAY="bind_op select" ID="" IMPL="auto_sel" LATENCY="0" OPTYPE="select" PRAGMA="" RTLNAME="current_sin_V_71_fu_2292_p3" SOURCE="cordic_fixed.cpp:59" VARIABLE="current_sin_V_71" MODULE="sin_cos" LOOP="" BUNDLEDNAME="" DSP="0" BRAM="0" URAM="0"/>
	<BindNode BINDTYPE="op" DISPLAY="bind_op select" ID="" IMPL="auto_sel" LATENCY="0" OPTYPE="select" PRAGMA="" RTLNAME="select_ln1534_6_fu_2305_p3" SOURCE="C:/Xilinx/Vitis_HLS/2022.1/common/technology/autopilot\ap_fixed_base.h:1534" VARIABLE="select_ln1534_6" MODULE="sin_cos" LOOP="" BUNDLEDNAME="" DSP="0" BRAM="0" URAM="0"/>
	<BindNode BINDTYPE="op" DISPLAY="bind_op select" ID="" IMPL="auto_sel" LATENCY="0" OPTYPE="select" PRAGMA="" RTLNAME="select_ln1534_7_fu_2321_p3" SOURCE="C:/Xilinx/Vitis_HLS/2022.1/common/technology/autopilot\ap_fixed_base.h:1534" VARIABLE="select_ln1534_7" MODULE="sin_cos" LOOP="" BUNDLEDNAME="" DSP="0" BRAM="0" URAM="0"/>
	<BindNode BINDTYPE="op" DISPLAY="bind_op sub" ID="" IMPL="fabric" LATENCY="0" OPTYPE="sub" PRAGMA="" RTLNAME="current_cos_V_72_fu_2329_p2" SOURCE="C:/Xilinx/Vitis_HLS/2022.1/common/technology/autopilot\ap_fixed_base.h:859" VARIABLE="current_cos_V_72" MODULE="sin_cos" LOOP="" BUNDLEDNAME="" DSP="0" BRAM="0" URAM="0"/>
	<BindNode BINDTYPE="op" DISPLAY="bind_op add" ID="" IMPL="fabric" LATENCY="0" OPTYPE="add" PRAGMA="" RTLNAME="current_sin_V_72_fu_2335_p2" SOURCE="C:/Xilinx/Vitis_HLS/2022.1/common/technology/autopilot\ap_fixed_base.h:859" VARIABLE="current_sin_V_72" MODULE="sin_cos" LOOP="" BUNDLEDNAME="" DSP="0" BRAM="0" URAM="0"/>
	<BindNode BINDTYPE="op" DISPLAY="bind_op add" ID="" IMPL="fabric" LATENCY="0" OPTYPE="add" PRAGMA="" RTLNAME="current_cos_V_73_fu_2341_p2" SOURCE="C:/Xilinx/Vitis_HLS/2022.1/common/technology/autopilot\ap_fixed_base.h:859" VARIABLE="current_cos_V_73" MODULE="sin_cos" LOOP="" BUNDLEDNAME="" DSP="0" BRAM="0" URAM="0"/>
	<BindNode BINDTYPE="op" DISPLAY="bind_op sub" ID="" IMPL="fabric" LATENCY="0" OPTYPE="sub" PRAGMA="" RTLNAME="current_sin_V_73_fu_2347_p2" SOURCE="C:/Xilinx/Vitis_HLS/2022.1/common/technology/autopilot\ap_fixed_base.h:859" VARIABLE="current_sin_V_73" MODULE="sin_cos" LOOP="" BUNDLEDNAME="" DSP="0" BRAM="0" URAM="0"/>
	<BindNode BINDTYPE="op" DISPLAY="bind_op select" ID="" IMPL="auto_sel" LATENCY="0" OPTYPE="select" PRAGMA="" RTLNAME="current_cos_V_74_fu_2353_p3" SOURCE="cordic_fixed.cpp:59" VARIABLE="current_cos_V_74" MODULE="sin_cos" LOOP="" BUNDLEDNAME="" DSP="0" BRAM="0" URAM="0"/>
	<BindNode BINDTYPE="op" DISPLAY="bind_op select" ID="" IMPL="auto_sel" LATENCY="0" OPTYPE="select" PRAGMA="" RTLNAME="current_sin_V_74_fu_2360_p3" SOURCE="cordic_fixed.cpp:59" VARIABLE="current_sin_V_74" MODULE="sin_cos" LOOP="" BUNDLEDNAME="" DSP="0" BRAM="0" URAM="0"/>
	<BindNode BINDTYPE="op" DISPLAY="bind_op select" ID="" IMPL="auto_sel" LATENCY="0" OPTYPE="select" PRAGMA="" RTLNAME="select_ln1534_8_fu_2375_p3" SOURCE="C:/Xilinx/Vitis_HLS/2022.1/common/technology/autopilot\ap_fixed_base.h:1534" VARIABLE="select_ln1534_8" MODULE="sin_cos" LOOP="" BUNDLEDNAME="" DSP="0" BRAM="0" URAM="0"/>
	<BindNode BINDTYPE="op" DISPLAY="bind_op select" ID="" IMPL="auto_sel" LATENCY="0" OPTYPE="select" PRAGMA="" RTLNAME="select_ln1534_9_fu_2391_p3" SOURCE="C:/Xilinx/Vitis_HLS/2022.1/common/technology/autopilot\ap_fixed_base.h:1534" VARIABLE="select_ln1534_9" MODULE="sin_cos" LOOP="" BUNDLEDNAME="" DSP="0" BRAM="0" URAM="0"/>
	<BindNode BINDTYPE="op" DISPLAY="bind_op sub" ID="" IMPL="fabric" LATENCY="0" OPTYPE="sub" PRAGMA="" RTLNAME="current_cos_V_75_fu_2399_p2" SOURCE="C:/Xilinx/Vitis_HLS/2022.1/common/technology/autopilot\ap_fixed_base.h:859" VARIABLE="current_cos_V_75" MODULE="sin_cos" LOOP="" BUNDLEDNAME="" DSP="0" BRAM="0" URAM="0"/>
	<BindNode BINDTYPE="op" DISPLAY="bind_op add" ID="" IMPL="fabric" LATENCY="0" OPTYPE="add" PRAGMA="" RTLNAME="current_sin_V_75_fu_2403_p2" SOURCE="C:/Xilinx/Vitis_HLS/2022.1/common/technology/autopilot\ap_fixed_base.h:859" VARIABLE="current_sin_V_75" MODULE="sin_cos" LOOP="" BUNDLEDNAME="" DSP="0" BRAM="0" URAM="0"/>
	<BindNode BINDTYPE="op" DISPLAY="bind_op add" ID="" IMPL="fabric" LATENCY="0" OPTYPE="add" PRAGMA="" RTLNAME="current_cos_V_76_fu_2407_p2" SOURCE="C:/Xilinx/Vitis_HLS/2022.1/common/technology/autopilot\ap_fixed_base.h:859" VARIABLE="current_cos_V_76" MODULE="sin_cos" LOOP="" BUNDLEDNAME="" DSP="0" BRAM="0" URAM="0"/>
	<BindNode BINDTYPE="op" DISPLAY="bind_op sub" ID="" IMPL="fabric" LATENCY="0" OPTYPE="sub" PRAGMA="" RTLNAME="current_sin_V_76_fu_2411_p2" SOURCE="C:/Xilinx/Vitis_HLS/2022.1/common/technology/autopilot\ap_fixed_base.h:859" VARIABLE="current_sin_V_76" MODULE="sin_cos" LOOP="" BUNDLEDNAME="" DSP="0" BRAM="0" URAM="0"/>
	<BindNode BINDTYPE="op" DISPLAY="bind_op select" ID="" IMPL="auto_sel" LATENCY="0" OPTYPE="select" PRAGMA="" RTLNAME="current_cos_V_77_fu_2415_p3" SOURCE="cordic_fixed.cpp:59" VARIABLE="current_cos_V_77" MODULE="sin_cos" LOOP="" BUNDLEDNAME="" DSP="0" BRAM="0" URAM="0"/>
	<BindNode BINDTYPE="op" DISPLAY="bind_op select" ID="" IMPL="auto_sel" LATENCY="0" OPTYPE="select" PRAGMA="" RTLNAME="current_sin_V_77_fu_2422_p3" SOURCE="cordic_fixed.cpp:59" VARIABLE="current_sin_V_77" MODULE="sin_cos" LOOP="" BUNDLEDNAME="" DSP="0" BRAM="0" URAM="0"/>
	<BindNode BINDTYPE="op" DISPLAY="bind_op select" ID="" IMPL="auto_sel" LATENCY="0" OPTYPE="select" PRAGMA="" RTLNAME="select_ln1534_10_fu_2437_p3" SOURCE="C:/Xilinx/Vitis_HLS/2022.1/common/technology/autopilot\ap_fixed_base.h:1534" VARIABLE="select_ln1534_10" MODULE="sin_cos" LOOP="" BUNDLEDNAME="" DSP="0" BRAM="0" URAM="0"/>
	<BindNode BINDTYPE="op" DISPLAY="bind_op select" ID="" IMPL="auto_sel" LATENCY="0" OPTYPE="select" PRAGMA="" RTLNAME="select_ln1534_11_fu_2453_p3" SOURCE="C:/Xilinx/Vitis_HLS/2022.1/common/technology/autopilot\ap_fixed_base.h:1534" VARIABLE="select_ln1534_11" MODULE="sin_cos" LOOP="" BUNDLEDNAME="" DSP="0" BRAM="0" URAM="0"/>
	<BindNode BINDTYPE="op" DISPLAY="bind_op sub" ID="" IMPL="fabric" LATENCY="0" OPTYPE="sub" PRAGMA="" RTLNAME="current_cos_V_78_fu_2461_p2" SOURCE="C:/Xilinx/Vitis_HLS/2022.1/common/technology/autopilot\ap_fixed_base.h:859" VARIABLE="current_cos_V_78" MODULE="sin_cos" LOOP="" BUNDLEDNAME="" DSP="0" BRAM="0" URAM="0"/>
	<BindNode BINDTYPE="op" DISPLAY="bind_op add" ID="" IMPL="fabric" LATENCY="0" OPTYPE="add" PRAGMA="" RTLNAME="current_sin_V_78_fu_2467_p2" SOURCE="C:/Xilinx/Vitis_HLS/2022.1/common/technology/autopilot\ap_fixed_base.h:859" VARIABLE="current_sin_V_78" MODULE="sin_cos" LOOP="" BUNDLEDNAME="" DSP="0" BRAM="0" URAM="0"/>
	<BindNode BINDTYPE="op" DISPLAY="bind_op add" ID="" IMPL="fabric" LATENCY="0" OPTYPE="add" PRAGMA="" RTLNAME="current_cos_V_79_fu_2473_p2" SOURCE="C:/Xilinx/Vitis_HLS/2022.1/common/technology/autopilot\ap_fixed_base.h:859" VARIABLE="current_cos_V_79" MODULE="sin_cos" LOOP="" BUNDLEDNAME="" DSP="0" BRAM="0" URAM="0"/>
	<BindNode BINDTYPE="op" DISPLAY="bind_op sub" ID="" IMPL="fabric" LATENCY="0" OPTYPE="sub" PRAGMA="" RTLNAME="current_sin_V_79_fu_2479_p2" SOURCE="C:/Xilinx/Vitis_HLS/2022.1/common/technology/autopilot\ap_fixed_base.h:859" VARIABLE="current_sin_V_79" MODULE="sin_cos" LOOP="" BUNDLEDNAME="" DSP="0" BRAM="0" URAM="0"/>
	<BindNode BINDTYPE="op" DISPLAY="bind_op select" ID="" IMPL="auto_sel" LATENCY="0" OPTYPE="select" PRAGMA="" RTLNAME="current_cos_V_80_fu_2485_p3" SOURCE="cordic_fixed.cpp:59" VARIABLE="current_cos_V_80" MODULE="sin_cos" LOOP="" BUNDLEDNAME="" DSP="0" BRAM="0" URAM="0"/>
	<BindNode BINDTYPE="op" DISPLAY="bind_op select" ID="" IMPL="auto_sel" LATENCY="0" OPTYPE="select" PRAGMA="" RTLNAME="current_sin_V_80_fu_2492_p3" SOURCE="cordic_fixed.cpp:59" VARIABLE="current_sin_V_80" MODULE="sin_cos" LOOP="" BUNDLEDNAME="" DSP="0" BRAM="0" URAM="0"/>
	<BindNode BINDTYPE="op" DISPLAY="bind_op select" ID="" IMPL="auto_sel" LATENCY="0" OPTYPE="select" PRAGMA="" RTLNAME="select_ln1534_12_fu_2515_p3" SOURCE="C:/Xilinx/Vitis_HLS/2022.1/common/technology/autopilot\ap_fixed_base.h:1534" VARIABLE="select_ln1534_12" MODULE="sin_cos" LOOP="" BUNDLEDNAME="" DSP="0" BRAM="0" URAM="0"/>
	<BindNode BINDTYPE="op" DISPLAY="bind_op select" ID="" IMPL="auto_sel" LATENCY="0" OPTYPE="select" PRAGMA="" RTLNAME="select_ln1534_13_fu_2522_p3" SOURCE="C:/Xilinx/Vitis_HLS/2022.1/common/technology/autopilot\ap_fixed_base.h:1534" VARIABLE="select_ln1534_13" MODULE="sin_cos" LOOP="" BUNDLEDNAME="" DSP="0" BRAM="0" URAM="0"/>
	<BindNode BINDTYPE="op" DISPLAY="bind_op sub" ID="" IMPL="fabric" LATENCY="0" OPTYPE="sub" PRAGMA="" RTLNAME="current_cos_V_81_fu_2529_p2" SOURCE="C:/Xilinx/Vitis_HLS/2022.1/common/technology/autopilot\ap_fixed_base.h:859" VARIABLE="current_cos_V_81" MODULE="sin_cos" LOOP="" BUNDLEDNAME="" DSP="0" BRAM="0" URAM="0"/>
	<BindNode BINDTYPE="op" DISPLAY="bind_op add" ID="" IMPL="fabric" LATENCY="0" OPTYPE="add" PRAGMA="" RTLNAME="current_sin_V_81_fu_2534_p2" SOURCE="C:/Xilinx/Vitis_HLS/2022.1/common/technology/autopilot\ap_fixed_base.h:859" VARIABLE="current_sin_V_81" MODULE="sin_cos" LOOP="" BUNDLEDNAME="" DSP="0" BRAM="0" URAM="0"/>
	<BindNode BINDTYPE="op" DISPLAY="bind_op add" ID="" IMPL="fabric" LATENCY="0" OPTYPE="add" PRAGMA="" RTLNAME="current_cos_V_82_fu_2539_p2" SOURCE="C:/Xilinx/Vitis_HLS/2022.1/common/technology/autopilot\ap_fixed_base.h:859" VARIABLE="current_cos_V_82" MODULE="sin_cos" LOOP="" BUNDLEDNAME="" DSP="0" BRAM="0" URAM="0"/>
	<BindNode BINDTYPE="op" DISPLAY="bind_op sub" ID="" IMPL="fabric" LATENCY="0" OPTYPE="sub" PRAGMA="" RTLNAME="current_sin_V_82_fu_2544_p2" SOURCE="C:/Xilinx/Vitis_HLS/2022.1/common/technology/autopilot\ap_fixed_base.h:859" VARIABLE="current_sin_V_82" MODULE="sin_cos" LOOP="" BUNDLEDNAME="" DSP="0" BRAM="0" URAM="0"/>
	<BindNode BINDTYPE="op" DISPLAY="bind_op select" ID="" IMPL="auto_sel" LATENCY="0" OPTYPE="select" PRAGMA="" RTLNAME="current_cos_V_83_fu_2549_p3" SOURCE="cordic_fixed.cpp:59" VARIABLE="current_cos_V_83" MODULE="sin_cos" LOOP="" BUNDLEDNAME="" DSP="0" BRAM="0" URAM="0"/>
	<BindNode BINDTYPE="op" DISPLAY="bind_op select" ID="" IMPL="auto_sel" LATENCY="0" OPTYPE="select" PRAGMA="" RTLNAME="current_sin_V_83_fu_2556_p3" SOURCE="cordic_fixed.cpp:59" VARIABLE="current_sin_V_83" MODULE="sin_cos" LOOP="" BUNDLEDNAME="" DSP="0" BRAM="0" URAM="0"/>
	<BindNode BINDTYPE="op" DISPLAY="bind_op select" ID="" IMPL="auto_sel" LATENCY="0" OPTYPE="select" PRAGMA="" RTLNAME="select_ln1534_14_fu_2571_p3" SOURCE="C:/Xilinx/Vitis_HLS/2022.1/common/technology/autopilot\ap_fixed_base.h:1534" VARIABLE="select_ln1534_14" MODULE="sin_cos" LOOP="" BUNDLEDNAME="" DSP="0" BRAM="0" URAM="0"/>
	<BindNode BINDTYPE="op" DISPLAY="bind_op select" ID="" IMPL="auto_sel" LATENCY="0" OPTYPE="select" PRAGMA="" RTLNAME="select_ln1534_15_fu_2587_p3" SOURCE="C:/Xilinx/Vitis_HLS/2022.1/common/technology/autopilot\ap_fixed_base.h:1534" VARIABLE="select_ln1534_15" MODULE="sin_cos" LOOP="" BUNDLEDNAME="" DSP="0" BRAM="0" URAM="0"/>
	<BindNode BINDTYPE="op" DISPLAY="bind_op sub" ID="" IMPL="fabric" LATENCY="0" OPTYPE="sub" PRAGMA="" RTLNAME="current_cos_V_84_fu_2595_p2" SOURCE="C:/Xilinx/Vitis_HLS/2022.1/common/technology/autopilot\ap_fixed_base.h:859" VARIABLE="current_cos_V_84" MODULE="sin_cos" LOOP="" BUNDLEDNAME="" DSP="0" BRAM="0" URAM="0"/>
	<BindNode BINDTYPE="op" DISPLAY="bind_op add" ID="" IMPL="fabric" LATENCY="0" OPTYPE="add" PRAGMA="" RTLNAME="current_sin_V_84_fu_2601_p2" SOURCE="C:/Xilinx/Vitis_HLS/2022.1/common/technology/autopilot\ap_fixed_base.h:859" VARIABLE="current_sin_V_84" MODULE="sin_cos" LOOP="" BUNDLEDNAME="" DSP="0" BRAM="0" URAM="0"/>
	<BindNode BINDTYPE="op" DISPLAY="bind_op add" ID="" IMPL="fabric" LATENCY="0" OPTYPE="add" PRAGMA="" RTLNAME="current_cos_V_85_fu_2607_p2" SOURCE="C:/Xilinx/Vitis_HLS/2022.1/common/technology/autopilot\ap_fixed_base.h:859" VARIABLE="current_cos_V_85" MODULE="sin_cos" LOOP="" BUNDLEDNAME="" DSP="0" BRAM="0" URAM="0"/>
	<BindNode BINDTYPE="op" DISPLAY="bind_op sub" ID="" IMPL="fabric" LATENCY="0" OPTYPE="sub" PRAGMA="" RTLNAME="current_sin_V_85_fu_2613_p2" SOURCE="C:/Xilinx/Vitis_HLS/2022.1/common/technology/autopilot\ap_fixed_base.h:859" VARIABLE="current_sin_V_85" MODULE="sin_cos" LOOP="" BUNDLEDNAME="" DSP="0" BRAM="0" URAM="0"/>
	<BindNode BINDTYPE="op" DISPLAY="bind_op select" ID="" IMPL="auto_sel" LATENCY="0" OPTYPE="select" PRAGMA="" RTLNAME="current_cos_V_86_fu_2619_p3" SOURCE="cordic_fixed.cpp:59" VARIABLE="current_cos_V_86" MODULE="sin_cos" LOOP="" BUNDLEDNAME="" DSP="0" BRAM="0" URAM="0"/>
	<BindNode BINDTYPE="op" DISPLAY="bind_op select" ID="" IMPL="auto_sel" LATENCY="0" OPTYPE="select" PRAGMA="" RTLNAME="current_sin_V_86_fu_2624_p3" SOURCE="cordic_fixed.cpp:59" VARIABLE="current_sin_V_86" MODULE="sin_cos" LOOP="" BUNDLEDNAME="" DSP="0" BRAM="0" URAM="0"/>
	<BindNode BINDTYPE="op" DISPLAY="bind_op select" ID="" IMPL="auto_sel" LATENCY="0" OPTYPE="select" PRAGMA="" RTLNAME="select_ln1534_16_fu_2637_p3" SOURCE="C:/Xilinx/Vitis_HLS/2022.1/common/technology/autopilot\ap_fixed_base.h:1534" VARIABLE="select_ln1534_16" MODULE="sin_cos" LOOP="" BUNDLEDNAME="" DSP="0" BRAM="0" URAM="0"/>
	<BindNode BINDTYPE="op" DISPLAY="bind_op select" ID="" IMPL="auto_sel" LATENCY="0" OPTYPE="select" PRAGMA="" RTLNAME="select_ln1534_17_fu_2653_p3" SOURCE="C:/Xilinx/Vitis_HLS/2022.1/common/technology/autopilot\ap_fixed_base.h:1534" VARIABLE="select_ln1534_17" MODULE="sin_cos" LOOP="" BUNDLEDNAME="" DSP="0" BRAM="0" URAM="0"/>
	<BindNode BINDTYPE="op" DISPLAY="bind_op sub" ID="" IMPL="fabric" LATENCY="0" OPTYPE="sub" PRAGMA="" RTLNAME="current_cos_V_87_fu_2661_p2" SOURCE="C:/Xilinx/Vitis_HLS/2022.1/common/technology/autopilot\ap_fixed_base.h:859" VARIABLE="current_cos_V_87" MODULE="sin_cos" LOOP="" BUNDLEDNAME="" DSP="0" BRAM="0" URAM="0"/>
	<BindNode BINDTYPE="op" DISPLAY="bind_op add" ID="" IMPL="fabric" LATENCY="0" OPTYPE="add" PRAGMA="" RTLNAME="current_sin_V_87_fu_2667_p2" SOURCE="C:/Xilinx/Vitis_HLS/2022.1/common/technology/autopilot\ap_fixed_base.h:859" VARIABLE="current_sin_V_87" MODULE="sin_cos" LOOP="" BUNDLEDNAME="" DSP="0" BRAM="0" URAM="0"/>
	<BindNode BINDTYPE="op" DISPLAY="bind_op add" ID="" IMPL="fabric" LATENCY="0" OPTYPE="add" PRAGMA="" RTLNAME="current_cos_V_88_fu_2673_p2" SOURCE="C:/Xilinx/Vitis_HLS/2022.1/common/technology/autopilot\ap_fixed_base.h:859" VARIABLE="current_cos_V_88" MODULE="sin_cos" LOOP="" BUNDLEDNAME="" DSP="0" BRAM="0" URAM="0"/>
	<BindNode BINDTYPE="op" DISPLAY="bind_op sub" ID="" IMPL="fabric" LATENCY="0" OPTYPE="sub" PRAGMA="" RTLNAME="current_sin_V_88_fu_2679_p2" SOURCE="C:/Xilinx/Vitis_HLS/2022.1/common/technology/autopilot\ap_fixed_base.h:859" VARIABLE="current_sin_V_88" MODULE="sin_cos" LOOP="" BUNDLEDNAME="" DSP="0" BRAM="0" URAM="0"/>
	<BindNode BINDTYPE="op" DISPLAY="bind_op select" ID="" IMPL="auto_sel" LATENCY="0" OPTYPE="select" PRAGMA="" RTLNAME="current_cos_V_89_fu_2685_p3" SOURCE="cordic_fixed.cpp:59" VARIABLE="current_cos_V_89" MODULE="sin_cos" LOOP="" BUNDLEDNAME="" DSP="0" BRAM="0" URAM="0"/>
	<BindNode BINDTYPE="op" DISPLAY="bind_op select" ID="" IMPL="auto_sel" LATENCY="0" OPTYPE="select" PRAGMA="" RTLNAME="current_sin_V_89_fu_2692_p3" SOURCE="cordic_fixed.cpp:59" VARIABLE="current_sin_V_89" MODULE="sin_cos" LOOP="" BUNDLEDNAME="" DSP="0" BRAM="0" URAM="0"/>
	<BindNode BINDTYPE="op" DISPLAY="bind_op select" ID="" IMPL="auto_sel" LATENCY="0" OPTYPE="select" PRAGMA="" RTLNAME="select_ln1534_18_fu_2707_p3" SOURCE="C:/Xilinx/Vitis_HLS/2022.1/common/technology/autopilot\ap_fixed_base.h:1534" VARIABLE="select_ln1534_18" MODULE="sin_cos" LOOP="" BUNDLEDNAME="" DSP="0" BRAM="0" URAM="0"/>
	<BindNode BINDTYPE="op" DISPLAY="bind_op select" ID="" IMPL="auto_sel" LATENCY="0" OPTYPE="select" PRAGMA="" RTLNAME="select_ln1534_19_fu_2723_p3" SOURCE="C:/Xilinx/Vitis_HLS/2022.1/common/technology/autopilot\ap_fixed_base.h:1534" VARIABLE="select_ln1534_19" MODULE="sin_cos" LOOP="" BUNDLEDNAME="" DSP="0" BRAM="0" URAM="0"/>
	<BindNode BINDTYPE="op" DISPLAY="bind_op sub" ID="" IMPL="fabric" LATENCY="0" OPTYPE="sub" PRAGMA="" RTLNAME="current_cos_V_90_fu_2731_p2" SOURCE="C:/Xilinx/Vitis_HLS/2022.1/common/technology/autopilot\ap_fixed_base.h:859" VARIABLE="current_cos_V_90" MODULE="sin_cos" LOOP="" BUNDLEDNAME="" DSP="0" BRAM="0" URAM="0"/>
	<BindNode BINDTYPE="op" DISPLAY="bind_op add" ID="" IMPL="fabric" LATENCY="0" OPTYPE="add" PRAGMA="" RTLNAME="current_sin_V_90_fu_2735_p2" SOURCE="C:/Xilinx/Vitis_HLS/2022.1/common/technology/autopilot\ap_fixed_base.h:859" VARIABLE="current_sin_V_90" MODULE="sin_cos" LOOP="" BUNDLEDNAME="" DSP="0" BRAM="0" URAM="0"/>
	<BindNode BINDTYPE="op" DISPLAY="bind_op add" ID="" IMPL="fabric" LATENCY="0" OPTYPE="add" PRAGMA="" RTLNAME="current_cos_V_91_fu_2739_p2" SOURCE="C:/Xilinx/Vitis_HLS/2022.1/common/technology/autopilot\ap_fixed_base.h:859" VARIABLE="current_cos_V_91" MODULE="sin_cos" LOOP="" BUNDLEDNAME="" DSP="0" BRAM="0" URAM="0"/>
	<BindNode BINDTYPE="op" DISPLAY="bind_op sub" ID="" IMPL="fabric" LATENCY="0" OPTYPE="sub" PRAGMA="" RTLNAME="current_sin_V_91_fu_2743_p2" SOURCE="C:/Xilinx/Vitis_HLS/2022.1/common/technology/autopilot\ap_fixed_base.h:859" VARIABLE="current_sin_V_91" MODULE="sin_cos" LOOP="" BUNDLEDNAME="" DSP="0" BRAM="0" URAM="0"/>
	<BindNode BINDTYPE="op" DISPLAY="bind_op select" ID="" IMPL="auto_sel" LATENCY="0" OPTYPE="select" PRAGMA="" RTLNAME="current_cos_V_92_fu_2747_p3" SOURCE="cordic_fixed.cpp:59" VARIABLE="current_cos_V_92" MODULE="sin_cos" LOOP="" BUNDLEDNAME="" DSP="0" BRAM="0" URAM="0"/>
	<BindNode BINDTYPE="op" DISPLAY="bind_op select" ID="" IMPL="auto_sel" LATENCY="0" OPTYPE="select" PRAGMA="" RTLNAME="current_sin_V_92_fu_2754_p3" SOURCE="cordic_fixed.cpp:59" VARIABLE="current_sin_V_92" MODULE="sin_cos" LOOP="" BUNDLEDNAME="" DSP="0" BRAM="0" URAM="0"/>
	<BindNode BINDTYPE="op" DISPLAY="bind_op select" ID="" IMPL="auto_sel" LATENCY="0" OPTYPE="select" PRAGMA="" RTLNAME="select_ln1534_20_fu_2769_p3" SOURCE="C:/Xilinx/Vitis_HLS/2022.1/common/technology/autopilot\ap_fixed_base.h:1534" VARIABLE="select_ln1534_20" MODULE="sin_cos" LOOP="" BUNDLEDNAME="" DSP="0" BRAM="0" URAM="0"/>
	<BindNode BINDTYPE="op" DISPLAY="bind_op select" ID="" IMPL="auto_sel" LATENCY="0" OPTYPE="select" PRAGMA="" RTLNAME="select_ln1534_21_fu_2785_p3" SOURCE="C:/Xilinx/Vitis_HLS/2022.1/common/technology/autopilot\ap_fixed_base.h:1534" VARIABLE="select_ln1534_21" MODULE="sin_cos" LOOP="" BUNDLEDNAME="" DSP="0" BRAM="0" URAM="0"/>
	<BindNode BINDTYPE="op" DISPLAY="bind_op sub" ID="" IMPL="fabric" LATENCY="0" OPTYPE="sub" PRAGMA="" RTLNAME="current_cos_V_93_fu_2793_p2" SOURCE="C:/Xilinx/Vitis_HLS/2022.1/common/technology/autopilot\ap_fixed_base.h:859" VARIABLE="current_cos_V_93" MODULE="sin_cos" LOOP="" BUNDLEDNAME="" DSP="0" BRAM="0" URAM="0"/>
	<BindNode BINDTYPE="op" DISPLAY="bind_op add" ID="" IMPL="fabric" LATENCY="0" OPTYPE="add" PRAGMA="" RTLNAME="current_sin_V_93_fu_2799_p2" SOURCE="C:/Xilinx/Vitis_HLS/2022.1/common/technology/autopilot\ap_fixed_base.h:859" VARIABLE="current_sin_V_93" MODULE="sin_cos" LOOP="" BUNDLEDNAME="" DSP="0" BRAM="0" URAM="0"/>
	<BindNode BINDTYPE="op" DISPLAY="bind_op add" ID="" IMPL="fabric" LATENCY="0" OPTYPE="add" PRAGMA="" RTLNAME="current_cos_V_94_fu_2805_p2" SOURCE="C:/Xilinx/Vitis_HLS/2022.1/common/technology/autopilot\ap_fixed_base.h:859" VARIABLE="current_cos_V_94" MODULE="sin_cos" LOOP="" BUNDLEDNAME="" DSP="0" BRAM="0" URAM="0"/>
	<BindNode BINDTYPE="op" DISPLAY="bind_op sub" ID="" IMPL="fabric" LATENCY="0" OPTYPE="sub" PRAGMA="" RTLNAME="current_sin_V_94_fu_2811_p2" SOURCE="C:/Xilinx/Vitis_HLS/2022.1/common/technology/autopilot\ap_fixed_base.h:859" VARIABLE="current_sin_V_94" MODULE="sin_cos" LOOP="" BUNDLEDNAME="" DSP="0" BRAM="0" URAM="0"/>
	<BindNode BINDTYPE="op" DISPLAY="bind_op select" ID="" IMPL="auto_sel" LATENCY="0" OPTYPE="select" PRAGMA="" RTLNAME="current_cos_V_95_fu_2817_p3" SOURCE="cordic_fixed.cpp:59" VARIABLE="current_cos_V_95" MODULE="sin_cos" LOOP="" BUNDLEDNAME="" DSP="0" BRAM="0" URAM="0"/>
	<BindNode BINDTYPE="op" DISPLAY="bind_op select" ID="" IMPL="auto_sel" LATENCY="0" OPTYPE="select" PRAGMA="" RTLNAME="current_sin_V_95_fu_2824_p3" SOURCE="cordic_fixed.cpp:59" VARIABLE="current_sin_V_95" MODULE="sin_cos" LOOP="" BUNDLEDNAME="" DSP="0" BRAM="0" URAM="0"/>
	<BindNode BINDTYPE="op" DISPLAY="bind_op select" ID="" IMPL="auto_sel" LATENCY="0" OPTYPE="select" PRAGMA="" RTLNAME="select_ln1534_22_fu_2847_p3" SOURCE="C:/Xilinx/Vitis_HLS/2022.1/common/technology/autopilot\ap_fixed_base.h:1534" VARIABLE="select_ln1534_22" MODULE="sin_cos" LOOP="" BUNDLEDNAME="" DSP="0" BRAM="0" URAM="0"/>
	<BindNode BINDTYPE="op" DISPLAY="bind_op select" ID="" IMPL="auto_sel" LATENCY="0" OPTYPE="select" PRAGMA="" RTLNAME="select_ln1534_23_fu_2854_p3" SOURCE="C:/Xilinx/Vitis_HLS/2022.1/common/technology/autopilot\ap_fixed_base.h:1534" VARIABLE="select_ln1534_23" MODULE="sin_cos" LOOP="" BUNDLEDNAME="" DSP="0" BRAM="0" URAM="0"/>
	<BindNode BINDTYPE="op" DISPLAY="bind_op sub" ID="" IMPL="fabric" LATENCY="0" OPTYPE="sub" PRAGMA="" RTLNAME="current_cos_V_96_fu_2861_p2" SOURCE="C:/Xilinx/Vitis_HLS/2022.1/common/technology/autopilot\ap_fixed_base.h:859" VARIABLE="current_cos_V_96" MODULE="sin_cos" LOOP="" BUNDLEDNAME="" DSP="0" BRAM="0" URAM="0"/>
	<BindNode BINDTYPE="op" DISPLAY="bind_op add" ID="" IMPL="fabric" LATENCY="0" OPTYPE="add" PRAGMA="" RTLNAME="current_sin_V_96_fu_2866_p2" SOURCE="C:/Xilinx/Vitis_HLS/2022.1/common/technology/autopilot\ap_fixed_base.h:859" VARIABLE="current_sin_V_96" MODULE="sin_cos" LOOP="" BUNDLEDNAME="" DSP="0" BRAM="0" URAM="0"/>
	<BindNode BINDTYPE="op" DISPLAY="bind_op add" ID="" IMPL="fabric" LATENCY="0" OPTYPE="add" PRAGMA="" RTLNAME="current_cos_V_97_fu_2871_p2" SOURCE="C:/Xilinx/Vitis_HLS/2022.1/common/technology/autopilot\ap_fixed_base.h:859" VARIABLE="current_cos_V_97" MODULE="sin_cos" LOOP="" BUNDLEDNAME="" DSP="0" BRAM="0" URAM="0"/>
	<BindNode BINDTYPE="op" DISPLAY="bind_op sub" ID="" IMPL="fabric" LATENCY="0" OPTYPE="sub" PRAGMA="" RTLNAME="current_sin_V_97_fu_2876_p2" SOURCE="C:/Xilinx/Vitis_HLS/2022.1/common/technology/autopilot\ap_fixed_base.h:859" VARIABLE="current_sin_V_97" MODULE="sin_cos" LOOP="" BUNDLEDNAME="" DSP="0" BRAM="0" URAM="0"/>
	<BindNode BINDTYPE="op" DISPLAY="bind_op select" ID="" IMPL="auto_sel" LATENCY="0" OPTYPE="select" PRAGMA="" RTLNAME="current_cos_V_98_fu_2881_p3" SOURCE="cordic_fixed.cpp:59" VARIABLE="current_cos_V_98" MODULE="sin_cos" LOOP="" BUNDLEDNAME="" DSP="0" BRAM="0" URAM="0"/>
	<BindNode BINDTYPE="op" DISPLAY="bind_op select" ID="" IMPL="auto_sel" LATENCY="0" OPTYPE="select" PRAGMA="" RTLNAME="current_sin_V_98_fu_2888_p3" SOURCE="cordic_fixed.cpp:59" VARIABLE="current_sin_V_98" MODULE="sin_cos" LOOP="" BUNDLEDNAME="" DSP="0" BRAM="0" URAM="0"/>
	<BindNode BINDTYPE="op" DISPLAY="bind_op select" ID="" IMPL="auto_sel" LATENCY="0" OPTYPE="select" PRAGMA="" RTLNAME="select_ln1534_24_fu_2903_p3" SOURCE="C:/Xilinx/Vitis_HLS/2022.1/common/technology/autopilot\ap_fixed_base.h:1534" VARIABLE="select_ln1534_24" MODULE="sin_cos" LOOP="" BUNDLEDNAME="" DSP="0" BRAM="0" URAM="0"/>
	<BindNode BINDTYPE="op" DISPLAY="bind_op select" ID="" IMPL="auto_sel" LATENCY="0" OPTYPE="select" PRAGMA="" RTLNAME="select_ln1534_25_fu_2919_p3" SOURCE="C:/Xilinx/Vitis_HLS/2022.1/common/technology/autopilot\ap_fixed_base.h:1534" VARIABLE="select_ln1534_25" MODULE="sin_cos" LOOP="" BUNDLEDNAME="" DSP="0" BRAM="0" URAM="0"/>
	<BindNode BINDTYPE="op" DISPLAY="bind_op sub" ID="" IMPL="fabric" LATENCY="0" OPTYPE="sub" PRAGMA="" RTLNAME="current_cos_V_99_fu_2927_p2" SOURCE="C:/Xilinx/Vitis_HLS/2022.1/common/technology/autopilot\ap_fixed_base.h:859" VARIABLE="current_cos_V_99" MODULE="sin_cos" LOOP="" BUNDLEDNAME="" DSP="0" BRAM="0" URAM="0"/>
	<BindNode BINDTYPE="op" DISPLAY="bind_op add" ID="" IMPL="fabric" LATENCY="0" OPTYPE="add" PRAGMA="" RTLNAME="current_sin_V_99_fu_2933_p2" SOURCE="C:/Xilinx/Vitis_HLS/2022.1/common/technology/autopilot\ap_fixed_base.h:859" VARIABLE="current_sin_V_99" MODULE="sin_cos" LOOP="" BUNDLEDNAME="" DSP="0" BRAM="0" URAM="0"/>
	<BindNode BINDTYPE="op" DISPLAY="bind_op add" ID="" IMPL="fabric" LATENCY="0" OPTYPE="add" PRAGMA="" RTLNAME="current_cos_V_100_fu_2939_p2" SOURCE="C:/Xilinx/Vitis_HLS/2022.1/common/technology/autopilot\ap_fixed_base.h:859" VARIABLE="current_cos_V_100" MODULE="sin_cos" LOOP="" BUNDLEDNAME="" DSP="0" BRAM="0" URAM="0"/>
	<BindNode BINDTYPE="op" DISPLAY="bind_op sub" ID="" IMPL="fabric" LATENCY="0" OPTYPE="sub" PRAGMA="" RTLNAME="current_sin_V_100_fu_2945_p2" SOURCE="C:/Xilinx/Vitis_HLS/2022.1/common/technology/autopilot\ap_fixed_base.h:859" VARIABLE="current_sin_V_100" MODULE="sin_cos" LOOP="" BUNDLEDNAME="" DSP="0" BRAM="0" URAM="0"/>
	<BindNode BINDTYPE="op" DISPLAY="bind_op select" ID="" IMPL="auto_sel" LATENCY="0" OPTYPE="select" PRAGMA="" RTLNAME="current_cos_V_101_fu_2951_p3" SOURCE="cordic_fixed.cpp:59" VARIABLE="current_cos_V_101" MODULE="sin_cos" LOOP="" BUNDLEDNAME="" DSP="0" BRAM="0" URAM="0"/>
	<BindNode BINDTYPE="op" DISPLAY="bind_op select" ID="" IMPL="auto_sel" LATENCY="0" OPTYPE="select" PRAGMA="" RTLNAME="current_sin_V_101_fu_2956_p3" SOURCE="cordic_fixed.cpp:59" VARIABLE="current_sin_V_101" MODULE="sin_cos" LOOP="" BUNDLEDNAME="" DSP="0" BRAM="0" URAM="0"/>
	<BindNode BINDTYPE="op" DISPLAY="bind_op icmp" ID="" IMPL="auto" LATENCY="0" OPTYPE="icmp" PRAGMA="" RTLNAME="icmp_ln76_fu_2961_p2" SOURCE="cordic_fixed.cpp:76" VARIABLE="icmp_ln76" MODULE="sin_cos" LOOP="" BUNDLEDNAME="" DSP="0" BRAM="0" URAM="0"/>
	<BindNode BINDTYPE="op" DISPLAY="bind_op sub" ID="" IMPL="fabric" LATENCY="0" OPTYPE="sub" PRAGMA="" RTLNAME="current_cos_V_102_fu_2966_p2" SOURCE="C:/Xilinx/Vitis_HLS/2022.1/common/technology/autopilot\ap_fixed_base.h:859" VARIABLE="current_cos_V_102" MODULE="sin_cos" LOOP="" BUNDLEDNAME="" DSP="0" BRAM="0" URAM="0"/>
	<BindNode BINDTYPE="op" DISPLAY="bind_op select" ID="" IMPL="auto_sel" LATENCY="0" OPTYPE="select" PRAGMA="" RTLNAME="current_cos_V_103_fu_2972_p3" SOURCE="cordic_fixed.cpp:76" VARIABLE="current_cos_V_103" MODULE="sin_cos" LOOP="" BUNDLEDNAME="" DSP="0" BRAM="0" URAM="0"/>
	<BindNode BINDTYPE="op" DISPLAY="bind_op icmp" ID="" IMPL="auto" LATENCY="0" OPTYPE="icmp" PRAGMA="" RTLNAME="icmp_ln79_fu_2980_p2" SOURCE="cordic_fixed.cpp:79" VARIABLE="icmp_ln79" MODULE="sin_cos" LOOP="" BUNDLEDNAME="" DSP="0" BRAM="0" URAM="0"/>
	<BindNode BINDTYPE="op" DISPLAY="bind_op sub" ID="" IMPL="fabric" LATENCY="0" OPTYPE="sub" PRAGMA="" RTLNAME="current_sin_V_102_fu_2985_p2" SOURCE="C:/Xilinx/Vitis_HLS/2022.1/common/technology/autopilot\ap_fixed_base.h:859" VARIABLE="current_sin_V_102" MODULE="sin_cos" LOOP="" BUNDLEDNAME="" DSP="0" BRAM="0" URAM="0"/>
	<BindNode BINDTYPE="op" DISPLAY="bind_op sub" ID="" IMPL="fabric" LATENCY="0" OPTYPE="sub" PRAGMA="" RTLNAME="current_cos_V_104_fu_2991_p2" SOURCE="C:/Xilinx/Vitis_HLS/2022.1/common/technology/autopilot\ap_fixed_base.h:859" VARIABLE="current_cos_V_104" MODULE="sin_cos" LOOP="" BUNDLEDNAME="" DSP="0" BRAM="0" URAM="0"/>
	<BindNode BINDTYPE="op" DISPLAY="bind_op select" ID="" IMPL="auto_sel" LATENCY="0" OPTYPE="select" PRAGMA="" RTLNAME="c" SOURCE="cordic_fixed.cpp:79" VARIABLE="current_cos_V_105" MODULE="sin_cos" LOOP="" BUNDLEDNAME="" DSP="0" BRAM="0" URAM="0"/>
	<BindNode BINDTYPE="op" DISPLAY="bind_op select" ID="" IMPL="auto_sel" LATENCY="0" OPTYPE="select" PRAGMA="" RTLNAME="current_sin_V_103_fu_3006_p3" SOURCE="cordic_fixed.cpp:79" VARIABLE="current_sin_V_103" MODULE="sin_cos" LOOP="" BUNDLEDNAME="" DSP="0" BRAM="0" URAM="0"/>
	<BindNode BINDTYPE="op" DISPLAY="bind_op icmp" ID="" IMPL="auto" LATENCY="0" OPTYPE="icmp" PRAGMA="" RTLNAME="icmp_ln83_fu_3014_p2" SOURCE="cordic_fixed.cpp:83" VARIABLE="icmp_ln83" MODULE="sin_cos" LOOP="" BUNDLEDNAME="" DSP="0" BRAM="0" URAM="0"/>
	<BindNode BINDTYPE="op" DISPLAY="bind_op sub" ID="" IMPL="fabric" LATENCY="0" OPTYPE="sub" PRAGMA="" RTLNAME="current_sin_V_104_fu_3019_p2" SOURCE="C:/Xilinx/Vitis_HLS/2022.1/common/technology/autopilot\ap_fixed_base.h:859" VARIABLE="current_sin_V_104" MODULE="sin_cos" LOOP="" BUNDLEDNAME="" DSP="0" BRAM="0" URAM="0"/>
	<BindNode BINDTYPE="op" DISPLAY="bind_op select" ID="" IMPL="auto_sel" LATENCY="0" OPTYPE="select" PRAGMA="" RTLNAME="s" SOURCE="cordic_fixed.cpp:83" VARIABLE="current_sin_V_105" MODULE="sin_cos" LOOP="" BUNDLEDNAME="" DSP="0" BRAM="0" URAM="0"/>
</BindInfo>
