<profile>

<section name = "Vitis HLS Report for 'sin_cos'" level="0">
<item name = "Date">Sun Dec 11 15:34:18 2022
</item>
<item name = "Version">2022.1 (Build 3526262 on Mon Apr 18 15:48:16 MDT 2022)</item>
<item name = "Project">sincos</item>
<item name = "Solution">solution1 (Vivado IP Flow Target)</item>
<item name = "Product family">zynq</item>
<item name = "Target device">xc7z020-clg484-1</item>
</section>

<section name = "Performance Estimates" level="0">
<item name = "Timing">
<section name = "" level="1">
<item name = "Summary"><table name="" hasTotal="0">
<keys size="4">Clock, Target, Estimated, Uncertainty</keys>
<column name="ap_clk">10.00 ns, 7.085 ns, 2.70 ns</column>
</table>
</item>
</section>
</item>
<item name = "Latency">
<section name = "" level="1">
<item name = "Summary"><table name="" hasTotal="0">
<keys size="8">, min, max, min, max, min, max, Type</keys>
<column name="">23, 23, 0.230 us, 0.230 us, 1, 1, yes</column>
</table>
</item>
<item name = "Detail">
<section name = "" level="1">
<item name = "Instance"><table name="" hasTotal="0">
<keys size="9">Instance, Module, min, max, min, max, min, max, Type</keys>
</table>
</item>
<item name = "Loop"><table name="" hasTotal="0">
<keys size="8">Loop Name, min, max, Latency, achieved, target, Count, Pipelined</keys>
</table>
</item>
</section>
</item>
</section>
</item>
</section>

<section name = "Utilization Estimates" level="0">
<item name = "Summary"><table name="" hasTotal="1">
<keys size="6">Name, BRAM_18K, DSP, FF, LUT, URAM</keys>
<column name="DSP">-, -, -, -, -</column>
<column name="Expression">-, -, 0, 6101, -</column>
<column name="FIFO">-, -, -, -, -</column>
<column name="Instance">-, -, -, -, -</column>
<column name="Memory">-, -, -, -, -</column>
<column name="Multiplexer">-, -, -, -, -</column>
<column name="Register">-, -, 2041, 288, -</column>
<specialColumn name="Available">280, 220, 106400, 53200, 0</specialColumn>
<specialColumn name="Utilization (%)">0, 0, 1, 12, 0</specialColumn>
</table>
</item>
<item name = "Detail">
<section name = "" level="1">
<item name = "Instance"><table name="" hasTotal="1">
<keys size="7">Instance, Module, BRAM_18K, DSP, FF, LUT, URAM</keys>
</table>
</item>
<item name = "DSP"><table name="" hasTotal="0">
<keys size="3">Instance, Module, Expression</keys>
</table>
</item>
<item name = "Memory"><table name="" hasTotal="1">
<keys size="10">Memory, Module, BRAM_18K, FF, LUT, URAM, Words, Bits, Banks, W*Bits*Banks</keys>
</table>
</item>
<item name = "FIFO"><table name="" hasTotal="1">
<keys size="8">Name, BRAM_18K, FF, LUT, URAM, Depth, Bits, Size:D*B</keys>
</table>
</item>
<item name = "Expression"><table name="" hasTotal="1">
<keys size="7">Variable Name, Operation, DSP, FF, LUT, Bitwidth P0, Bitwidth P1</keys>
<column name="add_ln1697_10_fu_1174_p2">+, 0, 0, 20, 20, 5</column>
<column name="add_ln1697_12_fu_1300_p2">+, 0, 0, 20, 20, 4</column>
<column name="add_ln1697_14_fu_1394_p2">+, 0, 0, 20, 20, 3</column>
<column name="add_ln1697_16_fu_1531_p2">+, 0, 0, 20, 20, 2</column>
<column name="add_ln1697_2_fu_674_p2">+, 0, 0, 20, 20, 9</column>
<column name="add_ln1697_4_fu_708_p2">+, 0, 0, 20, 20, 8</column>
<column name="add_ln1697_6_fu_854_p2">+, 0, 0, 20, 20, 7</column>
<column name="add_ln1697_8_fu_1014_p2">+, 0, 0, 20, 20, 6</column>
<column name="add_ln1697_fu_640_p2">+, 0, 0, 20, 20, 10</column>
<column name="current_cos_V_100_fu_2939_p2">+, 0, 0, 27, 20, 20</column>
<column name="current_cos_V_106_fu_418_p2">+, 0, 0, 27, 20, 20</column>
<column name="current_cos_V_10_fu_801_p2">+, 0, 0, 27, 20, 20</column>
<column name="current_cos_V_13_fu_897_p2">+, 0, 0, 27, 20, 20</column>
<column name="current_cos_V_16_fu_961_p2">+, 0, 0, 27, 20, 20</column>
<column name="current_cos_V_19_fu_1057_p2">+, 0, 0, 27, 20, 20</column>
<column name="current_cos_V_1_fu_230_p2">+, 0, 0, 27, 20, 20</column>
<column name="current_cos_V_22_fu_1121_p2">+, 0, 0, 27, 20, 20</column>
<column name="current_cos_V_25_fu_1217_p2">+, 0, 0, 27, 20, 20</column>
<column name="current_cos_V_28_fu_1281_p2">+, 0, 0, 27, 20, 20</column>
<column name="current_cos_V_31_fu_1377_p2">+, 0, 0, 27, 20, 20</column>
<column name="current_cos_V_34_fu_1467_p2">+, 0, 0, 27, 20, 20</column>
<column name="current_cos_V_37_fu_1565_p2">+, 0, 0, 27, 20, 20</column>
<column name="current_cos_V_3_fu_379_p2">+, 0, 0, 27, 20, 20</column>
<column name="current_cos_V_40_fu_1631_p2">+, 0, 0, 27, 20, 20</column>
<column name="current_cos_V_43_fu_1693_p2">+, 0, 0, 27, 20, 20</column>
<column name="current_cos_V_46_fu_1759_p2">+, 0, 0, 27, 20, 20</column>
<column name="current_cos_V_49_fu_1821_p2">+, 0, 0, 27, 20, 20</column>
<column name="current_cos_V_4_fu_398_p2">+, 0, 0, 27, 20, 20</column>
<column name="current_cos_V_52_fu_1885_p2">+, 0, 0, 27, 20, 20</column>
<column name="current_cos_V_55_fu_1947_p2">+, 0, 0, 27, 20, 20</column>
<column name="current_cos_V_58_fu_2011_p2">+, 0, 0, 27, 20, 20</column>
<column name="current_cos_V_61_fu_2073_p2">+, 0, 0, 27, 20, 20</column>
<column name="current_cos_V_64_fu_2141_p2">+, 0, 0, 27, 20, 20</column>
<column name="current_cos_V_67_fu_2207_p2">+, 0, 0, 27, 20, 20</column>
<column name="current_cos_V_70_fu_2275_p2">+, 0, 0, 27, 20, 20</column>
<column name="current_cos_V_73_fu_2341_p2">+, 0, 0, 27, 20, 20</column>
<column name="current_cos_V_76_fu_2407_p2">+, 0, 0, 27, 20, 20</column>
<column name="current_cos_V_79_fu_2473_p2">+, 0, 0, 27, 20, 20</column>
<column name="current_cos_V_82_fu_2539_p2">+, 0, 0, 27, 20, 20</column>
<column name="current_cos_V_85_fu_2607_p2">+, 0, 0, 27, 20, 20</column>
<column name="current_cos_V_88_fu_2673_p2">+, 0, 0, 27, 20, 20</column>
<column name="current_cos_V_91_fu_2739_p2">+, 0, 0, 27, 20, 20</column>
<column name="current_cos_V_94_fu_2805_p2">+, 0, 0, 27, 20, 20</column>
<column name="current_cos_V_97_fu_2871_p2">+, 0, 0, 27, 20, 20</column>
<column name="current_sin_V_106_fu_466_p2">+, 0, 0, 27, 20, 20</column>
<column name="current_sin_V_107_fu_735_p2">+, 0, 0, 27, 20, 20</column>
<column name="current_sin_V_12_fu_892_p2">+, 0, 0, 27, 20, 20</column>
<column name="current_sin_V_15_fu_955_p2">+, 0, 0, 27, 20, 20</column>
<column name="current_sin_V_18_fu_1052_p2">+, 0, 0, 27, 20, 20</column>
<column name="current_sin_V_1_fu_300_p2">+, 0, 0, 27, 20, 20</column>
<column name="current_sin_V_21_fu_1115_p2">+, 0, 0, 27, 20, 20</column>
<column name="current_sin_V_24_fu_1212_p2">+, 0, 0, 27, 20, 20</column>
<column name="current_sin_V_27_fu_1275_p2">+, 0, 0, 27, 20, 20</column>
<column name="current_sin_V_30_fu_1372_p2">+, 0, 0, 27, 20, 20</column>
<column name="current_sin_V_33_fu_1461_p2">+, 0, 0, 27, 20, 20</column>
<column name="current_sin_V_36_fu_1560_p2">+, 0, 0, 27, 20, 20</column>
<column name="current_sin_V_39_fu_1625_p2">+, 0, 0, 27, 20, 20</column>
<column name="current_sin_V_3_fu_427_p2">+, 0, 0, 27, 20, 20</column>
<column name="current_sin_V_42_fu_1687_p2">+, 0, 0, 27, 20, 20</column>
<column name="current_sin_V_45_fu_1753_p2">+, 0, 0, 27, 20, 20</column>
<column name="current_sin_V_48_fu_1816_p2">+, 0, 0, 27, 20, 20</column>
<column name="current_sin_V_4_fu_446_p2">+, 0, 0, 27, 20, 20</column>
<column name="current_sin_V_51_fu_1879_p2">+, 0, 0, 27, 20, 20</column>
<column name="current_sin_V_54_fu_1942_p2">+, 0, 0, 27, 20, 20</column>
<column name="current_sin_V_57_fu_2005_p2">+, 0, 0, 27, 20, 20</column>
<column name="current_sin_V_60_fu_2068_p2">+, 0, 0, 27, 20, 20</column>
<column name="current_sin_V_63_fu_2135_p2">+, 0, 0, 27, 20, 20</column>
<column name="current_sin_V_66_fu_2202_p2">+, 0, 0, 27, 20, 20</column>
<column name="current_sin_V_69_fu_2269_p2">+, 0, 0, 27, 20, 20</column>
<column name="current_sin_V_72_fu_2335_p2">+, 0, 0, 27, 20, 20</column>
<column name="current_sin_V_75_fu_2403_p2">+, 0, 0, 27, 20, 20</column>
<column name="current_sin_V_78_fu_2467_p2">+, 0, 0, 27, 20, 20</column>
<column name="current_sin_V_81_fu_2534_p2">+, 0, 0, 27, 20, 20</column>
<column name="current_sin_V_84_fu_2601_p2">+, 0, 0, 27, 20, 20</column>
<column name="current_sin_V_87_fu_2667_p2">+, 0, 0, 27, 20, 20</column>
<column name="current_sin_V_90_fu_2735_p2">+, 0, 0, 27, 20, 20</column>
<column name="current_sin_V_93_fu_2799_p2">+, 0, 0, 27, 20, 20</column>
<column name="current_sin_V_96_fu_2866_p2">+, 0, 0, 27, 20, 20</column>
<column name="current_sin_V_99_fu_2933_p2">+, 0, 0, 27, 20, 20</column>
<column name="current_sin_V_9_fu_795_p2">+, 0, 0, 27, 20, 20</column>
<column name="i_3_fu_499_p2">+, 0, 0, 10, 2, 1</column>
<column name="i_5_fu_543_p2">+, 0, 0, 11, 3, 1</column>
<column name="i_7_fu_566_p2">+, 0, 0, 11, 3, 1</column>
<column name="theta_V_10_fu_611_p2">+, 0, 0, 27, 20, 20</column>
<column name="theta_V_11_fu_645_p2">+, 0, 0, 20, 20, 20</column>
<column name="theta_V_12_fu_679_p2">+, 0, 0, 20, 20, 20</column>
<column name="theta_V_13_fu_713_p2">+, 0, 0, 20, 20, 20</column>
<column name="theta_V_14_fu_859_p2">+, 0, 0, 20, 20, 20</column>
<column name="theta_V_15_fu_1019_p2">+, 0, 0, 20, 20, 20</column>
<column name="theta_V_16_fu_1179_p2">+, 0, 0, 20, 20, 20</column>
<column name="theta_V_17_fu_1305_p2">+, 0, 0, 20, 20, 20</column>
<column name="theta_V_18_fu_1399_p2">+, 0, 0, 20, 20, 20</column>
<column name="theta_V_19_fu_1536_p2">+, 0, 0, 20, 20, 20</column>
<column name="theta_V_2_fu_362_p2">+, 0, 0, 27, 20, 12</column>
<column name="theta_V_4_fu_494_p2">+, 0, 0, 27, 20, 12</column>
<column name="theta_V_6_fu_526_p2">+, 0, 0, 27, 20, 12</column>
<column name="theta_V_8_fu_561_p2">+, 0, 0, 27, 20, 12</column>
<column name="theta_V_fu_342_p2">+, 0, 0, 27, 20, 12</column>
<column name="current_cos_V_102_fu_2966_p2">-, 0, 0, 27, 1, 20</column>
<column name="current_cos_V_104_fu_2991_p2">-, 0, 0, 27, 1, 20</column>
<column name="current_cos_V_12_fu_887_p2">-, 0, 0, 27, 20, 20</column>
<column name="current_cos_V_15_fu_949_p2">-, 0, 0, 27, 20, 20</column>
<column name="current_cos_V_18_fu_1047_p2">-, 0, 0, 27, 20, 20</column>
<column name="current_cos_V_21_fu_1109_p2">-, 0, 0, 27, 20, 20</column>
<column name="current_cos_V_24_fu_1207_p2">-, 0, 0, 27, 20, 20</column>
<column name="current_cos_V_27_fu_1269_p2">-, 0, 0, 27, 20, 20</column>
<column name="current_cos_V_2_fu_250_p2">-, 0, 0, 27, 20, 20</column>
<column name="current_cos_V_30_fu_1367_p2">-, 0, 0, 27, 20, 20</column>
<column name="current_cos_V_33_fu_1455_p2">-, 0, 0, 27, 20, 20</column>
<column name="current_cos_V_36_fu_1555_p2">-, 0, 0, 27, 20, 20</column>
<column name="current_cos_V_39_fu_1619_p2">-, 0, 0, 27, 20, 20</column>
<column name="current_cos_V_42_fu_1681_p2">-, 0, 0, 27, 20, 20</column>
<column name="current_cos_V_45_fu_1747_p2">-, 0, 0, 27, 20, 20</column>
<column name="current_cos_V_48_fu_1811_p2">-, 0, 0, 27, 20, 20</column>
<column name="current_cos_V_51_fu_1873_p2">-, 0, 0, 27, 20, 20</column>
<column name="current_cos_V_54_fu_1937_p2">-, 0, 0, 27, 20, 20</column>
<column name="current_cos_V_57_fu_1999_p2">-, 0, 0, 27, 20, 20</column>
<column name="current_cos_V_60_fu_2063_p2">-, 0, 0, 27, 20, 20</column>
<column name="current_cos_V_63_fu_2129_p2">-, 0, 0, 27, 20, 20</column>
<column name="current_cos_V_66_fu_2197_p2">-, 0, 0, 27, 20, 20</column>
<column name="current_cos_V_69_fu_2263_p2">-, 0, 0, 27, 20, 20</column>
<column name="current_cos_V_6_fu_739_p2">-, 0, 0, 27, 20, 20</column>
<column name="current_cos_V_72_fu_2329_p2">-, 0, 0, 27, 20, 20</column>
<column name="current_cos_V_75_fu_2399_p2">-, 0, 0, 27, 20, 20</column>
<column name="current_cos_V_78_fu_2461_p2">-, 0, 0, 27, 20, 20</column>
<column name="current_cos_V_81_fu_2529_p2">-, 0, 0, 27, 20, 20</column>
<column name="current_cos_V_84_fu_2595_p2">-, 0, 0, 27, 20, 20</column>
<column name="current_cos_V_87_fu_2661_p2">-, 0, 0, 27, 20, 20</column>
<column name="current_cos_V_90_fu_2731_p2">-, 0, 0, 27, 20, 20</column>
<column name="current_cos_V_93_fu_2793_p2">-, 0, 0, 27, 20, 20</column>
<column name="current_cos_V_96_fu_2861_p2">-, 0, 0, 27, 20, 20</column>
<column name="current_cos_V_99_fu_2927_p2">-, 0, 0, 27, 20, 20</column>
<column name="current_cos_V_9_fu_789_p2">-, 0, 0, 27, 20, 20</column>
<column name="current_cos_V_fu_210_p2">-, 0, 0, 27, 20, 20</column>
<column name="current_sin_V_100_fu_2945_p2">-, 0, 0, 27, 20, 20</column>
<column name="current_sin_V_102_fu_2985_p2">-, 0, 0, 27, 1, 20</column>
<column name="current_sin_V_104_fu_3019_p2">-, 0, 0, 27, 1, 20</column>
<column name="current_sin_V_10_fu_807_p2">-, 0, 0, 27, 20, 20</column>
<column name="current_sin_V_13_fu_902_p2">-, 0, 0, 27, 20, 20</column>
<column name="current_sin_V_16_fu_967_p2">-, 0, 0, 27, 20, 20</column>
<column name="current_sin_V_19_fu_1062_p2">-, 0, 0, 27, 20, 20</column>
<column name="current_sin_V_22_fu_1127_p2">-, 0, 0, 27, 20, 20</column>
<column name="current_sin_V_25_fu_1222_p2">-, 0, 0, 27, 20, 20</column>
<column name="current_sin_V_28_fu_1287_p2">-, 0, 0, 27, 20, 20</column>
<column name="current_sin_V_2_fu_320_p2">-, 0, 0, 27, 20, 20</column>
<column name="current_sin_V_31_fu_1382_p2">-, 0, 0, 27, 20, 20</column>
<column name="current_sin_V_34_fu_1473_p2">-, 0, 0, 27, 20, 20</column>
<column name="current_sin_V_37_fu_1570_p2">-, 0, 0, 27, 20, 20</column>
<column name="current_sin_V_40_fu_1637_p2">-, 0, 0, 27, 20, 20</column>
<column name="current_sin_V_43_fu_1699_p2">-, 0, 0, 27, 20, 20</column>
<column name="current_sin_V_46_fu_1765_p2">-, 0, 0, 27, 20, 20</column>
<column name="current_sin_V_49_fu_1826_p2">-, 0, 0, 27, 20, 20</column>
<column name="current_sin_V_52_fu_1891_p2">-, 0, 0, 27, 20, 20</column>
<column name="current_sin_V_55_fu_1952_p2">-, 0, 0, 27, 20, 20</column>
<column name="current_sin_V_58_fu_2017_p2">-, 0, 0, 27, 20, 20</column>
<column name="current_sin_V_61_fu_2078_p2">-, 0, 0, 27, 20, 20</column>
<column name="current_sin_V_64_fu_2147_p2">-, 0, 0, 27, 20, 20</column>
<column name="current_sin_V_67_fu_2212_p2">-, 0, 0, 27, 20, 20</column>
<column name="current_sin_V_70_fu_2281_p2">-, 0, 0, 27, 20, 20</column>
<column name="current_sin_V_73_fu_2347_p2">-, 0, 0, 27, 20, 20</column>
<column name="current_sin_V_76_fu_2411_p2">-, 0, 0, 27, 20, 20</column>
<column name="current_sin_V_79_fu_2479_p2">-, 0, 0, 27, 20, 20</column>
<column name="current_sin_V_7_fu_743_p2">-, 0, 0, 27, 20, 20</column>
<column name="current_sin_V_82_fu_2544_p2">-, 0, 0, 27, 20, 20</column>
<column name="current_sin_V_85_fu_2613_p2">-, 0, 0, 27, 20, 20</column>
<column name="current_sin_V_88_fu_2679_p2">-, 0, 0, 27, 20, 20</column>
<column name="current_sin_V_91_fu_2743_p2">-, 0, 0, 27, 20, 20</column>
<column name="current_sin_V_94_fu_2811_p2">-, 0, 0, 27, 20, 20</column>
<column name="current_sin_V_97_fu_2876_p2">-, 0, 0, 27, 20, 20</column>
<column name="current_sin_V_fu_280_p2">-, 0, 0, 27, 20, 20</column>
<column name="i_fu_336_p2">icmp, 0, 0, 14, 20, 11</column>
<column name="icmp_ln1695_1_fu_489_p2">icmp, 0, 0, 14, 20, 11</column>
<column name="icmp_ln1695_2_fu_520_p2">icmp, 0, 0, 14, 20, 11</column>
<column name="icmp_ln1695_3_fu_556_p2">icmp, 0, 0, 14, 20, 11</column>
<column name="icmp_ln1695_fu_356_p2">icmp, 0, 0, 14, 20, 11</column>
<column name="icmp_ln76_fu_2961_p2">icmp, 0, 0, 8, 3, 1</column>
<column name="icmp_ln79_fu_2980_p2">icmp, 0, 0, 8, 3, 2</column>
<column name="icmp_ln83_fu_3014_p2">icmp, 0, 0, 8, 3, 2</column>
<column name="c">select, 0, 0, 20, 1, 20</column>
<column name="current_cos_V_101_fu_2951_p3">select, 0, 0, 20, 1, 20</column>
<column name="current_cos_V_103_fu_2972_p3">select, 0, 0, 20, 1, 20</column>
<column name="current_cos_V_11_fu_813_p3">select, 0, 0, 20, 1, 20</column>
<column name="current_cos_V_14_fu_907_p3">select, 0, 0, 20, 1, 20</column>
<column name="current_cos_V_17_fu_973_p3">select, 0, 0, 20, 1, 20</column>
<column name="current_cos_V_20_fu_1067_p3">select, 0, 0, 20, 1, 20</column>
<column name="current_cos_V_23_fu_1133_p3">select, 0, 0, 20, 1, 20</column>
<column name="current_cos_V_26_fu_1227_p3">select, 0, 0, 20, 1, 20</column>
<column name="current_cos_V_29_fu_1311_p3">select, 0, 0, 20, 1, 20</column>
<column name="current_cos_V_32_fu_1405_p3">select, 0, 0, 20, 1, 20</column>
<column name="current_cos_V_35_fu_1495_p3">select, 0, 0, 20, 1, 20</column>
<column name="current_cos_V_38_fu_1575_p3">select, 0, 0, 20, 1, 20</column>
<column name="current_cos_V_41_fu_1643_p3">select, 0, 0, 20, 1, 20</column>
<column name="current_cos_V_44_fu_1705_p3">select, 0, 0, 20, 1, 20</column>
<column name="current_cos_V_47_fu_1771_p3">select, 0, 0, 20, 1, 20</column>
<column name="current_cos_V_50_fu_1831_p3">select, 0, 0, 20, 1, 20</column>
<column name="current_cos_V_53_fu_1897_p3">select, 0, 0, 20, 1, 20</column>
<column name="current_cos_V_56_fu_1957_p3">select, 0, 0, 20, 1, 20</column>
<column name="current_cos_V_59_fu_2023_p3">select, 0, 0, 20, 1, 20</column>
<column name="current_cos_V_62_fu_2083_p3">select, 0, 0, 20, 1, 20</column>
<column name="current_cos_V_65_fu_2153_p3">select, 0, 0, 20, 1, 20</column>
<column name="current_cos_V_68_fu_2217_p3">select, 0, 0, 20, 1, 20</column>
<column name="current_cos_V_71_fu_2287_p3">select, 0, 0, 20, 1, 20</column>
<column name="current_cos_V_74_fu_2353_p3">select, 0, 0, 20, 1, 20</column>
<column name="current_cos_V_77_fu_2415_p3">select, 0, 0, 20, 1, 20</column>
<column name="current_cos_V_80_fu_2485_p3">select, 0, 0, 20, 1, 20</column>
<column name="current_cos_V_83_fu_2549_p3">select, 0, 0, 20, 1, 20</column>
<column name="current_cos_V_86_fu_2619_p3">select, 0, 0, 20, 1, 20</column>
<column name="current_cos_V_89_fu_2685_p3">select, 0, 0, 20, 1, 20</column>
<column name="current_cos_V_8_fu_747_p3">select, 0, 0, 20, 1, 20</column>
<column name="current_cos_V_92_fu_2747_p3">select, 0, 0, 20, 1, 20</column>
<column name="current_cos_V_95_fu_2817_p3">select, 0, 0, 20, 1, 20</column>
<column name="current_cos_V_98_fu_2881_p3">select, 0, 0, 20, 1, 20</column>
<column name="current_sin_V_101_fu_2956_p3">select, 0, 0, 20, 1, 20</column>
<column name="current_sin_V_103_fu_3006_p3">select, 0, 0, 20, 1, 20</column>
<column name="current_sin_V_11_fu_820_p3">select, 0, 0, 20, 1, 20</column>
<column name="current_sin_V_14_fu_914_p3">select, 0, 0, 20, 1, 20</column>
<column name="current_sin_V_17_fu_980_p3">select, 0, 0, 20, 1, 20</column>
<column name="current_sin_V_20_fu_1074_p3">select, 0, 0, 20, 1, 20</column>
<column name="current_sin_V_23_fu_1140_p3">select, 0, 0, 20, 1, 20</column>
<column name="current_sin_V_26_fu_1234_p3">select, 0, 0, 20, 1, 20</column>
<column name="current_sin_V_29_fu_1318_p3">select, 0, 0, 20, 1, 20</column>
<column name="current_sin_V_32_fu_1412_p3">select, 0, 0, 20, 1, 20</column>
<column name="current_sin_V_35_fu_1503_p3">select, 0, 0, 20, 1, 20</column>
<column name="current_sin_V_38_fu_1583_p3">select, 0, 0, 20, 1, 20</column>
<column name="current_sin_V_41_fu_1648_p3">select, 0, 0, 20, 1, 20</column>
<column name="current_sin_V_44_fu_1712_p3">select, 0, 0, 20, 1, 20</column>
<column name="current_sin_V_47_fu_1778_p3">select, 0, 0, 20, 1, 20</column>
<column name="current_sin_V_50_fu_1838_p3">select, 0, 0, 20, 1, 20</column>
<column name="current_sin_V_53_fu_1904_p3">select, 0, 0, 20, 1, 20</column>
<column name="current_sin_V_56_fu_1964_p3">select, 0, 0, 20, 1, 20</column>
<column name="current_sin_V_59_fu_2030_p3">select, 0, 0, 20, 1, 20</column>
<column name="current_sin_V_62_fu_2090_p3">select, 0, 0, 20, 1, 20</column>
<column name="current_sin_V_65_fu_2160_p3">select, 0, 0, 20, 1, 20</column>
<column name="current_sin_V_68_fu_2224_p3">select, 0, 0, 20, 1, 20</column>
<column name="current_sin_V_71_fu_2292_p3">select, 0, 0, 20, 1, 20</column>
<column name="current_sin_V_74_fu_2360_p3">select, 0, 0, 20, 1, 20</column>
<column name="current_sin_V_77_fu_2422_p3">select, 0, 0, 20, 1, 20</column>
<column name="current_sin_V_80_fu_2492_p3">select, 0, 0, 20, 1, 20</column>
<column name="current_sin_V_83_fu_2556_p3">select, 0, 0, 20, 1, 20</column>
<column name="current_sin_V_86_fu_2624_p3">select, 0, 0, 20, 1, 20</column>
<column name="current_sin_V_89_fu_2692_p3">select, 0, 0, 20, 1, 20</column>
<column name="current_sin_V_8_fu_754_p3">select, 0, 0, 20, 1, 20</column>
<column name="current_sin_V_92_fu_2754_p3">select, 0, 0, 20, 1, 20</column>
<column name="current_sin_V_95_fu_2824_p3">select, 0, 0, 20, 1, 20</column>
<column name="current_sin_V_98_fu_2888_p3">select, 0, 0, 20, 1, 20</column>
<column name="i_1_fu_475_p3">select, 0, 0, 3, 1, 3</column>
<column name="i_2_fu_482_p3">select, 0, 0, 2, 1, 2</column>
<column name="i_4_fu_512_p3">select, 0, 0, 2, 1, 2</column>
<column name="i_6_fu_549_p3">select, 0, 0, 3, 1, 3</column>
<column name="i_8_fu_579_p3">select, 0, 0, 3, 1, 3</column>
<column name="s">select, 0, 0, 20, 1, 20</column>
<column name="select_ln1534_10_fu_2437_p3">select, 0, 0, 2, 1, 2</column>
<column name="select_ln1534_11_fu_2453_p3">select, 0, 0, 2, 1, 2</column>
<column name="select_ln1534_12_fu_2515_p3">select, 0, 0, 2, 1, 2</column>
<column name="select_ln1534_13_fu_2522_p3">select, 0, 0, 2, 1, 2</column>
<column name="select_ln1534_14_fu_2571_p3">select, 0, 0, 2, 1, 2</column>
<column name="select_ln1534_15_fu_2587_p3">select, 0, 0, 2, 1, 2</column>
<column name="select_ln1534_16_fu_2637_p3">select, 0, 0, 2, 1, 2</column>
<column name="select_ln1534_17_fu_2653_p3">select, 0, 0, 2, 1, 2</column>
<column name="select_ln1534_18_fu_2707_p3">select, 0, 0, 2, 1, 2</column>
<column name="select_ln1534_19_fu_2723_p3">select, 0, 0, 2, 1, 2</column>
<column name="select_ln1534_1_fu_2121_p3">select, 0, 0, 2, 1, 2</column>
<column name="select_ln1534_20_fu_2769_p3">select, 0, 0, 2, 1, 2</column>
<column name="select_ln1534_21_fu_2785_p3">select, 0, 0, 2, 1, 2</column>
<column name="select_ln1534_22_fu_2847_p3">select, 0, 0, 2, 1, 2</column>
<column name="select_ln1534_23_fu_2854_p3">select, 0, 0, 2, 1, 2</column>
<column name="select_ln1534_24_fu_2903_p3">select, 0, 0, 2, 1, 2</column>
<column name="select_ln1534_25_fu_2919_p3">select, 0, 0, 2, 1, 2</column>
<column name="select_ln1534_2_fu_2183_p3">select, 0, 0, 2, 1, 2</column>
<column name="select_ln1534_3_fu_2190_p3">select, 0, 0, 2, 1, 2</column>
<column name="select_ln1534_4_fu_2239_p3">select, 0, 0, 2, 1, 2</column>
<column name="select_ln1534_5_fu_2255_p3">select, 0, 0, 2, 1, 2</column>
<column name="select_ln1534_6_fu_2305_p3">select, 0, 0, 2, 1, 2</column>
<column name="select_ln1534_7_fu_2321_p3">select, 0, 0, 2, 1, 2</column>
<column name="select_ln1534_8_fu_2375_p3">select, 0, 0, 2, 1, 2</column>
<column name="select_ln1534_9_fu_2391_p3">select, 0, 0, 2, 1, 2</column>
<column name="select_ln1534_fu_2105_p3">select, 0, 0, 2, 1, 2</column>
<column name="select_ln1697_12_fu_1007_p3">select, 0, 0, 6, 1, 6</column>
<column name="select_ln1697_15_fu_1167_p3">select, 0, 0, 5, 1, 5</column>
<column name="select_ln1697_18_fu_1293_p3">select, 0, 0, 4, 1, 4</column>
<column name="select_ln1697_21_fu_1387_p3">select, 0, 0, 3, 1, 3</column>
<column name="select_ln1697_24_fu_1487_p3">select, 0, 0, 2, 1, 2</column>
<column name="select_ln1697_3_fu_667_p3">select, 0, 0, 9, 1, 9</column>
<column name="select_ln1697_6_fu_701_p3">select, 0, 0, 8, 1, 8</column>
<column name="select_ln1697_9_fu_847_p3">select, 0, 0, 7, 1, 7</column>
<column name="select_ln1697_fu_633_p3">select, 0, 0, 10, 1, 10</column>
<column name="select_ln59_fu_603_p3">select, 0, 0, 11, 1, 10</column>
<column name="theta_V_1_fu_348_p3">select, 0, 0, 20, 1, 20</column>
<column name="theta_V_3_fu_368_p3">select, 0, 0, 20, 1, 20</column>
<column name="theta_V_5_fu_505_p3">select, 0, 0, 20, 1, 20</column>
<column name="theta_V_7_fu_532_p3">select, 0, 0, 20, 1, 20</column>
<column name="theta_V_9_fu_572_p3">select, 0, 0, 20, 1, 20</column>
<column name="ap_enable_pp0">xor, 0, 0, 2, 1, 2</column>
</table>
</item>
<item name = "Multiplexer"><table name="" hasTotal="1">
<keys size="5">Name, LUT, Input Size, Bits, Total Bits</keys>
</table>
</item>
<item name = "Register"><table name="" hasTotal="1">
<keys size="5">Name, FF, LUT, Bits, Const Bits</keys>
<column name="ap_CS_fsm">1, 0, 1, 0</column>
<column name="ap_enable_reg_pp0_iter1">1, 0, 1, 0</column>
<column name="ap_enable_reg_pp0_iter10">1, 0, 1, 0</column>
<column name="ap_enable_reg_pp0_iter11">1, 0, 1, 0</column>
<column name="ap_enable_reg_pp0_iter12">1, 0, 1, 0</column>
<column name="ap_enable_reg_pp0_iter13">1, 0, 1, 0</column>
<column name="ap_enable_reg_pp0_iter14">1, 0, 1, 0</column>
<column name="ap_enable_reg_pp0_iter15">1, 0, 1, 0</column>
<column name="ap_enable_reg_pp0_iter16">1, 0, 1, 0</column>
<column name="ap_enable_reg_pp0_iter17">1, 0, 1, 0</column>
<column name="ap_enable_reg_pp0_iter18">1, 0, 1, 0</column>
<column name="ap_enable_reg_pp0_iter19">1, 0, 1, 0</column>
<column name="ap_enable_reg_pp0_iter2">1, 0, 1, 0</column>
<column name="ap_enable_reg_pp0_iter20">1, 0, 1, 0</column>
<column name="ap_enable_reg_pp0_iter21">1, 0, 1, 0</column>
<column name="ap_enable_reg_pp0_iter22">1, 0, 1, 0</column>
<column name="ap_enable_reg_pp0_iter23">1, 0, 1, 0</column>
<column name="ap_enable_reg_pp0_iter3">1, 0, 1, 0</column>
<column name="ap_enable_reg_pp0_iter4">1, 0, 1, 0</column>
<column name="ap_enable_reg_pp0_iter5">1, 0, 1, 0</column>
<column name="ap_enable_reg_pp0_iter6">1, 0, 1, 0</column>
<column name="ap_enable_reg_pp0_iter7">1, 0, 1, 0</column>
<column name="ap_enable_reg_pp0_iter8">1, 0, 1, 0</column>
<column name="ap_enable_reg_pp0_iter9">1, 0, 1, 0</column>
<column name="current_cos_V_100_reg_3660">20, 0, 20, 0</column>
<column name="current_cos_V_106_reg_3072">20, 0, 20, 0</column>
<column name="current_cos_V_11_reg_3180">20, 0, 20, 0</column>
<column name="current_cos_V_17_reg_3218">20, 0, 20, 0</column>
<column name="current_cos_V_23_reg_3256">20, 0, 20, 0</column>
<column name="current_cos_V_29_reg_3299">20, 0, 20, 0</column>
<column name="current_cos_V_2_reg_3034">20, 0, 20, 0</column>
<column name="current_cos_V_35_reg_3342">20, 0, 20, 0</column>
<column name="current_cos_V_39_reg_3410">20, 0, 20, 0</column>
<column name="current_cos_V_40_reg_3420">20, 0, 20, 0</column>
<column name="current_cos_V_47_reg_3430">20, 0, 20, 0</column>
<column name="current_cos_V_53_reg_3452">20, 0, 20, 0</column>
<column name="current_cos_V_59_reg_3474">20, 0, 20, 0</column>
<column name="current_cos_V_65_reg_3496">20, 0, 20, 0</column>
<column name="current_cos_V_69_reg_3518">20, 0, 20, 0</column>
<column name="current_cos_V_70_reg_3528">20, 0, 20, 0</column>
<column name="current_cos_V_74_reg_3538">20, 0, 20, 0</column>
<column name="current_cos_V_80_reg_3562">20, 0, 20, 0</column>
<column name="current_cos_V_84_reg_3584">20, 0, 20, 0</column>
<column name="current_cos_V_85_reg_3594">20, 0, 20, 0</column>
<column name="current_cos_V_89_reg_3604">20, 0, 20, 0</column>
<column name="current_cos_V_95_reg_3628">20, 0, 20, 0</column>
<column name="current_cos_V_99_reg_3650">20, 0, 20, 0</column>
<column name="current_sin_V_100_reg_3665">20, 0, 20, 0</column>
<column name="current_sin_V_106_reg_3079">20, 0, 20, 0</column>
<column name="current_sin_V_11_reg_3186">20, 0, 20, 0</column>
<column name="current_sin_V_17_reg_3224">20, 0, 20, 0</column>
<column name="current_sin_V_23_reg_3262">20, 0, 20, 0</column>
<column name="current_sin_V_29_reg_3305">20, 0, 20, 0</column>
<column name="current_sin_V_2_reg_3044">20, 0, 20, 0</column>
<column name="current_sin_V_35_reg_3348">20, 0, 20, 0</column>
<column name="current_sin_V_39_reg_3415">20, 0, 20, 0</column>
<column name="current_sin_V_40_reg_3425">20, 0, 20, 0</column>
<column name="current_sin_V_47_reg_3436">20, 0, 20, 0</column>
<column name="current_sin_V_53_reg_3458">20, 0, 20, 0</column>
<column name="current_sin_V_59_reg_3480">20, 0, 20, 0</column>
<column name="current_sin_V_65_reg_3502">20, 0, 20, 0</column>
<column name="current_sin_V_69_reg_3523">20, 0, 20, 0</column>
<column name="current_sin_V_70_reg_3533">20, 0, 20, 0</column>
<column name="current_sin_V_74_reg_3544">20, 0, 20, 0</column>
<column name="current_sin_V_80_reg_3568">20, 0, 20, 0</column>
<column name="current_sin_V_84_reg_3589">20, 0, 20, 0</column>
<column name="current_sin_V_85_reg_3599">20, 0, 20, 0</column>
<column name="current_sin_V_89_reg_3610">20, 0, 20, 0</column>
<column name="current_sin_V_95_reg_3634">20, 0, 20, 0</column>
<column name="current_sin_V_99_reg_3655">20, 0, 20, 0</column>
<column name="i_4_reg_3086">2, 0, 2, 0</column>
<column name="i_8_reg_3103">3, 0, 3, 0</column>
<column name="i_reg_3054">1, 0, 1, 0</column>
<column name="icmp_ln1695_2_reg_3091">1, 0, 1, 0</column>
<column name="icmp_ln1695_reg_3060">1, 0, 1, 0</column>
<column name="r_V_100_reg_3447">6, 0, 6, 0</column>
<column name="r_V_103_reg_3464">4, 0, 4, 0</column>
<column name="r_V_104_reg_3469">4, 0, 4, 0</column>
<column name="r_V_107_reg_3486">2, 0, 2, 0</column>
<column name="r_V_108_reg_3491">2, 0, 2, 0</column>
<column name="r_V_111_reg_3508">1, 0, 1, 0</column>
<column name="r_V_112_reg_3513">1, 0, 1, 0</column>
<column name="r_V_121_reg_3574">1, 0, 1, 0</column>
<column name="r_V_122_reg_3579">1, 0, 1, 0</column>
<column name="r_V_131_reg_3640">1, 0, 1, 0</column>
<column name="r_V_132_reg_3645">1, 0, 1, 0</column>
<column name="r_V_6_reg_3049">11, 0, 11, 0</column>
<column name="r_V_75_reg_3192">18, 0, 18, 0</column>
<column name="r_V_76_reg_3197">18, 0, 18, 0</column>
<column name="r_V_79_reg_3230">16, 0, 16, 0</column>
<column name="r_V_80_reg_3235">16, 0, 16, 0</column>
<column name="r_V_83_reg_3268">14, 0, 14, 0</column>
<column name="r_V_84_reg_3273">14, 0, 14, 0</column>
<column name="r_V_87_reg_3311">12, 0, 12, 0</column>
<column name="r_V_88_reg_3316">12, 0, 12, 0</column>
<column name="r_V_91_reg_3354">10, 0, 10, 0</column>
<column name="r_V_92_reg_3359">10, 0, 10, 0</column>
<column name="r_V_99_reg_3442">6, 0, 6, 0</column>
<column name="r_V_reg_3039">11, 0, 11, 0</column>
<column name="select_ln1534_18_reg_3616">20, 0, 20, 0</column>
<column name="select_ln1534_19_reg_3622">20, 0, 20, 0</column>
<column name="select_ln1534_8_reg_3550">20, 0, 20, 0</column>
<column name="select_ln1534_9_reg_3556">20, 0, 20, 0</column>
<column name="select_ln1697_24_reg_3337">1, 0, 20, 19</column>
<column name="theta_V_10_reg_3116">20, 0, 20, 0</column>
<column name="theta_V_11_reg_3132">20, 0, 20, 0</column>
<column name="theta_V_12_reg_3148">20, 0, 20, 0</column>
<column name="theta_V_13_reg_3164">20, 0, 20, 0</column>
<column name="theta_V_14_reg_3202">20, 0, 20, 0</column>
<column name="theta_V_15_reg_3240">20, 0, 20, 0</column>
<column name="theta_V_16_reg_3278">20, 0, 20, 0</column>
<column name="theta_V_17_reg_3294">20, 0, 20, 0</column>
<column name="theta_V_18_reg_3332">20, 0, 20, 0</column>
<column name="theta_V_3_reg_3065">20, 0, 20, 0</column>
<column name="theta_V_7_reg_3096">20, 0, 20, 0</column>
<column name="tmp_10_reg_3207">1, 0, 1, 0</column>
<column name="tmp_10_reg_3207_pp0_iter7_reg">1, 0, 1, 0</column>
<column name="tmp_11_reg_3213">1, 0, 1, 0</column>
<column name="tmp_12_reg_3245">1, 0, 1, 0</column>
<column name="tmp_12_reg_3245_pp0_iter8_reg">1, 0, 1, 0</column>
<column name="tmp_13_reg_3251">1, 0, 1, 0</column>
<column name="tmp_14_reg_3283">1, 0, 1, 0</column>
<column name="tmp_15_reg_3289">1, 0, 1, 0</column>
<column name="tmp_16_reg_3321">1, 0, 1, 0</column>
<column name="tmp_17_reg_3327">1, 0, 1, 0</column>
<column name="tmp_20_reg_3364">1, 0, 1, 0</column>
<column name="tmp_2_reg_3121">1, 0, 1, 0</column>
<column name="tmp_3_reg_3127">1, 0, 1, 0</column>
<column name="tmp_4_reg_3137">1, 0, 1, 0</column>
<column name="tmp_5_reg_3143">1, 0, 1, 0</column>
<column name="tmp_6_reg_3153">1, 0, 1, 0</column>
<column name="tmp_7_reg_3159">1, 0, 1, 0</column>
<column name="tmp_8_reg_3169">1, 0, 1, 0</column>
<column name="tmp_9_reg_3175">1, 0, 1, 0</column>
<column name="tmp_reg_3110">1, 0, 1, 0</column>
<column name="current_cos_V_106_reg_3072">64, 32, 20, 0</column>
<column name="current_sin_V_106_reg_3079">64, 32, 20, 0</column>
<column name="i_8_reg_3103">64, 32, 3, 0</column>
<column name="tmp_20_reg_3364">64, 32, 1, 0</column>
<column name="tmp_2_reg_3121">64, 32, 1, 0</column>
<column name="tmp_4_reg_3137">64, 32, 1, 0</column>
<column name="tmp_6_reg_3153">64, 32, 1, 0</column>
<column name="tmp_8_reg_3169">64, 32, 1, 0</column>
<column name="tmp_reg_3110">64, 32, 1, 0</column>
</table>
</item>
</section>
</item>
</section>

<section name = "Interface" level="0">
<item name = "Summary"><table name="" hasTotal="0">
<keys size="6">RTL Ports, Dir, Bits, Protocol, Source Object, C Type</keys>
<column name="ap_clk">in, 1, ap_ctrl_hs, sin_cos, return value</column>
<column name="ap_rst">in, 1, ap_ctrl_hs, sin_cos, return value</column>
<column name="ap_start">in, 1, ap_ctrl_hs, sin_cos, return value</column>
<column name="ap_done">out, 1, ap_ctrl_hs, sin_cos, return value</column>
<column name="ap_idle">out, 1, ap_ctrl_hs, sin_cos, return value</column>
<column name="ap_ready">out, 1, ap_ctrl_hs, sin_cos, return value</column>
<column name="theta">in, 20, ap_none, theta, scalar</column>
<column name="x">in, 20, ap_none, x, scalar</column>
<column name="y">in, 20, ap_none, y, scalar</column>
<column name="s">out, 20, ap_vld, s, pointer</column>
<column name="s_ap_vld">out, 1, ap_vld, s, pointer</column>
<column name="c">out, 20, ap_vld, c, pointer</column>
<column name="c_ap_vld">out, 1, ap_vld, c, pointer</column>
</table>
</item>
</section>
</profile>
