{
  "Top": "cordic",
  "RtlTop": "cordic",
  "RtlPrefix": "",
  "RtlSubPrefix": "cordic_",
  "SourceLanguage": "cpp",
  "HostMachineBits": "64",
  "FunctionProtocol": "ap_ctrl_hs",
  "ResetStyle": "control",
  "Target": {
    "Family": "zynq",
    "Device": "xc7z020",
    "Package": "-clg484",
    "Speed": "-1",
    "Triple": "fpga64-xilinx-none"
  },
  "Args": {
    "state": {
      "index": "0",
      "direction": "in",
      "srcType": "bool",
      "srcSize": "1",
      "hwRefs": [{
          "type": "register",
          "interface": "s_axi_HLS_TREEADD_PERIPH_BUS",
          "name": "state",
          "usage": "data",
          "direction": "in"
        }]
    },
    "theta": {
      "index": "1",
      "direction": "in",
      "srcType": "ap_fixed<16, 3, AP_TRN, AP_WRAP, 0>",
      "srcSize": "16",
      "hwRefs": [{
          "type": "register",
          "interface": "s_axi_HLS_TREEADD_PERIPH_BUS",
          "name": "theta",
          "usage": "data",
          "direction": "in"
        }]
    },
    "x": {
      "index": "2",
      "direction": "in",
      "srcType": "ap_fixed<16, 3, AP_TRN, AP_WRAP, 0>",
      "srcSize": "16",
      "hwRefs": [{
          "type": "register",
          "interface": "s_axi_HLS_TREEADD_PERIPH_BUS",
          "name": "x",
          "usage": "data",
          "direction": "in"
        }]
    },
    "y": {
      "index": "3",
      "direction": "in",
      "srcType": "ap_fixed<16, 3, AP_TRN, AP_WRAP, 0>",
      "srcSize": "16",
      "hwRefs": [{
          "type": "register",
          "interface": "s_axi_HLS_TREEADD_PERIPH_BUS",
          "name": "y",
          "usage": "data",
          "direction": "in"
        }]
    },
    "s": {
      "index": "4",
      "direction": "out",
      "srcType": "ap_fixed<16, 3, AP_TRN, AP_WRAP, 0>&",
      "srcSize": "16",
      "hwRefs": [
        {
          "type": "register",
          "interface": "s_axi_HLS_TREEADD_PERIPH_BUS",
          "name": "s",
          "usage": "data",
          "direction": "out"
        },
        {
          "type": "register",
          "interface": "s_axi_HLS_TREEADD_PERIPH_BUS",
          "name": "s_ctrl",
          "usage": "control",
          "direction": "out"
        }
      ]
    },
    "c": {
      "index": "5",
      "direction": "out",
      "srcType": "ap_fixed<16, 3, AP_TRN, AP_WRAP, 0>&",
      "srcSize": "16",
      "hwRefs": [
        {
          "type": "register",
          "interface": "s_axi_HLS_TREEADD_PERIPH_BUS",
          "name": "c",
          "usage": "data",
          "direction": "out"
        },
        {
          "type": "register",
          "interface": "s_axi_HLS_TREEADD_PERIPH_BUS",
          "name": "c_ctrl",
          "usage": "control",
          "direction": "out"
        }
      ]
    },
    "t": {
      "index": "6",
      "direction": "out",
      "srcType": "ap_fixed<16, 3, AP_TRN, AP_WRAP, 0>&",
      "srcSize": "16",
      "hwRefs": [
        {
          "type": "register",
          "interface": "s_axi_HLS_TREEADD_PERIPH_BUS",
          "name": "t",
          "usage": "data",
          "direction": "out"
        },
        {
          "type": "register",
          "interface": "s_axi_HLS_TREEADD_PERIPH_BUS",
          "name": "t_ctrl",
          "usage": "control",
          "direction": "out"
        }
      ]
    }
  },
  "HlsSolution": {
    "FlowTarget": "vivado",
    "ConfigTcl": [
      "config_export -format=ip_catalog",
      "config_export -output=C:\/ELEC522\/jag33\/proj3\/Modelcompser",
      "config_export -rtl=verilog"
    ],
    "DirectiveTcl": ["set_directive_top cordic -name cordic"],
    "ProfileOption": "0",
    "ProfileType": "none",
    "KernelName": "cordic"
  },
  "ClockInfo": {
    "ClockName": "ap_clk",
    "ClockPeriod": "10",
    "Uncertainty": "2.7",
    "IsCombinational": "0",
    "II": "1",
    "Latency": "25"
  },
  "Xdc": {"OocClocks": ["create_clock -name ap_clk -period 10.000 [get_ports ap_clk]"]},
  "Ipx": {
    "Vendor": "xilinx.com",
    "Library": "hls",
    "Name": "cordic",
    "Version": "1.0",
    "DisplayName": "Cordic",
    "Revision": "2112771061",
    "Description": "An IP generated by Vitis HLS",
    "Taxonomy": "\/VITIS_HLS_IP",
    "AutoFamilySupport": "",
    "ZipFile": "xilinx_com_hls_cordic_1_0.zip"
  },
  "Files": {
    "CSource": ["..\/..\/cordic.cpp"],
    "Vhdl": [
      "impl\/vhdl\/cordic_HLS_TREEADD_PERIPH_BUS_s_axi.vhd",
      "impl\/vhdl\/cordic.vhd"
    ],
    "Verilog": [
      "impl\/verilog\/cordic_HLS_TREEADD_PERIPH_BUS_s_axi.v",
      "impl\/verilog\/cordic.v"
    ],
    "SwDriver": [
      "impl\/misc\/drivers\/cordic_v1_0\/data\/cordic.mdd",
      "impl\/misc\/drivers\/cordic_v1_0\/data\/cordic.tcl",
      "impl\/misc\/drivers\/cordic_v1_0\/src\/Makefile",
      "impl\/misc\/drivers\/cordic_v1_0\/src\/xcordic.c",
      "impl\/misc\/drivers\/cordic_v1_0\/src\/xcordic.h",
      "impl\/misc\/drivers\/cordic_v1_0\/src\/xcordic_hw.h",
      "impl\/misc\/drivers\/cordic_v1_0\/src\/xcordic_linux.c",
      "impl\/misc\/drivers\/cordic_v1_0\/src\/xcordic_sinit.c"
    ],
    "IpMisc": ["impl\/misc\/logo.png"],
    "CsynthXml": "syn\/report\/csynth.xml",
    "DebugDir": ".debug",
    "KernelXml": ".autopilot\/db\/kernel.internal.xml",
    "Xo": "",
    "XoHlsDir": "",
    "ProtoInst": [".debug\/cordic.protoinst"]
  },
  "SubcoreInfo": {
    "HasXpmMemory": false,
    "HasClockedDsp": false,
    "Ip": []
  },
  "Interfaces": {
    "s_axi_HLS_TREEADD_PERIPH_BUS": {
      "type": "axi4lite",
      "busTypeName": "aximm",
      "mode": "slave",
      "dataWidth": "32",
      "addrWidth": "7",
      "portPrefix": "s_axi_HLS_TREEADD_PERIPH_BUS_",
      "paramPrefix": "C_S_AXI_HLS_TREEADD_PERIPH_BUS_",
      "ports": [
        "s_axi_HLS_TREEADD_PERIPH_BUS_ARADDR",
        "s_axi_HLS_TREEADD_PERIPH_BUS_ARREADY",
        "s_axi_HLS_TREEADD_PERIPH_BUS_ARVALID",
        "s_axi_HLS_TREEADD_PERIPH_BUS_AWADDR",
        "s_axi_HLS_TREEADD_PERIPH_BUS_AWREADY",
        "s_axi_HLS_TREEADD_PERIPH_BUS_AWVALID",
        "s_axi_HLS_TREEADD_PERIPH_BUS_BREADY",
        "s_axi_HLS_TREEADD_PERIPH_BUS_BRESP",
        "s_axi_HLS_TREEADD_PERIPH_BUS_BVALID",
        "s_axi_HLS_TREEADD_PERIPH_BUS_RDATA",
        "s_axi_HLS_TREEADD_PERIPH_BUS_RREADY",
        "s_axi_HLS_TREEADD_PERIPH_BUS_RRESP",
        "s_axi_HLS_TREEADD_PERIPH_BUS_RVALID",
        "s_axi_HLS_TREEADD_PERIPH_BUS_WDATA",
        "s_axi_HLS_TREEADD_PERIPH_BUS_WREADY",
        "s_axi_HLS_TREEADD_PERIPH_BUS_WSTRB",
        "s_axi_HLS_TREEADD_PERIPH_BUS_WVALID"
      ],
      "registers": [
        {
          "offset": "0x00",
          "name": "CTRL",
          "access": "RW",
          "description": "Control signals",
          "range": "32",
          "fields": [
            {
              "offset": "0",
              "width": "1",
              "name": "AP_START",
              "access": "RW",
              "description": "Control signal Register for 'ap_start'."
            },
            {
              "offset": "1",
              "width": "1",
              "name": "AP_DONE",
              "access": "R",
              "description": "Control signal Register for 'ap_done'."
            },
            {
              "offset": "2",
              "width": "1",
              "name": "AP_IDLE",
              "access": "R",
              "description": "Control signal Register for 'ap_idle'."
            },
            {
              "offset": "3",
              "width": "1",
              "name": "AP_READY",
              "access": "R",
              "description": "Control signal Register for 'ap_ready'."
            },
            {
              "offset": "4",
              "width": "3",
              "name": "RESERVED_1",
              "access": "R",
              "description": "Reserved.  0s on read."
            },
            {
              "offset": "7",
              "width": "1",
              "name": "AUTO_RESTART",
              "access": "RW",
              "description": "Control signal Register for 'auto_restart'."
            },
            {
              "offset": "8",
              "width": "1",
              "name": "RESERVED_2",
              "access": "R",
              "description": "Reserved.  0s on read."
            },
            {
              "offset": "9",
              "width": "1",
              "name": "INTERRUPT",
              "access": "R",
              "description": "Control signal Register for 'interrupt'."
            },
            {
              "offset": "10",
              "width": "22",
              "name": "RESERVED_3",
              "access": "R",
              "description": "Reserved.  0s on read."
            }
          ]
        },
        {
          "offset": "0x04",
          "name": "GIER",
          "access": "RW",
          "description": "Global Interrupt Enable Register",
          "range": "32",
          "fields": [
            {
              "offset": "0",
              "width": "1",
              "name": "Enable",
              "access": "RW",
              "description": "Master enable for the device interrupt output to the system interrupt controller: 0 = Disabled, 1 = Enabled"
            },
            {
              "offset": "1",
              "width": "31",
              "name": "RESERVED",
              "access": "R",
              "description": "Reserved.  0s on read."
            }
          ]
        },
        {
          "offset": "0x08",
          "name": "IP_IER",
          "access": "RW",
          "description": "IP Interrupt Enable Register",
          "range": "32",
          "fields": [
            {
              "offset": "0",
              "width": "1",
              "name": "CHAN0_INT_EN",
              "access": "RW",
              "description": "Enable Channel 0 (ap_done) Interrupt.  0 = Disabled, 1 = Enabled."
            },
            {
              "offset": "1",
              "width": "1",
              "name": "CHAN1_INT_EN",
              "access": "RW",
              "description": "Enable Channel 1 (ap_ready) Interrupt.  0 = Disabled, 1 = Enabled."
            },
            {
              "offset": "2",
              "width": "30",
              "name": "RESERVED_0",
              "access": "R",
              "description": "Reserved.  0s on read."
            }
          ]
        },
        {
          "offset": "0x0c",
          "name": "IP_ISR",
          "access": "RW",
          "description": "IP Interrupt Status Register",
          "range": "32",
          "fields": [
            {
              "offset": "0",
              "width": "1",
              "name": "CHAN0_INT_ST",
              "access": "R",
              "description": "Channel 0 (ap_done) Interrupt Status. 0 = No Channel 0 interrupt, 1 = Channel 0 interrupt."
            },
            {
              "offset": "1",
              "width": "1",
              "name": "CHAN1_INT_ST",
              "access": "R",
              "description": "Channel 1 (ap_ready) Interrupt Status. 0 = No Channel 1 interrupt, 1 = Channel 1 interrupt."
            },
            {
              "offset": "2",
              "width": "30",
              "name": "RESERVED_0",
              "access": "R",
              "description": "Reserved.  0s on read."
            }
          ]
        },
        {
          "offset": "0x10",
          "name": "state",
          "access": "W",
          "description": "Data signal of state",
          "range": "32",
          "fields": [
            {
              "offset": "0",
              "width": "1",
              "name": "state",
              "access": "W",
              "description": "Bit 0 to 0 of state"
            },
            {
              "offset": "1",
              "width": "31",
              "name": "RESERVED",
              "access": "R",
              "description": "Reserved.  0s on read."
            }
          ]
        },
        {
          "offset": "0x18",
          "name": "theta",
          "access": "W",
          "description": "Data signal of theta",
          "range": "32",
          "fields": [
            {
              "offset": "0",
              "width": "16",
              "name": "theta",
              "access": "W",
              "description": "Bit 15 to 0 of theta"
            },
            {
              "offset": "16",
              "width": "16",
              "name": "RESERVED",
              "access": "R",
              "description": "Reserved.  0s on read."
            }
          ]
        },
        {
          "offset": "0x20",
          "name": "x",
          "access": "W",
          "description": "Data signal of x",
          "range": "32",
          "fields": [
            {
              "offset": "0",
              "width": "16",
              "name": "x",
              "access": "W",
              "description": "Bit 15 to 0 of x"
            },
            {
              "offset": "16",
              "width": "16",
              "name": "RESERVED",
              "access": "R",
              "description": "Reserved.  0s on read."
            }
          ]
        },
        {
          "offset": "0x28",
          "name": "y",
          "access": "W",
          "description": "Data signal of y",
          "range": "32",
          "fields": [
            {
              "offset": "0",
              "width": "16",
              "name": "y",
              "access": "W",
              "description": "Bit 15 to 0 of y"
            },
            {
              "offset": "16",
              "width": "16",
              "name": "RESERVED",
              "access": "R",
              "description": "Reserved.  0s on read."
            }
          ]
        },
        {
          "offset": "0x30",
          "name": "s",
          "access": "R",
          "description": "Data signal of s",
          "range": "32",
          "fields": [
            {
              "offset": "0",
              "width": "16",
              "name": "s",
              "access": "R",
              "description": "Bit 15 to 0 of s"
            },
            {
              "offset": "16",
              "width": "16",
              "name": "RESERVED",
              "access": "R",
              "description": "Reserved.  0s on read."
            }
          ]
        },
        {
          "offset": "0x34",
          "name": "s_ctrl",
          "access": "R",
          "description": "Control signal of s",
          "range": "32",
          "fields": [
            {
              "offset": "0",
              "width": "1",
              "name": "s_ap_vld",
              "access": "R",
              "description": "Control signal s_ap_vld"
            },
            {
              "offset": "1",
              "width": "31",
              "name": "RESERVED",
              "access": "R",
              "description": "Reserved.  0s on read."
            }
          ]
        },
        {
          "offset": "0x40",
          "name": "c",
          "access": "R",
          "description": "Data signal of c",
          "range": "32",
          "fields": [
            {
              "offset": "0",
              "width": "16",
              "name": "c",
              "access": "R",
              "description": "Bit 15 to 0 of c"
            },
            {
              "offset": "16",
              "width": "16",
              "name": "RESERVED",
              "access": "R",
              "description": "Reserved.  0s on read."
            }
          ]
        },
        {
          "offset": "0x44",
          "name": "c_ctrl",
          "access": "R",
          "description": "Control signal of c",
          "range": "32",
          "fields": [
            {
              "offset": "0",
              "width": "1",
              "name": "c_ap_vld",
              "access": "R",
              "description": "Control signal c_ap_vld"
            },
            {
              "offset": "1",
              "width": "31",
              "name": "RESERVED",
              "access": "R",
              "description": "Reserved.  0s on read."
            }
          ]
        },
        {
          "offset": "0x50",
          "name": "t",
          "access": "R",
          "description": "Data signal of t",
          "range": "32",
          "fields": [
            {
              "offset": "0",
              "width": "16",
              "name": "t",
              "access": "R",
              "description": "Bit 15 to 0 of t"
            },
            {
              "offset": "16",
              "width": "16",
              "name": "RESERVED",
              "access": "R",
              "description": "Reserved.  0s on read."
            }
          ]
        },
        {
          "offset": "0x54",
          "name": "t_ctrl",
          "access": "R",
          "description": "Control signal of t",
          "range": "32",
          "fields": [
            {
              "offset": "0",
              "width": "1",
              "name": "t_ap_vld",
              "access": "R",
              "description": "Control signal t_ap_vld"
            },
            {
              "offset": "1",
              "width": "31",
              "name": "RESERVED",
              "access": "R",
              "description": "Reserved.  0s on read."
            }
          ]
        }
      ],
      "constraints": [
        {
          "constraint_type": "pragma interface",
          "mode": "s_axilite",
          "register_option": "0",
          "offset": "16",
          "argName": "state"
        },
        {
          "constraint_type": "pragma interface",
          "mode": "s_axilite",
          "register_option": "0",
          "offset": "24",
          "argName": "theta"
        },
        {
          "constraint_type": "pragma interface",
          "mode": "s_axilite",
          "register_option": "0",
          "offset": "32",
          "argName": "x"
        },
        {
          "constraint_type": "pragma interface",
          "mode": "s_axilite",
          "register_option": "0",
          "offset": "40",
          "argName": "y"
        },
        {
          "constraint_type": "pragma interface",
          "mode": "s_axilite",
          "register_option": "0",
          "offset": "48",
          "argName": "s"
        },
        {
          "constraint_type": "pragma interface",
          "mode": "s_axilite",
          "register_option": "0",
          "offset": "64",
          "argName": "c"
        },
        {
          "constraint_type": "pragma interface",
          "mode": "s_axilite",
          "register_option": "0",
          "offset": "80",
          "argName": "t"
        }
      ]
    },
    "ap_clk": {
      "type": "clock",
      "busTypeName": "clock",
      "mode": "slave",
      "busParams": {
        "ASSOCIATED_BUSIF": "s_axi_HLS_TREEADD_PERIPH_BUS",
        "ASSOCIATED_RESET": "ap_rst_n"
      },
      "portMap": {"ap_clk": "CLK"},
      "ports": ["ap_clk"]
    },
    "ap_rst_n": {
      "type": "reset",
      "busTypeName": "reset",
      "mode": "slave",
      "busParams": {"POLARITY": "ACTIVE_LOW"},
      "portMap": {"ap_rst_n": "RST"},
      "ports": ["ap_rst_n"]
    },
    "interrupt": {
      "type": "interrupt",
      "busTypeName": "interrupt",
      "mode": "master",
      "dataWidth": "1",
      "busParams": {"SENSITIVITY": "LEVEL_HIGH"},
      "portMap": {"interrupt": "INTERRUPT"},
      "ports": ["interrupt"]
    }
  },
  "RtlPorts": {
    "s_axi_HLS_TREEADD_PERIPH_BUS_AWVALID": {
      "dir": "in",
      "width": "1"
    },
    "s_axi_HLS_TREEADD_PERIPH_BUS_AWREADY": {
      "dir": "out",
      "width": "1"
    },
    "s_axi_HLS_TREEADD_PERIPH_BUS_AWADDR": {
      "dir": "in",
      "width": "7"
    },
    "s_axi_HLS_TREEADD_PERIPH_BUS_WVALID": {
      "dir": "in",
      "width": "1"
    },
    "s_axi_HLS_TREEADD_PERIPH_BUS_WREADY": {
      "dir": "out",
      "width": "1"
    },
    "s_axi_HLS_TREEADD_PERIPH_BUS_WDATA": {
      "dir": "in",
      "width": "32"
    },
    "s_axi_HLS_TREEADD_PERIPH_BUS_WSTRB": {
      "dir": "in",
      "width": "4"
    },
    "s_axi_HLS_TREEADD_PERIPH_BUS_ARVALID": {
      "dir": "in",
      "width": "1"
    },
    "s_axi_HLS_TREEADD_PERIPH_BUS_ARREADY": {
      "dir": "out",
      "width": "1"
    },
    "s_axi_HLS_TREEADD_PERIPH_BUS_ARADDR": {
      "dir": "in",
      "width": "7"
    },
    "s_axi_HLS_TREEADD_PERIPH_BUS_RVALID": {
      "dir": "out",
      "width": "1"
    },
    "s_axi_HLS_TREEADD_PERIPH_BUS_RREADY": {
      "dir": "in",
      "width": "1"
    },
    "s_axi_HLS_TREEADD_PERIPH_BUS_RDATA": {
      "dir": "out",
      "width": "32"
    },
    "s_axi_HLS_TREEADD_PERIPH_BUS_RRESP": {
      "dir": "out",
      "width": "2"
    },
    "s_axi_HLS_TREEADD_PERIPH_BUS_BVALID": {
      "dir": "out",
      "width": "1"
    },
    "s_axi_HLS_TREEADD_PERIPH_BUS_BREADY": {
      "dir": "in",
      "width": "1"
    },
    "s_axi_HLS_TREEADD_PERIPH_BUS_BRESP": {
      "dir": "out",
      "width": "2"
    },
    "ap_clk": {
      "dir": "in",
      "width": "1"
    },
    "ap_rst_n": {
      "dir": "in",
      "width": "1"
    },
    "interrupt": {
      "dir": "out",
      "width": "1"
    }
  },
  "ModuleInfo": {
    "Hierarchy": {"ModuleName": "cordic"},
    "Info": {"cordic": {
        "FunctionProtocol": "ap_ctrl_hs",
        "isTaskLevelControl": "0",
        "isPipelined": "1",
        "isCombinational": "0",
        "isOneStateSeq": "0"
      }},
    "Metrics": {"cordic": {
        "Latency": {
          "LatencyBest": "25",
          "LatencyAvg": "25",
          "LatencyWorst": "25",
          "PipelineII": "1",
          "PipelineDepth": "26",
          "PipelineType": "yes"
        },
        "Timing": {
          "Target": "10.00",
          "Uncertainty": "2.70",
          "Estimate": "7.292"
        },
        "Area": {
          "BRAM_18K": "0",
          "AVAIL_BRAM": "280",
          "UTIL_BRAM": "0",
          "FF": "3207",
          "AVAIL_FF": "106400",
          "UTIL_FF": "3",
          "LUT": "7381",
          "AVAIL_LUT": "53200",
          "UTIL_LUT": "13",
          "DSP": "0",
          "AVAIL_DSP": "220",
          "UTIL_DSP": "0",
          "URAM": "0",
          "AVAIL_URAM": "0",
          "UTIL_URAM": "0"
        }
      }}
  },
  "GenerateBdFiles": "0",
  "GenData": {
    "DataVersion": "0.2",
    "Time": "2022-11-15 13:01:15 -0600",
    "ToolName": "vitis_hls",
    "ToolVersion": "2022.1"
  }
}
