{
  "Top": "cordic",
  "RtlTop": "cordic",
  "RtlPrefix": "",
  "RtlSubPrefix": "cordic_",
  "SourceLanguage": "cpp",
  "HostMachineBits": "64",
  "FunctionProtocol": "ap_ctrl_hs",
  "ResetStyle": "control",
  "Target": {
    "Family": "zynq",
    "Device": "xc7z020",
    "Package": "-clg484",
    "Speed": "-1",
    "Triple": "fpga64-xilinx-none"
  },
  "Args": {
    "modes": {
      "index": "0",
      "direction": "in",
      "srcType": "bool",
      "srcSize": "1",
      "hwRefs": [{
          "type": "port",
          "interface": "modes",
          "name": "modes",
          "usage": "data",
          "direction": "in"
        }]
    },
    "x_in": {
      "index": "1",
      "direction": "in",
      "srcType": "ap_fixed<16, 3, AP_TRN, AP_WRAP, 0>",
      "srcSize": "16",
      "hwRefs": [{
          "type": "port",
          "interface": "x_in",
          "name": "x_in",
          "usage": "data",
          "direction": "in"
        }]
    },
    "y_in": {
      "index": "2",
      "direction": "in",
      "srcType": "ap_fixed<16, 3, AP_TRN, AP_WRAP, 0>",
      "srcSize": "16",
      "hwRefs": [{
          "type": "port",
          "interface": "y_in",
          "name": "y_in",
          "usage": "data",
          "direction": "in"
        }]
    },
    "theta_in": {
      "index": "3",
      "direction": "in",
      "srcType": "ap_fixed<16, 3, AP_TRN, AP_WRAP, 0>",
      "srcSize": "16",
      "hwRefs": [{
          "type": "port",
          "interface": "theta_in",
          "name": "theta_in",
          "usage": "data",
          "direction": "in"
        }]
    },
    "x_out": {
      "index": "4",
      "direction": "out",
      "srcType": "ap_fixed<16, 3, AP_TRN, AP_WRAP, 0>&",
      "srcSize": "16",
      "hwRefs": [
        {
          "type": "port",
          "interface": "x_out",
          "name": "x_out",
          "usage": "data",
          "direction": "out"
        },
        {
          "type": "port",
          "interface": "x_out_ap_vld",
          "name": "x_out_ap_vld",
          "usage": "control",
          "direction": "out"
        }
      ]
    },
    "y_out": {
      "index": "5",
      "direction": "out",
      "srcType": "ap_fixed<16, 3, AP_TRN, AP_WRAP, 0>&",
      "srcSize": "16",
      "hwRefs": [
        {
          "type": "port",
          "interface": "y_out",
          "name": "y_out",
          "usage": "data",
          "direction": "out"
        },
        {
          "type": "port",
          "interface": "y_out_ap_vld",
          "name": "y_out_ap_vld",
          "usage": "control",
          "direction": "out"
        }
      ]
    },
    "theta_out": {
      "index": "6",
      "direction": "out",
      "srcType": "ap_fixed<16, 3, AP_TRN, AP_WRAP, 0>&",
      "srcSize": "16",
      "hwRefs": [
        {
          "type": "port",
          "interface": "theta_out",
          "name": "theta_out",
          "usage": "data",
          "direction": "out"
        },
        {
          "type": "port",
          "interface": "theta_out_ap_vld",
          "name": "theta_out_ap_vld",
          "usage": "control",
          "direction": "out"
        }
      ]
    },
    "done": {
      "index": "7",
      "direction": "in",
      "srcType": "short",
      "srcSize": "16",
      "hwRefs": [{
          "type": "port",
          "interface": "done",
          "name": "done",
          "usage": "data",
          "direction": "in"
        }]
    }
  },
  "HlsSolution": {
    "FlowTarget": "vivado",
    "ConfigTcl": [
      "config_export -format=sysgen",
      "config_export -output=C:\/ELEC522\/hl116\/Project6\/project6_final\/Vitis_HLS\/project6_final_hls_mc\/solution1_without_back_substitution",
      "config_export -rtl=verilog"
    ],
    "ProfileOption": "0",
    "ProfileType": "none",
    "KernelName": "cordic"
  },
  "ClockInfo": {
    "ClockName": "ap_clk",
    "ClockPeriod": "10",
    "Uncertainty": "2.7",
    "IsCombinational": "0",
    "II": "1",
    "Latency": "42"
  },
  "Xdc": {"OocClocks": ["create_clock -name ap_clk -period 10.000 [get_ports ap_clk]"]},
  "Ipx": {
    "Vendor": "xilinx.com",
    "Library": "hls",
    "Name": "cordic",
    "Version": "1.0",
    "DisplayName": "Cordic",
    "Revision": "2112809727",
    "Description": "An IP generated by Vitis HLS",
    "Taxonomy": "\/VITIS_HLS_IP",
    "AutoFamilySupport": "",
    "ZipFile": "xilinx_com_hls_cordic_1_0.zip"
  },
  "Files": {
    "CSource": ["..\/..\/..\/fpga_hls_MC\/cordic.cpp"],
    "Vhdl": ["impl\/vhdl\/cordic.vhd"],
    "Verilog": ["impl\/verilog\/cordic.v"],
    "IpMisc": ["impl\/misc\/logo.png"],
    "CsynthXml": "syn\/report\/csynth.xml",
    "DebugDir": ".debug",
    "KernelXml": ".autopilot\/db\/kernel.internal.xml",
    "Xo": "",
    "XoHlsDir": "",
    "ProtoInst": [".debug\/cordic.protoinst"]
  },
  "SubcoreInfo": {
    "HasXpmMemory": false,
    "HasClockedDsp": false,
    "Ip": []
  },
  "Interfaces": {
    "ap_clk": {
      "type": "clock",
      "busTypeName": "clock",
      "mode": "slave",
      "busParams": {"ASSOCIATED_RESET": "ap_rst"},
      "portMap": {"ap_clk": "CLK"},
      "ports": ["ap_clk"]
    },
    "ap_rst": {
      "type": "reset",
      "busTypeName": "reset",
      "mode": "slave",
      "busParams": {"POLARITY": "ACTIVE_HIGH"},
      "portMap": {"ap_rst": "RST"},
      "ports": ["ap_rst"]
    },
    "ap_ctrl": {
      "type": "ap_ctrl",
      "busTypeName": "acc_handshake",
      "mode": "slave",
      "portMap": {
        "ap_start": "start",
        "ap_done": "done",
        "ap_idle": "idle",
        "ap_ready": "ready"
      },
      "ports": [
        "ap_done",
        "ap_idle",
        "ap_ready",
        "ap_start"
      ]
    },
    "modes": {
      "type": "data",
      "busTypeName": "data",
      "protocol": "ap_none",
      "mode": "slave",
      "dataWidth": "1",
      "portMap": {"modes": "DATA"},
      "ports": ["modes"],
      "constraints": [{
          "constraint_type": "pragma interface",
          "mode": "ap_none",
          "register_option": "0",
          "argName": "modes"
        }]
    },
    "x_in": {
      "type": "data",
      "busTypeName": "data",
      "protocol": "ap_none",
      "mode": "slave",
      "dataWidth": "16",
      "portMap": {"x_in": "DATA"},
      "ports": ["x_in"],
      "constraints": [{
          "constraint_type": "pragma interface",
          "mode": "ap_none",
          "register_option": "0",
          "argName": "x_in"
        }]
    },
    "y_in": {
      "type": "data",
      "busTypeName": "data",
      "protocol": "ap_none",
      "mode": "slave",
      "dataWidth": "16",
      "portMap": {"y_in": "DATA"},
      "ports": ["y_in"],
      "constraints": [{
          "constraint_type": "pragma interface",
          "mode": "ap_none",
          "register_option": "0",
          "argName": "y_in"
        }]
    },
    "theta_in": {
      "type": "data",
      "busTypeName": "data",
      "protocol": "ap_none",
      "mode": "slave",
      "dataWidth": "16",
      "portMap": {"theta_in": "DATA"},
      "ports": ["theta_in"],
      "constraints": [{
          "constraint_type": "pragma interface",
          "mode": "ap_none",
          "register_option": "0",
          "argName": "theta_in"
        }]
    },
    "x_out": {
      "type": "data",
      "busTypeName": "data",
      "protocol": "ap_vld",
      "mode": "master",
      "dataWidth": "16",
      "portMap": {"x_out": "DATA"},
      "ports": ["x_out"],
      "constraints": [{
          "constraint_type": "pragma interface",
          "mode": "ap_none",
          "register_option": "0",
          "argName": "x_out"
        }]
    },
    "y_out": {
      "type": "data",
      "busTypeName": "data",
      "protocol": "ap_vld",
      "mode": "master",
      "dataWidth": "16",
      "portMap": {"y_out": "DATA"},
      "ports": ["y_out"],
      "constraints": [{
          "constraint_type": "pragma interface",
          "mode": "ap_none",
          "register_option": "0",
          "argName": "y_out"
        }]
    },
    "theta_out": {
      "type": "data",
      "busTypeName": "data",
      "protocol": "ap_vld",
      "mode": "master",
      "dataWidth": "16",
      "portMap": {"theta_out": "DATA"},
      "ports": ["theta_out"],
      "constraints": [{
          "constraint_type": "pragma interface",
          "mode": "ap_none",
          "register_option": "0",
          "argName": "theta_out"
        }]
    },
    "done": {
      "type": "data",
      "busTypeName": "data",
      "protocol": "ap_none",
      "mode": "slave",
      "dataWidth": "16",
      "portMap": {"done": "DATA"},
      "ports": ["done"],
      "constraints": [{
          "constraint_type": "pragma interface",
          "mode": "ap_none",
          "register_option": "0",
          "argName": "done"
        }]
    }
  },
  "RtlPorts": {
    "ap_clk": {
      "dir": "in",
      "width": "1"
    },
    "ap_rst": {
      "dir": "in",
      "width": "1"
    },
    "ap_start": {
      "dir": "in",
      "width": "1"
    },
    "ap_done": {
      "dir": "out",
      "width": "1"
    },
    "ap_idle": {
      "dir": "out",
      "width": "1"
    },
    "ap_ready": {
      "dir": "out",
      "width": "1"
    },
    "modes": {
      "dir": "in",
      "width": "1"
    },
    "x_in": {
      "dir": "in",
      "width": "16"
    },
    "y_in": {
      "dir": "in",
      "width": "16"
    },
    "theta_in": {
      "dir": "in",
      "width": "16"
    },
    "x_out": {
      "dir": "out",
      "width": "16"
    },
    "x_out_ap_vld": {
      "dir": "out",
      "width": "1"
    },
    "y_out": {
      "dir": "out",
      "width": "16"
    },
    "y_out_ap_vld": {
      "dir": "out",
      "width": "1"
    },
    "theta_out": {
      "dir": "out",
      "width": "16"
    },
    "theta_out_ap_vld": {
      "dir": "out",
      "width": "1"
    },
    "done": {
      "dir": "in",
      "width": "16"
    }
  },
  "ModuleInfo": {
    "Hierarchy": {"ModuleName": "cordic"},
    "Info": {"cordic": {
        "FunctionProtocol": "ap_ctrl_hs",
        "isTaskLevelControl": "0",
        "isPipelined": "1",
        "isCombinational": "0",
        "isOneStateSeq": "0"
      }},
    "Metrics": {"cordic": {
        "Latency": {
          "LatencyBest": "42",
          "LatencyAvg": "42",
          "LatencyWorst": "42",
          "PipelineII": "1",
          "PipelineDepth": "43",
          "PipelineType": "yes"
        },
        "Timing": {
          "Target": "10.00",
          "Uncertainty": "2.70",
          "Estimate": "7.292"
        },
        "Area": {
          "FF": "3836",
          "AVAIL_FF": "106400",
          "UTIL_FF": "3",
          "LUT": "10412",
          "AVAIL_LUT": "53200",
          "UTIL_LUT": "19",
          "BRAM_18K": "0",
          "AVAIL_BRAM": "280",
          "UTIL_BRAM": "0",
          "DSP": "0",
          "AVAIL_DSP": "220",
          "UTIL_DSP": "0",
          "URAM": "0",
          "AVAIL_URAM": "0",
          "UTIL_URAM": "0"
        }
      }}
  },
  "GenerateBdFiles": "0",
  "GenData": {
    "DataVersion": "0.2",
    "Time": "2022-12-12 09:27:46 -0600",
    "ToolName": "vitis_hls",
    "ToolVersion": "2022.1"
  }
}
