<?xml version="1.0" encoding="UTF-8"?>
<vivadoHLSLog:LogRoot xmlns:vivadoHLSLog="www.xilinx.com/vivadoHLSLog">
  <errorLogs>
    <logs>
      <synLog/>
      <simLog/>
      <mgLog/>
      <packageLog/>
      <csimLog/>
    </logs>
  </errorLogs>
  <warningLogs>
    <logs>
      <synLog>
        <logs message="WARNING: [RTGEN 206-101] Design contains AXI ports. Reset is fixed to synchronous and active low." projectName="A5V3FIX" solutionName="solution2" date="2022-11-27T10:43:58.976-0600" type="Warning"/>
        <logs message="WARNING: [HLS 200-880] The II Violation in module 'qr_Pipeline_VITIS_LOOP_332_26' (loop 'VITIS_LOOP_332_26'): Unable to enforce a carried dependence constraint (II = 11, distance = 1, offset = 1) between 'call' operation ('cordic_ret', A5V3FIX/src/qr.cpp:334) to 'cordic' and 'select' operation ('r.V').&#xD;&#xA;Resolution: For help on HLS 200-880 see www.xilinx.com/cgi-bin/docs/rdoc?v=2022.1;t=hls+guidance;d=200-880.html" projectName="A5V3FIX" solutionName="solution2" date="2022-11-27T10:43:40.084-0600" type="Warning"/>
        <logs message="WARNING: [HLS 200-880] The II Violation in module 'qr_Pipeline_VITIS_LOOP_332_26' (loop 'VITIS_LOOP_332_26'): Unable to enforce a carried dependence constraint (II = 4, distance = 1, offset = 1) between 'call' operation ('cordic_ret', A5V3FIX/src/qr.cpp:334) to 'cordic' and 'select' operation ('r.V').&#xD;&#xA;Resolution: For help on HLS 200-880 see www.xilinx.com/cgi-bin/docs/rdoc?v=2022.1;t=hls+guidance;d=200-880.html" projectName="A5V3FIX" solutionName="solution2" date="2022-11-27T10:43:40.052-0600" type="Warning"/>
        <logs message="WARNING: [HLS 200-880] The II Violation in module 'qr_Pipeline_VITIS_LOOP_332_26' (loop 'VITIS_LOOP_332_26'): Unable to enforce a carried dependence constraint (II = 3, distance = 1, offset = 1) between 'call' operation ('cordic_ret', A5V3FIX/src/qr.cpp:334) to 'cordic' and 'select' operation ('r.V').&#xD;&#xA;Resolution: For help on HLS 200-880 see www.xilinx.com/cgi-bin/docs/rdoc?v=2022.1;t=hls+guidance;d=200-880.html" projectName="A5V3FIX" solutionName="solution2" date="2022-11-27T10:43:40.023-0600" type="Warning"/>
        <logs message="WARNING: [HLS 200-880] The II Violation in module 'qr_Pipeline_VITIS_LOOP_332_26' (loop 'VITIS_LOOP_332_26'): Unable to enforce a carried dependence constraint (II = 2, distance = 1, offset = 1) between 'call' operation ('cordic_ret', A5V3FIX/src/qr.cpp:334) to 'cordic' and 'select' operation ('r.V').&#xD;&#xA;Resolution: For help on HLS 200-880 see www.xilinx.com/cgi-bin/docs/rdoc?v=2022.1;t=hls+guidance;d=200-880.html" projectName="A5V3FIX" solutionName="solution2" date="2022-11-27T10:43:39.990-0600" type="Warning"/>
        <logs message="WARNING: [HLS 200-880] The II Violation in module 'qr_Pipeline_VITIS_LOOP_332_26' (loop 'VITIS_LOOP_332_26'): Unable to enforce a carried dependence constraint (II = 1, distance = 1, offset = 1) between 'call' operation ('cordic_ret', A5V3FIX/src/qr.cpp:334) to 'cordic' and 'select' operation ('r.V').&#xD;&#xA;Resolution: For help on HLS 200-880 see www.xilinx.com/cgi-bin/docs/rdoc?v=2022.1;t=hls+guidance;d=200-880.html" projectName="A5V3FIX" solutionName="solution2" date="2022-11-27T10:43:39.960-0600" type="Warning"/>
        <logs message="WARNING: [HLS 200-880] The II Violation in module 'qr_Pipeline_VITIS_LOOP_324_25' (loop 'VITIS_LOOP_324_25'): Unable to enforce a carried dependence constraint (II = 11, distance = 1, offset = 1) between 'call' operation ('cordic_ret', A5V3FIX/src/qr.cpp:326) to 'cordic' and 'select' operation ('r.V').&#xD;&#xA;Resolution: For help on HLS 200-880 see www.xilinx.com/cgi-bin/docs/rdoc?v=2022.1;t=hls+guidance;d=200-880.html" projectName="A5V3FIX" solutionName="solution2" date="2022-11-27T10:43:39.186-0600" type="Warning"/>
        <logs message="WARNING: [HLS 200-880] The II Violation in module 'qr_Pipeline_VITIS_LOOP_324_25' (loop 'VITIS_LOOP_324_25'): Unable to enforce a carried dependence constraint (II = 4, distance = 1, offset = 1) between 'call' operation ('cordic_ret', A5V3FIX/src/qr.cpp:326) to 'cordic' and 'select' operation ('r.V').&#xD;&#xA;Resolution: For help on HLS 200-880 see www.xilinx.com/cgi-bin/docs/rdoc?v=2022.1;t=hls+guidance;d=200-880.html" projectName="A5V3FIX" solutionName="solution2" date="2022-11-27T10:43:39.155-0600" type="Warning"/>
        <logs message="WARNING: [HLS 200-880] The II Violation in module 'qr_Pipeline_VITIS_LOOP_324_25' (loop 'VITIS_LOOP_324_25'): Unable to enforce a carried dependence constraint (II = 3, distance = 1, offset = 1) between 'call' operation ('cordic_ret', A5V3FIX/src/qr.cpp:326) to 'cordic' and 'select' operation ('r.V').&#xD;&#xA;Resolution: For help on HLS 200-880 see www.xilinx.com/cgi-bin/docs/rdoc?v=2022.1;t=hls+guidance;d=200-880.html" projectName="A5V3FIX" solutionName="solution2" date="2022-11-27T10:43:39.126-0600" type="Warning"/>
        <logs message="WARNING: [HLS 200-880] The II Violation in module 'qr_Pipeline_VITIS_LOOP_324_25' (loop 'VITIS_LOOP_324_25'): Unable to enforce a carried dependence constraint (II = 2, distance = 1, offset = 1) between 'call' operation ('cordic_ret', A5V3FIX/src/qr.cpp:326) to 'cordic' and 'select' operation ('r.V').&#xD;&#xA;Resolution: For help on HLS 200-880 see www.xilinx.com/cgi-bin/docs/rdoc?v=2022.1;t=hls+guidance;d=200-880.html" projectName="A5V3FIX" solutionName="solution2" date="2022-11-27T10:43:39.092-0600" type="Warning"/>
        <logs message="WARNING: [HLS 200-880] The II Violation in module 'qr_Pipeline_VITIS_LOOP_324_25' (loop 'VITIS_LOOP_324_25'): Unable to enforce a carried dependence constraint (II = 1, distance = 1, offset = 1) between 'call' operation ('cordic_ret', A5V3FIX/src/qr.cpp:326) to 'cordic' and 'select' operation ('r.V').&#xD;&#xA;Resolution: For help on HLS 200-880 see www.xilinx.com/cgi-bin/docs/rdoc?v=2022.1;t=hls+guidance;d=200-880.html" projectName="A5V3FIX" solutionName="solution2" date="2022-11-27T10:43:39.063-0600" type="Warning"/>
        <logs message="WARNING: [HLS 200-880] The II Violation in module 'qr_Pipeline_VITIS_LOOP_316_24' (loop 'VITIS_LOOP_316_24'): Unable to enforce a carried dependence constraint (II = 11, distance = 1, offset = 1) between 'call' operation ('cordic_ret', A5V3FIX/src/qr.cpp:318) to 'cordic' and 'select' operation ('r.V').&#xD;&#xA;Resolution: For help on HLS 200-880 see www.xilinx.com/cgi-bin/docs/rdoc?v=2022.1;t=hls+guidance;d=200-880.html" projectName="A5V3FIX" solutionName="solution2" date="2022-11-27T10:43:38.164-0600" type="Warning"/>
        <logs message="WARNING: [HLS 200-880] The II Violation in module 'qr_Pipeline_VITIS_LOOP_316_24' (loop 'VITIS_LOOP_316_24'): Unable to enforce a carried dependence constraint (II = 4, distance = 1, offset = 1) between 'call' operation ('cordic_ret', A5V3FIX/src/qr.cpp:318) to 'cordic' and 'select' operation ('r.V').&#xD;&#xA;Resolution: For help on HLS 200-880 see www.xilinx.com/cgi-bin/docs/rdoc?v=2022.1;t=hls+guidance;d=200-880.html" projectName="A5V3FIX" solutionName="solution2" date="2022-11-27T10:43:38.130-0600" type="Warning"/>
        <logs message="WARNING: [HLS 200-880] The II Violation in module 'qr_Pipeline_VITIS_LOOP_316_24' (loop 'VITIS_LOOP_316_24'): Unable to enforce a carried dependence constraint (II = 3, distance = 1, offset = 1) between 'call' operation ('cordic_ret', A5V3FIX/src/qr.cpp:318) to 'cordic' and 'select' operation ('r.V').&#xD;&#xA;Resolution: For help on HLS 200-880 see www.xilinx.com/cgi-bin/docs/rdoc?v=2022.1;t=hls+guidance;d=200-880.html" projectName="A5V3FIX" solutionName="solution2" date="2022-11-27T10:43:38.102-0600" type="Warning"/>
        <logs message="WARNING: [HLS 200-880] The II Violation in module 'qr_Pipeline_VITIS_LOOP_316_24' (loop 'VITIS_LOOP_316_24'): Unable to enforce a carried dependence constraint (II = 2, distance = 1, offset = 1) between 'call' operation ('cordic_ret', A5V3FIX/src/qr.cpp:318) to 'cordic' and 'select' operation ('r.V').&#xD;&#xA;Resolution: For help on HLS 200-880 see www.xilinx.com/cgi-bin/docs/rdoc?v=2022.1;t=hls+guidance;d=200-880.html" projectName="A5V3FIX" solutionName="solution2" date="2022-11-27T10:43:38.069-0600" type="Warning"/>
        <logs message="WARNING: [HLS 200-880] The II Violation in module 'qr_Pipeline_VITIS_LOOP_316_24' (loop 'VITIS_LOOP_316_24'): Unable to enforce a carried dependence constraint (II = 1, distance = 1, offset = 1) between 'call' operation ('cordic_ret', A5V3FIX/src/qr.cpp:318) to 'cordic' and 'select' operation ('r.V').&#xD;&#xA;Resolution: For help on HLS 200-880 see www.xilinx.com/cgi-bin/docs/rdoc?v=2022.1;t=hls+guidance;d=200-880.html" projectName="A5V3FIX" solutionName="solution2" date="2022-11-27T10:43:38.041-0600" type="Warning"/>
        <logs message="WARNING: [HLS 200-880] The II Violation in module 'qr_Pipeline_VITIS_LOOP_308_23' (loop 'VITIS_LOOP_308_23'): Unable to enforce a carried dependence constraint (II = 11, distance = 1, offset = 1) between 'call' operation ('cordic_ret', A5V3FIX/src/qr.cpp:310) to 'cordic' and 'select' operation ('r.V').&#xD;&#xA;Resolution: For help on HLS 200-880 see www.xilinx.com/cgi-bin/docs/rdoc?v=2022.1;t=hls+guidance;d=200-880.html" projectName="A5V3FIX" solutionName="solution2" date="2022-11-27T10:43:37.285-0600" type="Warning"/>
        <logs message="WARNING: [HLS 200-880] The II Violation in module 'qr_Pipeline_VITIS_LOOP_308_23' (loop 'VITIS_LOOP_308_23'): Unable to enforce a carried dependence constraint (II = 4, distance = 1, offset = 1) between 'call' operation ('cordic_ret', A5V3FIX/src/qr.cpp:310) to 'cordic' and 'select' operation ('r.V').&#xD;&#xA;Resolution: For help on HLS 200-880 see www.xilinx.com/cgi-bin/docs/rdoc?v=2022.1;t=hls+guidance;d=200-880.html" projectName="A5V3FIX" solutionName="solution2" date="2022-11-27T10:43:37.258-0600" type="Warning"/>
        <logs message="WARNING: [HLS 200-880] The II Violation in module 'qr_Pipeline_VITIS_LOOP_308_23' (loop 'VITIS_LOOP_308_23'): Unable to enforce a carried dependence constraint (II = 3, distance = 1, offset = 1) between 'call' operation ('cordic_ret', A5V3FIX/src/qr.cpp:310) to 'cordic' and 'select' operation ('r.V').&#xD;&#xA;Resolution: For help on HLS 200-880 see www.xilinx.com/cgi-bin/docs/rdoc?v=2022.1;t=hls+guidance;d=200-880.html" projectName="A5V3FIX" solutionName="solution2" date="2022-11-27T10:43:37.224-0600" type="Warning"/>
        <logs message="WARNING: [HLS 200-880] The II Violation in module 'qr_Pipeline_VITIS_LOOP_308_23' (loop 'VITIS_LOOP_308_23'): Unable to enforce a carried dependence constraint (II = 2, distance = 1, offset = 1) between 'call' operation ('cordic_ret', A5V3FIX/src/qr.cpp:310) to 'cordic' and 'select' operation ('r.V').&#xD;&#xA;Resolution: For help on HLS 200-880 see www.xilinx.com/cgi-bin/docs/rdoc?v=2022.1;t=hls+guidance;d=200-880.html" projectName="A5V3FIX" solutionName="solution2" date="2022-11-27T10:43:37.197-0600" type="Warning"/>
        <logs message="WARNING: [HLS 200-880] The II Violation in module 'qr_Pipeline_VITIS_LOOP_308_23' (loop 'VITIS_LOOP_308_23'): Unable to enforce a carried dependence constraint (II = 1, distance = 1, offset = 1) between 'call' operation ('cordic_ret', A5V3FIX/src/qr.cpp:310) to 'cordic' and 'select' operation ('r.V').&#xD;&#xA;Resolution: For help on HLS 200-880 see www.xilinx.com/cgi-bin/docs/rdoc?v=2022.1;t=hls+guidance;d=200-880.html" projectName="A5V3FIX" solutionName="solution2" date="2022-11-27T10:43:37.169-0600" type="Warning"/>
        <logs message="WARNING: [HLS 200-880] The II Violation in module 'qr_Pipeline_VITIS_LOOP_298_22' (loop 'VITIS_LOOP_298_22'): Unable to enforce a carried dependence constraint (II = 11, distance = 1, offset = 1) between 'call' operation ('cordic_ret', A5V3FIX/src/qr.cpp:300) to 'cordic' and 'select' operation ('r.V').&#xD;&#xA;Resolution: For help on HLS 200-880 see www.xilinx.com/cgi-bin/docs/rdoc?v=2022.1;t=hls+guidance;d=200-880.html" projectName="A5V3FIX" solutionName="solution2" date="2022-11-27T10:43:36.379-0600" type="Warning"/>
        <logs message="WARNING: [HLS 200-880] The II Violation in module 'qr_Pipeline_VITIS_LOOP_298_22' (loop 'VITIS_LOOP_298_22'): Unable to enforce a carried dependence constraint (II = 4, distance = 1, offset = 1) between 'call' operation ('cordic_ret', A5V3FIX/src/qr.cpp:300) to 'cordic' and 'select' operation ('r.V').&#xD;&#xA;Resolution: For help on HLS 200-880 see www.xilinx.com/cgi-bin/docs/rdoc?v=2022.1;t=hls+guidance;d=200-880.html" projectName="A5V3FIX" solutionName="solution2" date="2022-11-27T10:43:36.349-0600" type="Warning"/>
        <logs message="WARNING: [HLS 200-880] The II Violation in module 'qr_Pipeline_VITIS_LOOP_298_22' (loop 'VITIS_LOOP_298_22'): Unable to enforce a carried dependence constraint (II = 3, distance = 1, offset = 1) between 'call' operation ('cordic_ret', A5V3FIX/src/qr.cpp:300) to 'cordic' and 'select' operation ('r.V').&#xD;&#xA;Resolution: For help on HLS 200-880 see www.xilinx.com/cgi-bin/docs/rdoc?v=2022.1;t=hls+guidance;d=200-880.html" projectName="A5V3FIX" solutionName="solution2" date="2022-11-27T10:43:36.313-0600" type="Warning"/>
        <logs message="WARNING: [HLS 200-880] The II Violation in module 'qr_Pipeline_VITIS_LOOP_298_22' (loop 'VITIS_LOOP_298_22'): Unable to enforce a carried dependence constraint (II = 2, distance = 1, offset = 1) between 'call' operation ('cordic_ret', A5V3FIX/src/qr.cpp:300) to 'cordic' and 'select' operation ('r.V').&#xD;&#xA;Resolution: For help on HLS 200-880 see www.xilinx.com/cgi-bin/docs/rdoc?v=2022.1;t=hls+guidance;d=200-880.html" projectName="A5V3FIX" solutionName="solution2" date="2022-11-27T10:43:36.281-0600" type="Warning"/>
        <logs message="WARNING: [HLS 200-880] The II Violation in module 'qr_Pipeline_VITIS_LOOP_298_22' (loop 'VITIS_LOOP_298_22'): Unable to enforce a carried dependence constraint (II = 1, distance = 1, offset = 1) between 'call' operation ('cordic_ret', A5V3FIX/src/qr.cpp:300) to 'cordic' and 'select' operation ('r.V').&#xD;&#xA;Resolution: For help on HLS 200-880 see www.xilinx.com/cgi-bin/docs/rdoc?v=2022.1;t=hls+guidance;d=200-880.html" projectName="A5V3FIX" solutionName="solution2" date="2022-11-27T10:43:36.237-0600" type="Warning"/>
        <logs message="WARNING: [HLS 200-880] The II Violation in module 'qr_Pipeline_VITIS_LOOP_290_21' (loop 'VITIS_LOOP_290_21'): Unable to enforce a carried dependence constraint (II = 11, distance = 1, offset = 1) between 'call' operation ('cordic_ret', A5V3FIX/src/qr.cpp:292) to 'cordic' and 'select' operation ('r.V').&#xD;&#xA;Resolution: For help on HLS 200-880 see www.xilinx.com/cgi-bin/docs/rdoc?v=2022.1;t=hls+guidance;d=200-880.html" projectName="A5V3FIX" solutionName="solution2" date="2022-11-27T10:43:35.450-0600" type="Warning"/>
        <logs message="WARNING: [HLS 200-880] The II Violation in module 'qr_Pipeline_VITIS_LOOP_290_21' (loop 'VITIS_LOOP_290_21'): Unable to enforce a carried dependence constraint (II = 4, distance = 1, offset = 1) between 'call' operation ('cordic_ret', A5V3FIX/src/qr.cpp:292) to 'cordic' and 'select' operation ('r.V').&#xD;&#xA;Resolution: For help on HLS 200-880 see www.xilinx.com/cgi-bin/docs/rdoc?v=2022.1;t=hls+guidance;d=200-880.html" projectName="A5V3FIX" solutionName="solution2" date="2022-11-27T10:43:35.420-0600" type="Warning"/>
        <logs message="WARNING: [HLS 200-880] The II Violation in module 'qr_Pipeline_VITIS_LOOP_290_21' (loop 'VITIS_LOOP_290_21'): Unable to enforce a carried dependence constraint (II = 3, distance = 1, offset = 1) between 'call' operation ('cordic_ret', A5V3FIX/src/qr.cpp:292) to 'cordic' and 'select' operation ('r.V').&#xD;&#xA;Resolution: For help on HLS 200-880 see www.xilinx.com/cgi-bin/docs/rdoc?v=2022.1;t=hls+guidance;d=200-880.html" projectName="A5V3FIX" solutionName="solution2" date="2022-11-27T10:43:35.392-0600" type="Warning"/>
        <logs message="WARNING: [HLS 200-880] The II Violation in module 'qr_Pipeline_VITIS_LOOP_290_21' (loop 'VITIS_LOOP_290_21'): Unable to enforce a carried dependence constraint (II = 2, distance = 1, offset = 1) between 'call' operation ('cordic_ret', A5V3FIX/src/qr.cpp:292) to 'cordic' and 'select' operation ('r.V').&#xD;&#xA;Resolution: For help on HLS 200-880 see www.xilinx.com/cgi-bin/docs/rdoc?v=2022.1;t=hls+guidance;d=200-880.html" projectName="A5V3FIX" solutionName="solution2" date="2022-11-27T10:43:35.363-0600" type="Warning"/>
        <logs message="WARNING: [HLS 200-880] The II Violation in module 'qr_Pipeline_VITIS_LOOP_290_21' (loop 'VITIS_LOOP_290_21'): Unable to enforce a carried dependence constraint (II = 1, distance = 1, offset = 1) between 'call' operation ('cordic_ret', A5V3FIX/src/qr.cpp:292) to 'cordic' and 'select' operation ('r.V').&#xD;&#xA;Resolution: For help on HLS 200-880 see www.xilinx.com/cgi-bin/docs/rdoc?v=2022.1;t=hls+guidance;d=200-880.html" projectName="A5V3FIX" solutionName="solution2" date="2022-11-27T10:43:35.333-0600" type="Warning"/>
        <logs message="WARNING: [HLS 200-880] The II Violation in module 'qr_Pipeline_VITIS_LOOP_282_20' (loop 'VITIS_LOOP_282_20'): Unable to enforce a carried dependence constraint (II = 11, distance = 1, offset = 1) between 'call' operation ('cordic_ret', A5V3FIX/src/qr.cpp:284) to 'cordic' and 'select' operation ('r.V').&#xD;&#xA;Resolution: For help on HLS 200-880 see www.xilinx.com/cgi-bin/docs/rdoc?v=2022.1;t=hls+guidance;d=200-880.html" projectName="A5V3FIX" solutionName="solution2" date="2022-11-27T10:43:34.529-0600" type="Warning"/>
        <logs message="WARNING: [HLS 200-880] The II Violation in module 'qr_Pipeline_VITIS_LOOP_282_20' (loop 'VITIS_LOOP_282_20'): Unable to enforce a carried dependence constraint (II = 4, distance = 1, offset = 1) between 'call' operation ('cordic_ret', A5V3FIX/src/qr.cpp:284) to 'cordic' and 'select' operation ('r.V').&#xD;&#xA;Resolution: For help on HLS 200-880 see www.xilinx.com/cgi-bin/docs/rdoc?v=2022.1;t=hls+guidance;d=200-880.html" projectName="A5V3FIX" solutionName="solution2" date="2022-11-27T10:43:34.501-0600" type="Warning"/>
        <logs message="WARNING: [HLS 200-880] The II Violation in module 'qr_Pipeline_VITIS_LOOP_282_20' (loop 'VITIS_LOOP_282_20'): Unable to enforce a carried dependence constraint (II = 3, distance = 1, offset = 1) between 'call' operation ('cordic_ret', A5V3FIX/src/qr.cpp:284) to 'cordic' and 'select' operation ('r.V').&#xD;&#xA;Resolution: For help on HLS 200-880 see www.xilinx.com/cgi-bin/docs/rdoc?v=2022.1;t=hls+guidance;d=200-880.html" projectName="A5V3FIX" solutionName="solution2" date="2022-11-27T10:43:34.474-0600" type="Warning"/>
        <logs message="WARNING: [HLS 200-880] The II Violation in module 'qr_Pipeline_VITIS_LOOP_282_20' (loop 'VITIS_LOOP_282_20'): Unable to enforce a carried dependence constraint (II = 2, distance = 1, offset = 1) between 'call' operation ('cordic_ret', A5V3FIX/src/qr.cpp:284) to 'cordic' and 'select' operation ('r.V').&#xD;&#xA;Resolution: For help on HLS 200-880 see www.xilinx.com/cgi-bin/docs/rdoc?v=2022.1;t=hls+guidance;d=200-880.html" projectName="A5V3FIX" solutionName="solution2" date="2022-11-27T10:43:34.442-0600" type="Warning"/>
        <logs message="WARNING: [HLS 200-880] The II Violation in module 'qr_Pipeline_VITIS_LOOP_282_20' (loop 'VITIS_LOOP_282_20'): Unable to enforce a carried dependence constraint (II = 1, distance = 1, offset = 1) between 'call' operation ('cordic_ret', A5V3FIX/src/qr.cpp:284) to 'cordic' and 'select' operation ('r.V').&#xD;&#xA;Resolution: For help on HLS 200-880 see www.xilinx.com/cgi-bin/docs/rdoc?v=2022.1;t=hls+guidance;d=200-880.html" projectName="A5V3FIX" solutionName="solution2" date="2022-11-27T10:43:34.416-0600" type="Warning"/>
        <logs message="WARNING: [HLS 200-880] The II Violation in module 'qr_Pipeline_VITIS_LOOP_274_19' (loop 'VITIS_LOOP_274_19'): Unable to enforce a carried dependence constraint (II = 11, distance = 1, offset = 1) between 'call' operation ('cordic_ret', A5V3FIX/src/qr.cpp:276) to 'cordic' and 'select' operation ('r.V').&#xD;&#xA;Resolution: For help on HLS 200-880 see www.xilinx.com/cgi-bin/docs/rdoc?v=2022.1;t=hls+guidance;d=200-880.html" projectName="A5V3FIX" solutionName="solution2" date="2022-11-27T10:43:33.609-0600" type="Warning"/>
        <logs message="WARNING: [HLS 200-880] The II Violation in module 'qr_Pipeline_VITIS_LOOP_274_19' (loop 'VITIS_LOOP_274_19'): Unable to enforce a carried dependence constraint (II = 4, distance = 1, offset = 1) between 'call' operation ('cordic_ret', A5V3FIX/src/qr.cpp:276) to 'cordic' and 'select' operation ('r.V').&#xD;&#xA;Resolution: For help on HLS 200-880 see www.xilinx.com/cgi-bin/docs/rdoc?v=2022.1;t=hls+guidance;d=200-880.html" projectName="A5V3FIX" solutionName="solution2" date="2022-11-27T10:43:33.575-0600" type="Warning"/>
        <logs message="WARNING: [HLS 200-880] The II Violation in module 'qr_Pipeline_VITIS_LOOP_274_19' (loop 'VITIS_LOOP_274_19'): Unable to enforce a carried dependence constraint (II = 3, distance = 1, offset = 1) between 'call' operation ('cordic_ret', A5V3FIX/src/qr.cpp:276) to 'cordic' and 'select' operation ('r.V').&#xD;&#xA;Resolution: For help on HLS 200-880 see www.xilinx.com/cgi-bin/docs/rdoc?v=2022.1;t=hls+guidance;d=200-880.html" projectName="A5V3FIX" solutionName="solution2" date="2022-11-27T10:43:33.540-0600" type="Warning"/>
        <logs message="WARNING: [HLS 200-880] The II Violation in module 'qr_Pipeline_VITIS_LOOP_274_19' (loop 'VITIS_LOOP_274_19'): Unable to enforce a carried dependence constraint (II = 2, distance = 1, offset = 1) between 'call' operation ('cordic_ret', A5V3FIX/src/qr.cpp:276) to 'cordic' and 'select' operation ('r.V').&#xD;&#xA;Resolution: For help on HLS 200-880 see www.xilinx.com/cgi-bin/docs/rdoc?v=2022.1;t=hls+guidance;d=200-880.html" projectName="A5V3FIX" solutionName="solution2" date="2022-11-27T10:43:33.514-0600" type="Warning"/>
        <logs message="WARNING: [HLS 200-880] The II Violation in module 'qr_Pipeline_VITIS_LOOP_274_19' (loop 'VITIS_LOOP_274_19'): Unable to enforce a carried dependence constraint (II = 1, distance = 1, offset = 1) between 'call' operation ('cordic_ret', A5V3FIX/src/qr.cpp:276) to 'cordic' and 'select' operation ('r.V').&#xD;&#xA;Resolution: For help on HLS 200-880 see www.xilinx.com/cgi-bin/docs/rdoc?v=2022.1;t=hls+guidance;d=200-880.html" projectName="A5V3FIX" solutionName="solution2" date="2022-11-27T10:43:33.487-0600" type="Warning"/>
        <logs message="WARNING: [HLS 200-880] The II Violation in module 'qr_Pipeline_VITIS_LOOP_265_18' (loop 'VITIS_LOOP_265_18'): Unable to enforce a carried dependence constraint (II = 11, distance = 1, offset = 1) between 'call' operation ('cordic_ret', A5V3FIX/src/qr.cpp:267) to 'cordic' and 'select' operation ('r.V').&#xD;&#xA;Resolution: For help on HLS 200-880 see www.xilinx.com/cgi-bin/docs/rdoc?v=2022.1;t=hls+guidance;d=200-880.html" projectName="A5V3FIX" solutionName="solution2" date="2022-11-27T10:43:32.672-0600" type="Warning"/>
        <logs message="WARNING: [HLS 200-880] The II Violation in module 'qr_Pipeline_VITIS_LOOP_265_18' (loop 'VITIS_LOOP_265_18'): Unable to enforce a carried dependence constraint (II = 4, distance = 1, offset = 1) between 'call' operation ('cordic_ret', A5V3FIX/src/qr.cpp:267) to 'cordic' and 'select' operation ('r.V').&#xD;&#xA;Resolution: For help on HLS 200-880 see www.xilinx.com/cgi-bin/docs/rdoc?v=2022.1;t=hls+guidance;d=200-880.html" projectName="A5V3FIX" solutionName="solution2" date="2022-11-27T10:43:32.642-0600" type="Warning"/>
        <logs message="WARNING: [HLS 200-880] The II Violation in module 'qr_Pipeline_VITIS_LOOP_265_18' (loop 'VITIS_LOOP_265_18'): Unable to enforce a carried dependence constraint (II = 3, distance = 1, offset = 1) between 'call' operation ('cordic_ret', A5V3FIX/src/qr.cpp:267) to 'cordic' and 'select' operation ('r.V').&#xD;&#xA;Resolution: For help on HLS 200-880 see www.xilinx.com/cgi-bin/docs/rdoc?v=2022.1;t=hls+guidance;d=200-880.html" projectName="A5V3FIX" solutionName="solution2" date="2022-11-27T10:43:32.613-0600" type="Warning"/>
        <logs message="WARNING: [HLS 200-880] The II Violation in module 'qr_Pipeline_VITIS_LOOP_265_18' (loop 'VITIS_LOOP_265_18'): Unable to enforce a carried dependence constraint (II = 2, distance = 1, offset = 1) between 'call' operation ('cordic_ret', A5V3FIX/src/qr.cpp:267) to 'cordic' and 'select' operation ('r.V').&#xD;&#xA;Resolution: For help on HLS 200-880 see www.xilinx.com/cgi-bin/docs/rdoc?v=2022.1;t=hls+guidance;d=200-880.html" projectName="A5V3FIX" solutionName="solution2" date="2022-11-27T10:43:32.587-0600" type="Warning"/>
        <logs message="WARNING: [HLS 200-880] The II Violation in module 'qr_Pipeline_VITIS_LOOP_265_18' (loop 'VITIS_LOOP_265_18'): Unable to enforce a carried dependence constraint (II = 1, distance = 1, offset = 1) between 'call' operation ('cordic_ret', A5V3FIX/src/qr.cpp:267) to 'cordic' and 'select' operation ('r.V').&#xD;&#xA;Resolution: For help on HLS 200-880 see www.xilinx.com/cgi-bin/docs/rdoc?v=2022.1;t=hls+guidance;d=200-880.html" projectName="A5V3FIX" solutionName="solution2" date="2022-11-27T10:43:32.561-0600" type="Warning"/>
        <logs message="WARNING: [HLS 200-880] The II Violation in module 'qr_Pipeline_VITIS_LOOP_257_17' (loop 'VITIS_LOOP_257_17'): Unable to enforce a carried dependence constraint (II = 11, distance = 1, offset = 1) between 'call' operation ('cordic_ret', A5V3FIX/src/qr.cpp:259) to 'cordic' and 'select' operation ('r.V').&#xD;&#xA;Resolution: For help on HLS 200-880 see www.xilinx.com/cgi-bin/docs/rdoc?v=2022.1;t=hls+guidance;d=200-880.html" projectName="A5V3FIX" solutionName="solution2" date="2022-11-27T10:43:31.783-0600" type="Warning"/>
        <logs message="WARNING: [HLS 200-880] The II Violation in module 'qr_Pipeline_VITIS_LOOP_257_17' (loop 'VITIS_LOOP_257_17'): Unable to enforce a carried dependence constraint (II = 4, distance = 1, offset = 1) between 'call' operation ('cordic_ret', A5V3FIX/src/qr.cpp:259) to 'cordic' and 'select' operation ('r.V').&#xD;&#xA;Resolution: For help on HLS 200-880 see www.xilinx.com/cgi-bin/docs/rdoc?v=2022.1;t=hls+guidance;d=200-880.html" projectName="A5V3FIX" solutionName="solution2" date="2022-11-27T10:43:31.751-0600" type="Warning"/>
        <logs message="WARNING: [HLS 200-880] The II Violation in module 'qr_Pipeline_VITIS_LOOP_257_17' (loop 'VITIS_LOOP_257_17'): Unable to enforce a carried dependence constraint (II = 3, distance = 1, offset = 1) between 'call' operation ('cordic_ret', A5V3FIX/src/qr.cpp:259) to 'cordic' and 'select' operation ('r.V').&#xD;&#xA;Resolution: For help on HLS 200-880 see www.xilinx.com/cgi-bin/docs/rdoc?v=2022.1;t=hls+guidance;d=200-880.html" projectName="A5V3FIX" solutionName="solution2" date="2022-11-27T10:43:31.713-0600" type="Warning"/>
        <logs message="WARNING: [HLS 200-880] The II Violation in module 'qr_Pipeline_VITIS_LOOP_257_17' (loop 'VITIS_LOOP_257_17'): Unable to enforce a carried dependence constraint (II = 2, distance = 1, offset = 1) between 'call' operation ('cordic_ret', A5V3FIX/src/qr.cpp:259) to 'cordic' and 'select' operation ('r.V').&#xD;&#xA;Resolution: For help on HLS 200-880 see www.xilinx.com/cgi-bin/docs/rdoc?v=2022.1;t=hls+guidance;d=200-880.html" projectName="A5V3FIX" solutionName="solution2" date="2022-11-27T10:43:31.677-0600" type="Warning"/>
        <logs message="WARNING: [HLS 200-880] The II Violation in module 'qr_Pipeline_VITIS_LOOP_257_17' (loop 'VITIS_LOOP_257_17'): Unable to enforce a carried dependence constraint (II = 1, distance = 1, offset = 1) between 'call' operation ('cordic_ret', A5V3FIX/src/qr.cpp:259) to 'cordic' and 'select' operation ('r.V').&#xD;&#xA;Resolution: For help on HLS 200-880 see www.xilinx.com/cgi-bin/docs/rdoc?v=2022.1;t=hls+guidance;d=200-880.html" projectName="A5V3FIX" solutionName="solution2" date="2022-11-27T10:43:31.639-0600" type="Warning"/>
        <logs message="WARNING: [HLS 200-880] The II Violation in module 'qr_Pipeline_VITIS_LOOP_249_16' (loop 'VITIS_LOOP_249_16'): Unable to enforce a carried dependence constraint (II = 11, distance = 1, offset = 1) between 'call' operation ('cordic_ret', A5V3FIX/src/qr.cpp:251) to 'cordic' and 'select' operation ('r.V').&#xD;&#xA;Resolution: For help on HLS 200-880 see www.xilinx.com/cgi-bin/docs/rdoc?v=2022.1;t=hls+guidance;d=200-880.html" projectName="A5V3FIX" solutionName="solution2" date="2022-11-27T10:43:30.837-0600" type="Warning"/>
        <logs message="WARNING: [HLS 200-880] The II Violation in module 'qr_Pipeline_VITIS_LOOP_249_16' (loop 'VITIS_LOOP_249_16'): Unable to enforce a carried dependence constraint (II = 4, distance = 1, offset = 1) between 'call' operation ('cordic_ret', A5V3FIX/src/qr.cpp:251) to 'cordic' and 'select' operation ('r.V').&#xD;&#xA;Resolution: For help on HLS 200-880 see www.xilinx.com/cgi-bin/docs/rdoc?v=2022.1;t=hls+guidance;d=200-880.html" projectName="A5V3FIX" solutionName="solution2" date="2022-11-27T10:43:30.808-0600" type="Warning"/>
        <logs message="WARNING: [HLS 200-880] The II Violation in module 'qr_Pipeline_VITIS_LOOP_249_16' (loop 'VITIS_LOOP_249_16'): Unable to enforce a carried dependence constraint (II = 3, distance = 1, offset = 1) between 'call' operation ('cordic_ret', A5V3FIX/src/qr.cpp:251) to 'cordic' and 'select' operation ('r.V').&#xD;&#xA;Resolution: For help on HLS 200-880 see www.xilinx.com/cgi-bin/docs/rdoc?v=2022.1;t=hls+guidance;d=200-880.html" projectName="A5V3FIX" solutionName="solution2" date="2022-11-27T10:43:30.778-0600" type="Warning"/>
        <logs message="WARNING: [HLS 200-880] The II Violation in module 'qr_Pipeline_VITIS_LOOP_249_16' (loop 'VITIS_LOOP_249_16'): Unable to enforce a carried dependence constraint (II = 2, distance = 1, offset = 1) between 'call' operation ('cordic_ret', A5V3FIX/src/qr.cpp:251) to 'cordic' and 'select' operation ('r.V').&#xD;&#xA;Resolution: For help on HLS 200-880 see www.xilinx.com/cgi-bin/docs/rdoc?v=2022.1;t=hls+guidance;d=200-880.html" projectName="A5V3FIX" solutionName="solution2" date="2022-11-27T10:43:30.752-0600" type="Warning"/>
        <logs message="WARNING: [HLS 200-880] The II Violation in module 'qr_Pipeline_VITIS_LOOP_249_16' (loop 'VITIS_LOOP_249_16'): Unable to enforce a carried dependence constraint (II = 1, distance = 1, offset = 1) between 'call' operation ('cordic_ret', A5V3FIX/src/qr.cpp:251) to 'cordic' and 'select' operation ('r.V').&#xD;&#xA;Resolution: For help on HLS 200-880 see www.xilinx.com/cgi-bin/docs/rdoc?v=2022.1;t=hls+guidance;d=200-880.html" projectName="A5V3FIX" solutionName="solution2" date="2022-11-27T10:43:30.726-0600" type="Warning"/>
        <logs message="WARNING: [HLS 200-880] The II Violation in module 'qr_Pipeline_VITIS_LOOP_241_15' (loop 'VITIS_LOOP_241_15'): Unable to enforce a carried dependence constraint (II = 11, distance = 1, offset = 1) between 'call' operation ('cordic_ret', A5V3FIX/src/qr.cpp:243) to 'cordic' and 'select' operation ('r.V').&#xD;&#xA;Resolution: For help on HLS 200-880 see www.xilinx.com/cgi-bin/docs/rdoc?v=2022.1;t=hls+guidance;d=200-880.html" projectName="A5V3FIX" solutionName="solution2" date="2022-11-27T10:43:29.973-0600" type="Warning"/>
        <logs message="WARNING: [HLS 200-880] The II Violation in module 'qr_Pipeline_VITIS_LOOP_241_15' (loop 'VITIS_LOOP_241_15'): Unable to enforce a carried dependence constraint (II = 4, distance = 1, offset = 1) between 'call' operation ('cordic_ret', A5V3FIX/src/qr.cpp:243) to 'cordic' and 'select' operation ('r.V').&#xD;&#xA;Resolution: For help on HLS 200-880 see www.xilinx.com/cgi-bin/docs/rdoc?v=2022.1;t=hls+guidance;d=200-880.html" projectName="A5V3FIX" solutionName="solution2" date="2022-11-27T10:43:29.943-0600" type="Warning"/>
        <logs message="WARNING: [HLS 200-880] The II Violation in module 'qr_Pipeline_VITIS_LOOP_241_15' (loop 'VITIS_LOOP_241_15'): Unable to enforce a carried dependence constraint (II = 3, distance = 1, offset = 1) between 'call' operation ('cordic_ret', A5V3FIX/src/qr.cpp:243) to 'cordic' and 'select' operation ('r.V').&#xD;&#xA;Resolution: For help on HLS 200-880 see www.xilinx.com/cgi-bin/docs/rdoc?v=2022.1;t=hls+guidance;d=200-880.html" projectName="A5V3FIX" solutionName="solution2" date="2022-11-27T10:43:29.915-0600" type="Warning"/>
        <logs message="WARNING: [HLS 200-880] The II Violation in module 'qr_Pipeline_VITIS_LOOP_241_15' (loop 'VITIS_LOOP_241_15'): Unable to enforce a carried dependence constraint (II = 2, distance = 1, offset = 1) between 'call' operation ('cordic_ret', A5V3FIX/src/qr.cpp:243) to 'cordic' and 'select' operation ('r.V').&#xD;&#xA;Resolution: For help on HLS 200-880 see www.xilinx.com/cgi-bin/docs/rdoc?v=2022.1;t=hls+guidance;d=200-880.html" projectName="A5V3FIX" solutionName="solution2" date="2022-11-27T10:43:29.879-0600" type="Warning"/>
        <logs message="WARNING: [HLS 200-880] The II Violation in module 'qr_Pipeline_VITIS_LOOP_241_15' (loop 'VITIS_LOOP_241_15'): Unable to enforce a carried dependence constraint (II = 1, distance = 1, offset = 1) between 'call' operation ('cordic_ret', A5V3FIX/src/qr.cpp:243) to 'cordic' and 'select' operation ('r.V').&#xD;&#xA;Resolution: For help on HLS 200-880 see www.xilinx.com/cgi-bin/docs/rdoc?v=2022.1;t=hls+guidance;d=200-880.html" projectName="A5V3FIX" solutionName="solution2" date="2022-11-27T10:43:29.853-0600" type="Warning"/>
        <logs message="WARNING: [HLS 200-880] The II Violation in module 'qr_Pipeline_VITIS_LOOP_232_14' (loop 'VITIS_LOOP_232_14'): Unable to enforce a carried dependence constraint (II = 11, distance = 1, offset = 1) between 'call' operation ('cordic_ret', A5V3FIX/src/qr.cpp:234) to 'cordic' and 'select' operation ('r.V').&#xD;&#xA;Resolution: For help on HLS 200-880 see www.xilinx.com/cgi-bin/docs/rdoc?v=2022.1;t=hls+guidance;d=200-880.html" projectName="A5V3FIX" solutionName="solution2" date="2022-11-27T10:43:29.033-0600" type="Warning"/>
        <logs message="WARNING: [HLS 200-880] The II Violation in module 'qr_Pipeline_VITIS_LOOP_232_14' (loop 'VITIS_LOOP_232_14'): Unable to enforce a carried dependence constraint (II = 4, distance = 1, offset = 1) between 'call' operation ('cordic_ret', A5V3FIX/src/qr.cpp:234) to 'cordic' and 'select' operation ('r.V').&#xD;&#xA;Resolution: For help on HLS 200-880 see www.xilinx.com/cgi-bin/docs/rdoc?v=2022.1;t=hls+guidance;d=200-880.html" projectName="A5V3FIX" solutionName="solution2" date="2022-11-27T10:43:28.999-0600" type="Warning"/>
        <logs message="WARNING: [HLS 200-880] The II Violation in module 'qr_Pipeline_VITIS_LOOP_232_14' (loop 'VITIS_LOOP_232_14'): Unable to enforce a carried dependence constraint (II = 3, distance = 1, offset = 1) between 'call' operation ('cordic_ret', A5V3FIX/src/qr.cpp:234) to 'cordic' and 'select' operation ('r.V').&#xD;&#xA;Resolution: For help on HLS 200-880 see www.xilinx.com/cgi-bin/docs/rdoc?v=2022.1;t=hls+guidance;d=200-880.html" projectName="A5V3FIX" solutionName="solution2" date="2022-11-27T10:43:28.970-0600" type="Warning"/>
        <logs message="WARNING: [HLS 200-880] The II Violation in module 'qr_Pipeline_VITIS_LOOP_232_14' (loop 'VITIS_LOOP_232_14'): Unable to enforce a carried dependence constraint (II = 2, distance = 1, offset = 1) between 'call' operation ('cordic_ret', A5V3FIX/src/qr.cpp:234) to 'cordic' and 'select' operation ('r.V').&#xD;&#xA;Resolution: For help on HLS 200-880 see www.xilinx.com/cgi-bin/docs/rdoc?v=2022.1;t=hls+guidance;d=200-880.html" projectName="A5V3FIX" solutionName="solution2" date="2022-11-27T10:43:28.940-0600" type="Warning"/>
        <logs message="WARNING: [HLS 200-880] The II Violation in module 'qr_Pipeline_VITIS_LOOP_232_14' (loop 'VITIS_LOOP_232_14'): Unable to enforce a carried dependence constraint (II = 1, distance = 1, offset = 1) between 'call' operation ('cordic_ret', A5V3FIX/src/qr.cpp:234) to 'cordic' and 'select' operation ('r.V').&#xD;&#xA;Resolution: For help on HLS 200-880 see www.xilinx.com/cgi-bin/docs/rdoc?v=2022.1;t=hls+guidance;d=200-880.html" projectName="A5V3FIX" solutionName="solution2" date="2022-11-27T10:43:28.914-0600" type="Warning"/>
        <logs message="WARNING: [HLS 200-880] The II Violation in module 'qr_Pipeline_VITIS_LOOP_224_13' (loop 'VITIS_LOOP_224_13'): Unable to enforce a carried dependence constraint (II = 11, distance = 1, offset = 1) between 'call' operation ('cordic_ret9', A5V3FIX/src/qr.cpp:226) to 'cordic' and 'select' operation ('r.V').&#xD;&#xA;Resolution: For help on HLS 200-880 see www.xilinx.com/cgi-bin/docs/rdoc?v=2022.1;t=hls+guidance;d=200-880.html" projectName="A5V3FIX" solutionName="solution2" date="2022-11-27T10:43:28.152-0600" type="Warning"/>
        <logs message="WARNING: [HLS 200-880] The II Violation in module 'qr_Pipeline_VITIS_LOOP_224_13' (loop 'VITIS_LOOP_224_13'): Unable to enforce a carried dependence constraint (II = 4, distance = 1, offset = 1) between 'call' operation ('cordic_ret9', A5V3FIX/src/qr.cpp:226) to 'cordic' and 'select' operation ('r.V').&#xD;&#xA;Resolution: For help on HLS 200-880 see www.xilinx.com/cgi-bin/docs/rdoc?v=2022.1;t=hls+guidance;d=200-880.html" projectName="A5V3FIX" solutionName="solution2" date="2022-11-27T10:43:28.121-0600" type="Warning"/>
        <logs message="WARNING: [HLS 200-880] The II Violation in module 'qr_Pipeline_VITIS_LOOP_224_13' (loop 'VITIS_LOOP_224_13'): Unable to enforce a carried dependence constraint (II = 3, distance = 1, offset = 1) between 'call' operation ('cordic_ret9', A5V3FIX/src/qr.cpp:226) to 'cordic' and 'select' operation ('r.V').&#xD;&#xA;Resolution: For help on HLS 200-880 see www.xilinx.com/cgi-bin/docs/rdoc?v=2022.1;t=hls+guidance;d=200-880.html" projectName="A5V3FIX" solutionName="solution2" date="2022-11-27T10:43:28.095-0600" type="Warning"/>
        <logs message="WARNING: [HLS 200-880] The II Violation in module 'qr_Pipeline_VITIS_LOOP_224_13' (loop 'VITIS_LOOP_224_13'): Unable to enforce a carried dependence constraint (II = 2, distance = 1, offset = 1) between 'call' operation ('cordic_ret9', A5V3FIX/src/qr.cpp:226) to 'cordic' and 'select' operation ('r.V').&#xD;&#xA;Resolution: For help on HLS 200-880 see www.xilinx.com/cgi-bin/docs/rdoc?v=2022.1;t=hls+guidance;d=200-880.html" projectName="A5V3FIX" solutionName="solution2" date="2022-11-27T10:43:28.069-0600" type="Warning"/>
        <logs message="WARNING: [HLS 200-880] The II Violation in module 'qr_Pipeline_VITIS_LOOP_224_13' (loop 'VITIS_LOOP_224_13'): Unable to enforce a carried dependence constraint (II = 1, distance = 1, offset = 1) between 'call' operation ('cordic_ret9', A5V3FIX/src/qr.cpp:226) to 'cordic' and 'select' operation ('r.V').&#xD;&#xA;Resolution: For help on HLS 200-880 see www.xilinx.com/cgi-bin/docs/rdoc?v=2022.1;t=hls+guidance;d=200-880.html" projectName="A5V3FIX" solutionName="solution2" date="2022-11-27T10:43:28.043-0600" type="Warning"/>
        <logs message="WARNING: [HLS 200-880] The II Violation in module 'qr_Pipeline_VITIS_LOOP_216_12' (loop 'VITIS_LOOP_216_12'): Unable to enforce a carried dependence constraint (II = 11, distance = 1, offset = 1) between 'call' operation ('cordic_ret8', A5V3FIX/src/qr.cpp:218) to 'cordic' and 'select' operation ('r.V').&#xD;&#xA;Resolution: For help on HLS 200-880 see www.xilinx.com/cgi-bin/docs/rdoc?v=2022.1;t=hls+guidance;d=200-880.html" projectName="A5V3FIX" solutionName="solution2" date="2022-11-27T10:43:27.270-0600" type="Warning"/>
        <logs message="WARNING: [HLS 200-880] The II Violation in module 'qr_Pipeline_VITIS_LOOP_216_12' (loop 'VITIS_LOOP_216_12'): Unable to enforce a carried dependence constraint (II = 4, distance = 1, offset = 1) between 'call' operation ('cordic_ret8', A5V3FIX/src/qr.cpp:218) to 'cordic' and 'select' operation ('r.V').&#xD;&#xA;Resolution: For help on HLS 200-880 see www.xilinx.com/cgi-bin/docs/rdoc?v=2022.1;t=hls+guidance;d=200-880.html" projectName="A5V3FIX" solutionName="solution2" date="2022-11-27T10:43:27.242-0600" type="Warning"/>
        <logs message="WARNING: [HLS 200-880] The II Violation in module 'qr_Pipeline_VITIS_LOOP_216_12' (loop 'VITIS_LOOP_216_12'): Unable to enforce a carried dependence constraint (II = 3, distance = 1, offset = 1) between 'call' operation ('cordic_ret8', A5V3FIX/src/qr.cpp:218) to 'cordic' and 'select' operation ('r.V').&#xD;&#xA;Resolution: For help on HLS 200-880 see www.xilinx.com/cgi-bin/docs/rdoc?v=2022.1;t=hls+guidance;d=200-880.html" projectName="A5V3FIX" solutionName="solution2" date="2022-11-27T10:43:27.214-0600" type="Warning"/>
        <logs message="WARNING: [HLS 200-880] The II Violation in module 'qr_Pipeline_VITIS_LOOP_216_12' (loop 'VITIS_LOOP_216_12'): Unable to enforce a carried dependence constraint (II = 2, distance = 1, offset = 1) between 'call' operation ('cordic_ret8', A5V3FIX/src/qr.cpp:218) to 'cordic' and 'select' operation ('r.V').&#xD;&#xA;Resolution: For help on HLS 200-880 see www.xilinx.com/cgi-bin/docs/rdoc?v=2022.1;t=hls+guidance;d=200-880.html" projectName="A5V3FIX" solutionName="solution2" date="2022-11-27T10:43:27.188-0600" type="Warning"/>
        <logs message="WARNING: [HLS 200-880] The II Violation in module 'qr_Pipeline_VITIS_LOOP_216_12' (loop 'VITIS_LOOP_216_12'): Unable to enforce a carried dependence constraint (II = 1, distance = 1, offset = 1) between 'call' operation ('cordic_ret8', A5V3FIX/src/qr.cpp:218) to 'cordic' and 'select' operation ('r.V').&#xD;&#xA;Resolution: For help on HLS 200-880 see www.xilinx.com/cgi-bin/docs/rdoc?v=2022.1;t=hls+guidance;d=200-880.html" projectName="A5V3FIX" solutionName="solution2" date="2022-11-27T10:43:27.157-0600" type="Warning"/>
        <logs message="WARNING: [HLS 200-880] The II Violation in module 'qr_Pipeline_VITIS_LOOP_208_11' (loop 'VITIS_LOOP_208_11'): Unable to enforce a carried dependence constraint (II = 11, distance = 1, offset = 1) between 'call' operation ('cordic_ret7', A5V3FIX/src/qr.cpp:210) to 'cordic' and 'select' operation ('r.V').&#xD;&#xA;Resolution: For help on HLS 200-880 see www.xilinx.com/cgi-bin/docs/rdoc?v=2022.1;t=hls+guidance;d=200-880.html" projectName="A5V3FIX" solutionName="solution2" date="2022-11-27T10:43:26.376-0600" type="Warning"/>
        <logs message="WARNING: [HLS 200-880] The II Violation in module 'qr_Pipeline_VITIS_LOOP_208_11' (loop 'VITIS_LOOP_208_11'): Unable to enforce a carried dependence constraint (II = 4, distance = 1, offset = 1) between 'call' operation ('cordic_ret7', A5V3FIX/src/qr.cpp:210) to 'cordic' and 'select' operation ('r.V').&#xD;&#xA;Resolution: For help on HLS 200-880 see www.xilinx.com/cgi-bin/docs/rdoc?v=2022.1;t=hls+guidance;d=200-880.html" projectName="A5V3FIX" solutionName="solution2" date="2022-11-27T10:43:26.349-0600" type="Warning"/>
        <logs message="WARNING: [HLS 200-880] The II Violation in module 'qr_Pipeline_VITIS_LOOP_208_11' (loop 'VITIS_LOOP_208_11'): Unable to enforce a carried dependence constraint (II = 3, distance = 1, offset = 1) between 'call' operation ('cordic_ret7', A5V3FIX/src/qr.cpp:210) to 'cordic' and 'select' operation ('r.V').&#xD;&#xA;Resolution: For help on HLS 200-880 see www.xilinx.com/cgi-bin/docs/rdoc?v=2022.1;t=hls+guidance;d=200-880.html" projectName="A5V3FIX" solutionName="solution2" date="2022-11-27T10:43:26.323-0600" type="Warning"/>
        <logs message="WARNING: [HLS 200-880] The II Violation in module 'qr_Pipeline_VITIS_LOOP_208_11' (loop 'VITIS_LOOP_208_11'): Unable to enforce a carried dependence constraint (II = 2, distance = 1, offset = 1) between 'call' operation ('cordic_ret7', A5V3FIX/src/qr.cpp:210) to 'cordic' and 'select' operation ('r.V').&#xD;&#xA;Resolution: For help on HLS 200-880 see www.xilinx.com/cgi-bin/docs/rdoc?v=2022.1;t=hls+guidance;d=200-880.html" projectName="A5V3FIX" solutionName="solution2" date="2022-11-27T10:43:26.303-0600" type="Warning"/>
        <logs message="WARNING: [HLS 200-880] The II Violation in module 'qr_Pipeline_VITIS_LOOP_208_11' (loop 'VITIS_LOOP_208_11'): Unable to enforce a carried dependence constraint (II = 1, distance = 1, offset = 1) between 'call' operation ('cordic_ret7', A5V3FIX/src/qr.cpp:210) to 'cordic' and 'select' operation ('r.V').&#xD;&#xA;Resolution: For help on HLS 200-880 see www.xilinx.com/cgi-bin/docs/rdoc?v=2022.1;t=hls+guidance;d=200-880.html" projectName="A5V3FIX" solutionName="solution2" date="2022-11-27T10:43:26.268-0600" type="Warning"/>
        <logs message="WARNING: [HLS 200-880] The II Violation in module 'qr_Pipeline_VITIS_LOOP_178_10' (loop 'VITIS_LOOP_178_10'): Unable to enforce a carried dependence constraint (II = 11, distance = 1, offset = 0) between 'store' operation ('reuse_reg_write_ln864') of variable 'trunc_ln864_15' on local variable 'reuse_reg' and 'load' operation ('reuse_reg_load') on local variable 'reuse_reg'.&#xD;&#xA;Resolution: For help on HLS 200-880 see www.xilinx.com/cgi-bin/docs/rdoc?v=2022.1;t=hls+guidance;d=200-880.html" projectName="A5V3FIX" solutionName="solution2" date="2022-11-27T10:43:25.521-0600" type="Warning"/>
        <logs message="WARNING: [HLS 200-880] The II Violation in module 'qr_Pipeline_VITIS_LOOP_178_10' (loop 'VITIS_LOOP_178_10'): Unable to enforce a carried dependence constraint (II = 4, distance = 2, offset = 1) between 'store' operation ('TempV4_V_addr_1_write_ln181', A5V3FIX/src/qr.cpp:181) of variable 'trunc_ln864_15' on array 'TempV4_V' and 'load' operation ('TempV4_V_load', A5V3FIX/src/qr.cpp:180) on array 'TempV4_V'.&#xD;&#xA;Resolution: For help on HLS 200-880 see www.xilinx.com/cgi-bin/docs/rdoc?v=2022.1;t=hls+guidance;d=200-880.html" projectName="A5V3FIX" solutionName="solution2" date="2022-11-27T10:43:25.488-0600" type="Warning"/>
        <logs message="WARNING: [HLS 200-880] The II Violation in module 'qr_Pipeline_VITIS_LOOP_178_10' (loop 'VITIS_LOOP_178_10'): Unable to enforce a carried dependence constraint (II = 3, distance = 2, offset = 1) between 'store' operation ('TempV4_V_addr_1_write_ln181', A5V3FIX/src/qr.cpp:181) of variable 'trunc_ln864_15' on array 'TempV4_V' and 'load' operation ('TempV4_V_load', A5V3FIX/src/qr.cpp:180) on array 'TempV4_V'.&#xD;&#xA;Resolution: For help on HLS 200-880 see www.xilinx.com/cgi-bin/docs/rdoc?v=2022.1;t=hls+guidance;d=200-880.html" projectName="A5V3FIX" solutionName="solution2" date="2022-11-27T10:43:25.450-0600" type="Warning"/>
        <logs message="WARNING: [HLS 200-880] The II Violation in module 'qr_Pipeline_VITIS_LOOP_178_10' (loop 'VITIS_LOOP_178_10'): Unable to enforce a carried dependence constraint (II = 2, distance = 2, offset = 1) between 'store' operation ('TempV4_V_addr_1_write_ln181', A5V3FIX/src/qr.cpp:181) of variable 'trunc_ln864_15' on array 'TempV4_V' and 'load' operation ('TempV4_V_load', A5V3FIX/src/qr.cpp:180) on array 'TempV4_V'.&#xD;&#xA;Resolution: For help on HLS 200-880 see www.xilinx.com/cgi-bin/docs/rdoc?v=2022.1;t=hls+guidance;d=200-880.html" projectName="A5V3FIX" solutionName="solution2" date="2022-11-27T10:43:25.418-0600" type="Warning"/>
        <logs message="WARNING: [HLS 200-880] The II Violation in module 'qr_Pipeline_VITIS_LOOP_178_10' (loop 'VITIS_LOOP_178_10'): Unable to enforce a carried dependence constraint (II = 1, distance = 2, offset = 1) between 'store' operation ('TempV4_V_addr_1_write_ln181', A5V3FIX/src/qr.cpp:181) of variable 'trunc_ln864_15' on array 'TempV4_V' and 'load' operation ('TempV4_V_load', A5V3FIX/src/qr.cpp:180) on array 'TempV4_V'.&#xD;&#xA;Resolution: For help on HLS 200-880 see www.xilinx.com/cgi-bin/docs/rdoc?v=2022.1;t=hls+guidance;d=200-880.html" projectName="A5V3FIX" solutionName="solution2" date="2022-11-27T10:43:25.394-0600" type="Warning"/>
        <logs message="WARNING: [HLS 200-880] The II Violation in module 'qr_Pipeline_VITIS_LOOP_168_9' (loop 'VITIS_LOOP_168_9'): Unable to enforce a carried dependence constraint (II = 11, distance = 1, offset = 1) between 'call' operation ('cordic_ret6', A5V3FIX/src/qr.cpp:170) to 'cordic' and 'select' operation ('r.V').&#xD;&#xA;Resolution: For help on HLS 200-880 see www.xilinx.com/cgi-bin/docs/rdoc?v=2022.1;t=hls+guidance;d=200-880.html" projectName="A5V3FIX" solutionName="solution2" date="2022-11-27T10:43:24.639-0600" type="Warning"/>
        <logs message="WARNING: [HLS 200-880] The II Violation in module 'qr_Pipeline_VITIS_LOOP_168_9' (loop 'VITIS_LOOP_168_9'): Unable to enforce a carried dependence constraint (II = 4, distance = 1, offset = 1) between 'call' operation ('cordic_ret6', A5V3FIX/src/qr.cpp:170) to 'cordic' and 'select' operation ('r.V').&#xD;&#xA;Resolution: For help on HLS 200-880 see www.xilinx.com/cgi-bin/docs/rdoc?v=2022.1;t=hls+guidance;d=200-880.html" projectName="A5V3FIX" solutionName="solution2" date="2022-11-27T10:43:24.614-0600" type="Warning"/>
        <logs message="WARNING: [HLS 200-880] The II Violation in module 'qr_Pipeline_VITIS_LOOP_168_9' (loop 'VITIS_LOOP_168_9'): Unable to enforce a carried dependence constraint (II = 3, distance = 1, offset = 1) between 'call' operation ('cordic_ret6', A5V3FIX/src/qr.cpp:170) to 'cordic' and 'select' operation ('r.V').&#xD;&#xA;Resolution: For help on HLS 200-880 see www.xilinx.com/cgi-bin/docs/rdoc?v=2022.1;t=hls+guidance;d=200-880.html" projectName="A5V3FIX" solutionName="solution2" date="2022-11-27T10:43:24.585-0600" type="Warning"/>
        <logs message="WARNING: [HLS 200-880] The II Violation in module 'qr_Pipeline_VITIS_LOOP_168_9' (loop 'VITIS_LOOP_168_9'): Unable to enforce a carried dependence constraint (II = 2, distance = 1, offset = 1) between 'call' operation ('cordic_ret6', A5V3FIX/src/qr.cpp:170) to 'cordic' and 'select' operation ('r.V').&#xD;&#xA;Resolution: For help on HLS 200-880 see www.xilinx.com/cgi-bin/docs/rdoc?v=2022.1;t=hls+guidance;d=200-880.html" projectName="A5V3FIX" solutionName="solution2" date="2022-11-27T10:43:24.560-0600" type="Warning"/>
        <logs message="WARNING: [HLS 200-880] The II Violation in module 'qr_Pipeline_VITIS_LOOP_168_9' (loop 'VITIS_LOOP_168_9'): Unable to enforce a carried dependence constraint (II = 1, distance = 1, offset = 1) between 'call' operation ('cordic_ret6', A5V3FIX/src/qr.cpp:170) to 'cordic' and 'select' operation ('r.V').&#xD;&#xA;Resolution: For help on HLS 200-880 see www.xilinx.com/cgi-bin/docs/rdoc?v=2022.1;t=hls+guidance;d=200-880.html" projectName="A5V3FIX" solutionName="solution2" date="2022-11-27T10:43:24.535-0600" type="Warning"/>
        <logs message="WARNING: [HLS 200-880] The II Violation in module 'qr_Pipeline_VITIS_LOOP_158_8' (loop 'VITIS_LOOP_158_8'): Unable to enforce a carried dependence constraint (II = 11, distance = 1, offset = 0) between 'store' operation ('reuse_reg_write_ln864') of variable 'trunc_ln864_12' on local variable 'reuse_reg' and 'load' operation ('reuse_reg_load') on local variable 'reuse_reg'.&#xD;&#xA;Resolution: For help on HLS 200-880 see www.xilinx.com/cgi-bin/docs/rdoc?v=2022.1;t=hls+guidance;d=200-880.html" projectName="A5V3FIX" solutionName="solution2" date="2022-11-27T10:43:23.816-0600" type="Warning"/>
        <logs message="WARNING: [HLS 200-880] The II Violation in module 'qr_Pipeline_VITIS_LOOP_158_8' (loop 'VITIS_LOOP_158_8'): Unable to enforce a carried dependence constraint (II = 4, distance = 2, offset = 1) between 'store' operation ('TempV3_V_addr_1_write_ln161', A5V3FIX/src/qr.cpp:161) of variable 'trunc_ln864_12' on array 'TempV3_V' and 'load' operation ('TempV3_V_load', A5V3FIX/src/qr.cpp:160) on array 'TempV3_V'.&#xD;&#xA;Resolution: For help on HLS 200-880 see www.xilinx.com/cgi-bin/docs/rdoc?v=2022.1;t=hls+guidance;d=200-880.html" projectName="A5V3FIX" solutionName="solution2" date="2022-11-27T10:43:23.790-0600" type="Warning"/>
        <logs message="WARNING: [HLS 200-880] The II Violation in module 'qr_Pipeline_VITIS_LOOP_158_8' (loop 'VITIS_LOOP_158_8'): Unable to enforce a carried dependence constraint (II = 3, distance = 2, offset = 1) between 'store' operation ('TempV3_V_addr_1_write_ln161', A5V3FIX/src/qr.cpp:161) of variable 'trunc_ln864_12' on array 'TempV3_V' and 'load' operation ('TempV3_V_load', A5V3FIX/src/qr.cpp:160) on array 'TempV3_V'.&#xD;&#xA;Resolution: For help on HLS 200-880 see www.xilinx.com/cgi-bin/docs/rdoc?v=2022.1;t=hls+guidance;d=200-880.html" projectName="A5V3FIX" solutionName="solution2" date="2022-11-27T10:43:23.765-0600" type="Warning"/>
        <logs message="WARNING: [HLS 200-880] The II Violation in module 'qr_Pipeline_VITIS_LOOP_158_8' (loop 'VITIS_LOOP_158_8'): Unable to enforce a carried dependence constraint (II = 2, distance = 2, offset = 1) between 'store' operation ('TempV3_V_addr_1_write_ln161', A5V3FIX/src/qr.cpp:161) of variable 'trunc_ln864_12' on array 'TempV3_V' and 'load' operation ('TempV3_V_load', A5V3FIX/src/qr.cpp:160) on array 'TempV3_V'.&#xD;&#xA;Resolution: For help on HLS 200-880 see www.xilinx.com/cgi-bin/docs/rdoc?v=2022.1;t=hls+guidance;d=200-880.html" projectName="A5V3FIX" solutionName="solution2" date="2022-11-27T10:43:23.740-0600" type="Warning"/>
        <logs message="WARNING: [HLS 200-880] The II Violation in module 'qr_Pipeline_VITIS_LOOP_158_8' (loop 'VITIS_LOOP_158_8'): Unable to enforce a carried dependence constraint (II = 1, distance = 2, offset = 1) between 'store' operation ('TempV3_V_addr_1_write_ln161', A5V3FIX/src/qr.cpp:161) of variable 'trunc_ln864_12' on array 'TempV3_V' and 'load' operation ('TempV3_V_load', A5V3FIX/src/qr.cpp:160) on array 'TempV3_V'.&#xD;&#xA;Resolution: For help on HLS 200-880 see www.xilinx.com/cgi-bin/docs/rdoc?v=2022.1;t=hls+guidance;d=200-880.html" projectName="A5V3FIX" solutionName="solution2" date="2022-11-27T10:43:23.715-0600" type="Warning"/>
        <logs message="WARNING: [HLS 200-880] The II Violation in module 'qr_Pipeline_VITIS_LOOP_149_7' (loop 'VITIS_LOOP_149_7'): Unable to enforce a carried dependence constraint (II = 11, distance = 1, offset = 1) between 'call' operation ('cordic_ret5', A5V3FIX/src/qr.cpp:151) to 'cordic' and 'select' operation ('r.V').&#xD;&#xA;Resolution: For help on HLS 200-880 see www.xilinx.com/cgi-bin/docs/rdoc?v=2022.1;t=hls+guidance;d=200-880.html" projectName="A5V3FIX" solutionName="solution2" date="2022-11-27T10:43:23.065-0600" type="Warning"/>
        <logs message="WARNING: [HLS 200-880] The II Violation in module 'qr_Pipeline_VITIS_LOOP_149_7' (loop 'VITIS_LOOP_149_7'): Unable to enforce a carried dependence constraint (II = 4, distance = 1, offset = 1) between 'call' operation ('cordic_ret5', A5V3FIX/src/qr.cpp:151) to 'cordic' and 'select' operation ('r.V').&#xD;&#xA;Resolution: For help on HLS 200-880 see www.xilinx.com/cgi-bin/docs/rdoc?v=2022.1;t=hls+guidance;d=200-880.html" projectName="A5V3FIX" solutionName="solution2" date="2022-11-27T10:43:23.041-0600" type="Warning"/>
        <logs message="WARNING: [HLS 200-880] The II Violation in module 'qr_Pipeline_VITIS_LOOP_149_7' (loop 'VITIS_LOOP_149_7'): Unable to enforce a carried dependence constraint (II = 3, distance = 1, offset = 1) between 'call' operation ('cordic_ret5', A5V3FIX/src/qr.cpp:151) to 'cordic' and 'select' operation ('r.V').&#xD;&#xA;Resolution: For help on HLS 200-880 see www.xilinx.com/cgi-bin/docs/rdoc?v=2022.1;t=hls+guidance;d=200-880.html" projectName="A5V3FIX" solutionName="solution2" date="2022-11-27T10:43:23.007-0600" type="Warning"/>
        <logs message="WARNING: [HLS 200-880] The II Violation in module 'qr_Pipeline_VITIS_LOOP_149_7' (loop 'VITIS_LOOP_149_7'): Unable to enforce a carried dependence constraint (II = 2, distance = 1, offset = 1) between 'call' operation ('cordic_ret5', A5V3FIX/src/qr.cpp:151) to 'cordic' and 'select' operation ('r.V').&#xD;&#xA;Resolution: For help on HLS 200-880 see www.xilinx.com/cgi-bin/docs/rdoc?v=2022.1;t=hls+guidance;d=200-880.html" projectName="A5V3FIX" solutionName="solution2" date="2022-11-27T10:43:22.977-0600" type="Warning"/>
        <logs message="WARNING: [HLS 200-880] The II Violation in module 'qr_Pipeline_VITIS_LOOP_149_7' (loop 'VITIS_LOOP_149_7'): Unable to enforce a carried dependence constraint (II = 1, distance = 1, offset = 1) between 'call' operation ('cordic_ret5', A5V3FIX/src/qr.cpp:151) to 'cordic' and 'select' operation ('r.V').&#xD;&#xA;Resolution: For help on HLS 200-880 see www.xilinx.com/cgi-bin/docs/rdoc?v=2022.1;t=hls+guidance;d=200-880.html" projectName="A5V3FIX" solutionName="solution2" date="2022-11-27T10:43:22.951-0600" type="Warning"/>
        <logs message="WARNING: [HLS 200-880] The II Violation in module 'qr_Pipeline_VITIS_LOOP_141_6' (loop 'VITIS_LOOP_141_6'): Unable to enforce a carried dependence constraint (II = 11, distance = 1, offset = 1) between 'call' operation ('cordic_ret4', A5V3FIX/src/qr.cpp:143) to 'cordic' and 'select' operation ('r.V').&#xD;&#xA;Resolution: For help on HLS 200-880 see www.xilinx.com/cgi-bin/docs/rdoc?v=2022.1;t=hls+guidance;d=200-880.html" projectName="A5V3FIX" solutionName="solution2" date="2022-11-27T10:43:22.276-0600" type="Warning"/>
        <logs message="WARNING: [HLS 200-880] The II Violation in module 'qr_Pipeline_VITIS_LOOP_141_6' (loop 'VITIS_LOOP_141_6'): Unable to enforce a carried dependence constraint (II = 4, distance = 1, offset = 1) between 'call' operation ('cordic_ret4', A5V3FIX/src/qr.cpp:143) to 'cordic' and 'select' operation ('r.V').&#xD;&#xA;Resolution: For help on HLS 200-880 see www.xilinx.com/cgi-bin/docs/rdoc?v=2022.1;t=hls+guidance;d=200-880.html" projectName="A5V3FIX" solutionName="solution2" date="2022-11-27T10:43:22.245-0600" type="Warning"/>
        <logs message="WARNING: [HLS 200-880] The II Violation in module 'qr_Pipeline_VITIS_LOOP_141_6' (loop 'VITIS_LOOP_141_6'): Unable to enforce a carried dependence constraint (II = 3, distance = 1, offset = 1) between 'call' operation ('cordic_ret4', A5V3FIX/src/qr.cpp:143) to 'cordic' and 'select' operation ('r.V').&#xD;&#xA;Resolution: For help on HLS 200-880 see www.xilinx.com/cgi-bin/docs/rdoc?v=2022.1;t=hls+guidance;d=200-880.html" projectName="A5V3FIX" solutionName="solution2" date="2022-11-27T10:43:22.213-0600" type="Warning"/>
        <logs message="WARNING: [HLS 200-880] The II Violation in module 'qr_Pipeline_VITIS_LOOP_141_6' (loop 'VITIS_LOOP_141_6'): Unable to enforce a carried dependence constraint (II = 2, distance = 1, offset = 1) between 'call' operation ('cordic_ret4', A5V3FIX/src/qr.cpp:143) to 'cordic' and 'select' operation ('r.V').&#xD;&#xA;Resolution: For help on HLS 200-880 see www.xilinx.com/cgi-bin/docs/rdoc?v=2022.1;t=hls+guidance;d=200-880.html" projectName="A5V3FIX" solutionName="solution2" date="2022-11-27T10:43:22.191-0600" type="Warning"/>
        <logs message="WARNING: [HLS 200-880] The II Violation in module 'qr_Pipeline_VITIS_LOOP_141_6' (loop 'VITIS_LOOP_141_6'): Unable to enforce a carried dependence constraint (II = 1, distance = 1, offset = 1) between 'call' operation ('cordic_ret4', A5V3FIX/src/qr.cpp:143) to 'cordic' and 'select' operation ('r.V').&#xD;&#xA;Resolution: For help on HLS 200-880 see www.xilinx.com/cgi-bin/docs/rdoc?v=2022.1;t=hls+guidance;d=200-880.html" projectName="A5V3FIX" solutionName="solution2" date="2022-11-27T10:43:22.161-0600" type="Warning"/>
        <logs message="WARNING: [HLS 200-880] The II Violation in module 'qr_Pipeline_VITIS_LOOP_132_5' (loop 'VITIS_LOOP_132_5'): Unable to enforce a carried dependence constraint (II = 11, distance = 1, offset = 0) between 'store' operation ('reuse_reg_write_ln864') of variable 'trunc_ln864_7' on local variable 'reuse_reg' and 'load' operation ('reuse_reg_load') on local variable 'reuse_reg'.&#xD;&#xA;Resolution: For help on HLS 200-880 see www.xilinx.com/cgi-bin/docs/rdoc?v=2022.1;t=hls+guidance;d=200-880.html" projectName="A5V3FIX" solutionName="solution2" date="2022-11-27T10:43:21.508-0600" type="Warning"/>
        <logs message="WARNING: [HLS 200-880] The II Violation in module 'qr_Pipeline_VITIS_LOOP_132_5' (loop 'VITIS_LOOP_132_5'): Unable to enforce a carried dependence constraint (II = 4, distance = 2, offset = 1) between 'store' operation ('TempV2_V_addr_1_write_ln135', A5V3FIX/src/qr.cpp:135) of variable 'trunc_ln864_7' on array 'TempV2_V' and 'load' operation ('TempV2_V_load', A5V3FIX/src/qr.cpp:134) on array 'TempV2_V'.&#xD;&#xA;Resolution: For help on HLS 200-880 see www.xilinx.com/cgi-bin/docs/rdoc?v=2022.1;t=hls+guidance;d=200-880.html" projectName="A5V3FIX" solutionName="solution2" date="2022-11-27T10:43:21.484-0600" type="Warning"/>
        <logs message="WARNING: [HLS 200-880] The II Violation in module 'qr_Pipeline_VITIS_LOOP_132_5' (loop 'VITIS_LOOP_132_5'): Unable to enforce a carried dependence constraint (II = 3, distance = 2, offset = 1) between 'store' operation ('TempV2_V_addr_1_write_ln135', A5V3FIX/src/qr.cpp:135) of variable 'trunc_ln864_7' on array 'TempV2_V' and 'load' operation ('TempV2_V_load', A5V3FIX/src/qr.cpp:134) on array 'TempV2_V'.&#xD;&#xA;Resolution: For help on HLS 200-880 see www.xilinx.com/cgi-bin/docs/rdoc?v=2022.1;t=hls+guidance;d=200-880.html" projectName="A5V3FIX" solutionName="solution2" date="2022-11-27T10:43:21.461-0600" type="Warning"/>
        <logs message="WARNING: [HLS 200-880] The II Violation in module 'qr_Pipeline_VITIS_LOOP_132_5' (loop 'VITIS_LOOP_132_5'): Unable to enforce a carried dependence constraint (II = 2, distance = 2, offset = 1) between 'store' operation ('TempV2_V_addr_1_write_ln135', A5V3FIX/src/qr.cpp:135) of variable 'trunc_ln864_7' on array 'TempV2_V' and 'load' operation ('TempV2_V_load', A5V3FIX/src/qr.cpp:134) on array 'TempV2_V'.&#xD;&#xA;Resolution: For help on HLS 200-880 see www.xilinx.com/cgi-bin/docs/rdoc?v=2022.1;t=hls+guidance;d=200-880.html" projectName="A5V3FIX" solutionName="solution2" date="2022-11-27T10:43:21.437-0600" type="Warning"/>
        <logs message="WARNING: [HLS 200-880] The II Violation in module 'qr_Pipeline_VITIS_LOOP_132_5' (loop 'VITIS_LOOP_132_5'): Unable to enforce a carried dependence constraint (II = 1, distance = 2, offset = 1) between 'store' operation ('TempV2_V_addr_1_write_ln135', A5V3FIX/src/qr.cpp:135) of variable 'trunc_ln864_7' on array 'TempV2_V' and 'load' operation ('TempV2_V_load', A5V3FIX/src/qr.cpp:134) on array 'TempV2_V'.&#xD;&#xA;Resolution: For help on HLS 200-880 see www.xilinx.com/cgi-bin/docs/rdoc?v=2022.1;t=hls+guidance;d=200-880.html" projectName="A5V3FIX" solutionName="solution2" date="2022-11-27T10:43:21.407-0600" type="Warning"/>
        <logs message="WARNING: [HLS 200-880] The II Violation in module 'qr_Pipeline_VITIS_LOOP_123_4' (loop 'VITIS_LOOP_123_4'): Unable to enforce a carried dependence constraint (II = 11, distance = 1, offset = 1) between 'call' operation ('cordic_ret3', A5V3FIX/src/qr.cpp:125) to 'cordic' and 'select' operation ('r.V').&#xD;&#xA;Resolution: For help on HLS 200-880 see www.xilinx.com/cgi-bin/docs/rdoc?v=2022.1;t=hls+guidance;d=200-880.html" projectName="A5V3FIX" solutionName="solution2" date="2022-11-27T10:43:20.755-0600" type="Warning"/>
        <logs message="WARNING: [HLS 200-880] The II Violation in module 'qr_Pipeline_VITIS_LOOP_123_4' (loop 'VITIS_LOOP_123_4'): Unable to enforce a carried dependence constraint (II = 4, distance = 1, offset = 1) between 'call' operation ('cordic_ret3', A5V3FIX/src/qr.cpp:125) to 'cordic' and 'select' operation ('r.V').&#xD;&#xA;Resolution: For help on HLS 200-880 see www.xilinx.com/cgi-bin/docs/rdoc?v=2022.1;t=hls+guidance;d=200-880.html" projectName="A5V3FIX" solutionName="solution2" date="2022-11-27T10:43:20.725-0600" type="Warning"/>
        <logs message="WARNING: [HLS 200-880] The II Violation in module 'qr_Pipeline_VITIS_LOOP_123_4' (loop 'VITIS_LOOP_123_4'): Unable to enforce a carried dependence constraint (II = 3, distance = 1, offset = 1) between 'call' operation ('cordic_ret3', A5V3FIX/src/qr.cpp:125) to 'cordic' and 'select' operation ('r.V').&#xD;&#xA;Resolution: For help on HLS 200-880 see www.xilinx.com/cgi-bin/docs/rdoc?v=2022.1;t=hls+guidance;d=200-880.html" projectName="A5V3FIX" solutionName="solution2" date="2022-11-27T10:43:20.696-0600" type="Warning"/>
        <logs message="WARNING: [HLS 200-880] The II Violation in module 'qr_Pipeline_VITIS_LOOP_123_4' (loop 'VITIS_LOOP_123_4'): Unable to enforce a carried dependence constraint (II = 2, distance = 1, offset = 1) between 'call' operation ('cordic_ret3', A5V3FIX/src/qr.cpp:125) to 'cordic' and 'select' operation ('r.V').&#xD;&#xA;Resolution: For help on HLS 200-880 see www.xilinx.com/cgi-bin/docs/rdoc?v=2022.1;t=hls+guidance;d=200-880.html" projectName="A5V3FIX" solutionName="solution2" date="2022-11-27T10:43:20.676-0600" type="Warning"/>
        <logs message="WARNING: [HLS 200-880] The II Violation in module 'qr_Pipeline_VITIS_LOOP_123_4' (loop 'VITIS_LOOP_123_4'): Unable to enforce a carried dependence constraint (II = 1, distance = 1, offset = 1) between 'call' operation ('cordic_ret3', A5V3FIX/src/qr.cpp:125) to 'cordic' and 'select' operation ('r.V').&#xD;&#xA;Resolution: For help on HLS 200-880 see www.xilinx.com/cgi-bin/docs/rdoc?v=2022.1;t=hls+guidance;d=200-880.html" projectName="A5V3FIX" solutionName="solution2" date="2022-11-27T10:43:20.641-0600" type="Warning"/>
        <logs message="WARNING: [HLS 200-880] The II Violation in module 'qr_Pipeline_VITIS_LOOP_115_3' (loop 'VITIS_LOOP_115_3'): Unable to enforce a carried dependence constraint (II = 11, distance = 1, offset = 1) between 'call' operation ('cordic_ret2', A5V3FIX/src/qr.cpp:117) to 'cordic' and 'select' operation ('r.V').&#xD;&#xA;Resolution: For help on HLS 200-880 see www.xilinx.com/cgi-bin/docs/rdoc?v=2022.1;t=hls+guidance;d=200-880.html" projectName="A5V3FIX" solutionName="solution2" date="2022-11-27T10:43:19.976-0600" type="Warning"/>
        <logs message="WARNING: [HLS 200-880] The II Violation in module 'qr_Pipeline_VITIS_LOOP_115_3' (loop 'VITIS_LOOP_115_3'): Unable to enforce a carried dependence constraint (II = 4, distance = 1, offset = 1) between 'call' operation ('cordic_ret2', A5V3FIX/src/qr.cpp:117) to 'cordic' and 'select' operation ('r.V').&#xD;&#xA;Resolution: For help on HLS 200-880 see www.xilinx.com/cgi-bin/docs/rdoc?v=2022.1;t=hls+guidance;d=200-880.html" projectName="A5V3FIX" solutionName="solution2" date="2022-11-27T10:43:19.952-0600" type="Warning"/>
        <logs message="WARNING: [HLS 200-880] The II Violation in module 'qr_Pipeline_VITIS_LOOP_115_3' (loop 'VITIS_LOOP_115_3'): Unable to enforce a carried dependence constraint (II = 3, distance = 1, offset = 1) between 'call' operation ('cordic_ret2', A5V3FIX/src/qr.cpp:117) to 'cordic' and 'select' operation ('r.V').&#xD;&#xA;Resolution: For help on HLS 200-880 see www.xilinx.com/cgi-bin/docs/rdoc?v=2022.1;t=hls+guidance;d=200-880.html" projectName="A5V3FIX" solutionName="solution2" date="2022-11-27T10:43:19.922-0600" type="Warning"/>
        <logs message="WARNING: [HLS 200-880] The II Violation in module 'qr_Pipeline_VITIS_LOOP_115_3' (loop 'VITIS_LOOP_115_3'): Unable to enforce a carried dependence constraint (II = 2, distance = 1, offset = 1) between 'call' operation ('cordic_ret2', A5V3FIX/src/qr.cpp:117) to 'cordic' and 'select' operation ('r.V').&#xD;&#xA;Resolution: For help on HLS 200-880 see www.xilinx.com/cgi-bin/docs/rdoc?v=2022.1;t=hls+guidance;d=200-880.html" projectName="A5V3FIX" solutionName="solution2" date="2022-11-27T10:43:19.893-0600" type="Warning"/>
        <logs message="WARNING: [HLS 200-880] The II Violation in module 'qr_Pipeline_VITIS_LOOP_115_3' (loop 'VITIS_LOOP_115_3'): Unable to enforce a carried dependence constraint (II = 1, distance = 1, offset = 1) between 'call' operation ('cordic_ret2', A5V3FIX/src/qr.cpp:117) to 'cordic' and 'select' operation ('r.V').&#xD;&#xA;Resolution: For help on HLS 200-880 see www.xilinx.com/cgi-bin/docs/rdoc?v=2022.1;t=hls+guidance;d=200-880.html" projectName="A5V3FIX" solutionName="solution2" date="2022-11-27T10:43:19.870-0600" type="Warning"/>
        <logs message="WARNING: [HLS 200-880] The II Violation in module 'qr_Pipeline_VITIS_LOOP_107_2' (loop 'VITIS_LOOP_107_2'): Unable to enforce a carried dependence constraint (II = 11, distance = 1, offset = 1) between 'call' operation ('cordic_ret1', A5V3FIX/src/qr.cpp:109) to 'cordic' and 'select' operation ('r.V').&#xD;&#xA;Resolution: For help on HLS 200-880 see www.xilinx.com/cgi-bin/docs/rdoc?v=2022.1;t=hls+guidance;d=200-880.html" projectName="A5V3FIX" solutionName="solution2" date="2022-11-27T10:43:19.224-0600" type="Warning"/>
        <logs message="WARNING: [HLS 200-880] The II Violation in module 'qr_Pipeline_VITIS_LOOP_107_2' (loop 'VITIS_LOOP_107_2'): Unable to enforce a carried dependence constraint (II = 4, distance = 1, offset = 1) between 'call' operation ('cordic_ret1', A5V3FIX/src/qr.cpp:109) to 'cordic' and 'select' operation ('r.V').&#xD;&#xA;Resolution: For help on HLS 200-880 see www.xilinx.com/cgi-bin/docs/rdoc?v=2022.1;t=hls+guidance;d=200-880.html" projectName="A5V3FIX" solutionName="solution2" date="2022-11-27T10:43:19.197-0600" type="Warning"/>
        <logs message="WARNING: [HLS 200-880] The II Violation in module 'qr_Pipeline_VITIS_LOOP_107_2' (loop 'VITIS_LOOP_107_2'): Unable to enforce a carried dependence constraint (II = 3, distance = 1, offset = 1) between 'call' operation ('cordic_ret1', A5V3FIX/src/qr.cpp:109) to 'cordic' and 'select' operation ('r.V').&#xD;&#xA;Resolution: For help on HLS 200-880 see www.xilinx.com/cgi-bin/docs/rdoc?v=2022.1;t=hls+guidance;d=200-880.html" projectName="A5V3FIX" solutionName="solution2" date="2022-11-27T10:43:19.174-0600" type="Warning"/>
        <logs message="WARNING: [HLS 200-880] The II Violation in module 'qr_Pipeline_VITIS_LOOP_107_2' (loop 'VITIS_LOOP_107_2'): Unable to enforce a carried dependence constraint (II = 2, distance = 1, offset = 1) between 'call' operation ('cordic_ret1', A5V3FIX/src/qr.cpp:109) to 'cordic' and 'select' operation ('r.V').&#xD;&#xA;Resolution: For help on HLS 200-880 see www.xilinx.com/cgi-bin/docs/rdoc?v=2022.1;t=hls+guidance;d=200-880.html" projectName="A5V3FIX" solutionName="solution2" date="2022-11-27T10:43:19.145-0600" type="Warning"/>
        <logs message="WARNING: [HLS 200-880] The II Violation in module 'qr_Pipeline_VITIS_LOOP_107_2' (loop 'VITIS_LOOP_107_2'): Unable to enforce a carried dependence constraint (II = 1, distance = 1, offset = 1) between 'call' operation ('cordic_ret1', A5V3FIX/src/qr.cpp:109) to 'cordic' and 'select' operation ('r.V').&#xD;&#xA;Resolution: For help on HLS 200-880 see www.xilinx.com/cgi-bin/docs/rdoc?v=2022.1;t=hls+guidance;d=200-880.html" projectName="A5V3FIX" solutionName="solution2" date="2022-11-27T10:43:19.120-0600" type="Warning"/>
        <logs message="WARNING: [HLS 200-880] The II Violation in module 'qr_Pipeline_VITIS_LOOP_98_1' (loop 'VITIS_LOOP_98_1'): Unable to enforce a carried dependence constraint (II = 11, distance = 1, offset = 0) between 'store' operation ('reuse_reg_write_ln864') of variable 'trunc_ln2' on local variable 'reuse_reg' and 'load' operation ('reuse_reg_load') on local variable 'reuse_reg'.&#xD;&#xA;Resolution: For help on HLS 200-880 see www.xilinx.com/cgi-bin/docs/rdoc?v=2022.1;t=hls+guidance;d=200-880.html" projectName="A5V3FIX" solutionName="solution2" date="2022-11-27T10:43:17.695-0600" type="Warning"/>
        <logs message="WARNING: [HLS 200-880] The II Violation in module 'qr_Pipeline_VITIS_LOOP_98_1' (loop 'VITIS_LOOP_98_1'): Unable to enforce a carried dependence constraint (II = 4, distance = 2, offset = 1) between 'store' operation ('TempV1_V_addr_1_write_ln101', A5V3FIX/src/qr.cpp:101) of variable 'trunc_ln2' on array 'TempV1_V' and 'load' operation ('TempV1_V_load', A5V3FIX/src/qr.cpp:100) on array 'TempV1_V'.&#xD;&#xA;Resolution: For help on HLS 200-880 see www.xilinx.com/cgi-bin/docs/rdoc?v=2022.1;t=hls+guidance;d=200-880.html" projectName="A5V3FIX" solutionName="solution2" date="2022-11-27T10:43:17.673-0600" type="Warning"/>
        <logs message="WARNING: [HLS 200-880] The II Violation in module 'qr_Pipeline_VITIS_LOOP_98_1' (loop 'VITIS_LOOP_98_1'): Unable to enforce a carried dependence constraint (II = 3, distance = 2, offset = 1) between 'store' operation ('TempV1_V_addr_1_write_ln101', A5V3FIX/src/qr.cpp:101) of variable 'trunc_ln2' on array 'TempV1_V' and 'load' operation ('TempV1_V_load', A5V3FIX/src/qr.cpp:100) on array 'TempV1_V'.&#xD;&#xA;Resolution: For help on HLS 200-880 see www.xilinx.com/cgi-bin/docs/rdoc?v=2022.1;t=hls+guidance;d=200-880.html" projectName="A5V3FIX" solutionName="solution2" date="2022-11-27T10:43:17.652-0600" type="Warning"/>
        <logs message="WARNING: [HLS 200-880] The II Violation in module 'qr_Pipeline_VITIS_LOOP_98_1' (loop 'VITIS_LOOP_98_1'): Unable to enforce a carried dependence constraint (II = 2, distance = 2, offset = 1) between 'store' operation ('TempV1_V_addr_1_write_ln101', A5V3FIX/src/qr.cpp:101) of variable 'trunc_ln2' on array 'TempV1_V' and 'load' operation ('TempV1_V_load', A5V3FIX/src/qr.cpp:100) on array 'TempV1_V'.&#xD;&#xA;Resolution: For help on HLS 200-880 see www.xilinx.com/cgi-bin/docs/rdoc?v=2022.1;t=hls+guidance;d=200-880.html" projectName="A5V3FIX" solutionName="solution2" date="2022-11-27T10:43:17.630-0600" type="Warning"/>
        <logs message="WARNING: [HLS 200-880] The II Violation in module 'qr_Pipeline_VITIS_LOOP_98_1' (loop 'VITIS_LOOP_98_1'): Unable to enforce a carried dependence constraint (II = 1, distance = 2, offset = 1) between 'store' operation ('TempV1_V_addr_1_write_ln101', A5V3FIX/src/qr.cpp:101) of variable 'trunc_ln2' on array 'TempV1_V' and 'load' operation ('TempV1_V_load', A5V3FIX/src/qr.cpp:100) on array 'TempV1_V'.&#xD;&#xA;Resolution: For help on HLS 200-880 see www.xilinx.com/cgi-bin/docs/rdoc?v=2022.1;t=hls+guidance;d=200-880.html" projectName="A5V3FIX" solutionName="solution2" date="2022-11-27T10:43:17.608-0600" type="Warning"/>
        <logs message="WARNING: [SYN 201-103] Legalizing function name 'cordic.1' to 'cordic_1'." projectName="A5V3FIX" solutionName="solution2" date="2022-11-27T10:43:16.787-0600" type="Warning"/>
        <logs message="WARNING: [HLS 200-880] The II Violation in module 'qr_Pipeline_VITIS_LOOP_331_26' (loop 'VITIS_LOOP_331_26'): Unable to enforce a carried dependence constraint (II = 11, distance = 1, offset = 1) between 'call' operation ('cordic_ret', A5V3FIX/src/qr.cpp:333) to 'cordic' and 'select' operation ('r.V').&#xD;&#xA;Resolution: For help on HLS 200-880 see www.xilinx.com/cgi-bin/docs/rdoc?v=2022.1;t=hls+guidance;d=200-880.html" projectName="A5V3FIX" solutionName="solution1" date="2022-11-27T09:26:44.644-0600" type="Warning"/>
        <logs message="WARNING: [HLS 200-880] The II Violation in module 'qr_Pipeline_VITIS_LOOP_331_26' (loop 'VITIS_LOOP_331_26'): Unable to enforce a carried dependence constraint (II = 4, distance = 1, offset = 1) between 'call' operation ('cordic_ret', A5V3FIX/src/qr.cpp:333) to 'cordic' and 'select' operation ('r.V').&#xD;&#xA;Resolution: For help on HLS 200-880 see www.xilinx.com/cgi-bin/docs/rdoc?v=2022.1;t=hls+guidance;d=200-880.html" projectName="A5V3FIX" solutionName="solution1" date="2022-11-27T09:26:44.604-0600" type="Warning"/>
        <logs message="WARNING: [HLS 200-880] The II Violation in module 'qr_Pipeline_VITIS_LOOP_331_26' (loop 'VITIS_LOOP_331_26'): Unable to enforce a carried dependence constraint (II = 3, distance = 1, offset = 1) between 'call' operation ('cordic_ret', A5V3FIX/src/qr.cpp:333) to 'cordic' and 'select' operation ('r.V').&#xD;&#xA;Resolution: For help on HLS 200-880 see www.xilinx.com/cgi-bin/docs/rdoc?v=2022.1;t=hls+guidance;d=200-880.html" projectName="A5V3FIX" solutionName="solution1" date="2022-11-27T09:26:44.564-0600" type="Warning"/>
        <logs message="WARNING: [HLS 200-880] The II Violation in module 'qr_Pipeline_VITIS_LOOP_331_26' (loop 'VITIS_LOOP_331_26'): Unable to enforce a carried dependence constraint (II = 2, distance = 1, offset = 1) between 'call' operation ('cordic_ret', A5V3FIX/src/qr.cpp:333) to 'cordic' and 'select' operation ('r.V').&#xD;&#xA;Resolution: For help on HLS 200-880 see www.xilinx.com/cgi-bin/docs/rdoc?v=2022.1;t=hls+guidance;d=200-880.html" projectName="A5V3FIX" solutionName="solution1" date="2022-11-27T09:26:44.533-0600" type="Warning"/>
        <logs message="WARNING: [HLS 200-880] The II Violation in module 'qr_Pipeline_VITIS_LOOP_331_26' (loop 'VITIS_LOOP_331_26'): Unable to enforce a carried dependence constraint (II = 1, distance = 1, offset = 1) between 'call' operation ('cordic_ret', A5V3FIX/src/qr.cpp:333) to 'cordic' and 'select' operation ('r.V').&#xD;&#xA;Resolution: For help on HLS 200-880 see www.xilinx.com/cgi-bin/docs/rdoc?v=2022.1;t=hls+guidance;d=200-880.html" projectName="A5V3FIX" solutionName="solution1" date="2022-11-27T09:26:44.504-0600" type="Warning"/>
        <logs message="WARNING: [HLS 200-880] The II Violation in module 'qr_Pipeline_VITIS_LOOP_323_25' (loop 'VITIS_LOOP_323_25'): Unable to enforce a carried dependence constraint (II = 11, distance = 1, offset = 1) between 'call' operation ('cordic_ret', A5V3FIX/src/qr.cpp:325) to 'cordic' and 'select' operation ('r.V').&#xD;&#xA;Resolution: For help on HLS 200-880 see www.xilinx.com/cgi-bin/docs/rdoc?v=2022.1;t=hls+guidance;d=200-880.html" projectName="A5V3FIX" solutionName="solution1" date="2022-11-27T09:26:43.842-0600" type="Warning"/>
        <logs message="WARNING: [HLS 200-880] The II Violation in module 'qr_Pipeline_VITIS_LOOP_323_25' (loop 'VITIS_LOOP_323_25'): Unable to enforce a carried dependence constraint (II = 4, distance = 1, offset = 1) between 'call' operation ('cordic_ret', A5V3FIX/src/qr.cpp:325) to 'cordic' and 'select' operation ('r.V').&#xD;&#xA;Resolution: For help on HLS 200-880 see www.xilinx.com/cgi-bin/docs/rdoc?v=2022.1;t=hls+guidance;d=200-880.html" projectName="A5V3FIX" solutionName="solution1" date="2022-11-27T09:26:43.813-0600" type="Warning"/>
        <logs message="WARNING: [HLS 200-880] The II Violation in module 'qr_Pipeline_VITIS_LOOP_323_25' (loop 'VITIS_LOOP_323_25'): Unable to enforce a carried dependence constraint (II = 3, distance = 1, offset = 1) between 'call' operation ('cordic_ret', A5V3FIX/src/qr.cpp:325) to 'cordic' and 'select' operation ('r.V').&#xD;&#xA;Resolution: For help on HLS 200-880 see www.xilinx.com/cgi-bin/docs/rdoc?v=2022.1;t=hls+guidance;d=200-880.html" projectName="A5V3FIX" solutionName="solution1" date="2022-11-27T09:26:43.786-0600" type="Warning"/>
        <logs message="WARNING: [HLS 200-880] The II Violation in module 'qr_Pipeline_VITIS_LOOP_323_25' (loop 'VITIS_LOOP_323_25'): Unable to enforce a carried dependence constraint (II = 2, distance = 1, offset = 1) between 'call' operation ('cordic_ret', A5V3FIX/src/qr.cpp:325) to 'cordic' and 'select' operation ('r.V').&#xD;&#xA;Resolution: For help on HLS 200-880 see www.xilinx.com/cgi-bin/docs/rdoc?v=2022.1;t=hls+guidance;d=200-880.html" projectName="A5V3FIX" solutionName="solution1" date="2022-11-27T09:26:43.760-0600" type="Warning"/>
        <logs message="WARNING: [HLS 200-880] The II Violation in module 'qr_Pipeline_VITIS_LOOP_323_25' (loop 'VITIS_LOOP_323_25'): Unable to enforce a carried dependence constraint (II = 1, distance = 1, offset = 1) between 'call' operation ('cordic_ret', A5V3FIX/src/qr.cpp:325) to 'cordic' and 'select' operation ('r.V').&#xD;&#xA;Resolution: For help on HLS 200-880 see www.xilinx.com/cgi-bin/docs/rdoc?v=2022.1;t=hls+guidance;d=200-880.html" projectName="A5V3FIX" solutionName="solution1" date="2022-11-27T09:26:43.733-0600" type="Warning"/>
        <logs message="WARNING: [HLS 200-880] The II Violation in module 'qr_Pipeline_VITIS_LOOP_315_24' (loop 'VITIS_LOOP_315_24'): Unable to enforce a carried dependence constraint (II = 11, distance = 1, offset = 1) between 'call' operation ('cordic_ret', A5V3FIX/src/qr.cpp:317) to 'cordic' and 'select' operation ('r.V').&#xD;&#xA;Resolution: For help on HLS 200-880 see www.xilinx.com/cgi-bin/docs/rdoc?v=2022.1;t=hls+guidance;d=200-880.html" projectName="A5V3FIX" solutionName="solution1" date="2022-11-27T09:26:43.022-0600" type="Warning"/>
        <logs message="WARNING: [HLS 200-880] The II Violation in module 'qr_Pipeline_VITIS_LOOP_315_24' (loop 'VITIS_LOOP_315_24'): Unable to enforce a carried dependence constraint (II = 4, distance = 1, offset = 1) between 'call' operation ('cordic_ret', A5V3FIX/src/qr.cpp:317) to 'cordic' and 'select' operation ('r.V').&#xD;&#xA;Resolution: For help on HLS 200-880 see www.xilinx.com/cgi-bin/docs/rdoc?v=2022.1;t=hls+guidance;d=200-880.html" projectName="A5V3FIX" solutionName="solution1" date="2022-11-27T09:26:42.998-0600" type="Warning"/>
        <logs message="WARNING: [HLS 200-880] The II Violation in module 'qr_Pipeline_VITIS_LOOP_315_24' (loop 'VITIS_LOOP_315_24'): Unable to enforce a carried dependence constraint (II = 3, distance = 1, offset = 1) between 'call' operation ('cordic_ret', A5V3FIX/src/qr.cpp:317) to 'cordic' and 'select' operation ('r.V').&#xD;&#xA;Resolution: For help on HLS 200-880 see www.xilinx.com/cgi-bin/docs/rdoc?v=2022.1;t=hls+guidance;d=200-880.html" projectName="A5V3FIX" solutionName="solution1" date="2022-11-27T09:26:42.965-0600" type="Warning"/>
        <logs message="WARNING: [HLS 200-880] The II Violation in module 'qr_Pipeline_VITIS_LOOP_315_24' (loop 'VITIS_LOOP_315_24'): Unable to enforce a carried dependence constraint (II = 2, distance = 1, offset = 1) between 'call' operation ('cordic_ret', A5V3FIX/src/qr.cpp:317) to 'cordic' and 'select' operation ('r.V').&#xD;&#xA;Resolution: For help on HLS 200-880 see www.xilinx.com/cgi-bin/docs/rdoc?v=2022.1;t=hls+guidance;d=200-880.html" projectName="A5V3FIX" solutionName="solution1" date="2022-11-27T09:26:42.936-0600" type="Warning"/>
        <logs message="WARNING: [HLS 200-880] The II Violation in module 'qr_Pipeline_VITIS_LOOP_315_24' (loop 'VITIS_LOOP_315_24'): Unable to enforce a carried dependence constraint (II = 1, distance = 1, offset = 1) between 'call' operation ('cordic_ret', A5V3FIX/src/qr.cpp:317) to 'cordic' and 'select' operation ('r.V').&#xD;&#xA;Resolution: For help on HLS 200-880 see www.xilinx.com/cgi-bin/docs/rdoc?v=2022.1;t=hls+guidance;d=200-880.html" projectName="A5V3FIX" solutionName="solution1" date="2022-11-27T09:26:42.906-0600" type="Warning"/>
        <logs message="WARNING: [HLS 200-880] The II Violation in module 'qr_Pipeline_VITIS_LOOP_307_23' (loop 'VITIS_LOOP_307_23'): Unable to enforce a carried dependence constraint (II = 11, distance = 1, offset = 1) between 'call' operation ('cordic_ret', A5V3FIX/src/qr.cpp:309) to 'cordic' and 'select' operation ('r.V').&#xD;&#xA;Resolution: For help on HLS 200-880 see www.xilinx.com/cgi-bin/docs/rdoc?v=2022.1;t=hls+guidance;d=200-880.html" projectName="A5V3FIX" solutionName="solution1" date="2022-11-27T09:26:42.210-0600" type="Warning"/>
        <logs message="WARNING: [HLS 200-880] The II Violation in module 'qr_Pipeline_VITIS_LOOP_307_23' (loop 'VITIS_LOOP_307_23'): Unable to enforce a carried dependence constraint (II = 4, distance = 1, offset = 1) between 'call' operation ('cordic_ret', A5V3FIX/src/qr.cpp:309) to 'cordic' and 'select' operation ('r.V').&#xD;&#xA;Resolution: For help on HLS 200-880 see www.xilinx.com/cgi-bin/docs/rdoc?v=2022.1;t=hls+guidance;d=200-880.html" projectName="A5V3FIX" solutionName="solution1" date="2022-11-27T09:26:42.181-0600" type="Warning"/>
        <logs message="WARNING: [HLS 200-880] The II Violation in module 'qr_Pipeline_VITIS_LOOP_307_23' (loop 'VITIS_LOOP_307_23'): Unable to enforce a carried dependence constraint (II = 3, distance = 1, offset = 1) between 'call' operation ('cordic_ret', A5V3FIX/src/qr.cpp:309) to 'cordic' and 'select' operation ('r.V').&#xD;&#xA;Resolution: For help on HLS 200-880 see www.xilinx.com/cgi-bin/docs/rdoc?v=2022.1;t=hls+guidance;d=200-880.html" projectName="A5V3FIX" solutionName="solution1" date="2022-11-27T09:26:42.153-0600" type="Warning"/>
        <logs message="WARNING: [HLS 200-880] The II Violation in module 'qr_Pipeline_VITIS_LOOP_307_23' (loop 'VITIS_LOOP_307_23'): Unable to enforce a carried dependence constraint (II = 2, distance = 1, offset = 1) between 'call' operation ('cordic_ret', A5V3FIX/src/qr.cpp:309) to 'cordic' and 'select' operation ('r.V').&#xD;&#xA;Resolution: For help on HLS 200-880 see www.xilinx.com/cgi-bin/docs/rdoc?v=2022.1;t=hls+guidance;d=200-880.html" projectName="A5V3FIX" solutionName="solution1" date="2022-11-27T09:26:42.127-0600" type="Warning"/>
        <logs message="WARNING: [HLS 200-880] The II Violation in module 'qr_Pipeline_VITIS_LOOP_307_23' (loop 'VITIS_LOOP_307_23'): Unable to enforce a carried dependence constraint (II = 1, distance = 1, offset = 1) between 'call' operation ('cordic_ret', A5V3FIX/src/qr.cpp:309) to 'cordic' and 'select' operation ('r.V').&#xD;&#xA;Resolution: For help on HLS 200-880 see www.xilinx.com/cgi-bin/docs/rdoc?v=2022.1;t=hls+guidance;d=200-880.html" projectName="A5V3FIX" solutionName="solution1" date="2022-11-27T09:26:42.100-0600" type="Warning"/>
        <logs message="WARNING: [HLS 200-880] The II Violation in module 'qr_Pipeline_VITIS_LOOP_297_22' (loop 'VITIS_LOOP_297_22'): Unable to enforce a carried dependence constraint (II = 11, distance = 1, offset = 1) between 'call' operation ('cordic_ret', A5V3FIX/src/qr.cpp:299) to 'cordic' and 'select' operation ('r.V').&#xD;&#xA;Resolution: For help on HLS 200-880 see www.xilinx.com/cgi-bin/docs/rdoc?v=2022.1;t=hls+guidance;d=200-880.html" projectName="A5V3FIX" solutionName="solution1" date="2022-11-27T09:26:41.450-0600" type="Warning"/>
        <logs message="WARNING: [HLS 200-880] The II Violation in module 'qr_Pipeline_VITIS_LOOP_297_22' (loop 'VITIS_LOOP_297_22'): Unable to enforce a carried dependence constraint (II = 4, distance = 1, offset = 1) between 'call' operation ('cordic_ret', A5V3FIX/src/qr.cpp:299) to 'cordic' and 'select' operation ('r.V').&#xD;&#xA;Resolution: For help on HLS 200-880 see www.xilinx.com/cgi-bin/docs/rdoc?v=2022.1;t=hls+guidance;d=200-880.html" projectName="A5V3FIX" solutionName="solution1" date="2022-11-27T09:26:41.420-0600" type="Warning"/>
        <logs message="WARNING: [HLS 200-880] The II Violation in module 'qr_Pipeline_VITIS_LOOP_297_22' (loop 'VITIS_LOOP_297_22'): Unable to enforce a carried dependence constraint (II = 3, distance = 1, offset = 1) between 'call' operation ('cordic_ret', A5V3FIX/src/qr.cpp:299) to 'cordic' and 'select' operation ('r.V').&#xD;&#xA;Resolution: For help on HLS 200-880 see www.xilinx.com/cgi-bin/docs/rdoc?v=2022.1;t=hls+guidance;d=200-880.html" projectName="A5V3FIX" solutionName="solution1" date="2022-11-27T09:26:41.379-0600" type="Warning"/>
        <logs message="WARNING: [HLS 200-880] The II Violation in module 'qr_Pipeline_VITIS_LOOP_297_22' (loop 'VITIS_LOOP_297_22'): Unable to enforce a carried dependence constraint (II = 2, distance = 1, offset = 1) between 'call' operation ('cordic_ret', A5V3FIX/src/qr.cpp:299) to 'cordic' and 'select' operation ('r.V').&#xD;&#xA;Resolution: For help on HLS 200-880 see www.xilinx.com/cgi-bin/docs/rdoc?v=2022.1;t=hls+guidance;d=200-880.html" projectName="A5V3FIX" solutionName="solution1" date="2022-11-27T09:26:41.352-0600" type="Warning"/>
        <logs message="WARNING: [HLS 200-880] The II Violation in module 'qr_Pipeline_VITIS_LOOP_297_22' (loop 'VITIS_LOOP_297_22'): Unable to enforce a carried dependence constraint (II = 1, distance = 1, offset = 1) between 'call' operation ('cordic_ret', A5V3FIX/src/qr.cpp:299) to 'cordic' and 'select' operation ('r.V').&#xD;&#xA;Resolution: For help on HLS 200-880 see www.xilinx.com/cgi-bin/docs/rdoc?v=2022.1;t=hls+guidance;d=200-880.html" projectName="A5V3FIX" solutionName="solution1" date="2022-11-27T09:26:41.318-0600" type="Warning"/>
        <logs message="WARNING: [HLS 200-880] The II Violation in module 'qr_Pipeline_VITIS_LOOP_289_21' (loop 'VITIS_LOOP_289_21'): Unable to enforce a carried dependence constraint (II = 11, distance = 1, offset = 1) between 'call' operation ('cordic_ret', A5V3FIX/src/qr.cpp:291) to 'cordic' and 'select' operation ('r.V').&#xD;&#xA;Resolution: For help on HLS 200-880 see www.xilinx.com/cgi-bin/docs/rdoc?v=2022.1;t=hls+guidance;d=200-880.html" projectName="A5V3FIX" solutionName="solution1" date="2022-11-27T09:26:40.631-0600" type="Warning"/>
        <logs message="WARNING: [HLS 200-880] The II Violation in module 'qr_Pipeline_VITIS_LOOP_289_21' (loop 'VITIS_LOOP_289_21'): Unable to enforce a carried dependence constraint (II = 4, distance = 1, offset = 1) between 'call' operation ('cordic_ret', A5V3FIX/src/qr.cpp:291) to 'cordic' and 'select' operation ('r.V').&#xD;&#xA;Resolution: For help on HLS 200-880 see www.xilinx.com/cgi-bin/docs/rdoc?v=2022.1;t=hls+guidance;d=200-880.html" projectName="A5V3FIX" solutionName="solution1" date="2022-11-27T09:26:40.602-0600" type="Warning"/>
        <logs message="WARNING: [HLS 200-880] The II Violation in module 'qr_Pipeline_VITIS_LOOP_289_21' (loop 'VITIS_LOOP_289_21'): Unable to enforce a carried dependence constraint (II = 3, distance = 1, offset = 1) between 'call' operation ('cordic_ret', A5V3FIX/src/qr.cpp:291) to 'cordic' and 'select' operation ('r.V').&#xD;&#xA;Resolution: For help on HLS 200-880 see www.xilinx.com/cgi-bin/docs/rdoc?v=2022.1;t=hls+guidance;d=200-880.html" projectName="A5V3FIX" solutionName="solution1" date="2022-11-27T09:26:40.575-0600" type="Warning"/>
        <logs message="WARNING: [HLS 200-880] The II Violation in module 'qr_Pipeline_VITIS_LOOP_289_21' (loop 'VITIS_LOOP_289_21'): Unable to enforce a carried dependence constraint (II = 2, distance = 1, offset = 1) between 'call' operation ('cordic_ret', A5V3FIX/src/qr.cpp:291) to 'cordic' and 'select' operation ('r.V').&#xD;&#xA;Resolution: For help on HLS 200-880 see www.xilinx.com/cgi-bin/docs/rdoc?v=2022.1;t=hls+guidance;d=200-880.html" projectName="A5V3FIX" solutionName="solution1" date="2022-11-27T09:26:40.549-0600" type="Warning"/>
        <logs message="WARNING: [HLS 200-880] The II Violation in module 'qr_Pipeline_VITIS_LOOP_289_21' (loop 'VITIS_LOOP_289_21'): Unable to enforce a carried dependence constraint (II = 1, distance = 1, offset = 1) between 'call' operation ('cordic_ret', A5V3FIX/src/qr.cpp:291) to 'cordic' and 'select' operation ('r.V').&#xD;&#xA;Resolution: For help on HLS 200-880 see www.xilinx.com/cgi-bin/docs/rdoc?v=2022.1;t=hls+guidance;d=200-880.html" projectName="A5V3FIX" solutionName="solution1" date="2022-11-27T09:26:40.523-0600" type="Warning"/>
        <logs message="WARNING: [HLS 200-880] The II Violation in module 'qr_Pipeline_VITIS_LOOP_281_20' (loop 'VITIS_LOOP_281_20'): Unable to enforce a carried dependence constraint (II = 11, distance = 1, offset = 1) between 'call' operation ('cordic_ret', A5V3FIX/src/qr.cpp:283) to 'cordic' and 'select' operation ('r.V').&#xD;&#xA;Resolution: For help on HLS 200-880 see www.xilinx.com/cgi-bin/docs/rdoc?v=2022.1;t=hls+guidance;d=200-880.html" projectName="A5V3FIX" solutionName="solution1" date="2022-11-27T09:26:39.842-0600" type="Warning"/>
        <logs message="WARNING: [HLS 200-880] The II Violation in module 'qr_Pipeline_VITIS_LOOP_281_20' (loop 'VITIS_LOOP_281_20'): Unable to enforce a carried dependence constraint (II = 4, distance = 1, offset = 1) between 'call' operation ('cordic_ret', A5V3FIX/src/qr.cpp:283) to 'cordic' and 'select' operation ('r.V').&#xD;&#xA;Resolution: For help on HLS 200-880 see www.xilinx.com/cgi-bin/docs/rdoc?v=2022.1;t=hls+guidance;d=200-880.html" projectName="A5V3FIX" solutionName="solution1" date="2022-11-27T09:26:39.814-0600" type="Warning"/>
        <logs message="WARNING: [HLS 200-880] The II Violation in module 'qr_Pipeline_VITIS_LOOP_281_20' (loop 'VITIS_LOOP_281_20'): Unable to enforce a carried dependence constraint (II = 3, distance = 1, offset = 1) between 'call' operation ('cordic_ret', A5V3FIX/src/qr.cpp:283) to 'cordic' and 'select' operation ('r.V').&#xD;&#xA;Resolution: For help on HLS 200-880 see www.xilinx.com/cgi-bin/docs/rdoc?v=2022.1;t=hls+guidance;d=200-880.html" projectName="A5V3FIX" solutionName="solution1" date="2022-11-27T09:26:39.784-0600" type="Warning"/>
        <logs message="WARNING: [HLS 200-880] The II Violation in module 'qr_Pipeline_VITIS_LOOP_281_20' (loop 'VITIS_LOOP_281_20'): Unable to enforce a carried dependence constraint (II = 2, distance = 1, offset = 1) between 'call' operation ('cordic_ret', A5V3FIX/src/qr.cpp:283) to 'cordic' and 'select' operation ('r.V').&#xD;&#xA;Resolution: For help on HLS 200-880 see www.xilinx.com/cgi-bin/docs/rdoc?v=2022.1;t=hls+guidance;d=200-880.html" projectName="A5V3FIX" solutionName="solution1" date="2022-11-27T09:26:39.758-0600" type="Warning"/>
        <logs message="WARNING: [HLS 200-880] The II Violation in module 'qr_Pipeline_VITIS_LOOP_281_20' (loop 'VITIS_LOOP_281_20'): Unable to enforce a carried dependence constraint (II = 1, distance = 1, offset = 1) between 'call' operation ('cordic_ret', A5V3FIX/src/qr.cpp:283) to 'cordic' and 'select' operation ('r.V').&#xD;&#xA;Resolution: For help on HLS 200-880 see www.xilinx.com/cgi-bin/docs/rdoc?v=2022.1;t=hls+guidance;d=200-880.html" projectName="A5V3FIX" solutionName="solution1" date="2022-11-27T09:26:39.731-0600" type="Warning"/>
        <logs message="WARNING: [HLS 200-880] The II Violation in module 'qr_Pipeline_VITIS_LOOP_273_19' (loop 'VITIS_LOOP_273_19'): Unable to enforce a carried dependence constraint (II = 11, distance = 1, offset = 1) between 'call' operation ('cordic_ret', A5V3FIX/src/qr.cpp:275) to 'cordic' and 'select' operation ('r.V').&#xD;&#xA;Resolution: For help on HLS 200-880 see www.xilinx.com/cgi-bin/docs/rdoc?v=2022.1;t=hls+guidance;d=200-880.html" projectName="A5V3FIX" solutionName="solution1" date="2022-11-27T09:26:39.051-0600" type="Warning"/>
        <logs message="WARNING: [HLS 200-880] The II Violation in module 'qr_Pipeline_VITIS_LOOP_273_19' (loop 'VITIS_LOOP_273_19'): Unable to enforce a carried dependence constraint (II = 4, distance = 1, offset = 1) between 'call' operation ('cordic_ret', A5V3FIX/src/qr.cpp:275) to 'cordic' and 'select' operation ('r.V').&#xD;&#xA;Resolution: For help on HLS 200-880 see www.xilinx.com/cgi-bin/docs/rdoc?v=2022.1;t=hls+guidance;d=200-880.html" projectName="A5V3FIX" solutionName="solution1" date="2022-11-27T09:26:39.019-0600" type="Warning"/>
        <logs message="WARNING: [HLS 200-880] The II Violation in module 'qr_Pipeline_VITIS_LOOP_273_19' (loop 'VITIS_LOOP_273_19'): Unable to enforce a carried dependence constraint (II = 3, distance = 1, offset = 1) between 'call' operation ('cordic_ret', A5V3FIX/src/qr.cpp:275) to 'cordic' and 'select' operation ('r.V').&#xD;&#xA;Resolution: For help on HLS 200-880 see www.xilinx.com/cgi-bin/docs/rdoc?v=2022.1;t=hls+guidance;d=200-880.html" projectName="A5V3FIX" solutionName="solution1" date="2022-11-27T09:26:38.991-0600" type="Warning"/>
        <logs message="WARNING: [HLS 200-880] The II Violation in module 'qr_Pipeline_VITIS_LOOP_273_19' (loop 'VITIS_LOOP_273_19'): Unable to enforce a carried dependence constraint (II = 2, distance = 1, offset = 1) between 'call' operation ('cordic_ret', A5V3FIX/src/qr.cpp:275) to 'cordic' and 'select' operation ('r.V').&#xD;&#xA;Resolution: For help on HLS 200-880 see www.xilinx.com/cgi-bin/docs/rdoc?v=2022.1;t=hls+guidance;d=200-880.html" projectName="A5V3FIX" solutionName="solution1" date="2022-11-27T09:26:38.965-0600" type="Warning"/>
        <logs message="WARNING: [HLS 200-880] The II Violation in module 'qr_Pipeline_VITIS_LOOP_273_19' (loop 'VITIS_LOOP_273_19'): Unable to enforce a carried dependence constraint (II = 1, distance = 1, offset = 1) between 'call' operation ('cordic_ret', A5V3FIX/src/qr.cpp:275) to 'cordic' and 'select' operation ('r.V').&#xD;&#xA;Resolution: For help on HLS 200-880 see www.xilinx.com/cgi-bin/docs/rdoc?v=2022.1;t=hls+guidance;d=200-880.html" projectName="A5V3FIX" solutionName="solution1" date="2022-11-27T09:26:38.938-0600" type="Warning"/>
        <logs message="WARNING: [HLS 200-880] The II Violation in module 'qr_Pipeline_VITIS_LOOP_264_18' (loop 'VITIS_LOOP_264_18'): Unable to enforce a carried dependence constraint (II = 11, distance = 1, offset = 1) between 'call' operation ('cordic_ret', A5V3FIX/src/qr.cpp:266) to 'cordic' and 'select' operation ('r.V').&#xD;&#xA;Resolution: For help on HLS 200-880 see www.xilinx.com/cgi-bin/docs/rdoc?v=2022.1;t=hls+guidance;d=200-880.html" projectName="A5V3FIX" solutionName="solution1" date="2022-11-27T09:26:38.261-0600" type="Warning"/>
      </synLog>
      <simLog/>
      <mgLog/>
      <packageLog/>
      <csimLog/>
    </logs>
  </warningLogs>
</vivadoHLSLog:LogRoot>
