{"sourceFile": [{
      "name": "",
      "directive": [{
          "functionName": "cordic",
          "label": "",
          "functionLabel": "",
          "id": "1",
          "sourceFile": "C:\/ELEC522\/hl116\/Project6\/project6_final\/Vitis_HLS\/project6_final_hls_mc\/solution1_without_back_substitution\/csynth.tcl",
          "sourceLine": "15",
          "pragma": {
            "name": "TOP",
            "option": [{
                "name": "name",
                "value": "cordic"
              }]
          }
        }]
    }]}
