<profile>

<section name = "Vitis HLS Report for 'cordic'" level="0">
<item name = "Date">Mon Dec 12 09:26:14 2022
</item>
<item name = "Version">2022.1 (Build 3526262 on Mon Apr 18 15:48:16 MDT 2022)</item>
<item name = "Project">project6_final_hls_mc</item>
<item name = "Solution">solution1_without_back_substitution (Vivado IP Flow Target)</item>
<item name = "Product family">zynq</item>
<item name = "Target device">xc7z020-clg484-1</item>
</section>

<section name = "Performance Estimates" level="0">
<item name = "Timing">
<section name = "" level="1">
<item name = "Summary"><table name="" hasTotal="0">
<keys size="4">Clock, Target, Estimated, Uncertainty</keys>
<column name="ap_clk">10.00 ns, 7.292 ns, 2.70 ns</column>
</table>
</item>
</section>
</item>
<item name = "Latency">
<section name = "" level="1">
<item name = "Summary"><table name="" hasTotal="0">
<keys size="8">, min, max, min, max, min, max, Type</keys>
<column name="">42, 42, 0.420 us, 0.420 us, 1, 1, yes</column>
</table>
</item>
<item name = "Detail">
<section name = "" level="1">
<item name = "Instance"><table name="" hasTotal="0">
<keys size="9">Instance, Module, min, max, min, max, min, max, Type</keys>
</table>
</item>
<item name = "Loop"><table name="" hasTotal="0">
<keys size="8">Loop Name, min, max, Latency, achieved, target, Count, Pipelined</keys>
</table>
</item>
</section>
</item>
</section>
</item>
</section>

<section name = "Utilization Estimates" level="0">
<item name = "Summary"><table name="" hasTotal="1">
<keys size="6">Name, BRAM_18K, DSP, FF, LUT, URAM</keys>
<column name="DSP">-, -, -, -, -</column>
<column name="Expression">-, -, 0, 9676, -</column>
<column name="FIFO">-, -, -, -, -</column>
<column name="Instance">-, -, -, -, -</column>
<column name="Memory">-, -, -, -, -</column>
<column name="Multiplexer">-, -, -, -, -</column>
<column name="Register">-, -, 3836, 736, -</column>
<specialColumn name="Available">280, 220, 106400, 53200, 0</specialColumn>
<specialColumn name="Utilization (%)">0, 0, 3, 19, 0</specialColumn>
</table>
</item>
<item name = "Detail">
<section name = "" level="1">
<item name = "Instance"><table name="" hasTotal="1">
<keys size="7">Instance, Module, BRAM_18K, DSP, FF, LUT, URAM</keys>
</table>
</item>
<item name = "DSP"><table name="" hasTotal="0">
<keys size="3">Instance, Module, Expression</keys>
</table>
</item>
<item name = "Memory"><table name="" hasTotal="1">
<keys size="10">Memory, Module, BRAM_18K, FF, LUT, URAM, Words, Bits, Banks, W*Bits*Banks</keys>
</table>
</item>
<item name = "FIFO"><table name="" hasTotal="1">
<keys size="8">Name, BRAM_18K, FF, LUT, URAM, Depth, Bits, Size:D*B</keys>
</table>
</item>
<item name = "Expression"><table name="" hasTotal="1">
<keys size="7">Variable Name, Operation, DSP, FF, LUT, Bitwidth P0, Bitwidth P1</keys>
<column name="add_ln1697_10_fu_600_p2">+, 0, 0, 16, 16, 8</column>
<column name="add_ln1697_12_fu_760_p2">+, 0, 0, 16, 16, 7</column>
<column name="add_ln1697_14_fu_920_p2">+, 0, 0, 16, 16, 6</column>
<column name="add_ln1697_16_fu_1080_p2">+, 0, 0, 16, 16, 5</column>
<column name="add_ln1697_18_fu_1240_p2">+, 0, 0, 16, 16, 4</column>
<column name="add_ln1697_20_fu_1380_p2">+, 0, 0, 16, 16, 3</column>
<column name="add_ln1697_22_fu_1474_p2">+, 0, 0, 16, 16, 2</column>
<column name="add_ln1697_24_fu_3668_p2">+, 0, 0, 15, 15, 15</column>
<column name="add_ln1697_25_fu_3506_p2">+, 0, 0, 12, 12, 12</column>
<column name="add_ln1697_26_fu_3516_p2">+, 0, 0, 14, 13, 13</column>
<column name="add_ln1697_27_fu_3677_p2">+, 0, 0, 15, 15, 15</column>
<column name="add_ln1697_28_fu_3860_p2">+, 0, 0, 14, 9, 9</column>
<column name="add_ln1697_29_fu_4152_p2">+, 0, 0, 10, 10, 10</column>
<column name="add_ln1697_2_fu_352_p2">+, 0, 0, 16, 16, 12</column>
<column name="add_ln1697_30_fu_4093_p2">+, 0, 0, 14, 6, 6</column>
<column name="add_ln1697_31_fu_4103_p2">+, 0, 0, 14, 7, 7</column>
<column name="add_ln1697_32_fu_4161_p2">+, 0, 0, 10, 10, 10</column>
<column name="add_ln1697_33_fu_4281_p2">+, 0, 0, 15, 15, 15</column>
<column name="add_ln1697_4_fu_386_p2">+, 0, 0, 16, 16, 11</column>
<column name="add_ln1697_6_fu_420_p2">+, 0, 0, 16, 16, 10</column>
<column name="add_ln1697_8_fu_454_p2">+, 0, 0, 16, 16, 9</column>
<column name="add_ln1697_fu_301_p2">+, 0, 0, 16, 16, 13</column>
<column name="current_cos_V_100_fu_2979_p2">+, 0, 0, 23, 16, 16</column>
<column name="current_cos_V_103_fu_3153_p2">+, 0, 0, 23, 16, 16</column>
<column name="current_cos_V_106_fu_3237_p2">+, 0, 0, 23, 16, 16</column>
<column name="current_cos_V_109_fu_3324_p2">+, 0, 0, 23, 16, 16</column>
<column name="current_cos_V_10_fu_707_p2">+, 0, 0, 23, 16, 16</column>
<column name="current_cos_V_112_fu_3414_p2">+, 0, 0, 23, 16, 16</column>
<column name="current_cos_V_115_fu_3556_p2">+, 0, 0, 23, 16, 16</column>
<column name="current_cos_V_118_fu_3626_p2">+, 0, 0, 23, 16, 16</column>
<column name="current_cos_V_121_fu_3728_p2">+, 0, 0, 23, 16, 16</column>
<column name="current_cos_V_124_fu_3818_p2">+, 0, 0, 23, 16, 16</column>
<column name="current_cos_V_127_fu_3911_p2">+, 0, 0, 23, 16, 16</column>
<column name="current_cos_V_130_fu_4001_p2">+, 0, 0, 23, 16, 16</column>
<column name="current_cos_V_133_fu_4122_p2">+, 0, 0, 23, 16, 16</column>
<column name="current_cos_V_136_fu_4210_p2">+, 0, 0, 23, 16, 16</column>
<column name="current_cos_V_139_fu_4305_p2">+, 0, 0, 23, 16, 16</column>
<column name="current_cos_V_13_fu_803_p2">+, 0, 0, 23, 16, 16</column>
<column name="current_cos_V_142_fu_4379_p2">+, 0, 0, 23, 16, 16</column>
<column name="current_cos_V_145_fu_4457_p2">+, 0, 0, 23, 16, 16</column>
<column name="current_cos_V_148_fu_4531_p2">+, 0, 0, 23, 16, 16</column>
<column name="current_cos_V_151_fu_4605_p2">+, 0, 0, 23, 16, 16</column>
<column name="current_cos_V_154_fu_4685_p2">+, 0, 0, 23, 16, 16</column>
<column name="current_cos_V_157_fu_4755_p2">+, 0, 0, 23, 16, 16</column>
<column name="current_cos_V_160_fu_4833_p2">+, 0, 0, 23, 16, 16</column>
<column name="current_cos_V_163_fu_4907_p2">+, 0, 0, 23, 16, 16</column>
<column name="current_cos_V_166_fu_4981_p2">+, 0, 0, 23, 16, 16</column>
<column name="current_cos_V_169_fu_5061_p2">+, 0, 0, 23, 16, 16</column>
<column name="current_cos_V_16_fu_867_p2">+, 0, 0, 23, 16, 16</column>
<column name="current_cos_V_172_fu_5131_p2">+, 0, 0, 23, 16, 16</column>
<column name="current_cos_V_175_fu_5209_p2">+, 0, 0, 23, 16, 16</column>
<column name="current_cos_V_178_fu_5283_p2">+, 0, 0, 23, 16, 16</column>
<column name="current_cos_V_181_fu_5357_p2">+, 0, 0, 23, 16, 16</column>
<column name="current_cos_V_184_fu_5437_p2">+, 0, 0, 23, 16, 16</column>
<column name="current_cos_V_187_fu_5507_p2">+, 0, 0, 23, 16, 16</column>
<column name="current_cos_V_190_fu_5585_p2">+, 0, 0, 23, 16, 16</column>
<column name="current_cos_V_194_fu_2911_p2">+, 0, 0, 23, 16, 16</column>
<column name="current_cos_V_19_fu_963_p2">+, 0, 0, 23, 16, 16</column>
<column name="current_cos_V_22_fu_1027_p2">+, 0, 0, 23, 16, 16</column>
<column name="current_cos_V_25_fu_1123_p2">+, 0, 0, 23, 16, 16</column>
<column name="current_cos_V_28_fu_1187_p2">+, 0, 0, 23, 16, 16</column>
<column name="current_cos_V_31_fu_1283_p2">+, 0, 0, 23, 16, 16</column>
<column name="current_cos_V_34_fu_1347_p2">+, 0, 0, 23, 16, 16</column>
<column name="current_cos_V_37_fu_1443_p2">+, 0, 0, 23, 16, 16</column>
<column name="current_cos_V_40_fu_1533_p2">+, 0, 0, 23, 16, 16</column>
<column name="current_cos_V_43_fu_1597_p2">+, 0, 0, 23, 16, 16</column>
<column name="current_cos_V_46_fu_1665_p2">+, 0, 0, 23, 16, 16</column>
<column name="current_cos_V_49_fu_1731_p2">+, 0, 0, 23, 16, 16</column>
<column name="current_cos_V_4_fu_547_p2">+, 0, 0, 23, 16, 16</column>
<column name="current_cos_V_52_fu_1793_p2">+, 0, 0, 23, 16, 16</column>
<column name="current_cos_V_55_fu_1863_p2">+, 0, 0, 23, 16, 16</column>
<column name="current_cos_V_58_fu_1929_p2">+, 0, 0, 23, 16, 16</column>
<column name="current_cos_V_61_fu_2015_p2">+, 0, 0, 23, 16, 16</column>
<column name="current_cos_V_64_fu_2060_p2">+, 0, 0, 23, 16, 16</column>
<column name="current_cos_V_67_fu_2125_p2">+, 0, 0, 23, 16, 16</column>
<column name="current_cos_V_70_fu_2187_p2">+, 0, 0, 23, 16, 16</column>
<column name="current_cos_V_73_fu_2257_p2">+, 0, 0, 23, 16, 16</column>
<column name="current_cos_V_76_fu_2323_p2">+, 0, 0, 23, 16, 16</column>
<column name="current_cos_V_79_fu_2390_p2">+, 0, 0, 23, 16, 16</column>
<column name="current_cos_V_7_fu_643_p2">+, 0, 0, 23, 16, 16</column>
<column name="current_cos_V_82_fu_2456_p2">+, 0, 0, 23, 16, 16</column>
<column name="current_cos_V_85_fu_2521_p2">+, 0, 0, 23, 16, 16</column>
<column name="current_cos_V_88_fu_2587_p2">+, 0, 0, 23, 16, 16</column>
<column name="current_cos_V_91_fu_2663_p2">+, 0, 0, 23, 16, 16</column>
<column name="current_cos_V_94_fu_2731_p2">+, 0, 0, 23, 16, 16</column>
<column name="current_sin_V_12_fu_798_p2">+, 0, 0, 23, 16, 16</column>
<column name="current_sin_V_15_fu_861_p2">+, 0, 0, 23, 16, 16</column>
<column name="current_sin_V_18_fu_958_p2">+, 0, 0, 23, 16, 16</column>
<column name="current_sin_V_193_fu_481_p2">+, 0, 0, 23, 16, 16</column>
<column name="current_sin_V_198_fu_2997_p2">+, 0, 0, 23, 16, 16</column>
<column name="current_sin_V_200_fu_3171_p2">+, 0, 0, 23, 16, 16</column>
<column name="current_sin_V_202_fu_3255_p2">+, 0, 0, 23, 16, 16</column>
<column name="current_sin_V_204_fu_3340_p2">+, 0, 0, 23, 16, 16</column>
<column name="current_sin_V_206_fu_3432_p2">+, 0, 0, 23, 16, 16</column>
<column name="current_sin_V_208_fu_3571_p2">+, 0, 0, 23, 16, 16</column>
<column name="current_sin_V_210_fu_3644_p2">+, 0, 0, 23, 16, 16</column>
<column name="current_sin_V_212_fu_3744_p2">+, 0, 0, 23, 16, 16</column>
<column name="current_sin_V_214_fu_3836_p2">+, 0, 0, 23, 16, 16</column>
<column name="current_sin_V_216_fu_3927_p2">+, 0, 0, 23, 16, 16</column>
<column name="current_sin_V_218_fu_4019_p2">+, 0, 0, 23, 16, 16</column>
<column name="current_sin_V_21_fu_1021_p2">+, 0, 0, 23, 16, 16</column>
<column name="current_sin_V_220_fu_4137_p2">+, 0, 0, 23, 16, 16</column>
<column name="current_sin_V_222_fu_4228_p2">+, 0, 0, 23, 16, 16</column>
<column name="current_sin_V_225_fu_4320_p2">+, 0, 0, 23, 16, 16</column>
<column name="current_sin_V_228_fu_4397_p2">+, 0, 0, 23, 16, 16</column>
<column name="current_sin_V_231_fu_4472_p2">+, 0, 0, 23, 16, 16</column>
<column name="current_sin_V_234_fu_4549_p2">+, 0, 0, 23, 16, 16</column>
<column name="current_sin_V_237_fu_4623_p2">+, 0, 0, 23, 16, 16</column>
<column name="current_sin_V_240_fu_4697_p2">+, 0, 0, 23, 16, 16</column>
<column name="current_sin_V_243_fu_4773_p2">+, 0, 0, 23, 16, 16</column>
<column name="current_sin_V_246_fu_4848_p2">+, 0, 0, 23, 16, 16</column>
<column name="current_sin_V_249_fu_4925_p2">+, 0, 0, 23, 16, 16</column>
<column name="current_sin_V_24_fu_1118_p2">+, 0, 0, 23, 16, 16</column>
<column name="current_sin_V_252_fu_4999_p2">+, 0, 0, 23, 16, 16</column>
<column name="current_sin_V_255_fu_5073_p2">+, 0, 0, 23, 16, 16</column>
<column name="current_sin_V_258_fu_5149_p2">+, 0, 0, 23, 16, 16</column>
<column name="current_sin_V_261_fu_5224_p2">+, 0, 0, 23, 16, 16</column>
<column name="current_sin_V_264_fu_5301_p2">+, 0, 0, 23, 16, 16</column>
<column name="current_sin_V_267_fu_5375_p2">+, 0, 0, 23, 16, 16</column>
<column name="current_sin_V_270_fu_5449_p2">+, 0, 0, 23, 16, 16</column>
<column name="current_sin_V_273_fu_5525_p2">+, 0, 0, 23, 16, 16</column>
<column name="current_sin_V_276_fu_5600_p2">+, 0, 0, 23, 16, 16</column>
<column name="current_sin_V_27_fu_1181_p2">+, 0, 0, 23, 16, 16</column>
<column name="current_sin_V_30_fu_1278_p2">+, 0, 0, 23, 16, 16</column>
<column name="current_sin_V_33_fu_1341_p2">+, 0, 0, 23, 16, 16</column>
<column name="current_sin_V_36_fu_1438_p2">+, 0, 0, 23, 16, 16</column>
<column name="current_sin_V_39_fu_1527_p2">+, 0, 0, 23, 16, 16</column>
<column name="current_sin_V_3_fu_541_p2">+, 0, 0, 23, 16, 16</column>
<column name="current_sin_V_42_fu_1592_p2">+, 0, 0, 23, 16, 16</column>
<column name="current_sin_V_45_fu_1659_p2">+, 0, 0, 23, 16, 16</column>
<column name="current_sin_V_48_fu_1726_p2">+, 0, 0, 23, 16, 16</column>
<column name="current_sin_V_51_fu_1799_p2">+, 0, 0, 23, 16, 16</column>
<column name="current_sin_V_54_fu_1857_p2">+, 0, 0, 23, 16, 16</column>
<column name="current_sin_V_57_fu_1924_p2">+, 0, 0, 23, 16, 16</column>
<column name="current_sin_V_60_fu_1984_p2">+, 0, 0, 23, 16, 16</column>
<column name="current_sin_V_63_fu_2055_p2">+, 0, 0, 23, 16, 16</column>
<column name="current_sin_V_66_fu_2120_p2">+, 0, 0, 23, 16, 16</column>
<column name="current_sin_V_69_fu_2193_p2">+, 0, 0, 23, 16, 16</column>
<column name="current_sin_V_6_fu_638_p2">+, 0, 0, 23, 16, 16</column>
<column name="current_sin_V_72_fu_2251_p2">+, 0, 0, 23, 16, 16</column>
<column name="current_sin_V_75_fu_2318_p2">+, 0, 0, 23, 16, 16</column>
<column name="current_sin_V_78_fu_2384_p2">+, 0, 0, 23, 16, 16</column>
<column name="current_sin_V_81_fu_2451_p2">+, 0, 0, 23, 16, 16</column>
<column name="current_sin_V_84_fu_2517_p2">+, 0, 0, 23, 16, 16</column>
<column name="current_sin_V_87_fu_2581_p2">+, 0, 0, 23, 16, 16</column>
<column name="current_sin_V_90_fu_2658_p2">+, 0, 0, 23, 16, 16</column>
<column name="current_sin_V_93_fu_2725_p2">+, 0, 0, 23, 16, 16</column>
<column name="current_sin_V_9_fu_701_p2">+, 0, 0, 23, 16, 16</column>
<column name="current_t_V_3_fu_4293_p2">+, 0, 0, 15, 15, 15</column>
<column name="theta_in_V_10_fu_1245_p2">+, 0, 0, 16, 16, 16</column>
<column name="theta_in_V_11_fu_1385_p2">+, 0, 0, 16, 16, 16</column>
<column name="theta_in_V_12_fu_1479_p2">+, 0, 0, 16, 16, 16</column>
<column name="theta_in_V_1_fu_307_p2">+, 0, 0, 16, 16, 16</column>
<column name="theta_in_V_2_fu_357_p2">+, 0, 0, 16, 16, 16</column>
<column name="theta_in_V_3_fu_391_p2">+, 0, 0, 16, 16, 16</column>
<column name="theta_in_V_4_fu_425_p2">+, 0, 0, 16, 16, 16</column>
<column name="theta_in_V_5_fu_459_p2">+, 0, 0, 16, 16, 16</column>
<column name="theta_in_V_6_fu_605_p2">+, 0, 0, 16, 16, 16</column>
<column name="theta_in_V_7_fu_765_p2">+, 0, 0, 16, 16, 16</column>
<column name="theta_in_V_8_fu_925_p2">+, 0, 0, 16, 16, 16</column>
<column name="theta_in_V_9_fu_1085_p2">+, 0, 0, 16, 16, 16</column>
<column name="theta_in_V_fu_271_p2">+, 0, 0, 23, 16, 16</column>
<column name="x_s_V_10_fu_5721_p2">+, 0, 0, 23, 16, 16</column>
<column name="x_s_V_11_fu_5830_p2">+, 0, 0, 23, 16, 16</column>
<column name="x_s_V_12_fu_5851_p2">+, 0, 0, 23, 16, 16</column>
<column name="x_s_V_13_fu_5873_p2">+, 0, 0, 23, 16, 16</column>
<column name="x_s_V_1_fu_2787_p2">+, 0, 0, 23, 16, 16</column>
<column name="x_s_V_3_fu_3006_p2">+, 0, 0, 23, 16, 16</column>
<column name="x_s_V_4_fu_3027_p2">+, 0, 0, 23, 16, 16</column>
<column name="x_s_V_5_fu_3049_p2">+, 0, 0, 23, 16, 16</column>
<column name="x_s_V_6_fu_5790_p2">+, 0, 0, 23, 16, 16</column>
<column name="x_s_V_8_fu_5682_p2">+, 0, 0, 23, 16, 16</column>
<column name="y_s_V_10_fu_5769_p2">+, 0, 0, 23, 16, 16</column>
<column name="y_s_V_11_fu_5894_p2">+, 0, 0, 23, 16, 16</column>
<column name="y_s_V_12_fu_5915_p2">+, 0, 0, 23, 16, 16</column>
<column name="y_s_V_13_fu_5937_p2">+, 0, 0, 23, 16, 16</column>
<column name="y_s_V_1_fu_2857_p2">+, 0, 0, 23, 16, 16</column>
<column name="y_s_V_3_fu_3058_p2">+, 0, 0, 23, 16, 16</column>
<column name="y_s_V_4_fu_3079_p2">+, 0, 0, 23, 16, 16</column>
<column name="y_s_V_5_fu_3101_p2">+, 0, 0, 23, 16, 16</column>
<column name="y_s_V_6_fu_5810_p2">+, 0, 0, 23, 16, 16</column>
<column name="y_s_V_8_fu_5730_p2">+, 0, 0, 23, 16, 16</column>
<column name="current_cos_V_101_fu_2991_p2">-, 0, 0, 23, 16, 16</column>
<column name="current_cos_V_104_fu_3165_p2">-, 0, 0, 23, 16, 16</column>
<column name="current_cos_V_107_fu_3249_p2">-, 0, 0, 23, 16, 16</column>
<column name="current_cos_V_110_fu_3335_p2">-, 0, 0, 23, 16, 16</column>
<column name="current_cos_V_113_fu_3426_p2">-, 0, 0, 23, 16, 16</column>
<column name="current_cos_V_116_fu_3566_p2">-, 0, 0, 23, 16, 16</column>
<column name="current_cos_V_119_fu_3638_p2">-, 0, 0, 23, 16, 16</column>
<column name="current_cos_V_122_fu_3739_p2">-, 0, 0, 23, 16, 16</column>
<column name="current_cos_V_125_fu_3830_p2">-, 0, 0, 23, 16, 16</column>
<column name="current_cos_V_128_fu_3922_p2">-, 0, 0, 23, 16, 16</column>
<column name="current_cos_V_12_fu_793_p2">-, 0, 0, 23, 16, 16</column>
<column name="current_cos_V_131_fu_4013_p2">-, 0, 0, 23, 16, 16</column>
<column name="current_cos_V_134_fu_4132_p2">-, 0, 0, 23, 16, 16</column>
<column name="current_cos_V_137_fu_4222_p2">-, 0, 0, 23, 16, 16</column>
<column name="current_cos_V_140_fu_4315_p2">-, 0, 0, 23, 16, 16</column>
<column name="current_cos_V_143_fu_4391_p2">-, 0, 0, 23, 16, 16</column>
<column name="current_cos_V_146_fu_4467_p2">-, 0, 0, 23, 16, 16</column>
<column name="current_cos_V_149_fu_4543_p2">-, 0, 0, 23, 16, 16</column>
<column name="current_cos_V_152_fu_4617_p2">-, 0, 0, 23, 16, 16</column>
<column name="current_cos_V_155_fu_4693_p2">-, 0, 0, 23, 16, 16</column>
<column name="current_cos_V_158_fu_4767_p2">-, 0, 0, 23, 16, 16</column>
<column name="current_cos_V_15_fu_855_p2">-, 0, 0, 23, 16, 16</column>
<column name="current_cos_V_161_fu_4843_p2">-, 0, 0, 23, 16, 16</column>
<column name="current_cos_V_164_fu_4919_p2">-, 0, 0, 23, 16, 16</column>
<column name="current_cos_V_167_fu_4993_p2">-, 0, 0, 23, 16, 16</column>
<column name="current_cos_V_170_fu_5069_p2">-, 0, 0, 23, 16, 16</column>
<column name="current_cos_V_173_fu_5143_p2">-, 0, 0, 23, 16, 16</column>
<column name="current_cos_V_176_fu_5219_p2">-, 0, 0, 23, 16, 16</column>
<column name="current_cos_V_179_fu_5295_p2">-, 0, 0, 23, 16, 16</column>
<column name="current_cos_V_182_fu_5369_p2">-, 0, 0, 23, 16, 16</column>
<column name="current_cos_V_185_fu_5445_p2">-, 0, 0, 23, 16, 16</column>
<column name="current_cos_V_188_fu_5519_p2">-, 0, 0, 23, 16, 16</column>
<column name="current_cos_V_18_fu_953_p2">-, 0, 0, 23, 16, 16</column>
<column name="current_cos_V_191_fu_5595_p2">-, 0, 0, 23, 16, 16</column>
<column name="current_cos_V_21_fu_1015_p2">-, 0, 0, 23, 16, 16</column>
<column name="current_cos_V_24_fu_1113_p2">-, 0, 0, 23, 16, 16</column>
<column name="current_cos_V_27_fu_1175_p2">-, 0, 0, 23, 16, 16</column>
<column name="current_cos_V_30_fu_1273_p2">-, 0, 0, 23, 16, 16</column>
<column name="current_cos_V_33_fu_1335_p2">-, 0, 0, 23, 16, 16</column>
<column name="current_cos_V_36_fu_1433_p2">-, 0, 0, 23, 16, 16</column>
<column name="current_cos_V_39_fu_1521_p2">-, 0, 0, 23, 16, 16</column>
<column name="current_cos_V_3_fu_535_p2">-, 0, 0, 23, 16, 16</column>
<column name="current_cos_V_42_fu_1587_p2">-, 0, 0, 23, 16, 16</column>
<column name="current_cos_V_45_fu_1653_p2">-, 0, 0, 23, 16, 16</column>
<column name="current_cos_V_48_fu_1721_p2">-, 0, 0, 23, 16, 16</column>
<column name="current_cos_V_51_fu_1787_p2">-, 0, 0, 23, 16, 16</column>
<column name="current_cos_V_54_fu_1851_p2">-, 0, 0, 23, 16, 16</column>
<column name="current_cos_V_57_fu_1920_p2">-, 0, 0, 23, 16, 16</column>
<column name="current_cos_V_60_fu_2011_p2">-, 0, 0, 23, 16, 16</column>
<column name="current_cos_V_63_fu_2049_p2">-, 0, 0, 23, 16, 16</column>
<column name="current_cos_V_66_fu_2115_p2">-, 0, 0, 23, 16, 16</column>
<column name="current_cos_V_69_fu_2181_p2">-, 0, 0, 23, 16, 16</column>
<column name="current_cos_V_6_fu_633_p2">-, 0, 0, 23, 16, 16</column>
<column name="current_cos_V_72_fu_2245_p2">-, 0, 0, 23, 16, 16</column>
<column name="current_cos_V_75_fu_2314_p2">-, 0, 0, 23, 16, 16</column>
<column name="current_cos_V_78_fu_2378_p2">-, 0, 0, 23, 16, 16</column>
<column name="current_cos_V_81_fu_2445_p2">-, 0, 0, 23, 16, 16</column>
<column name="current_cos_V_84_fu_2513_p2">-, 0, 0, 23, 16, 16</column>
<column name="current_cos_V_87_fu_2575_p2">-, 0, 0, 23, 16, 16</column>
<column name="current_cos_V_90_fu_2653_p2">-, 0, 0, 23, 16, 16</column>
<column name="current_cos_V_93_fu_2719_p2">-, 0, 0, 23, 16, 16</column>
<column name="current_cos_V_98_fu_2923_p2">-, 0, 0, 23, 16, 16</column>
<column name="current_cos_V_9_fu_695_p2">-, 0, 0, 23, 16, 16</column>
<column name="current_cos_V_fu_485_p2">-, 0, 0, 23, 16, 16</column>
<column name="current_sin_V_10_fu_713_p2">-, 0, 0, 23, 16, 16</column>
<column name="current_sin_V_13_fu_808_p2">-, 0, 0, 23, 16, 16</column>
<column name="current_sin_V_16_fu_873_p2">-, 0, 0, 23, 16, 16</column>
<column name="current_sin_V_195_fu_2917_p2">-, 0, 0, 23, 16, 16</column>
<column name="current_sin_V_197_fu_2985_p2">-, 0, 0, 23, 16, 16</column>
<column name="current_sin_V_199_fu_3159_p2">-, 0, 0, 23, 16, 16</column>
<column name="current_sin_V_19_fu_968_p2">-, 0, 0, 23, 16, 16</column>
<column name="current_sin_V_201_fu_3243_p2">-, 0, 0, 23, 16, 16</column>
<column name="current_sin_V_203_fu_3329_p2">-, 0, 0, 23, 16, 16</column>
<column name="current_sin_V_205_fu_3420_p2">-, 0, 0, 23, 16, 16</column>
<column name="current_sin_V_207_fu_3561_p2">-, 0, 0, 23, 16, 16</column>
<column name="current_sin_V_209_fu_3632_p2">-, 0, 0, 23, 16, 16</column>
<column name="current_sin_V_211_fu_3733_p2">-, 0, 0, 23, 16, 16</column>
<column name="current_sin_V_213_fu_3824_p2">-, 0, 0, 23, 16, 16</column>
<column name="current_sin_V_215_fu_3916_p2">-, 0, 0, 23, 16, 16</column>
<column name="current_sin_V_217_fu_4007_p2">-, 0, 0, 23, 16, 16</column>
<column name="current_sin_V_219_fu_4127_p2">-, 0, 0, 23, 16, 16</column>
<column name="current_sin_V_221_fu_4216_p2">-, 0, 0, 23, 16, 16</column>
<column name="current_sin_V_224_fu_4310_p2">-, 0, 0, 23, 16, 16</column>
<column name="current_sin_V_227_fu_4385_p2">-, 0, 0, 23, 16, 16</column>
<column name="current_sin_V_22_fu_1033_p2">-, 0, 0, 23, 16, 16</column>
<column name="current_sin_V_230_fu_4462_p2">-, 0, 0, 23, 16, 16</column>
<column name="current_sin_V_233_fu_4537_p2">-, 0, 0, 23, 16, 16</column>
<column name="current_sin_V_236_fu_4611_p2">-, 0, 0, 23, 16, 16</column>
<column name="current_sin_V_239_fu_4689_p2">-, 0, 0, 23, 16, 16</column>
<column name="current_sin_V_242_fu_4761_p2">-, 0, 0, 23, 16, 16</column>
<column name="current_sin_V_245_fu_4838_p2">-, 0, 0, 23, 16, 16</column>
<column name="current_sin_V_248_fu_4913_p2">-, 0, 0, 23, 16, 16</column>
<column name="current_sin_V_251_fu_4987_p2">-, 0, 0, 23, 16, 16</column>
<column name="current_sin_V_254_fu_5065_p2">-, 0, 0, 23, 16, 16</column>
<column name="current_sin_V_257_fu_5137_p2">-, 0, 0, 23, 16, 16</column>
<column name="current_sin_V_25_fu_1128_p2">-, 0, 0, 23, 16, 16</column>
<column name="current_sin_V_260_fu_5214_p2">-, 0, 0, 23, 16, 16</column>
<column name="current_sin_V_263_fu_5289_p2">-, 0, 0, 23, 16, 16</column>
<column name="current_sin_V_266_fu_5363_p2">-, 0, 0, 23, 16, 16</column>
<column name="current_sin_V_269_fu_5441_p2">-, 0, 0, 23, 16, 16</column>
<column name="current_sin_V_272_fu_5513_p2">-, 0, 0, 23, 16, 16</column>
<column name="current_sin_V_275_fu_5590_p2">-, 0, 0, 23, 16, 16</column>
<column name="current_sin_V_28_fu_1193_p2">-, 0, 0, 23, 16, 16</column>
<column name="current_sin_V_31_fu_1288_p2">-, 0, 0, 23, 16, 16</column>
<column name="current_sin_V_34_fu_1353_p2">-, 0, 0, 23, 16, 16</column>
<column name="current_sin_V_37_fu_1448_p2">-, 0, 0, 23, 16, 16</column>
<column name="current_sin_V_40_fu_1539_p2">-, 0, 0, 23, 16, 16</column>
<column name="current_sin_V_43_fu_1602_p2">-, 0, 0, 23, 16, 16</column>
<column name="current_sin_V_46_fu_1671_p2">-, 0, 0, 23, 16, 16</column>
<column name="current_sin_V_49_fu_1736_p2">-, 0, 0, 23, 16, 16</column>
<column name="current_sin_V_4_fu_553_p2">-, 0, 0, 23, 16, 16</column>
<column name="current_sin_V_52_fu_1803_p2">-, 0, 0, 23, 16, 16</column>
<column name="current_sin_V_55_fu_1869_p2">-, 0, 0, 23, 16, 16</column>
<column name="current_sin_V_58_fu_1933_p2">-, 0, 0, 23, 16, 16</column>
<column name="current_sin_V_61_fu_1990_p2">-, 0, 0, 23, 16, 16</column>
<column name="current_sin_V_64_fu_2066_p2">-, 0, 0, 23, 16, 16</column>
<column name="current_sin_V_67_fu_2130_p2">-, 0, 0, 23, 16, 16</column>
<column name="current_sin_V_70_fu_2197_p2">-, 0, 0, 23, 16, 16</column>
<column name="current_sin_V_73_fu_2263_p2">-, 0, 0, 23, 16, 16</column>
<column name="current_sin_V_76_fu_2327_p2">-, 0, 0, 23, 16, 16</column>
<column name="current_sin_V_79_fu_2396_p2">-, 0, 0, 23, 16, 16</column>
<column name="current_sin_V_7_fu_648_p2">-, 0, 0, 23, 16, 16</column>
<column name="current_sin_V_82_fu_2462_p2">-, 0, 0, 23, 16, 16</column>
<column name="current_sin_V_85_fu_2525_p2">-, 0, 0, 23, 16, 16</column>
<column name="current_sin_V_88_fu_2593_p2">-, 0, 0, 23, 16, 16</column>
<column name="current_sin_V_91_fu_2668_p2">-, 0, 0, 23, 16, 16</column>
<column name="current_sin_V_94_fu_2737_p2">-, 0, 0, 23, 16, 16</column>
<column name="current_sin_V_fu_489_p2">-, 0, 0, 23, 16, 16</column>
<column name="x_s_V_2_fu_2807_p2">-, 0, 0, 23, 16, 16</column>
<column name="x_s_V_7_fu_5633_p2">-, 0, 0, 23, 16, 16</column>
<column name="x_s_V_9_fu_5701_p2">-, 0, 0, 23, 16, 16</column>
<column name="x_s_V_fu_2767_p2">-, 0, 0, 23, 16, 16</column>
<column name="y_s_V_2_fu_2877_p2">-, 0, 0, 23, 16, 16</column>
<column name="y_s_V_7_fu_5663_p2">-, 0, 0, 23, 16, 16</column>
<column name="y_s_V_9_fu_5749_p2">-, 0, 0, 23, 16, 16</column>
<column name="y_s_V_fu_2837_p2">-, 0, 0, 23, 16, 16</column>
<column name="and_ln82_fu_5943_p2">and, 0, 0, 2, 1, 1</column>
<column name="icmp_ln41_fu_2633_p2">icmp, 0, 0, 13, 16, 1</column>
<column name="or_ln41_1_fu_2893_p2">or, 0, 0, 2, 1, 1</column>
<column name="or_ln41_fu_2629_p2">or, 0, 0, 16, 16, 16</column>
<column name="or_ln82_fu_5998_p2">or, 0, 0, 2, 1, 1</column>
<column name="current_cos_V_102_fu_3112_p3">select, 0, 0, 16, 1, 16</column>
<column name="current_cos_V_105_fu_3193_p3">select, 0, 0, 16, 1, 16</column>
<column name="current_cos_V_108_fu_3261_p3">select, 0, 0, 16, 1, 16</column>
<column name="current_cos_V_111_fu_3370_p3">select, 0, 0, 16, 1, 16</column>
<column name="current_cos_V_114_fu_3462_p3">select, 0, 0, 16, 1, 16</column>
<column name="current_cos_V_117_fu_3583_p3">select, 0, 0, 16, 1, 16</column>
<column name="current_cos_V_11_fu_726_p3">select, 0, 0, 16, 1, 16</column>
<column name="current_cos_V_120_fu_3650_p3">select, 0, 0, 16, 1, 16</column>
<column name="current_cos_V_123_fu_3774_p3">select, 0, 0, 16, 1, 16</column>
<column name="current_cos_V_126_fu_3842_p3">select, 0, 0, 16, 1, 16</column>
<column name="current_cos_V_129_fu_3957_p3">select, 0, 0, 16, 1, 16</column>
<column name="current_cos_V_132_fu_4049_p3">select, 0, 0, 16, 1, 16</column>
<column name="current_cos_V_135_fu_4167_p3">select, 0, 0, 16, 1, 16</column>
<column name="current_cos_V_138_fu_4242_p3">select, 0, 0, 16, 1, 16</column>
<column name="current_cos_V_141_fu_4332_p3">select, 0, 0, 16, 1, 16</column>
<column name="current_cos_V_144_fu_4411_p3">select, 0, 0, 16, 1, 16</column>
<column name="current_cos_V_147_fu_4484_p3">select, 0, 0, 16, 1, 16</column>
<column name="current_cos_V_14_fu_820_p3">select, 0, 0, 16, 1, 16</column>
<column name="current_cos_V_150_fu_4560_p3">select, 0, 0, 16, 1, 16</column>
<column name="current_cos_V_153_fu_4637_p3">select, 0, 0, 16, 1, 16</column>
<column name="current_cos_V_156_fu_4708_p3">select, 0, 0, 16, 1, 16</column>
<column name="current_cos_V_159_fu_4787_p3">select, 0, 0, 16, 1, 16</column>
<column name="current_cos_V_162_fu_4860_p3">select, 0, 0, 16, 1, 16</column>
<column name="current_cos_V_165_fu_4936_p3">select, 0, 0, 16, 1, 16</column>
<column name="current_cos_V_168_fu_5013_p3">select, 0, 0, 16, 1, 16</column>
<column name="current_cos_V_171_fu_5084_p3">select, 0, 0, 16, 1, 16</column>
<column name="current_cos_V_174_fu_5163_p3">select, 0, 0, 16, 1, 16</column>
<column name="current_cos_V_177_fu_5236_p3">select, 0, 0, 16, 1, 16</column>
<column name="current_cos_V_17_fu_886_p3">select, 0, 0, 16, 1, 16</column>
<column name="current_cos_V_180_fu_5312_p3">select, 0, 0, 16, 1, 16</column>
<column name="current_cos_V_183_fu_5389_p3">select, 0, 0, 16, 1, 16</column>
<column name="current_cos_V_186_fu_5460_p3">select, 0, 0, 16, 1, 16</column>
<column name="current_cos_V_189_fu_5539_p3">select, 0, 0, 16, 1, 16</column>
<column name="current_cos_V_192_fu_5612_p3">select, 0, 0, 16, 1, 16</column>
<column name="current_cos_V_193_fu_2904_p3">select, 0, 0, 16, 1, 16</column>
<column name="current_cos_V_20_fu_980_p3">select, 0, 0, 16, 1, 16</column>
<column name="current_cos_V_23_fu_1046_p3">select, 0, 0, 16, 1, 16</column>
<column name="current_cos_V_26_fu_1140_p3">select, 0, 0, 16, 1, 16</column>
<column name="current_cos_V_29_fu_1206_p3">select, 0, 0, 16, 1, 16</column>
<column name="current_cos_V_2_fu_500_p3">select, 0, 0, 16, 1, 16</column>
<column name="current_cos_V_32_fu_1300_p3">select, 0, 0, 16, 1, 16</column>
<column name="current_cos_V_35_fu_1366_p3">select, 0, 0, 16, 1, 16</column>
<column name="current_cos_V_38_fu_1460_p3">select, 0, 0, 16, 1, 16</column>
<column name="current_cos_V_41_fu_1553_p3">select, 0, 0, 16, 1, 16</column>
<column name="current_cos_V_44_fu_1614_p3">select, 0, 0, 16, 1, 16</column>
<column name="current_cos_V_47_fu_1684_p3">select, 0, 0, 16, 1, 16</column>
<column name="current_cos_V_50_fu_1748_p3">select, 0, 0, 16, 1, 16</column>
<column name="current_cos_V_53_fu_1814_p3">select, 0, 0, 16, 1, 16</column>
<column name="current_cos_V_56_fu_1882_p3">select, 0, 0, 16, 1, 16</column>
<column name="current_cos_V_59_fu_1945_p3">select, 0, 0, 16, 1, 16</column>
<column name="current_cos_V_5_fu_566_p3">select, 0, 0, 16, 1, 16</column>
<column name="current_cos_V_62_fu_2019_p3">select, 0, 0, 16, 1, 16</column>
<column name="current_cos_V_65_fu_2078_p3">select, 0, 0, 16, 1, 16</column>
<column name="current_cos_V_68_fu_2142_p3">select, 0, 0, 16, 1, 16</column>
<column name="current_cos_V_71_fu_2208_p3">select, 0, 0, 16, 1, 16</column>
<column name="current_cos_V_74_fu_2276_p3">select, 0, 0, 16, 1, 16</column>
<column name="current_cos_V_77_fu_2339_p3">select, 0, 0, 16, 1, 16</column>
<column name="current_cos_V_80_fu_2417_p3">select, 0, 0, 16, 1, 16</column>
<column name="current_cos_V_83_fu_2474_p3">select, 0, 0, 16, 1, 16</column>
<column name="current_cos_V_86_fu_2536_p3">select, 0, 0, 16, 1, 16</column>
<column name="current_cos_V_89_fu_2606_p3">select, 0, 0, 16, 1, 16</column>
<column name="current_cos_V_8_fu_660_p3">select, 0, 0, 16, 1, 16</column>
<column name="current_cos_V_92_fu_2680_p3">select, 0, 0, 16, 1, 16</column>
<column name="current_cos_V_95_fu_2748_p3">select, 0, 0, 16, 1, 16</column>
<column name="current_cos_V_99_fu_2936_p3">select, 0, 0, 16, 1, 16</column>
<column name="current_sin_V_11_fu_719_p3">select, 0, 0, 16, 1, 16</column>
<column name="current_sin_V_14_fu_813_p3">select, 0, 0, 16, 1, 16</column>
<column name="current_sin_V_17_fu_879_p3">select, 0, 0, 16, 1, 16</column>
<column name="current_sin_V_194_fu_2897_p3">select, 0, 0, 16, 1, 16</column>
<column name="current_sin_V_196_fu_2929_p3">select, 0, 0, 16, 1, 16</column>
<column name="current_sin_V_20_fu_973_p3">select, 0, 0, 16, 1, 16</column>
<column name="current_sin_V_223_fu_4234_p3">select, 0, 0, 16, 1, 16</column>
<column name="current_sin_V_226_fu_4325_p3">select, 0, 0, 16, 1, 16</column>
<column name="current_sin_V_229_fu_4403_p3">select, 0, 0, 16, 1, 16</column>
<column name="current_sin_V_232_fu_4477_p3">select, 0, 0, 16, 1, 16</column>
<column name="current_sin_V_235_fu_4555_p3">select, 0, 0, 16, 1, 16</column>
<column name="current_sin_V_238_fu_4629_p3">select, 0, 0, 16, 1, 16</column>
<column name="current_sin_V_23_fu_1039_p3">select, 0, 0, 16, 1, 16</column>
<column name="current_sin_V_241_fu_4701_p3">select, 0, 0, 16, 1, 16</column>
<column name="current_sin_V_244_fu_4779_p3">select, 0, 0, 16, 1, 16</column>
<column name="current_sin_V_247_fu_4853_p3">select, 0, 0, 16, 1, 16</column>
<column name="current_sin_V_250_fu_4931_p3">select, 0, 0, 16, 1, 16</column>
<column name="current_sin_V_253_fu_5005_p3">select, 0, 0, 16, 1, 16</column>
<column name="current_sin_V_256_fu_5077_p3">select, 0, 0, 16, 1, 16</column>
<column name="current_sin_V_259_fu_5155_p3">select, 0, 0, 16, 1, 16</column>
<column name="current_sin_V_262_fu_5229_p3">select, 0, 0, 16, 1, 16</column>
<column name="current_sin_V_265_fu_5307_p3">select, 0, 0, 16, 1, 16</column>
<column name="current_sin_V_268_fu_5381_p3">select, 0, 0, 16, 1, 16</column>
<column name="current_sin_V_26_fu_1133_p3">select, 0, 0, 16, 1, 16</column>
<column name="current_sin_V_271_fu_5453_p3">select, 0, 0, 16, 1, 16</column>
<column name="current_sin_V_274_fu_5531_p3">select, 0, 0, 16, 1, 16</column>
<column name="current_sin_V_277_fu_5605_p3">select, 0, 0, 16, 1, 16</column>
<column name="current_sin_V_29_fu_1199_p3">select, 0, 0, 16, 1, 16</column>
<column name="current_sin_V_2_fu_493_p3">select, 0, 0, 16, 1, 16</column>
<column name="current_sin_V_32_fu_1293_p3">select, 0, 0, 16, 1, 16</column>
<column name="current_sin_V_35_fu_1359_p3">select, 0, 0, 16, 1, 16</column>
<column name="current_sin_V_38_fu_1453_p3">select, 0, 0, 16, 1, 16</column>
<column name="current_sin_V_41_fu_1545_p3">select, 0, 0, 16, 1, 16</column>
<column name="current_sin_V_44_fu_1607_p3">select, 0, 0, 16, 1, 16</column>
<column name="current_sin_V_47_fu_1677_p3">select, 0, 0, 16, 1, 16</column>
<column name="current_sin_V_50_fu_1741_p3">select, 0, 0, 16, 1, 16</column>
<column name="current_sin_V_53_fu_1807_p3">select, 0, 0, 16, 1, 16</column>
<column name="current_sin_V_56_fu_1875_p3">select, 0, 0, 16, 1, 16</column>
<column name="current_sin_V_59_fu_1938_p3">select, 0, 0, 16, 1, 16</column>
<column name="current_sin_V_5_fu_559_p3">select, 0, 0, 16, 1, 16</column>
<column name="current_sin_V_62_fu_1996_p3">select, 0, 0, 16, 1, 16</column>
<column name="current_sin_V_65_fu_2071_p3">select, 0, 0, 16, 1, 16</column>
<column name="current_sin_V_68_fu_2135_p3">select, 0, 0, 16, 1, 16</column>
<column name="current_sin_V_71_fu_2201_p3">select, 0, 0, 16, 1, 16</column>
<column name="current_sin_V_74_fu_2269_p3">select, 0, 0, 16, 1, 16</column>
<column name="current_sin_V_77_fu_2332_p3">select, 0, 0, 16, 1, 16</column>
<column name="current_sin_V_80_fu_2402_p3">select, 0, 0, 16, 1, 16</column>
<column name="current_sin_V_83_fu_2467_p3">select, 0, 0, 16, 1, 16</column>
<column name="current_sin_V_86_fu_2529_p3">select, 0, 0, 16, 1, 16</column>
<column name="current_sin_V_89_fu_2599_p3">select, 0, 0, 16, 1, 16</column>
<column name="current_sin_V_8_fu_653_p3">select, 0, 0, 16, 1, 16</column>
<column name="current_sin_V_92_fu_2673_p3">select, 0, 0, 16, 1, 16</column>
<column name="current_sin_V_95_fu_2743_p3">select, 0, 0, 16, 1, 16</column>
<column name="current_t_V_1_fu_3529_p3">select, 0, 0, 15, 1, 15</column>
<column name="current_t_V_2_fu_3536_p3">select, 0, 0, 15, 1, 15</column>
<column name="current_t_V_4_fu_6003_p3">select, 0, 0, 15, 1, 1</column>
<column name="current_t_V_fu_3522_p3">select, 0, 0, 14, 1, 13</column>
<column name="select_ln1534_10_fu_1960_p3">select, 0, 0, 2, 1, 2</column>
<column name="select_ln1534_11_fu_1976_p3">select, 0, 0, 2, 1, 2</column>
<column name="select_ln1534_12_fu_2034_p3">select, 0, 0, 2, 1, 2</column>
<column name="select_ln1534_13_fu_2042_p3">select, 0, 0, 2, 1, 2</column>
<column name="select_ln1534_14_fu_2101_p3">select, 0, 0, 2, 1, 2</column>
<column name="select_ln1534_15_fu_2108_p3">select, 0, 0, 2, 1, 2</column>
<column name="select_ln1534_16_fu_2157_p3">select, 0, 0, 2, 1, 2</column>
<column name="select_ln1534_17_fu_2173_p3">select, 0, 0, 2, 1, 2</column>
<column name="select_ln1534_18_fu_2221_p3">select, 0, 0, 2, 1, 2</column>
<column name="select_ln1534_19_fu_2237_p3">select, 0, 0, 2, 1, 2</column>
<column name="select_ln1534_1_fu_1645_p3">select, 0, 0, 2, 1, 2</column>
<column name="select_ln1534_20_fu_2307_p3">select, 0, 0, 2, 1, 2</column>
<column name="select_ln1534_21_fu_2299_p3">select, 0, 0, 2, 1, 2</column>
<column name="select_ln1534_22_fu_2354_p3">select, 0, 0, 2, 1, 2</column>
<column name="select_ln1534_23_fu_2370_p3">select, 0, 0, 2, 1, 2</column>
<column name="select_ln1534_24_fu_2430_p3">select, 0, 0, 2, 1, 2</column>
<column name="select_ln1534_25_fu_2438_p3">select, 0, 0, 2, 1, 2</column>
<column name="select_ln1534_26_fu_2489_p3">select, 0, 0, 2, 1, 2</column>
<column name="select_ln1534_27_fu_2505_p3">select, 0, 0, 2, 1, 2</column>
<column name="select_ln1534_28_fu_2551_p3">select, 0, 0, 2, 1, 2</column>
<column name="select_ln1534_29_fu_2567_p3">select, 0, 0, 2, 1, 2</column>
<column name="select_ln1534_2_fu_1707_p3">select, 0, 0, 2, 1, 2</column>
<column name="select_ln1534_30_fu_2639_p3">select, 0, 0, 2, 1, 2</column>
<column name="select_ln1534_31_fu_2646_p3">select, 0, 0, 2, 1, 2</column>
<column name="select_ln1534_32_fu_2695_p3">select, 0, 0, 2, 1, 2</column>
<column name="select_ln1534_33_fu_2711_p3">select, 0, 0, 2, 1, 2</column>
<column name="select_ln1534_34_fu_3019_p3">select, 0, 0, 2, 1, 2</column>
<column name="select_ln1534_35_fu_3041_p3">select, 0, 0, 2, 1, 2</column>
<column name="select_ln1534_36_fu_5782_p3">select, 0, 0, 2, 1, 2</column>
<column name="select_ln1534_37_fu_3071_p3">select, 0, 0, 2, 1, 2</column>
<column name="select_ln1534_38_fu_3093_p3">select, 0, 0, 2, 1, 2</column>
<column name="select_ln1534_39_fu_5802_p3">select, 0, 0, 2, 1, 2</column>
<column name="select_ln1534_3_fu_1714_p3">select, 0, 0, 2, 1, 2</column>
<column name="select_ln1534_40_fu_4347_p3">select, 0, 0, 2, 1, 2</column>
<column name="select_ln1534_41_fu_4363_p3">select, 0, 0, 2, 1, 2</column>
<column name="select_ln1534_42_fu_4443_p3">select, 0, 0, 2, 1, 2</column>
<column name="select_ln1534_43_fu_4450_p3">select, 0, 0, 2, 1, 2</column>
<column name="select_ln1534_44_fu_4499_p3">select, 0, 0, 2, 1, 2</column>
<column name="select_ln1534_45_fu_4515_p3">select, 0, 0, 2, 1, 2</column>
<column name="select_ln1534_46_fu_4573_p3">select, 0, 0, 2, 1, 2</column>
<column name="select_ln1534_47_fu_4589_p3">select, 0, 0, 2, 1, 2</column>
<column name="select_ln1534_48_fu_4653_p3">select, 0, 0, 2, 1, 2</column>
<column name="select_ln1534_49_fu_4669_p3">select, 0, 0, 2, 1, 2</column>
<column name="select_ln1534_4_fu_1763_p3">select, 0, 0, 2, 1, 2</column>
<column name="select_ln1534_50_fu_4723_p3">select, 0, 0, 2, 1, 2</column>
<column name="select_ln1534_51_fu_4739_p3">select, 0, 0, 2, 1, 2</column>
<column name="select_ln1534_52_fu_4819_p3">select, 0, 0, 2, 1, 2</column>
<column name="select_ln1534_53_fu_4826_p3">select, 0, 0, 2, 1, 2</column>
<column name="select_ln1534_54_fu_4875_p3">select, 0, 0, 2, 1, 2</column>
<column name="select_ln1534_55_fu_4891_p3">select, 0, 0, 2, 1, 2</column>
<column name="select_ln1534_56_fu_4949_p3">select, 0, 0, 2, 1, 2</column>
<column name="select_ln1534_57_fu_4965_p3">select, 0, 0, 2, 1, 2</column>
<column name="select_ln1534_58_fu_5029_p3">select, 0, 0, 2, 1, 2</column>
<column name="select_ln1534_59_fu_5045_p3">select, 0, 0, 2, 1, 2</column>
<column name="select_ln1534_5_fu_1779_p3">select, 0, 0, 2, 1, 2</column>
<column name="select_ln1534_60_fu_5099_p3">select, 0, 0, 2, 1, 2</column>
<column name="select_ln1534_61_fu_5115_p3">select, 0, 0, 2, 1, 2</column>
<column name="select_ln1534_62_fu_5195_p3">select, 0, 0, 2, 1, 2</column>
<column name="select_ln1534_63_fu_5202_p3">select, 0, 0, 2, 1, 2</column>
<column name="select_ln1534_64_fu_5251_p3">select, 0, 0, 2, 1, 2</column>
<column name="select_ln1534_65_fu_5267_p3">select, 0, 0, 2, 1, 2</column>
<column name="select_ln1534_66_fu_5325_p3">select, 0, 0, 2, 1, 2</column>
<column name="select_ln1534_67_fu_5341_p3">select, 0, 0, 2, 1, 2</column>
<column name="select_ln1534_68_fu_5405_p3">select, 0, 0, 2, 1, 2</column>
<column name="select_ln1534_69_fu_5421_p3">select, 0, 0, 2, 1, 2</column>
<column name="select_ln1534_6_fu_1827_p3">select, 0, 0, 2, 1, 2</column>
<column name="select_ln1534_70_fu_5475_p3">select, 0, 0, 2, 1, 2</column>
<column name="select_ln1534_71_fu_5491_p3">select, 0, 0, 2, 1, 2</column>
<column name="select_ln1534_72_fu_5571_p3">select, 0, 0, 2, 1, 2</column>
<column name="select_ln1534_73_fu_5578_p3">select, 0, 0, 2, 1, 2</column>
<column name="select_ln1534_74_fu_5822_p3">select, 0, 0, 2, 1, 2</column>
<column name="select_ln1534_75_fu_5843_p3">select, 0, 0, 2, 1, 2</column>
<column name="select_ln1534_76_fu_5865_p3">select, 0, 0, 2, 1, 2</column>
<column name="select_ln1534_77_fu_5886_p3">select, 0, 0, 2, 1, 2</column>
<column name="select_ln1534_78_fu_5907_p3">select, 0, 0, 2, 1, 2</column>
<column name="select_ln1534_79_fu_5929_p3">select, 0, 0, 2, 1, 2</column>
<column name="select_ln1534_7_fu_1843_p3">select, 0, 0, 2, 1, 2</column>
<column name="select_ln1534_8_fu_1913_p3">select, 0, 0, 2, 1, 2</column>
<column name="select_ln1534_9_fu_1905_p3">select, 0, 0, 2, 1, 2</column>
<column name="select_ln1534_fu_1629_p3">select, 0, 0, 2, 1, 2</column>
<column name="select_ln1697_12_fu_447_p3">select, 0, 0, 9, 1, 9</column>
<column name="select_ln1697_15_fu_593_p3">select, 0, 0, 8, 1, 8</column>
<column name="select_ln1697_18_fu_753_p3">select, 0, 0, 7, 1, 7</column>
<column name="select_ln1697_21_fu_913_p3">select, 0, 0, 6, 1, 6</column>
<column name="select_ln1697_24_fu_1073_p3">select, 0, 0, 5, 1, 5</column>
<column name="select_ln1697_27_fu_1233_p3">select, 0, 0, 4, 1, 4</column>
<column name="select_ln1697_30_fu_1373_p3">select, 0, 0, 3, 1, 3</column>
<column name="select_ln1697_33_fu_1467_p3">select, 0, 0, 2, 1, 2</column>
<column name="select_ln1697_38_fu_3543_p3">select, 0, 0, 13, 1, 13</column>
<column name="select_ln1697_3_fu_345_p3">select, 0, 0, 12, 1, 12</column>
<column name="select_ln1697_41_fu_3291_p3">select, 0, 0, 12, 1, 12</column>
<column name="select_ln1697_44_fu_3362_p3">select, 0, 0, 11, 1, 11</column>
<column name="select_ln1697_47_fu_3454_p3">select, 0, 0, 10, 1, 10</column>
<column name="select_ln1697_50_fu_4109_p3">select, 0, 0, 9, 1, 9</column>
<column name="select_ln1697_53_fu_3695_p3">select, 0, 0, 8, 1, 8</column>
<column name="select_ln1697_56_fu_3766_p3">select, 0, 0, 7, 1, 7</column>
<column name="select_ln1697_59_fu_3878_p3">select, 0, 0, 6, 1, 6</column>
<column name="select_ln1697_62_fu_3949_p3">select, 0, 0, 5, 1, 5</column>
<column name="select_ln1697_65_fu_4041_p3">select, 0, 0, 4, 1, 4</column>
<column name="select_ln1697_68_fu_4286_p3">select, 0, 0, 12, 1, 12</column>
<column name="select_ln1697_6_fu_379_p3">select, 0, 0, 11, 1, 11</column>
<column name="select_ln1697_9_fu_413_p3">select, 0, 0, 10, 1, 10</column>
<column name="select_ln1697_fu_293_p3">select, 0, 0, 13, 1, 13</column>
<column name="select_ln49_2_fu_263_p3">select, 0, 0, 14, 1, 13</column>
<column name="select_ln82_1_fu_5955_p3">select, 0, 0, 16, 1, 1</column>
<column name="select_ln82_3_fu_5970_p3">select, 0, 0, 16, 1, 1</column>
<column name="select_ln82_4_fu_5978_p3">select, 0, 0, 16, 1, 1</column>
<column name="select_ln82_fu_5947_p3">select, 0, 0, 16, 1, 1</column>
<column name="x_out">select, 0, 0, 16, 1, 16</column>
<column name="y_compare_V_100_fu_3683_p3">select, 0, 0, 16, 1, 16</column>
<column name="y_compare_V_101_fu_3750_p3">select, 0, 0, 16, 1, 16</column>
<column name="y_compare_V_102_fu_3866_p3">select, 0, 0, 16, 1, 16</column>
<column name="y_compare_V_103_fu_3933_p3">select, 0, 0, 16, 1, 16</column>
<column name="y_compare_V_104_fu_4025_p3">select, 0, 0, 16, 1, 16</column>
<column name="y_compare_V_105_fu_4142_p3">select, 0, 0, 16, 1, 16</column>
<column name="y_compare_V_95_fu_3107_p3">select, 0, 0, 16, 1, 16</column>
<column name="y_compare_V_96_fu_3177_p3">select, 0, 0, 16, 1, 16</column>
<column name="y_compare_V_97_fu_3346_p3">select, 0, 0, 16, 1, 16</column>
<column name="y_compare_V_98_fu_3438_p3">select, 0, 0, 16, 1, 16</column>
<column name="y_compare_V_99_fu_3576_p3">select, 0, 0, 16, 1, 16</column>
<column name="y_compare_V_fu_3279_p3">select, 0, 0, 16, 1, 16</column>
<column name="y_out">select, 0, 0, 16, 1, 16</column>
<column name="ap_enable_pp0">xor, 0, 0, 2, 1, 2</column>
<column name="xor_ln14_fu_5993_p2">xor, 0, 0, 2, 1, 2</column>
</table>
</item>
<item name = "Multiplexer"><table name="" hasTotal="1">
<keys size="5">Name, LUT, Input Size, Bits, Total Bits</keys>
</table>
</item>
<item name = "Register"><table name="" hasTotal="1">
<keys size="5">Name, FF, LUT, Bits, Const Bits</keys>
<column name="add_ln1697_26_reg_6821">12, 0, 13, 1</column>
<column name="add_ln1697_27_reg_6857">14, 0, 15, 1</column>
<column name="add_ln1697_28_reg_6893">8, 0, 9, 1</column>
<column name="add_ln1697_28_reg_6893_pp0_iter28_reg">8, 0, 9, 1</column>
<column name="add_ln1697_31_reg_6931">6, 0, 7, 1</column>
<column name="add_ln1697_32_reg_6936">9, 0, 10, 1</column>
<column name="ap_CS_fsm">1, 0, 1, 0</column>
<column name="ap_enable_reg_pp0_iter1">1, 0, 1, 0</column>
<column name="ap_enable_reg_pp0_iter10">1, 0, 1, 0</column>
<column name="ap_enable_reg_pp0_iter11">1, 0, 1, 0</column>
<column name="ap_enable_reg_pp0_iter12">1, 0, 1, 0</column>
<column name="ap_enable_reg_pp0_iter13">1, 0, 1, 0</column>
<column name="ap_enable_reg_pp0_iter14">1, 0, 1, 0</column>
<column name="ap_enable_reg_pp0_iter15">1, 0, 1, 0</column>
<column name="ap_enable_reg_pp0_iter16">1, 0, 1, 0</column>
<column name="ap_enable_reg_pp0_iter17">1, 0, 1, 0</column>
<column name="ap_enable_reg_pp0_iter18">1, 0, 1, 0</column>
<column name="ap_enable_reg_pp0_iter19">1, 0, 1, 0</column>
<column name="ap_enable_reg_pp0_iter2">1, 0, 1, 0</column>
<column name="ap_enable_reg_pp0_iter20">1, 0, 1, 0</column>
<column name="ap_enable_reg_pp0_iter21">1, 0, 1, 0</column>
<column name="ap_enable_reg_pp0_iter22">1, 0, 1, 0</column>
<column name="ap_enable_reg_pp0_iter23">1, 0, 1, 0</column>
<column name="ap_enable_reg_pp0_iter24">1, 0, 1, 0</column>
<column name="ap_enable_reg_pp0_iter25">1, 0, 1, 0</column>
<column name="ap_enable_reg_pp0_iter26">1, 0, 1, 0</column>
<column name="ap_enable_reg_pp0_iter27">1, 0, 1, 0</column>
<column name="ap_enable_reg_pp0_iter28">1, 0, 1, 0</column>
<column name="ap_enable_reg_pp0_iter29">1, 0, 1, 0</column>
<column name="ap_enable_reg_pp0_iter3">1, 0, 1, 0</column>
<column name="ap_enable_reg_pp0_iter30">1, 0, 1, 0</column>
<column name="ap_enable_reg_pp0_iter31">1, 0, 1, 0</column>
<column name="ap_enable_reg_pp0_iter32">1, 0, 1, 0</column>
<column name="ap_enable_reg_pp0_iter33">1, 0, 1, 0</column>
<column name="ap_enable_reg_pp0_iter34">1, 0, 1, 0</column>
<column name="ap_enable_reg_pp0_iter35">1, 0, 1, 0</column>
<column name="ap_enable_reg_pp0_iter36">1, 0, 1, 0</column>
<column name="ap_enable_reg_pp0_iter37">1, 0, 1, 0</column>
<column name="ap_enable_reg_pp0_iter38">1, 0, 1, 0</column>
<column name="ap_enable_reg_pp0_iter39">1, 0, 1, 0</column>
<column name="ap_enable_reg_pp0_iter4">1, 0, 1, 0</column>
<column name="ap_enable_reg_pp0_iter40">1, 0, 1, 0</column>
<column name="ap_enable_reg_pp0_iter41">1, 0, 1, 0</column>
<column name="ap_enable_reg_pp0_iter42">1, 0, 1, 0</column>
<column name="ap_enable_reg_pp0_iter5">1, 0, 1, 0</column>
<column name="ap_enable_reg_pp0_iter6">1, 0, 1, 0</column>
<column name="ap_enable_reg_pp0_iter7">1, 0, 1, 0</column>
<column name="ap_enable_reg_pp0_iter8">1, 0, 1, 0</column>
<column name="ap_enable_reg_pp0_iter9">1, 0, 1, 0</column>
<column name="current_cos_V_100_reg_6720">16, 0, 16, 0</column>
<column name="current_cos_V_101_reg_6730">16, 0, 16, 0</column>
<column name="current_cos_V_108_reg_6777">16, 0, 16, 0</column>
<column name="current_cos_V_114_reg_6794">16, 0, 16, 0</column>
<column name="current_cos_V_11_reg_6190">16, 0, 16, 0</column>
<column name="current_cos_V_120_reg_6846">16, 0, 16, 0</column>
<column name="current_cos_V_126_reg_6882">16, 0, 16, 0</column>
<column name="current_cos_V_132_reg_6904">16, 0, 16, 0</column>
<column name="current_cos_V_138_reg_6947">16, 0, 16, 0</column>
<column name="current_cos_V_144_reg_6980">16, 0, 16, 0</column>
<column name="current_cos_V_148_reg_7008">16, 0, 16, 0</column>
<column name="current_cos_V_149_reg_7018">16, 0, 16, 0</column>
<column name="current_cos_V_153_reg_7034">16, 0, 16, 0</column>
<column name="current_cos_V_159_reg_7064">16, 0, 16, 0</column>
<column name="current_cos_V_163_reg_7092">16, 0, 16, 0</column>
<column name="current_cos_V_164_reg_7102">16, 0, 16, 0</column>
<column name="current_cos_V_168_reg_7118">16, 0, 16, 0</column>
<column name="current_cos_V_174_reg_7148">16, 0, 16, 0</column>
<column name="current_cos_V_178_reg_7176">16, 0, 16, 0</column>
<column name="current_cos_V_179_reg_7186">16, 0, 16, 0</column>
<column name="current_cos_V_17_reg_6228">16, 0, 16, 0</column>
<column name="current_cos_V_183_reg_7202">16, 0, 16, 0</column>
<column name="current_cos_V_189_reg_7232">16, 0, 16, 0</column>
<column name="current_cos_V_23_reg_6266">16, 0, 16, 0</column>
<column name="current_cos_V_29_reg_6304">16, 0, 16, 0</column>
<column name="current_cos_V_35_reg_6342">16, 0, 16, 0</column>
<column name="current_cos_V_41_reg_6420">16, 0, 16, 0</column>
<column name="current_cos_V_47_reg_6442">16, 0, 16, 0</column>
<column name="current_cos_V_51_reg_6470">16, 0, 16, 0</column>
<column name="current_cos_V_52_reg_6475">16, 0, 16, 0</column>
<column name="current_cos_V_56_reg_6486">16, 0, 16, 0</column>
<column name="current_cos_V_59_reg_6503">16, 0, 16, 0</column>
<column name="current_cos_V_5_reg_6152">16, 0, 16, 0</column>
<column name="current_cos_V_65_reg_6532">16, 0, 16, 0</column>
<column name="current_cos_V_69_reg_6560">16, 0, 16, 0</column>
<column name="current_cos_V_70_reg_6565">16, 0, 16, 0</column>
<column name="current_cos_V_74_reg_6576">16, 0, 16, 0</column>
<column name="current_cos_V_78_reg_6593">16, 0, 16, 0</column>
<column name="current_cos_V_79_reg_6598">16, 0, 16, 0</column>
<column name="current_cos_V_83_reg_6620">16, 0, 16, 0</column>
<column name="current_cos_V_89_reg_6644">16, 0, 16, 0</column>
<column name="current_cos_V_93_reg_6667">16, 0, 16, 0</column>
<column name="current_cos_V_94_reg_6677">16, 0, 16, 0</column>
<column name="current_sin_V_11_reg_6184">16, 0, 16, 0</column>
<column name="current_sin_V_17_reg_6222">16, 0, 16, 0</column>
<column name="current_sin_V_197_reg_6725">16, 0, 16, 0</column>
<column name="current_sin_V_198_reg_6735">16, 0, 16, 0</column>
<column name="current_sin_V_201_reg_6767">16, 0, 16, 0</column>
<column name="current_sin_V_202_reg_6772">16, 0, 16, 0</column>
<column name="current_sin_V_209_reg_6836">16, 0, 16, 0</column>
<column name="current_sin_V_210_reg_6841">16, 0, 16, 0</column>
<column name="current_sin_V_213_reg_6872">16, 0, 16, 0</column>
<column name="current_sin_V_214_reg_6877">16, 0, 16, 0</column>
<column name="current_sin_V_223_reg_6941">16, 0, 16, 0</column>
<column name="current_sin_V_229_reg_6974">16, 0, 16, 0</column>
<column name="current_sin_V_233_reg_7013">16, 0, 16, 0</column>
<column name="current_sin_V_234_reg_7023">16, 0, 16, 0</column>
<column name="current_sin_V_238_reg_7028">16, 0, 16, 0</column>
<column name="current_sin_V_23_reg_6260">16, 0, 16, 0</column>
<column name="current_sin_V_244_reg_7058">16, 0, 16, 0</column>
<column name="current_sin_V_248_reg_7097">16, 0, 16, 0</column>
<column name="current_sin_V_249_reg_7107">16, 0, 16, 0</column>
<column name="current_sin_V_253_reg_7112">16, 0, 16, 0</column>
<column name="current_sin_V_259_reg_7142">16, 0, 16, 0</column>
<column name="current_sin_V_263_reg_7181">16, 0, 16, 0</column>
<column name="current_sin_V_264_reg_7191">16, 0, 16, 0</column>
<column name="current_sin_V_268_reg_7196">16, 0, 16, 0</column>
<column name="current_sin_V_274_reg_7226">16, 0, 16, 0</column>
<column name="current_sin_V_29_reg_6298">16, 0, 16, 0</column>
<column name="current_sin_V_35_reg_6336">16, 0, 16, 0</column>
<column name="current_sin_V_41_reg_6414">16, 0, 16, 0</column>
<column name="current_sin_V_47_reg_6436">16, 0, 16, 0</column>
<column name="current_sin_V_50_reg_6458">16, 0, 16, 0</column>
<column name="current_sin_V_56_reg_6480">16, 0, 16, 0</column>
<column name="current_sin_V_5_reg_6146">16, 0, 16, 0</column>
<column name="current_sin_V_62_reg_6515">16, 0, 16, 0</column>
<column name="current_sin_V_65_reg_6526">16, 0, 16, 0</column>
<column name="current_sin_V_68_reg_6548">16, 0, 16, 0</column>
<column name="current_sin_V_74_reg_6570">16, 0, 16, 0</column>
<column name="current_sin_V_80_reg_6603">16, 0, 16, 0</column>
<column name="current_sin_V_83_reg_6614">16, 0, 16, 0</column>
<column name="current_sin_V_89_reg_6638">16, 0, 16, 0</column>
<column name="current_sin_V_93_reg_6672">16, 0, 16, 0</column>
<column name="current_sin_V_94_reg_6682">16, 0, 16, 0</column>
<column name="current_t_V_3_reg_6969">14, 0, 15, 1</column>
<column name="icmp_ln41_reg_6660">1, 0, 1, 0</column>
<column name="modes_read_reg_6033">1, 0, 1, 0</column>
<column name="or_ln41_1_reg_6707">1, 0, 1, 0</column>
<column name="r_3_reg_7259">14, 0, 14, 0</column>
<column name="r_V_144_reg_7269">14, 0, 14, 0</column>
<column name="r_V_152_reg_6158">14, 0, 14, 0</column>
<column name="r_V_153_reg_6163">14, 0, 14, 0</column>
<column name="r_V_156_reg_6196">12, 0, 12, 0</column>
<column name="r_V_157_reg_6201">12, 0, 12, 0</column>
<column name="r_V_160_reg_6234">10, 0, 10, 0</column>
<column name="r_V_161_reg_6239">10, 0, 10, 0</column>
<column name="r_V_164_reg_6272">8, 0, 8, 0</column>
<column name="r_V_165_reg_6277">8, 0, 8, 0</column>
<column name="r_V_168_reg_6310">6, 0, 6, 0</column>
<column name="r_V_169_reg_6315">6, 0, 6, 0</column>
<column name="r_V_172_reg_6353">4, 0, 4, 0</column>
<column name="r_V_173_reg_6358">4, 0, 4, 0</column>
<column name="r_V_176_reg_6426">2, 0, 2, 0</column>
<column name="r_V_177_reg_6431">2, 0, 2, 0</column>
<column name="r_V_180_reg_6448">1, 0, 1, 0</column>
<column name="r_V_181_reg_6453">1, 0, 1, 0</column>
<column name="r_V_186_reg_6492">1, 0, 1, 0</column>
<column name="r_V_191_reg_6521">1, 0, 1, 0</column>
<column name="r_V_192_reg_6538">1, 0, 1, 0</column>
<column name="r_V_193_reg_6543">1, 0, 1, 0</column>
<column name="r_V_198_reg_6582">1, 0, 1, 0</column>
<column name="r_V_203_reg_6609">1, 0, 1, 0</column>
<column name="r_V_208_reg_6650">1, 0, 1, 0</column>
<column name="r_V_209_reg_6655">1, 0, 1, 0</column>
<column name="r_V_218_reg_6783">12, 0, 12, 0</column>
<column name="r_V_222_reg_6800">10, 0, 10, 0</column>
<column name="r_V_223_reg_6805">10, 0, 10, 0</column>
<column name="r_V_226_reg_6852">8, 0, 8, 0</column>
<column name="r_V_230_reg_6888">6, 0, 6, 0</column>
<column name="r_V_234_reg_6910">4, 0, 4, 0</column>
<column name="r_V_235_reg_6915">4, 0, 4, 0</column>
<column name="r_V_238_reg_6953">2, 0, 2, 0</column>
<column name="r_V_239_reg_6958">2, 0, 2, 0</column>
<column name="r_V_242_reg_6986">1, 0, 1, 0</column>
<column name="r_V_243_reg_6991">1, 0, 1, 0</column>
<column name="r_V_252_reg_7070">1, 0, 1, 0</column>
<column name="r_V_253_reg_7075">1, 0, 1, 0</column>
<column name="r_V_262_reg_7154">1, 0, 1, 0</column>
<column name="r_V_263_reg_7159">1, 0, 1, 0</column>
<column name="r_V_272_reg_7238">1, 0, 1, 0</column>
<column name="r_V_273_reg_7243">1, 0, 1, 0</column>
<column name="r_V_63_reg_6692">6, 0, 6, 0</column>
<column name="r_V_70_reg_6702">6, 0, 6, 0</column>
<column name="select_ln1534_11_reg_6509">16, 0, 16, 0</column>
<column name="select_ln1534_16_reg_6554">16, 0, 16, 0</column>
<column name="select_ln1534_21_reg_6587">16, 0, 16, 0</column>
<column name="select_ln1534_26_reg_6626">16, 0, 16, 0</column>
<column name="select_ln1534_27_reg_6632">16, 0, 16, 0</column>
<column name="select_ln1534_48_reg_7040">16, 0, 16, 0</column>
<column name="select_ln1534_49_reg_7046">16, 0, 16, 0</column>
<column name="select_ln1534_4_reg_6464">16, 0, 16, 0</column>
<column name="select_ln1534_58_reg_7124">16, 0, 16, 0</column>
<column name="select_ln1534_59_reg_7130">16, 0, 16, 0</column>
<column name="select_ln1534_68_reg_7208">16, 0, 16, 0</column>
<column name="select_ln1534_69_reg_7214">16, 0, 16, 0</column>
<column name="select_ln1534_9_reg_6497">16, 0, 16, 0</column>
<column name="theta_in_V_10_reg_6320">16, 0, 16, 0</column>
<column name="theta_in_V_11_reg_6348">16, 0, 16, 0</column>
<column name="theta_in_V_1_reg_6054">16, 0, 16, 0</column>
<column name="theta_in_V_2_reg_6082">16, 0, 16, 0</column>
<column name="theta_in_V_3_reg_6098">16, 0, 16, 0</column>
<column name="theta_in_V_4_reg_6114">16, 0, 16, 0</column>
<column name="theta_in_V_5_reg_6130">16, 0, 16, 0</column>
<column name="theta_in_V_6_reg_6168">16, 0, 16, 0</column>
<column name="theta_in_V_7_reg_6206">16, 0, 16, 0</column>
<column name="theta_in_V_8_reg_6244">16, 0, 16, 0</column>
<column name="theta_in_V_9_reg_6282">16, 0, 16, 0</column>
<column name="tmp_102_reg_7002">1, 0, 1, 0</column>
<column name="tmp_108_reg_7052">1, 0, 1, 0</column>
<column name="tmp_10_reg_6119">1, 0, 1, 0</column>
<column name="tmp_114_reg_7080">1, 0, 1, 0</column>
<column name="tmp_117_reg_7086">1, 0, 1, 0</column>
<column name="tmp_11_reg_6125">1, 0, 1, 0</column>
<column name="tmp_123_reg_7136">1, 0, 1, 0</column>
<column name="tmp_129_reg_7164">1, 0, 1, 0</column>
<column name="tmp_12_reg_6135">1, 0, 1, 0</column>
<column name="tmp_132_reg_7170">1, 0, 1, 0</column>
<column name="tmp_138_reg_7220">1, 0, 1, 0</column>
<column name="tmp_13_reg_6141">1, 0, 1, 0</column>
<column name="tmp_144_reg_7248">1, 0, 1, 0</column>
<column name="tmp_14_reg_6173">1, 0, 1, 0</column>
<column name="tmp_15_reg_6179">1, 0, 1, 0</column>
<column name="tmp_16_reg_6211">1, 0, 1, 0</column>
<column name="tmp_17_reg_6217">1, 0, 1, 0</column>
<column name="tmp_18_reg_6249">1, 0, 1, 0</column>
<column name="tmp_18_reg_6249_pp0_iter8_reg">1, 0, 1, 0</column>
<column name="tmp_19_reg_6255">1, 0, 1, 0</column>
<column name="tmp_20_reg_6287">1, 0, 1, 0</column>
<column name="tmp_20_reg_6287_pp0_iter9_reg">1, 0, 1, 0</column>
<column name="tmp_21_reg_6293">1, 0, 1, 0</column>
<column name="tmp_22_reg_6325">1, 0, 1, 0</column>
<column name="tmp_23_reg_6331">1, 0, 1, 0</column>
<column name="tmp_24_reg_6363">1, 0, 1, 0</column>
<column name="tmp_25_reg_6369">1, 0, 1, 0</column>
<column name="tmp_26_reg_6374">1, 0, 1, 0</column>
<column name="tmp_2_reg_6048">1, 0, 1, 0</column>
<column name="tmp_4_reg_6059">1, 0, 1, 0</column>
<column name="tmp_5_reg_6065">1, 0, 1, 0</column>
<column name="tmp_67_reg_6070">1, 0, 1, 0</column>
<column name="tmp_68_reg_6076">1, 0, 1, 0</column>
<column name="tmp_69_reg_6713">1, 0, 1, 0</column>
<column name="tmp_6_reg_6087">1, 0, 1, 0</column>
<column name="tmp_71_reg_6757">1, 0, 1, 0</column>
<column name="tmp_71_reg_6757_pp0_iter25_reg">1, 0, 1, 0</column>
<column name="tmp_72_reg_6762">1, 0, 1, 0</column>
<column name="tmp_78_reg_6810">1, 0, 1, 0</column>
<column name="tmp_79_reg_6816">1, 0, 1, 0</column>
<column name="tmp_7_reg_6093">1, 0, 1, 0</column>
<column name="tmp_80_reg_6831">1, 0, 1, 0</column>
<column name="tmp_84_reg_6867">1, 0, 1, 0</column>
<column name="tmp_8_reg_6103">1, 0, 1, 0</column>
<column name="tmp_90_reg_6920">1, 0, 1, 0</column>
<column name="tmp_91_reg_6926">1, 0, 1, 0</column>
<column name="tmp_91_reg_6926_pp0_iter29_reg">1, 0, 1, 0</column>
<column name="tmp_93_reg_6963">1, 0, 1, 0</column>
<column name="tmp_99_reg_6996">1, 0, 1, 0</column>
<column name="tmp_9_reg_6109">1, 0, 1, 0</column>
<column name="tmp_reg_6042">1, 0, 1, 0</column>
<column name="x_in_read_reg_6024">16, 0, 16, 0</column>
<column name="x_s_V_10_reg_7274">16, 0, 16, 0</column>
<column name="x_s_V_2_reg_6687">16, 0, 16, 0</column>
<column name="x_s_V_5_reg_6740">16, 0, 16, 0</column>
<column name="x_s_V_7_reg_7254">16, 0, 16, 0</column>
<column name="y_compare_V_101_reg_6862">16, 0, 16, 0</column>
<column name="y_compare_V_104_reg_6898">16, 0, 16, 0</column>
<column name="y_compare_V_96_reg_6752">16, 0, 16, 0</column>
<column name="y_compare_V_98_reg_6788">16, 0, 16, 0</column>
<column name="y_compare_V_99_reg_6826">16, 0, 16, 0</column>
<column name="y_in_read_reg_6015">16, 0, 16, 0</column>
<column name="y_s_V_10_reg_7280">16, 0, 16, 0</column>
<column name="y_s_V_2_reg_6697">16, 0, 16, 0</column>
<column name="y_s_V_5_reg_6746">16, 0, 16, 0</column>
<column name="y_s_V_7_reg_7264">16, 0, 16, 0</column>
<column name="add_ln1697_27_reg_6857">64, 32, 15, 1</column>
<column name="current_t_V_3_reg_6969">64, 32, 15, 1</column>
<column name="icmp_ln41_reg_6660">64, 32, 1, 0</column>
<column name="modes_read_reg_6033">64, 32, 1, 0</column>
<column name="or_ln41_1_reg_6707">64, 32, 1, 0</column>
<column name="tmp_10_reg_6119">64, 32, 1, 0</column>
<column name="tmp_12_reg_6135">64, 32, 1, 0</column>
<column name="tmp_14_reg_6173">64, 32, 1, 0</column>
<column name="tmp_16_reg_6211">64, 32, 1, 0</column>
<column name="tmp_26_reg_6374">64, 32, 1, 0</column>
<column name="tmp_2_reg_6048">64, 32, 1, 0</column>
<column name="tmp_4_reg_6059">64, 32, 1, 0</column>
<column name="tmp_67_reg_6070">64, 32, 1, 0</column>
<column name="tmp_68_reg_6076">64, 32, 1, 0</column>
<column name="tmp_69_reg_6713">64, 32, 1, 0</column>
<column name="tmp_6_reg_6087">64, 32, 1, 0</column>
<column name="tmp_79_reg_6816">64, 32, 1, 0</column>
<column name="tmp_8_reg_6103">64, 32, 1, 0</column>
<column name="tmp_reg_6042">64, 32, 1, 0</column>
<column name="x_in_read_reg_6024">64, 32, 16, 0</column>
<column name="x_s_V_5_reg_6740">64, 32, 16, 0</column>
<column name="y_in_read_reg_6015">64, 32, 16, 0</column>
<column name="y_s_V_5_reg_6746">64, 32, 16, 0</column>
</table>
</item>
</section>
</item>
</section>

<section name = "Interface" level="0">
<item name = "Summary"><table name="" hasTotal="0">
<keys size="6">RTL Ports, Dir, Bits, Protocol, Source Object, C Type</keys>
<column name="ap_clk">in, 1, ap_ctrl_hs, cordic, return value</column>
<column name="ap_rst">in, 1, ap_ctrl_hs, cordic, return value</column>
<column name="ap_start">in, 1, ap_ctrl_hs, cordic, return value</column>
<column name="ap_done">out, 1, ap_ctrl_hs, cordic, return value</column>
<column name="ap_idle">out, 1, ap_ctrl_hs, cordic, return value</column>
<column name="ap_ready">out, 1, ap_ctrl_hs, cordic, return value</column>
<column name="modes">in, 1, ap_none, modes, scalar</column>
<column name="x_in">in, 16, ap_none, x_in, scalar</column>
<column name="y_in">in, 16, ap_none, y_in, scalar</column>
<column name="theta_in">in, 16, ap_none, theta_in, scalar</column>
<column name="x_out">out, 16, ap_vld, x_out, pointer</column>
<column name="x_out_ap_vld">out, 1, ap_vld, x_out, pointer</column>
<column name="y_out">out, 16, ap_vld, y_out, pointer</column>
<column name="y_out_ap_vld">out, 1, ap_vld, y_out, pointer</column>
<column name="theta_out">out, 16, ap_vld, theta_out, pointer</column>
<column name="theta_out_ap_vld">out, 1, ap_vld, theta_out, pointer</column>
<column name="done">in, 16, ap_none, done, scalar</column>
</table>
</item>
</section>
</profile>
