{
  "Top": "cordic",
  "RtlTop": "cordic",
  "RtlPrefix": "",
  "RtlSubPrefix": "cordic_",
  "SourceLanguage": "cpp",
  "HostMachineBits": "64",
  "FunctionProtocol": "ap_ctrl_hs",
  "ResetStyle": "control",
  "Target": {
    "Family": "zynq",
    "Device": "xc7z020",
    "Package": "-clg484",
    "Speed": "-1",
    "Triple": "fpga64-xilinx-none"
  },
  "Args": {
    "state": {
      "index": "0",
      "direction": "in",
      "srcType": "bool",
      "srcSize": "1",
      "hwRefs": [{
          "type": "port",
          "interface": "state",
          "name": "state",
          "usage": "data",
          "direction": "in"
        }]
    },
    "theta": {
      "index": "1",
      "direction": "in",
      "srcType": "ap_fixed<16, 3, AP_TRN, AP_WRAP, 0>",
      "srcSize": "16",
      "hwRefs": [{
          "type": "port",
          "interface": "theta",
          "name": "theta",
          "usage": "data",
          "direction": "in"
        }]
    },
    "x": {
      "index": "2",
      "direction": "in",
      "srcType": "ap_fixed<16, 3, AP_TRN, AP_WRAP, 0>",
      "srcSize": "16",
      "hwRefs": [{
          "type": "port",
          "interface": "x",
          "name": "x",
          "usage": "data",
          "direction": "in"
        }]
    },
    "y": {
      "index": "3",
      "direction": "in",
      "srcType": "ap_fixed<16, 3, AP_TRN, AP_WRAP, 0>",
      "srcSize": "16",
      "hwRefs": [{
          "type": "port",
          "interface": "y",
          "name": "y",
          "usage": "data",
          "direction": "in"
        }]
    },
    "s": {
      "index": "4",
      "direction": "out",
      "srcType": "ap_fixed<16, 3, AP_TRN, AP_WRAP, 0>&",
      "srcSize": "16",
      "hwRefs": [
        {
          "type": "port",
          "interface": "s",
          "name": "s",
          "usage": "data",
          "direction": "out"
        },
        {
          "type": "port",
          "interface": "s_ap_vld",
          "name": "s_ap_vld",
          "usage": "control",
          "direction": "out"
        }
      ]
    },
    "c": {
      "index": "5",
      "direction": "out",
      "srcType": "ap_fixed<16, 3, AP_TRN, AP_WRAP, 0>&",
      "srcSize": "16",
      "hwRefs": [
        {
          "type": "port",
          "interface": "c",
          "name": "c",
          "usage": "data",
          "direction": "out"
        },
        {
          "type": "port",
          "interface": "c_ap_vld",
          "name": "c_ap_vld",
          "usage": "control",
          "direction": "out"
        }
      ]
    },
    "t": {
      "index": "6",
      "direction": "out",
      "srcType": "ap_fixed<16, 3, AP_TRN, AP_WRAP, 0>&",
      "srcSize": "16",
      "hwRefs": [
        {
          "type": "port",
          "interface": "t",
          "name": "t",
          "usage": "data",
          "direction": "out"
        },
        {
          "type": "port",
          "interface": "t_ap_vld",
          "name": "t_ap_vld",
          "usage": "control",
          "direction": "out"
        }
      ]
    }
  },
  "HlsSolution": {
    "FlowTarget": "vivado",
    "ConfigTcl": [
      "config_export -format=ip_catalog",
      "config_export -output=C:\/ELEC522\/jag33\/Proj5_real",
      "config_export -rtl=verilog"
    ],
    "ProfileOption": "0",
    "ProfileType": "none",
    "KernelName": "cordic"
  },
  "ClockInfo": {
    "ClockName": "ap_clk",
    "ClockPeriod": "10",
    "Uncertainty": "2.7",
    "IsCombinational": "0",
    "II": "1",
    "Latency": "24"
  },
  "Xdc": {"OocClocks": ["create_clock -name ap_clk -period 10.000 [get_ports ap_clk]"]},
  "Ipx": {
    "Vendor": "xilinx.com",
    "Library": "hls",
    "Name": "cordic",
    "Version": "1.0",
    "DisplayName": "Cordic",
    "Revision": "2112778915",
    "Description": "An IP generated by Vitis HLS",
    "Taxonomy": "\/VITIS_HLS_IP",
    "AutoFamilySupport": "",
    "ZipFile": "xilinx_com_hls_cordic_1_0.zip"
  },
  "Files": {
    "CSource": ["..\/..\/cordic.cpp"],
    "Vhdl": ["impl\/vhdl\/cordic.vhd"],
    "Verilog": ["impl\/verilog\/cordic.v"],
    "IpMisc": ["impl\/misc\/logo.png"],
    "CsynthXml": "syn\/report\/csynth.xml",
    "DebugDir": ".debug",
    "KernelXml": ".autopilot\/db\/kernel.internal.xml",
    "Xo": "",
    "XoHlsDir": "",
    "ProtoInst": [".debug\/cordic.protoinst"]
  },
  "SubcoreInfo": {
    "HasXpmMemory": false,
    "HasClockedDsp": false,
    "Ip": []
  },
  "Interfaces": {
    "ap_clk": {
      "type": "clock",
      "busTypeName": "clock",
      "mode": "slave",
      "busParams": {"ASSOCIATED_RESET": "ap_rst"},
      "portMap": {"ap_clk": "CLK"},
      "ports": ["ap_clk"]
    },
    "ap_rst": {
      "type": "reset",
      "busTypeName": "reset",
      "mode": "slave",
      "busParams": {"POLARITY": "ACTIVE_HIGH"},
      "portMap": {"ap_rst": "RST"},
      "ports": ["ap_rst"]
    },
    "ap_ctrl": {
      "type": "ap_ctrl",
      "busTypeName": "acc_handshake",
      "mode": "slave",
      "portMap": {
        "ap_start": "start",
        "ap_done": "done",
        "ap_idle": "idle",
        "ap_ready": "ready"
      },
      "ports": [
        "ap_done",
        "ap_idle",
        "ap_ready",
        "ap_start"
      ]
    },
    "state": {
      "type": "data",
      "busTypeName": "data",
      "protocol": "ap_none",
      "mode": "slave",
      "dataWidth": "1",
      "portMap": {"state": "DATA"},
      "ports": ["state"],
      "constraints": [{
          "constraint_type": "pragma interface",
          "mode": "ap_none",
          "register_option": "0",
          "argName": "state"
        }]
    },
    "theta": {
      "type": "data",
      "busTypeName": "data",
      "protocol": "ap_none",
      "mode": "slave",
      "dataWidth": "16",
      "portMap": {"theta": "DATA"},
      "ports": ["theta"],
      "constraints": [{
          "constraint_type": "pragma interface",
          "mode": "ap_none",
          "register_option": "0",
          "argName": "theta"
        }]
    },
    "x": {
      "type": "data",
      "busTypeName": "data",
      "protocol": "ap_none",
      "mode": "slave",
      "dataWidth": "16",
      "portMap": {"x": "DATA"},
      "ports": ["x"],
      "constraints": [{
          "constraint_type": "pragma interface",
          "mode": "ap_none",
          "register_option": "0",
          "argName": "x"
        }]
    },
    "y": {
      "type": "data",
      "busTypeName": "data",
      "protocol": "ap_none",
      "mode": "slave",
      "dataWidth": "16",
      "portMap": {"y": "DATA"},
      "ports": ["y"],
      "constraints": [{
          "constraint_type": "pragma interface",
          "mode": "ap_none",
          "register_option": "0",
          "argName": "y"
        }]
    },
    "s": {
      "type": "data",
      "busTypeName": "data",
      "protocol": "ap_vld",
      "mode": "master",
      "dataWidth": "16",
      "portMap": {"s": "DATA"},
      "ports": ["s"],
      "constraints": [{
          "constraint_type": "pragma interface",
          "mode": "ap_none",
          "register_option": "0",
          "argName": "s"
        }]
    },
    "c": {
      "type": "data",
      "busTypeName": "data",
      "protocol": "ap_vld",
      "mode": "master",
      "dataWidth": "16",
      "portMap": {"c": "DATA"},
      "ports": ["c"],
      "constraints": [{
          "constraint_type": "pragma interface",
          "mode": "ap_none",
          "register_option": "0",
          "argName": "c"
        }]
    },
    "t": {
      "type": "data",
      "busTypeName": "data",
      "protocol": "ap_vld",
      "mode": "master",
      "dataWidth": "16",
      "portMap": {"t": "DATA"},
      "ports": ["t"],
      "constraints": [{
          "constraint_type": "pragma interface",
          "mode": "ap_none",
          "register_option": "0",
          "argName": "t"
        }]
    }
  },
  "RtlPorts": {
    "ap_clk": {
      "dir": "in",
      "width": "1"
    },
    "ap_rst": {
      "dir": "in",
      "width": "1"
    },
    "ap_start": {
      "dir": "in",
      "width": "1"
    },
    "ap_done": {
      "dir": "out",
      "width": "1"
    },
    "ap_idle": {
      "dir": "out",
      "width": "1"
    },
    "ap_ready": {
      "dir": "out",
      "width": "1"
    },
    "state": {
      "dir": "in",
      "width": "1"
    },
    "theta": {
      "dir": "in",
      "width": "16"
    },
    "x": {
      "dir": "in",
      "width": "16"
    },
    "y": {
      "dir": "in",
      "width": "16"
    },
    "s": {
      "dir": "out",
      "width": "16"
    },
    "s_ap_vld": {
      "dir": "out",
      "width": "1"
    },
    "c": {
      "dir": "out",
      "width": "16"
    },
    "c_ap_vld": {
      "dir": "out",
      "width": "1"
    },
    "t": {
      "dir": "out",
      "width": "16"
    },
    "t_ap_vld": {
      "dir": "out",
      "width": "1"
    }
  },
  "ModuleInfo": {
    "Hierarchy": {"ModuleName": "cordic"},
    "Info": {"cordic": {
        "FunctionProtocol": "ap_ctrl_hs",
        "isTaskLevelControl": "0",
        "isPipelined": "1",
        "isCombinational": "0",
        "isOneStateSeq": "0"
      }},
    "Metrics": {"cordic": {
        "Latency": {
          "LatencyBest": "24",
          "LatencyAvg": "24",
          "LatencyWorst": "24",
          "PipelineII": "1",
          "PipelineDepth": "25",
          "PipelineType": "yes"
        },
        "Timing": {
          "Target": "10.00",
          "Uncertainty": "2.70",
          "Estimate": "7.292"
        },
        "Area": {
          "FF": "3585",
          "AVAIL_FF": "106400",
          "UTIL_FF": "3",
          "LUT": "10085",
          "AVAIL_LUT": "53200",
          "UTIL_LUT": "18",
          "BRAM_18K": "0",
          "AVAIL_BRAM": "280",
          "UTIL_BRAM": "0",
          "DSP": "0",
          "AVAIL_DSP": "220",
          "UTIL_DSP": "0",
          "URAM": "0",
          "AVAIL_URAM": "0",
          "UTIL_URAM": "0"
        }
      }}
  },
  "GenerateBdFiles": "0",
  "GenData": {
    "DataVersion": "0.2",
    "Time": "2022-11-20 23:55:32 -0600",
    "ToolName": "vitis_hls",
    "ToolVersion": "2022.1"
  }
}
