<profile>

<section name = "Vitis HLS Report for 'cordic'" level="0">
<item name = "Date">Mon Dec 12 09:29:41 2022
</item>
<item name = "Version">2022.1 (Build 3526262 on Mon Apr 18 15:48:16 MDT 2022)</item>
<item name = "Project">project6_final_hls_mc</item>
<item name = "Solution">solution2_add_back_substitution (Vivado IP Flow Target)</item>
<item name = "Product family">zynq</item>
<item name = "Target device">xc7z020-clg484-1</item>
</section>

<section name = "Performance Estimates" level="0">
<item name = "Timing">
<section name = "" level="1">
<item name = "Summary"><table name="" hasTotal="0">
<keys size="4">Clock, Target, Estimated, Uncertainty</keys>
<column name="ap_clk">10.00 ns, 7.292 ns, 2.70 ns</column>
</table>
</item>
</section>
</item>
<item name = "Latency">
<section name = "" level="1">
<item name = "Summary"><table name="" hasTotal="0">
<keys size="8">, min, max, min, max, min, max, Type</keys>
<column name="">42, 42, 0.420 us, 0.420 us, 1, 1, yes</column>
</table>
</item>
<item name = "Detail">
<section name = "" level="1">
<item name = "Instance"><table name="" hasTotal="0">
<keys size="9">Instance, Module, min, max, min, max, min, max, Type</keys>
</table>
</item>
<item name = "Loop"><table name="" hasTotal="0">
<keys size="8">Loop Name, min, max, Latency, achieved, target, Count, Pipelined</keys>
</table>
</item>
</section>
</item>
</section>
</item>
</section>

<section name = "Utilization Estimates" level="0">
<item name = "Summary"><table name="" hasTotal="1">
<keys size="6">Name, BRAM_18K, DSP, FF, LUT, URAM</keys>
<column name="DSP">-, -, -, -, -</column>
<column name="Expression">-, -, 0, 9676, -</column>
<column name="FIFO">-, -, -, -, -</column>
<column name="Instance">-, -, 1974, 1503, -</column>
<column name="Memory">-, -, -, -, -</column>
<column name="Multiplexer">-, -, -, -, -</column>
<column name="Register">-, -, 3916, 768, -</column>
<specialColumn name="Available">280, 220, 106400, 53200, 0</specialColumn>
<specialColumn name="Utilization (%)">0, 0, 5, 22, 0</specialColumn>
</table>
</item>
<item name = "Detail">
<section name = "" level="1">
<item name = "Instance"><table name="" hasTotal="1">
<keys size="7">Instance, Module, BRAM_18K, DSP, FF, LUT, URAM</keys>
<column name="sdiv_29ns_16s_16_33_1_U1">sdiv_29ns_16s_16_33_1, 0, 0, 1974, 1503, 0</column>
</table>
</item>
<item name = "DSP"><table name="" hasTotal="0">
<keys size="3">Instance, Module, Expression</keys>
</table>
</item>
<item name = "Memory"><table name="" hasTotal="1">
<keys size="10">Memory, Module, BRAM_18K, FF, LUT, URAM, Words, Bits, Banks, W*Bits*Banks</keys>
</table>
</item>
<item name = "FIFO"><table name="" hasTotal="1">
<keys size="8">Name, BRAM_18K, FF, LUT, URAM, Depth, Bits, Size:D*B</keys>
</table>
</item>
<item name = "Expression"><table name="" hasTotal="1">
<keys size="7">Variable Name, Operation, DSP, FF, LUT, Bitwidth P0, Bitwidth P1</keys>
<column name="add_ln1697_10_fu_645_p2">+, 0, 0, 16, 16, 8</column>
<column name="add_ln1697_12_fu_805_p2">+, 0, 0, 16, 16, 7</column>
<column name="add_ln1697_14_fu_965_p2">+, 0, 0, 16, 16, 6</column>
<column name="add_ln1697_16_fu_1125_p2">+, 0, 0, 16, 16, 5</column>
<column name="add_ln1697_18_fu_1285_p2">+, 0, 0, 16, 16, 4</column>
<column name="add_ln1697_20_fu_1425_p2">+, 0, 0, 16, 16, 3</column>
<column name="add_ln1697_22_fu_1519_p2">+, 0, 0, 16, 16, 2</column>
<column name="add_ln1697_24_fu_3711_p2">+, 0, 0, 15, 15, 15</column>
<column name="add_ln1697_25_fu_3549_p2">+, 0, 0, 12, 12, 12</column>
<column name="add_ln1697_26_fu_3559_p2">+, 0, 0, 14, 13, 13</column>
<column name="add_ln1697_27_fu_3720_p2">+, 0, 0, 15, 15, 15</column>
<column name="add_ln1697_28_fu_3903_p2">+, 0, 0, 14, 9, 9</column>
<column name="add_ln1697_29_fu_4195_p2">+, 0, 0, 10, 10, 10</column>
<column name="add_ln1697_2_fu_397_p2">+, 0, 0, 16, 16, 12</column>
<column name="add_ln1697_30_fu_4136_p2">+, 0, 0, 14, 6, 6</column>
<column name="add_ln1697_31_fu_4146_p2">+, 0, 0, 14, 7, 7</column>
<column name="add_ln1697_32_fu_4204_p2">+, 0, 0, 10, 10, 10</column>
<column name="add_ln1697_33_fu_4324_p2">+, 0, 0, 15, 15, 15</column>
<column name="add_ln1697_4_fu_431_p2">+, 0, 0, 16, 16, 11</column>
<column name="add_ln1697_6_fu_465_p2">+, 0, 0, 16, 16, 10</column>
<column name="add_ln1697_8_fu_499_p2">+, 0, 0, 16, 16, 9</column>
<column name="add_ln1697_fu_328_p2">+, 0, 0, 16, 16, 13</column>
<column name="current_cos_V_100_fu_3022_p2">+, 0, 0, 23, 16, 16</column>
<column name="current_cos_V_103_fu_3196_p2">+, 0, 0, 23, 16, 16</column>
<column name="current_cos_V_106_fu_3280_p2">+, 0, 0, 23, 16, 16</column>
<column name="current_cos_V_109_fu_3367_p2">+, 0, 0, 23, 16, 16</column>
<column name="current_cos_V_10_fu_752_p2">+, 0, 0, 23, 16, 16</column>
<column name="current_cos_V_112_fu_3457_p2">+, 0, 0, 23, 16, 16</column>
<column name="current_cos_V_115_fu_3599_p2">+, 0, 0, 23, 16, 16</column>
<column name="current_cos_V_118_fu_3669_p2">+, 0, 0, 23, 16, 16</column>
<column name="current_cos_V_121_fu_3771_p2">+, 0, 0, 23, 16, 16</column>
<column name="current_cos_V_124_fu_3861_p2">+, 0, 0, 23, 16, 16</column>
<column name="current_cos_V_127_fu_3954_p2">+, 0, 0, 23, 16, 16</column>
<column name="current_cos_V_130_fu_4044_p2">+, 0, 0, 23, 16, 16</column>
<column name="current_cos_V_133_fu_4165_p2">+, 0, 0, 23, 16, 16</column>
<column name="current_cos_V_136_fu_4253_p2">+, 0, 0, 23, 16, 16</column>
<column name="current_cos_V_139_fu_4348_p2">+, 0, 0, 23, 16, 16</column>
<column name="current_cos_V_13_fu_848_p2">+, 0, 0, 23, 16, 16</column>
<column name="current_cos_V_142_fu_4422_p2">+, 0, 0, 23, 16, 16</column>
<column name="current_cos_V_145_fu_4500_p2">+, 0, 0, 23, 16, 16</column>
<column name="current_cos_V_148_fu_4574_p2">+, 0, 0, 23, 16, 16</column>
<column name="current_cos_V_151_fu_4648_p2">+, 0, 0, 23, 16, 16</column>
<column name="current_cos_V_154_fu_4728_p2">+, 0, 0, 23, 16, 16</column>
<column name="current_cos_V_157_fu_4798_p2">+, 0, 0, 23, 16, 16</column>
<column name="current_cos_V_160_fu_4876_p2">+, 0, 0, 23, 16, 16</column>
<column name="current_cos_V_163_fu_4950_p2">+, 0, 0, 23, 16, 16</column>
<column name="current_cos_V_166_fu_5024_p2">+, 0, 0, 23, 16, 16</column>
<column name="current_cos_V_169_fu_5104_p2">+, 0, 0, 23, 16, 16</column>
<column name="current_cos_V_16_fu_912_p2">+, 0, 0, 23, 16, 16</column>
<column name="current_cos_V_172_fu_5174_p2">+, 0, 0, 23, 16, 16</column>
<column name="current_cos_V_175_fu_5252_p2">+, 0, 0, 23, 16, 16</column>
<column name="current_cos_V_178_fu_5326_p2">+, 0, 0, 23, 16, 16</column>
<column name="current_cos_V_181_fu_5400_p2">+, 0, 0, 23, 16, 16</column>
<column name="current_cos_V_184_fu_5480_p2">+, 0, 0, 23, 16, 16</column>
<column name="current_cos_V_187_fu_5550_p2">+, 0, 0, 23, 16, 16</column>
<column name="current_cos_V_190_fu_5628_p2">+, 0, 0, 23, 16, 16</column>
<column name="current_cos_V_194_fu_2954_p2">+, 0, 0, 23, 16, 16</column>
<column name="current_cos_V_19_fu_1008_p2">+, 0, 0, 23, 16, 16</column>
<column name="current_cos_V_22_fu_1072_p2">+, 0, 0, 23, 16, 16</column>
<column name="current_cos_V_25_fu_1168_p2">+, 0, 0, 23, 16, 16</column>
<column name="current_cos_V_28_fu_1232_p2">+, 0, 0, 23, 16, 16</column>
<column name="current_cos_V_31_fu_1328_p2">+, 0, 0, 23, 16, 16</column>
<column name="current_cos_V_34_fu_1392_p2">+, 0, 0, 23, 16, 16</column>
<column name="current_cos_V_37_fu_1488_p2">+, 0, 0, 23, 16, 16</column>
<column name="current_cos_V_40_fu_1578_p2">+, 0, 0, 23, 16, 16</column>
<column name="current_cos_V_43_fu_1642_p2">+, 0, 0, 23, 16, 16</column>
<column name="current_cos_V_46_fu_1710_p2">+, 0, 0, 23, 16, 16</column>
<column name="current_cos_V_49_fu_1776_p2">+, 0, 0, 23, 16, 16</column>
<column name="current_cos_V_4_fu_592_p2">+, 0, 0, 23, 16, 16</column>
<column name="current_cos_V_52_fu_1840_p2">+, 0, 0, 23, 16, 16</column>
<column name="current_cos_V_55_fu_1906_p2">+, 0, 0, 23, 16, 16</column>
<column name="current_cos_V_58_fu_1972_p2">+, 0, 0, 23, 16, 16</column>
<column name="current_cos_V_61_fu_2036_p2">+, 0, 0, 23, 16, 16</column>
<column name="current_cos_V_64_fu_2102_p2">+, 0, 0, 23, 16, 16</column>
<column name="current_cos_V_67_fu_2168_p2">+, 0, 0, 23, 16, 16</column>
<column name="current_cos_V_70_fu_2240_p2">+, 0, 0, 23, 16, 16</column>
<column name="current_cos_V_73_fu_2300_p2">+, 0, 0, 23, 16, 16</column>
<column name="current_cos_V_76_fu_2366_p2">+, 0, 0, 23, 16, 16</column>
<column name="current_cos_V_79_fu_2433_p2">+, 0, 0, 23, 16, 16</column>
<column name="current_cos_V_7_fu_688_p2">+, 0, 0, 23, 16, 16</column>
<column name="current_cos_V_82_fu_2499_p2">+, 0, 0, 23, 16, 16</column>
<column name="current_cos_V_85_fu_2564_p2">+, 0, 0, 23, 16, 16</column>
<column name="current_cos_V_88_fu_2630_p2">+, 0, 0, 23, 16, 16</column>
<column name="current_cos_V_91_fu_2706_p2">+, 0, 0, 23, 16, 16</column>
<column name="current_cos_V_94_fu_2774_p2">+, 0, 0, 23, 16, 16</column>
<column name="current_sin_V_12_fu_843_p2">+, 0, 0, 23, 16, 16</column>
<column name="current_sin_V_15_fu_906_p2">+, 0, 0, 23, 16, 16</column>
<column name="current_sin_V_18_fu_1003_p2">+, 0, 0, 23, 16, 16</column>
<column name="current_sin_V_193_fu_526_p2">+, 0, 0, 23, 16, 16</column>
<column name="current_sin_V_198_fu_3040_p2">+, 0, 0, 23, 16, 16</column>
<column name="current_sin_V_200_fu_3214_p2">+, 0, 0, 23, 16, 16</column>
<column name="current_sin_V_202_fu_3298_p2">+, 0, 0, 23, 16, 16</column>
<column name="current_sin_V_204_fu_3383_p2">+, 0, 0, 23, 16, 16</column>
<column name="current_sin_V_206_fu_3475_p2">+, 0, 0, 23, 16, 16</column>
<column name="current_sin_V_208_fu_3614_p2">+, 0, 0, 23, 16, 16</column>
<column name="current_sin_V_210_fu_3687_p2">+, 0, 0, 23, 16, 16</column>
<column name="current_sin_V_212_fu_3787_p2">+, 0, 0, 23, 16, 16</column>
<column name="current_sin_V_214_fu_3879_p2">+, 0, 0, 23, 16, 16</column>
<column name="current_sin_V_216_fu_3970_p2">+, 0, 0, 23, 16, 16</column>
<column name="current_sin_V_218_fu_4062_p2">+, 0, 0, 23, 16, 16</column>
<column name="current_sin_V_21_fu_1066_p2">+, 0, 0, 23, 16, 16</column>
<column name="current_sin_V_220_fu_4180_p2">+, 0, 0, 23, 16, 16</column>
<column name="current_sin_V_222_fu_4271_p2">+, 0, 0, 23, 16, 16</column>
<column name="current_sin_V_225_fu_4363_p2">+, 0, 0, 23, 16, 16</column>
<column name="current_sin_V_228_fu_4440_p2">+, 0, 0, 23, 16, 16</column>
<column name="current_sin_V_231_fu_4515_p2">+, 0, 0, 23, 16, 16</column>
<column name="current_sin_V_234_fu_4592_p2">+, 0, 0, 23, 16, 16</column>
<column name="current_sin_V_237_fu_4666_p2">+, 0, 0, 23, 16, 16</column>
<column name="current_sin_V_240_fu_4740_p2">+, 0, 0, 23, 16, 16</column>
<column name="current_sin_V_243_fu_4816_p2">+, 0, 0, 23, 16, 16</column>
<column name="current_sin_V_246_fu_4891_p2">+, 0, 0, 23, 16, 16</column>
<column name="current_sin_V_249_fu_4968_p2">+, 0, 0, 23, 16, 16</column>
<column name="current_sin_V_24_fu_1163_p2">+, 0, 0, 23, 16, 16</column>
<column name="current_sin_V_252_fu_5042_p2">+, 0, 0, 23, 16, 16</column>
<column name="current_sin_V_255_fu_5116_p2">+, 0, 0, 23, 16, 16</column>
<column name="current_sin_V_258_fu_5192_p2">+, 0, 0, 23, 16, 16</column>
<column name="current_sin_V_261_fu_5267_p2">+, 0, 0, 23, 16, 16</column>
<column name="current_sin_V_264_fu_5344_p2">+, 0, 0, 23, 16, 16</column>
<column name="current_sin_V_267_fu_5418_p2">+, 0, 0, 23, 16, 16</column>
<column name="current_sin_V_270_fu_5492_p2">+, 0, 0, 23, 16, 16</column>
<column name="current_sin_V_273_fu_5568_p2">+, 0, 0, 23, 16, 16</column>
<column name="current_sin_V_276_fu_5643_p2">+, 0, 0, 23, 16, 16</column>
<column name="current_sin_V_27_fu_1226_p2">+, 0, 0, 23, 16, 16</column>
<column name="current_sin_V_30_fu_1323_p2">+, 0, 0, 23, 16, 16</column>
<column name="current_sin_V_33_fu_1386_p2">+, 0, 0, 23, 16, 16</column>
<column name="current_sin_V_36_fu_1483_p2">+, 0, 0, 23, 16, 16</column>
<column name="current_sin_V_39_fu_1572_p2">+, 0, 0, 23, 16, 16</column>
<column name="current_sin_V_3_fu_586_p2">+, 0, 0, 23, 16, 16</column>
<column name="current_sin_V_42_fu_1637_p2">+, 0, 0, 23, 16, 16</column>
<column name="current_sin_V_45_fu_1704_p2">+, 0, 0, 23, 16, 16</column>
<column name="current_sin_V_48_fu_1771_p2">+, 0, 0, 23, 16, 16</column>
<column name="current_sin_V_51_fu_1836_p2">+, 0, 0, 23, 16, 16</column>
<column name="current_sin_V_54_fu_1900_p2">+, 0, 0, 23, 16, 16</column>
<column name="current_sin_V_57_fu_1967_p2">+, 0, 0, 23, 16, 16</column>
<column name="current_sin_V_60_fu_2032_p2">+, 0, 0, 23, 16, 16</column>
<column name="current_sin_V_63_fu_2096_p2">+, 0, 0, 23, 16, 16</column>
<column name="current_sin_V_66_fu_2163_p2">+, 0, 0, 23, 16, 16</column>
<column name="current_sin_V_69_fu_2224_p2">+, 0, 0, 23, 16, 16</column>
<column name="current_sin_V_6_fu_683_p2">+, 0, 0, 23, 16, 16</column>
<column name="current_sin_V_72_fu_2294_p2">+, 0, 0, 23, 16, 16</column>
<column name="current_sin_V_75_fu_2362_p2">+, 0, 0, 23, 16, 16</column>
<column name="current_sin_V_78_fu_2427_p2">+, 0, 0, 23, 16, 16</column>
<column name="current_sin_V_81_fu_2493_p2">+, 0, 0, 23, 16, 16</column>
<column name="current_sin_V_84_fu_2560_p2">+, 0, 0, 23, 16, 16</column>
<column name="current_sin_V_87_fu_2624_p2">+, 0, 0, 23, 16, 16</column>
<column name="current_sin_V_90_fu_2701_p2">+, 0, 0, 23, 16, 16</column>
<column name="current_sin_V_93_fu_2768_p2">+, 0, 0, 23, 16, 16</column>
<column name="current_sin_V_9_fu_746_p2">+, 0, 0, 23, 16, 16</column>
<column name="current_t_V_3_fu_4336_p2">+, 0, 0, 15, 15, 15</column>
<column name="theta_in_V_10_fu_1290_p2">+, 0, 0, 16, 16, 16</column>
<column name="theta_in_V_11_fu_1430_p2">+, 0, 0, 16, 16, 16</column>
<column name="theta_in_V_12_fu_1524_p2">+, 0, 0, 16, 16, 16</column>
<column name="theta_in_V_1_fu_334_p2">+, 0, 0, 16, 16, 16</column>
<column name="theta_in_V_2_fu_402_p2">+, 0, 0, 16, 16, 16</column>
<column name="theta_in_V_3_fu_436_p2">+, 0, 0, 16, 16, 16</column>
<column name="theta_in_V_4_fu_470_p2">+, 0, 0, 16, 16, 16</column>
<column name="theta_in_V_5_fu_504_p2">+, 0, 0, 16, 16, 16</column>
<column name="theta_in_V_6_fu_650_p2">+, 0, 0, 16, 16, 16</column>
<column name="theta_in_V_7_fu_810_p2">+, 0, 0, 16, 16, 16</column>
<column name="theta_in_V_8_fu_970_p2">+, 0, 0, 16, 16, 16</column>
<column name="theta_in_V_9_fu_1130_p2">+, 0, 0, 16, 16, 16</column>
<column name="theta_in_V_fu_298_p2">+, 0, 0, 23, 16, 16</column>
<column name="x_s_V_10_fu_5764_p2">+, 0, 0, 23, 16, 16</column>
<column name="x_s_V_11_fu_5873_p2">+, 0, 0, 23, 16, 16</column>
<column name="x_s_V_12_fu_5894_p2">+, 0, 0, 23, 16, 16</column>
<column name="x_s_V_13_fu_5916_p2">+, 0, 0, 23, 16, 16</column>
<column name="x_s_V_1_fu_2830_p2">+, 0, 0, 23, 16, 16</column>
<column name="x_s_V_3_fu_3049_p2">+, 0, 0, 23, 16, 16</column>
<column name="x_s_V_4_fu_3070_p2">+, 0, 0, 23, 16, 16</column>
<column name="x_s_V_5_fu_3092_p2">+, 0, 0, 23, 16, 16</column>
<column name="x_s_V_6_fu_5833_p2">+, 0, 0, 23, 16, 16</column>
<column name="x_s_V_8_fu_5725_p2">+, 0, 0, 23, 16, 16</column>
<column name="y_s_V_10_fu_5812_p2">+, 0, 0, 23, 16, 16</column>
<column name="y_s_V_11_fu_5937_p2">+, 0, 0, 23, 16, 16</column>
<column name="y_s_V_12_fu_5958_p2">+, 0, 0, 23, 16, 16</column>
<column name="y_s_V_13_fu_5980_p2">+, 0, 0, 23, 16, 16</column>
<column name="y_s_V_1_fu_2900_p2">+, 0, 0, 23, 16, 16</column>
<column name="y_s_V_3_fu_3101_p2">+, 0, 0, 23, 16, 16</column>
<column name="y_s_V_4_fu_3122_p2">+, 0, 0, 23, 16, 16</column>
<column name="y_s_V_5_fu_3144_p2">+, 0, 0, 23, 16, 16</column>
<column name="y_s_V_6_fu_5853_p2">+, 0, 0, 23, 16, 16</column>
<column name="y_s_V_8_fu_5773_p2">+, 0, 0, 23, 16, 16</column>
<column name="current_cos_V_101_fu_3034_p2">-, 0, 0, 23, 16, 16</column>
<column name="current_cos_V_104_fu_3208_p2">-, 0, 0, 23, 16, 16</column>
<column name="current_cos_V_107_fu_3292_p2">-, 0, 0, 23, 16, 16</column>
<column name="current_cos_V_110_fu_3378_p2">-, 0, 0, 23, 16, 16</column>
<column name="current_cos_V_113_fu_3469_p2">-, 0, 0, 23, 16, 16</column>
<column name="current_cos_V_116_fu_3609_p2">-, 0, 0, 23, 16, 16</column>
<column name="current_cos_V_119_fu_3681_p2">-, 0, 0, 23, 16, 16</column>
<column name="current_cos_V_122_fu_3782_p2">-, 0, 0, 23, 16, 16</column>
<column name="current_cos_V_125_fu_3873_p2">-, 0, 0, 23, 16, 16</column>
<column name="current_cos_V_128_fu_3965_p2">-, 0, 0, 23, 16, 16</column>
<column name="current_cos_V_12_fu_838_p2">-, 0, 0, 23, 16, 16</column>
<column name="current_cos_V_131_fu_4056_p2">-, 0, 0, 23, 16, 16</column>
<column name="current_cos_V_134_fu_4175_p2">-, 0, 0, 23, 16, 16</column>
<column name="current_cos_V_137_fu_4265_p2">-, 0, 0, 23, 16, 16</column>
<column name="current_cos_V_140_fu_4358_p2">-, 0, 0, 23, 16, 16</column>
<column name="current_cos_V_143_fu_4434_p2">-, 0, 0, 23, 16, 16</column>
<column name="current_cos_V_146_fu_4510_p2">-, 0, 0, 23, 16, 16</column>
<column name="current_cos_V_149_fu_4586_p2">-, 0, 0, 23, 16, 16</column>
<column name="current_cos_V_152_fu_4660_p2">-, 0, 0, 23, 16, 16</column>
<column name="current_cos_V_155_fu_4736_p2">-, 0, 0, 23, 16, 16</column>
<column name="current_cos_V_158_fu_4810_p2">-, 0, 0, 23, 16, 16</column>
<column name="current_cos_V_15_fu_900_p2">-, 0, 0, 23, 16, 16</column>
<column name="current_cos_V_161_fu_4886_p2">-, 0, 0, 23, 16, 16</column>
<column name="current_cos_V_164_fu_4962_p2">-, 0, 0, 23, 16, 16</column>
<column name="current_cos_V_167_fu_5036_p2">-, 0, 0, 23, 16, 16</column>
<column name="current_cos_V_170_fu_5112_p2">-, 0, 0, 23, 16, 16</column>
<column name="current_cos_V_173_fu_5186_p2">-, 0, 0, 23, 16, 16</column>
<column name="current_cos_V_176_fu_5262_p2">-, 0, 0, 23, 16, 16</column>
<column name="current_cos_V_179_fu_5338_p2">-, 0, 0, 23, 16, 16</column>
<column name="current_cos_V_182_fu_5412_p2">-, 0, 0, 23, 16, 16</column>
<column name="current_cos_V_185_fu_5488_p2">-, 0, 0, 23, 16, 16</column>
<column name="current_cos_V_188_fu_5562_p2">-, 0, 0, 23, 16, 16</column>
<column name="current_cos_V_18_fu_998_p2">-, 0, 0, 23, 16, 16</column>
<column name="current_cos_V_191_fu_5638_p2">-, 0, 0, 23, 16, 16</column>
<column name="current_cos_V_21_fu_1060_p2">-, 0, 0, 23, 16, 16</column>
<column name="current_cos_V_24_fu_1158_p2">-, 0, 0, 23, 16, 16</column>
<column name="current_cos_V_27_fu_1220_p2">-, 0, 0, 23, 16, 16</column>
<column name="current_cos_V_30_fu_1318_p2">-, 0, 0, 23, 16, 16</column>
<column name="current_cos_V_33_fu_1380_p2">-, 0, 0, 23, 16, 16</column>
<column name="current_cos_V_36_fu_1478_p2">-, 0, 0, 23, 16, 16</column>
<column name="current_cos_V_39_fu_1566_p2">-, 0, 0, 23, 16, 16</column>
<column name="current_cos_V_3_fu_580_p2">-, 0, 0, 23, 16, 16</column>
<column name="current_cos_V_42_fu_1632_p2">-, 0, 0, 23, 16, 16</column>
<column name="current_cos_V_45_fu_1698_p2">-, 0, 0, 23, 16, 16</column>
<column name="current_cos_V_48_fu_1766_p2">-, 0, 0, 23, 16, 16</column>
<column name="current_cos_V_51_fu_1832_p2">-, 0, 0, 23, 16, 16</column>
<column name="current_cos_V_54_fu_1894_p2">-, 0, 0, 23, 16, 16</column>
<column name="current_cos_V_57_fu_1962_p2">-, 0, 0, 23, 16, 16</column>
<column name="current_cos_V_60_fu_2028_p2">-, 0, 0, 23, 16, 16</column>
<column name="current_cos_V_63_fu_2090_p2">-, 0, 0, 23, 16, 16</column>
<column name="current_cos_V_66_fu_2158_p2">-, 0, 0, 23, 16, 16</column>
<column name="current_cos_V_69_fu_2236_p2">-, 0, 0, 23, 16, 16</column>
<column name="current_cos_V_6_fu_678_p2">-, 0, 0, 23, 16, 16</column>
<column name="current_cos_V_72_fu_2288_p2">-, 0, 0, 23, 16, 16</column>
<column name="current_cos_V_75_fu_2357_p2">-, 0, 0, 23, 16, 16</column>
<column name="current_cos_V_78_fu_2421_p2">-, 0, 0, 23, 16, 16</column>
<column name="current_cos_V_81_fu_2488_p2">-, 0, 0, 23, 16, 16</column>
<column name="current_cos_V_84_fu_2556_p2">-, 0, 0, 23, 16, 16</column>
<column name="current_cos_V_87_fu_2618_p2">-, 0, 0, 23, 16, 16</column>
<column name="current_cos_V_90_fu_2696_p2">-, 0, 0, 23, 16, 16</column>
<column name="current_cos_V_93_fu_2762_p2">-, 0, 0, 23, 16, 16</column>
<column name="current_cos_V_98_fu_2966_p2">-, 0, 0, 23, 16, 16</column>
<column name="current_cos_V_9_fu_740_p2">-, 0, 0, 23, 16, 16</column>
<column name="current_cos_V_fu_530_p2">-, 0, 0, 23, 16, 16</column>
<column name="current_sin_V_10_fu_758_p2">-, 0, 0, 23, 16, 16</column>
<column name="current_sin_V_13_fu_853_p2">-, 0, 0, 23, 16, 16</column>
<column name="current_sin_V_16_fu_918_p2">-, 0, 0, 23, 16, 16</column>
<column name="current_sin_V_195_fu_2960_p2">-, 0, 0, 23, 16, 16</column>
<column name="current_sin_V_197_fu_3028_p2">-, 0, 0, 23, 16, 16</column>
<column name="current_sin_V_199_fu_3202_p2">-, 0, 0, 23, 16, 16</column>
<column name="current_sin_V_19_fu_1013_p2">-, 0, 0, 23, 16, 16</column>
<column name="current_sin_V_201_fu_3286_p2">-, 0, 0, 23, 16, 16</column>
<column name="current_sin_V_203_fu_3372_p2">-, 0, 0, 23, 16, 16</column>
<column name="current_sin_V_205_fu_3463_p2">-, 0, 0, 23, 16, 16</column>
<column name="current_sin_V_207_fu_3604_p2">-, 0, 0, 23, 16, 16</column>
<column name="current_sin_V_209_fu_3675_p2">-, 0, 0, 23, 16, 16</column>
<column name="current_sin_V_211_fu_3776_p2">-, 0, 0, 23, 16, 16</column>
<column name="current_sin_V_213_fu_3867_p2">-, 0, 0, 23, 16, 16</column>
<column name="current_sin_V_215_fu_3959_p2">-, 0, 0, 23, 16, 16</column>
<column name="current_sin_V_217_fu_4050_p2">-, 0, 0, 23, 16, 16</column>
<column name="current_sin_V_219_fu_4170_p2">-, 0, 0, 23, 16, 16</column>
<column name="current_sin_V_221_fu_4259_p2">-, 0, 0, 23, 16, 16</column>
<column name="current_sin_V_224_fu_4353_p2">-, 0, 0, 23, 16, 16</column>
<column name="current_sin_V_227_fu_4428_p2">-, 0, 0, 23, 16, 16</column>
<column name="current_sin_V_22_fu_1078_p2">-, 0, 0, 23, 16, 16</column>
<column name="current_sin_V_230_fu_4505_p2">-, 0, 0, 23, 16, 16</column>
<column name="current_sin_V_233_fu_4580_p2">-, 0, 0, 23, 16, 16</column>
<column name="current_sin_V_236_fu_4654_p2">-, 0, 0, 23, 16, 16</column>
<column name="current_sin_V_239_fu_4732_p2">-, 0, 0, 23, 16, 16</column>
<column name="current_sin_V_242_fu_4804_p2">-, 0, 0, 23, 16, 16</column>
<column name="current_sin_V_245_fu_4881_p2">-, 0, 0, 23, 16, 16</column>
<column name="current_sin_V_248_fu_4956_p2">-, 0, 0, 23, 16, 16</column>
<column name="current_sin_V_251_fu_5030_p2">-, 0, 0, 23, 16, 16</column>
<column name="current_sin_V_254_fu_5108_p2">-, 0, 0, 23, 16, 16</column>
<column name="current_sin_V_257_fu_5180_p2">-, 0, 0, 23, 16, 16</column>
<column name="current_sin_V_25_fu_1173_p2">-, 0, 0, 23, 16, 16</column>
<column name="current_sin_V_260_fu_5257_p2">-, 0, 0, 23, 16, 16</column>
<column name="current_sin_V_263_fu_5332_p2">-, 0, 0, 23, 16, 16</column>
<column name="current_sin_V_266_fu_5406_p2">-, 0, 0, 23, 16, 16</column>
<column name="current_sin_V_269_fu_5484_p2">-, 0, 0, 23, 16, 16</column>
<column name="current_sin_V_272_fu_5556_p2">-, 0, 0, 23, 16, 16</column>
<column name="current_sin_V_275_fu_5633_p2">-, 0, 0, 23, 16, 16</column>
<column name="current_sin_V_28_fu_1238_p2">-, 0, 0, 23, 16, 16</column>
<column name="current_sin_V_31_fu_1333_p2">-, 0, 0, 23, 16, 16</column>
<column name="current_sin_V_34_fu_1398_p2">-, 0, 0, 23, 16, 16</column>
<column name="current_sin_V_37_fu_1493_p2">-, 0, 0, 23, 16, 16</column>
<column name="current_sin_V_40_fu_1584_p2">-, 0, 0, 23, 16, 16</column>
<column name="current_sin_V_43_fu_1647_p2">-, 0, 0, 23, 16, 16</column>
<column name="current_sin_V_46_fu_1716_p2">-, 0, 0, 23, 16, 16</column>
<column name="current_sin_V_49_fu_1781_p2">-, 0, 0, 23, 16, 16</column>
<column name="current_sin_V_4_fu_598_p2">-, 0, 0, 23, 16, 16</column>
<column name="current_sin_V_52_fu_1844_p2">-, 0, 0, 23, 16, 16</column>
<column name="current_sin_V_55_fu_1912_p2">-, 0, 0, 23, 16, 16</column>
<column name="current_sin_V_58_fu_1977_p2">-, 0, 0, 23, 16, 16</column>
<column name="current_sin_V_61_fu_2040_p2">-, 0, 0, 23, 16, 16</column>
<column name="current_sin_V_64_fu_2108_p2">-, 0, 0, 23, 16, 16</column>
<column name="current_sin_V_67_fu_2173_p2">-, 0, 0, 23, 16, 16</column>
<column name="current_sin_V_70_fu_2230_p2">-, 0, 0, 23, 16, 16</column>
<column name="current_sin_V_73_fu_2306_p2">-, 0, 0, 23, 16, 16</column>
<column name="current_sin_V_76_fu_2371_p2">-, 0, 0, 23, 16, 16</column>
<column name="current_sin_V_79_fu_2439_p2">-, 0, 0, 23, 16, 16</column>
<column name="current_sin_V_7_fu_693_p2">-, 0, 0, 23, 16, 16</column>
<column name="current_sin_V_82_fu_2504_p2">-, 0, 0, 23, 16, 16</column>
<column name="current_sin_V_85_fu_2568_p2">-, 0, 0, 23, 16, 16</column>
<column name="current_sin_V_88_fu_2636_p2">-, 0, 0, 23, 16, 16</column>
<column name="current_sin_V_91_fu_2711_p2">-, 0, 0, 23, 16, 16</column>
<column name="current_sin_V_94_fu_2780_p2">-, 0, 0, 23, 16, 16</column>
<column name="current_sin_V_fu_534_p2">-, 0, 0, 23, 16, 16</column>
<column name="x_s_V_2_fu_2850_p2">-, 0, 0, 23, 16, 16</column>
<column name="x_s_V_7_fu_5676_p2">-, 0, 0, 23, 16, 16</column>
<column name="x_s_V_9_fu_5744_p2">-, 0, 0, 23, 16, 16</column>
<column name="x_s_V_fu_2810_p2">-, 0, 0, 23, 16, 16</column>
<column name="y_s_V_2_fu_2920_p2">-, 0, 0, 23, 16, 16</column>
<column name="y_s_V_7_fu_5706_p2">-, 0, 0, 23, 16, 16</column>
<column name="y_s_V_9_fu_5792_p2">-, 0, 0, 23, 16, 16</column>
<column name="y_s_V_fu_2880_p2">-, 0, 0, 23, 16, 16</column>
<column name="and_ln82_fu_5986_p2">and, 0, 0, 2, 1, 1</column>
<column name="icmp_ln41_fu_2676_p2">icmp, 0, 0, 13, 16, 1</column>
<column name="or_ln41_1_fu_2936_p2">or, 0, 0, 2, 1, 1</column>
<column name="or_ln41_fu_2672_p2">or, 0, 0, 16, 16, 16</column>
<column name="or_ln82_fu_6041_p2">or, 0, 0, 2, 1, 1</column>
<column name="current_cos_V_102_fu_3155_p3">select, 0, 0, 16, 1, 16</column>
<column name="current_cos_V_105_fu_3236_p3">select, 0, 0, 16, 1, 16</column>
<column name="current_cos_V_108_fu_3304_p3">select, 0, 0, 16, 1, 16</column>
<column name="current_cos_V_111_fu_3413_p3">select, 0, 0, 16, 1, 16</column>
<column name="current_cos_V_114_fu_3505_p3">select, 0, 0, 16, 1, 16</column>
<column name="current_cos_V_117_fu_3626_p3">select, 0, 0, 16, 1, 16</column>
<column name="current_cos_V_11_fu_771_p3">select, 0, 0, 16, 1, 16</column>
<column name="current_cos_V_120_fu_3693_p3">select, 0, 0, 16, 1, 16</column>
<column name="current_cos_V_123_fu_3817_p3">select, 0, 0, 16, 1, 16</column>
<column name="current_cos_V_126_fu_3885_p3">select, 0, 0, 16, 1, 16</column>
<column name="current_cos_V_129_fu_4000_p3">select, 0, 0, 16, 1, 16</column>
<column name="current_cos_V_132_fu_4092_p3">select, 0, 0, 16, 1, 16</column>
<column name="current_cos_V_135_fu_4210_p3">select, 0, 0, 16, 1, 16</column>
<column name="current_cos_V_138_fu_4285_p3">select, 0, 0, 16, 1, 16</column>
<column name="current_cos_V_141_fu_4375_p3">select, 0, 0, 16, 1, 16</column>
<column name="current_cos_V_144_fu_4454_p3">select, 0, 0, 16, 1, 16</column>
<column name="current_cos_V_147_fu_4527_p3">select, 0, 0, 16, 1, 16</column>
<column name="current_cos_V_14_fu_865_p3">select, 0, 0, 16, 1, 16</column>
<column name="current_cos_V_150_fu_4603_p3">select, 0, 0, 16, 1, 16</column>
<column name="current_cos_V_153_fu_4680_p3">select, 0, 0, 16, 1, 16</column>
<column name="current_cos_V_156_fu_4751_p3">select, 0, 0, 16, 1, 16</column>
<column name="current_cos_V_159_fu_4830_p3">select, 0, 0, 16, 1, 16</column>
<column name="current_cos_V_162_fu_4903_p3">select, 0, 0, 16, 1, 16</column>
<column name="current_cos_V_165_fu_4979_p3">select, 0, 0, 16, 1, 16</column>
<column name="current_cos_V_168_fu_5056_p3">select, 0, 0, 16, 1, 16</column>
<column name="current_cos_V_171_fu_5127_p3">select, 0, 0, 16, 1, 16</column>
<column name="current_cos_V_174_fu_5206_p3">select, 0, 0, 16, 1, 16</column>
<column name="current_cos_V_177_fu_5279_p3">select, 0, 0, 16, 1, 16</column>
<column name="current_cos_V_17_fu_931_p3">select, 0, 0, 16, 1, 16</column>
<column name="current_cos_V_180_fu_5355_p3">select, 0, 0, 16, 1, 16</column>
<column name="current_cos_V_183_fu_5432_p3">select, 0, 0, 16, 1, 16</column>
<column name="current_cos_V_186_fu_5503_p3">select, 0, 0, 16, 1, 16</column>
<column name="current_cos_V_189_fu_5582_p3">select, 0, 0, 16, 1, 16</column>
<column name="current_cos_V_192_fu_5655_p3">select, 0, 0, 16, 1, 16</column>
<column name="current_cos_V_193_fu_2947_p3">select, 0, 0, 16, 1, 16</column>
<column name="current_cos_V_20_fu_1025_p3">select, 0, 0, 16, 1, 16</column>
<column name="current_cos_V_23_fu_1091_p3">select, 0, 0, 16, 1, 16</column>
<column name="current_cos_V_26_fu_1185_p3">select, 0, 0, 16, 1, 16</column>
<column name="current_cos_V_29_fu_1251_p3">select, 0, 0, 16, 1, 16</column>
<column name="current_cos_V_2_fu_545_p3">select, 0, 0, 16, 1, 16</column>
<column name="current_cos_V_32_fu_1345_p3">select, 0, 0, 16, 1, 16</column>
<column name="current_cos_V_35_fu_1411_p3">select, 0, 0, 16, 1, 16</column>
<column name="current_cos_V_38_fu_1505_p3">select, 0, 0, 16, 1, 16</column>
<column name="current_cos_V_41_fu_1598_p3">select, 0, 0, 16, 1, 16</column>
<column name="current_cos_V_44_fu_1659_p3">select, 0, 0, 16, 1, 16</column>
<column name="current_cos_V_47_fu_1729_p3">select, 0, 0, 16, 1, 16</column>
<column name="current_cos_V_50_fu_1793_p3">select, 0, 0, 16, 1, 16</column>
<column name="current_cos_V_53_fu_1855_p3">select, 0, 0, 16, 1, 16</column>
<column name="current_cos_V_56_fu_1925_p3">select, 0, 0, 16, 1, 16</column>
<column name="current_cos_V_59_fu_1989_p3">select, 0, 0, 16, 1, 16</column>
<column name="current_cos_V_5_fu_611_p3">select, 0, 0, 16, 1, 16</column>
<column name="current_cos_V_62_fu_2051_p3">select, 0, 0, 16, 1, 16</column>
<column name="current_cos_V_65_fu_2121_p3">select, 0, 0, 16, 1, 16</column>
<column name="current_cos_V_68_fu_2185_p3">select, 0, 0, 16, 1, 16</column>
<column name="current_cos_V_71_fu_2249_p3">select, 0, 0, 16, 1, 16</column>
<column name="current_cos_V_74_fu_2319_p3">select, 0, 0, 16, 1, 16</column>
<column name="current_cos_V_77_fu_2382_p3">select, 0, 0, 16, 1, 16</column>
<column name="current_cos_V_80_fu_2445_p3">select, 0, 0, 16, 1, 16</column>
<column name="current_cos_V_83_fu_2517_p3">select, 0, 0, 16, 1, 16</column>
<column name="current_cos_V_86_fu_2579_p3">select, 0, 0, 16, 1, 16</column>
<column name="current_cos_V_89_fu_2649_p3">select, 0, 0, 16, 1, 16</column>
<column name="current_cos_V_8_fu_705_p3">select, 0, 0, 16, 1, 16</column>
<column name="current_cos_V_92_fu_2723_p3">select, 0, 0, 16, 1, 16</column>
<column name="current_cos_V_95_fu_2791_p3">select, 0, 0, 16, 1, 16</column>
<column name="current_cos_V_99_fu_2979_p3">select, 0, 0, 16, 1, 16</column>
<column name="current_sin_V_11_fu_764_p3">select, 0, 0, 16, 1, 16</column>
<column name="current_sin_V_14_fu_858_p3">select, 0, 0, 16, 1, 16</column>
<column name="current_sin_V_17_fu_924_p3">select, 0, 0, 16, 1, 16</column>
<column name="current_sin_V_194_fu_2940_p3">select, 0, 0, 16, 1, 16</column>
<column name="current_sin_V_196_fu_2972_p3">select, 0, 0, 16, 1, 16</column>
<column name="current_sin_V_20_fu_1018_p3">select, 0, 0, 16, 1, 16</column>
<column name="current_sin_V_223_fu_4277_p3">select, 0, 0, 16, 1, 16</column>
<column name="current_sin_V_226_fu_4368_p3">select, 0, 0, 16, 1, 16</column>
<column name="current_sin_V_229_fu_4446_p3">select, 0, 0, 16, 1, 16</column>
<column name="current_sin_V_232_fu_4520_p3">select, 0, 0, 16, 1, 16</column>
<column name="current_sin_V_235_fu_4598_p3">select, 0, 0, 16, 1, 16</column>
<column name="current_sin_V_238_fu_4672_p3">select, 0, 0, 16, 1, 16</column>
<column name="current_sin_V_23_fu_1084_p3">select, 0, 0, 16, 1, 16</column>
<column name="current_sin_V_241_fu_4744_p3">select, 0, 0, 16, 1, 16</column>
<column name="current_sin_V_244_fu_4822_p3">select, 0, 0, 16, 1, 16</column>
<column name="current_sin_V_247_fu_4896_p3">select, 0, 0, 16, 1, 16</column>
<column name="current_sin_V_250_fu_4974_p3">select, 0, 0, 16, 1, 16</column>
<column name="current_sin_V_253_fu_5048_p3">select, 0, 0, 16, 1, 16</column>
<column name="current_sin_V_256_fu_5120_p3">select, 0, 0, 16, 1, 16</column>
<column name="current_sin_V_259_fu_5198_p3">select, 0, 0, 16, 1, 16</column>
<column name="current_sin_V_262_fu_5272_p3">select, 0, 0, 16, 1, 16</column>
<column name="current_sin_V_265_fu_5350_p3">select, 0, 0, 16, 1, 16</column>
<column name="current_sin_V_268_fu_5424_p3">select, 0, 0, 16, 1, 16</column>
<column name="current_sin_V_26_fu_1178_p3">select, 0, 0, 16, 1, 16</column>
<column name="current_sin_V_271_fu_5496_p3">select, 0, 0, 16, 1, 16</column>
<column name="current_sin_V_274_fu_5574_p3">select, 0, 0, 16, 1, 16</column>
<column name="current_sin_V_277_fu_5648_p3">select, 0, 0, 16, 1, 16</column>
<column name="current_sin_V_29_fu_1244_p3">select, 0, 0, 16, 1, 16</column>
<column name="current_sin_V_2_fu_538_p3">select, 0, 0, 16, 1, 16</column>
<column name="current_sin_V_32_fu_1338_p3">select, 0, 0, 16, 1, 16</column>
<column name="current_sin_V_35_fu_1404_p3">select, 0, 0, 16, 1, 16</column>
<column name="current_sin_V_38_fu_1498_p3">select, 0, 0, 16, 1, 16</column>
<column name="current_sin_V_41_fu_1590_p3">select, 0, 0, 16, 1, 16</column>
<column name="current_sin_V_44_fu_1652_p3">select, 0, 0, 16, 1, 16</column>
<column name="current_sin_V_47_fu_1722_p3">select, 0, 0, 16, 1, 16</column>
<column name="current_sin_V_50_fu_1786_p3">select, 0, 0, 16, 1, 16</column>
<column name="current_sin_V_53_fu_1848_p3">select, 0, 0, 16, 1, 16</column>
<column name="current_sin_V_56_fu_1918_p3">select, 0, 0, 16, 1, 16</column>
<column name="current_sin_V_59_fu_1982_p3">select, 0, 0, 16, 1, 16</column>
<column name="current_sin_V_5_fu_604_p3">select, 0, 0, 16, 1, 16</column>
<column name="current_sin_V_62_fu_2044_p3">select, 0, 0, 16, 1, 16</column>
<column name="current_sin_V_65_fu_2114_p3">select, 0, 0, 16, 1, 16</column>
<column name="current_sin_V_68_fu_2178_p3">select, 0, 0, 16, 1, 16</column>
<column name="current_sin_V_71_fu_2244_p3">select, 0, 0, 16, 1, 16</column>
<column name="current_sin_V_74_fu_2312_p3">select, 0, 0, 16, 1, 16</column>
<column name="current_sin_V_77_fu_2375_p3">select, 0, 0, 16, 1, 16</column>
<column name="current_sin_V_80_fu_2460_p3">select, 0, 0, 16, 1, 16</column>
<column name="current_sin_V_83_fu_2510_p3">select, 0, 0, 16, 1, 16</column>
<column name="current_sin_V_86_fu_2572_p3">select, 0, 0, 16, 1, 16</column>
<column name="current_sin_V_89_fu_2642_p3">select, 0, 0, 16, 1, 16</column>
<column name="current_sin_V_8_fu_698_p3">select, 0, 0, 16, 1, 16</column>
<column name="current_sin_V_92_fu_2716_p3">select, 0, 0, 16, 1, 16</column>
<column name="current_sin_V_95_fu_2786_p3">select, 0, 0, 16, 1, 16</column>
<column name="current_t_V_1_fu_3572_p3">select, 0, 0, 15, 1, 15</column>
<column name="current_t_V_2_fu_3579_p3">select, 0, 0, 15, 1, 15</column>
<column name="current_t_V_4_fu_6046_p3">select, 0, 0, 15, 1, 1</column>
<column name="current_t_V_fu_3565_p3">select, 0, 0, 14, 1, 13</column>
<column name="select_ln1534_10_fu_2004_p3">select, 0, 0, 2, 1, 2</column>
<column name="select_ln1534_11_fu_2020_p3">select, 0, 0, 2, 1, 2</column>
<column name="select_ln1534_12_fu_2066_p3">select, 0, 0, 2, 1, 2</column>
<column name="select_ln1534_13_fu_2082_p3">select, 0, 0, 2, 1, 2</column>
<column name="select_ln1534_14_fu_2144_p3">select, 0, 0, 2, 1, 2</column>
<column name="select_ln1534_15_fu_2151_p3">select, 0, 0, 2, 1, 2</column>
<column name="select_ln1534_16_fu_2200_p3">select, 0, 0, 2, 1, 2</column>
<column name="select_ln1534_17_fu_2216_p3">select, 0, 0, 2, 1, 2</column>
<column name="select_ln1534_18_fu_2264_p3">select, 0, 0, 2, 1, 2</column>
<column name="select_ln1534_19_fu_2280_p3">select, 0, 0, 2, 1, 2</column>
<column name="select_ln1534_1_fu_1690_p3">select, 0, 0, 2, 1, 2</column>
<column name="select_ln1534_20_fu_2334_p3">select, 0, 0, 2, 1, 2</column>
<column name="select_ln1534_21_fu_2350_p3">select, 0, 0, 2, 1, 2</column>
<column name="select_ln1534_22_fu_2397_p3">select, 0, 0, 2, 1, 2</column>
<column name="select_ln1534_23_fu_2413_p3">select, 0, 0, 2, 1, 2</column>
<column name="select_ln1534_24_fu_2465_p3">select, 0, 0, 2, 1, 2</column>
<column name="select_ln1534_25_fu_2480_p3">select, 0, 0, 2, 1, 2</column>
<column name="select_ln1534_26_fu_2532_p3">select, 0, 0, 2, 1, 2</column>
<column name="select_ln1534_27_fu_2548_p3">select, 0, 0, 2, 1, 2</column>
<column name="select_ln1534_28_fu_2594_p3">select, 0, 0, 2, 1, 2</column>
<column name="select_ln1534_29_fu_2610_p3">select, 0, 0, 2, 1, 2</column>
<column name="select_ln1534_2_fu_1752_p3">select, 0, 0, 2, 1, 2</column>
<column name="select_ln1534_30_fu_2682_p3">select, 0, 0, 2, 1, 2</column>
<column name="select_ln1534_31_fu_2689_p3">select, 0, 0, 2, 1, 2</column>
<column name="select_ln1534_32_fu_2738_p3">select, 0, 0, 2, 1, 2</column>
<column name="select_ln1534_33_fu_2754_p3">select, 0, 0, 2, 1, 2</column>
<column name="select_ln1534_34_fu_3062_p3">select, 0, 0, 2, 1, 2</column>
<column name="select_ln1534_35_fu_3084_p3">select, 0, 0, 2, 1, 2</column>
<column name="select_ln1534_36_fu_5825_p3">select, 0, 0, 2, 1, 2</column>
<column name="select_ln1534_37_fu_3114_p3">select, 0, 0, 2, 1, 2</column>
<column name="select_ln1534_38_fu_3136_p3">select, 0, 0, 2, 1, 2</column>
<column name="select_ln1534_39_fu_5845_p3">select, 0, 0, 2, 1, 2</column>
<column name="select_ln1534_3_fu_1759_p3">select, 0, 0, 2, 1, 2</column>
<column name="select_ln1534_40_fu_4390_p3">select, 0, 0, 2, 1, 2</column>
<column name="select_ln1534_41_fu_4406_p3">select, 0, 0, 2, 1, 2</column>
<column name="select_ln1534_42_fu_4486_p3">select, 0, 0, 2, 1, 2</column>
<column name="select_ln1534_43_fu_4493_p3">select, 0, 0, 2, 1, 2</column>
<column name="select_ln1534_44_fu_4542_p3">select, 0, 0, 2, 1, 2</column>
<column name="select_ln1534_45_fu_4558_p3">select, 0, 0, 2, 1, 2</column>
<column name="select_ln1534_46_fu_4616_p3">select, 0, 0, 2, 1, 2</column>
<column name="select_ln1534_47_fu_4632_p3">select, 0, 0, 2, 1, 2</column>
<column name="select_ln1534_48_fu_4696_p3">select, 0, 0, 2, 1, 2</column>
<column name="select_ln1534_49_fu_4712_p3">select, 0, 0, 2, 1, 2</column>
<column name="select_ln1534_4_fu_1808_p3">select, 0, 0, 2, 1, 2</column>
<column name="select_ln1534_50_fu_4766_p3">select, 0, 0, 2, 1, 2</column>
<column name="select_ln1534_51_fu_4782_p3">select, 0, 0, 2, 1, 2</column>
<column name="select_ln1534_52_fu_4862_p3">select, 0, 0, 2, 1, 2</column>
<column name="select_ln1534_53_fu_4869_p3">select, 0, 0, 2, 1, 2</column>
<column name="select_ln1534_54_fu_4918_p3">select, 0, 0, 2, 1, 2</column>
<column name="select_ln1534_55_fu_4934_p3">select, 0, 0, 2, 1, 2</column>
<column name="select_ln1534_56_fu_4992_p3">select, 0, 0, 2, 1, 2</column>
<column name="select_ln1534_57_fu_5008_p3">select, 0, 0, 2, 1, 2</column>
<column name="select_ln1534_58_fu_5072_p3">select, 0, 0, 2, 1, 2</column>
<column name="select_ln1534_59_fu_5088_p3">select, 0, 0, 2, 1, 2</column>
<column name="select_ln1534_5_fu_1824_p3">select, 0, 0, 2, 1, 2</column>
<column name="select_ln1534_60_fu_5142_p3">select, 0, 0, 2, 1, 2</column>
<column name="select_ln1534_61_fu_5158_p3">select, 0, 0, 2, 1, 2</column>
<column name="select_ln1534_62_fu_5238_p3">select, 0, 0, 2, 1, 2</column>
<column name="select_ln1534_63_fu_5245_p3">select, 0, 0, 2, 1, 2</column>
<column name="select_ln1534_64_fu_5294_p3">select, 0, 0, 2, 1, 2</column>
<column name="select_ln1534_65_fu_5310_p3">select, 0, 0, 2, 1, 2</column>
<column name="select_ln1534_66_fu_5368_p3">select, 0, 0, 2, 1, 2</column>
<column name="select_ln1534_67_fu_5384_p3">select, 0, 0, 2, 1, 2</column>
<column name="select_ln1534_68_fu_5448_p3">select, 0, 0, 2, 1, 2</column>
<column name="select_ln1534_69_fu_5464_p3">select, 0, 0, 2, 1, 2</column>
<column name="select_ln1534_6_fu_1870_p3">select, 0, 0, 2, 1, 2</column>
<column name="select_ln1534_70_fu_5518_p3">select, 0, 0, 2, 1, 2</column>
<column name="select_ln1534_71_fu_5534_p3">select, 0, 0, 2, 1, 2</column>
<column name="select_ln1534_72_fu_5614_p3">select, 0, 0, 2, 1, 2</column>
<column name="select_ln1534_73_fu_5621_p3">select, 0, 0, 2, 1, 2</column>
<column name="select_ln1534_74_fu_5865_p3">select, 0, 0, 2, 1, 2</column>
<column name="select_ln1534_75_fu_5886_p3">select, 0, 0, 2, 1, 2</column>
<column name="select_ln1534_76_fu_5908_p3">select, 0, 0, 2, 1, 2</column>
<column name="select_ln1534_77_fu_5929_p3">select, 0, 0, 2, 1, 2</column>
<column name="select_ln1534_78_fu_5950_p3">select, 0, 0, 2, 1, 2</column>
<column name="select_ln1534_79_fu_5972_p3">select, 0, 0, 2, 1, 2</column>
<column name="select_ln1534_7_fu_1886_p3">select, 0, 0, 2, 1, 2</column>
<column name="select_ln1534_8_fu_1948_p3">select, 0, 0, 2, 1, 2</column>
<column name="select_ln1534_9_fu_1955_p3">select, 0, 0, 2, 1, 2</column>
<column name="select_ln1534_fu_1674_p3">select, 0, 0, 2, 1, 2</column>
<column name="select_ln1697_12_fu_492_p3">select, 0, 0, 9, 1, 9</column>
<column name="select_ln1697_15_fu_638_p3">select, 0, 0, 8, 1, 8</column>
<column name="select_ln1697_18_fu_798_p3">select, 0, 0, 7, 1, 7</column>
<column name="select_ln1697_21_fu_958_p3">select, 0, 0, 6, 1, 6</column>
<column name="select_ln1697_24_fu_1118_p3">select, 0, 0, 5, 1, 5</column>
<column name="select_ln1697_27_fu_1278_p3">select, 0, 0, 4, 1, 4</column>
<column name="select_ln1697_30_fu_1418_p3">select, 0, 0, 3, 1, 3</column>
<column name="select_ln1697_33_fu_1512_p3">select, 0, 0, 2, 1, 2</column>
<column name="select_ln1697_38_fu_3586_p3">select, 0, 0, 13, 1, 13</column>
<column name="select_ln1697_3_fu_390_p3">select, 0, 0, 12, 1, 12</column>
<column name="select_ln1697_41_fu_3334_p3">select, 0, 0, 12, 1, 12</column>
<column name="select_ln1697_44_fu_3405_p3">select, 0, 0, 11, 1, 11</column>
<column name="select_ln1697_47_fu_3497_p3">select, 0, 0, 10, 1, 10</column>
<column name="select_ln1697_50_fu_4152_p3">select, 0, 0, 9, 1, 9</column>
<column name="select_ln1697_53_fu_3738_p3">select, 0, 0, 8, 1, 8</column>
<column name="select_ln1697_56_fu_3809_p3">select, 0, 0, 7, 1, 7</column>
<column name="select_ln1697_59_fu_3921_p3">select, 0, 0, 6, 1, 6</column>
<column name="select_ln1697_62_fu_3992_p3">select, 0, 0, 5, 1, 5</column>
<column name="select_ln1697_65_fu_4084_p3">select, 0, 0, 4, 1, 4</column>
<column name="select_ln1697_68_fu_4329_p3">select, 0, 0, 12, 1, 12</column>
<column name="select_ln1697_6_fu_424_p3">select, 0, 0, 11, 1, 11</column>
<column name="select_ln1697_9_fu_458_p3">select, 0, 0, 10, 1, 10</column>
<column name="select_ln1697_fu_320_p3">select, 0, 0, 13, 1, 13</column>
<column name="select_ln49_2_fu_290_p3">select, 0, 0, 14, 1, 13</column>
<column name="select_ln82_1_fu_5998_p3">select, 0, 0, 16, 1, 1</column>
<column name="select_ln82_3_fu_6013_p3">select, 0, 0, 16, 1, 1</column>
<column name="select_ln82_4_fu_6021_p3">select, 0, 0, 16, 1, 1</column>
<column name="select_ln82_fu_5990_p3">select, 0, 0, 16, 1, 1</column>
<column name="x_out">select, 0, 0, 16, 1, 16</column>
<column name="y_compare_V_100_fu_3726_p3">select, 0, 0, 16, 1, 16</column>
<column name="y_compare_V_101_fu_3793_p3">select, 0, 0, 16, 1, 16</column>
<column name="y_compare_V_102_fu_3909_p3">select, 0, 0, 16, 1, 16</column>
<column name="y_compare_V_103_fu_3976_p3">select, 0, 0, 16, 1, 16</column>
<column name="y_compare_V_104_fu_4068_p3">select, 0, 0, 16, 1, 16</column>
<column name="y_compare_V_105_fu_4185_p3">select, 0, 0, 16, 1, 16</column>
<column name="y_compare_V_95_fu_3150_p3">select, 0, 0, 16, 1, 16</column>
<column name="y_compare_V_96_fu_3220_p3">select, 0, 0, 16, 1, 16</column>
<column name="y_compare_V_97_fu_3389_p3">select, 0, 0, 16, 1, 16</column>
<column name="y_compare_V_98_fu_3481_p3">select, 0, 0, 16, 1, 16</column>
<column name="y_compare_V_99_fu_3619_p3">select, 0, 0, 16, 1, 16</column>
<column name="y_compare_V_fu_3322_p3">select, 0, 0, 16, 1, 16</column>
<column name="y_out">select, 0, 0, 16, 1, 16</column>
<column name="ap_enable_pp0">xor, 0, 0, 2, 1, 2</column>
<column name="xor_ln14_fu_6036_p2">xor, 0, 0, 2, 1, 2</column>
</table>
</item>
<item name = "Multiplexer"><table name="" hasTotal="1">
<keys size="5">Name, LUT, Input Size, Bits, Total Bits</keys>
</table>
</item>
<item name = "Register"><table name="" hasTotal="1">
<keys size="5">Name, FF, LUT, Bits, Const Bits</keys>
<column name="add_ln1697_26_reg_6880">12, 0, 13, 1</column>
<column name="add_ln1697_27_reg_6916">14, 0, 15, 1</column>
<column name="add_ln1697_28_reg_6952">8, 0, 9, 1</column>
<column name="add_ln1697_28_reg_6952_pp0_iter28_reg">8, 0, 9, 1</column>
<column name="add_ln1697_31_reg_6990">6, 0, 7, 1</column>
<column name="add_ln1697_32_reg_6995">9, 0, 10, 1</column>
<column name="ap_CS_fsm">1, 0, 1, 0</column>
<column name="ap_enable_reg_pp0_iter1">1, 0, 1, 0</column>
<column name="ap_enable_reg_pp0_iter10">1, 0, 1, 0</column>
<column name="ap_enable_reg_pp0_iter11">1, 0, 1, 0</column>
<column name="ap_enable_reg_pp0_iter12">1, 0, 1, 0</column>
<column name="ap_enable_reg_pp0_iter13">1, 0, 1, 0</column>
<column name="ap_enable_reg_pp0_iter14">1, 0, 1, 0</column>
<column name="ap_enable_reg_pp0_iter15">1, 0, 1, 0</column>
<column name="ap_enable_reg_pp0_iter16">1, 0, 1, 0</column>
<column name="ap_enable_reg_pp0_iter17">1, 0, 1, 0</column>
<column name="ap_enable_reg_pp0_iter18">1, 0, 1, 0</column>
<column name="ap_enable_reg_pp0_iter19">1, 0, 1, 0</column>
<column name="ap_enable_reg_pp0_iter2">1, 0, 1, 0</column>
<column name="ap_enable_reg_pp0_iter20">1, 0, 1, 0</column>
<column name="ap_enable_reg_pp0_iter21">1, 0, 1, 0</column>
<column name="ap_enable_reg_pp0_iter22">1, 0, 1, 0</column>
<column name="ap_enable_reg_pp0_iter23">1, 0, 1, 0</column>
<column name="ap_enable_reg_pp0_iter24">1, 0, 1, 0</column>
<column name="ap_enable_reg_pp0_iter25">1, 0, 1, 0</column>
<column name="ap_enable_reg_pp0_iter26">1, 0, 1, 0</column>
<column name="ap_enable_reg_pp0_iter27">1, 0, 1, 0</column>
<column name="ap_enable_reg_pp0_iter28">1, 0, 1, 0</column>
<column name="ap_enable_reg_pp0_iter29">1, 0, 1, 0</column>
<column name="ap_enable_reg_pp0_iter3">1, 0, 1, 0</column>
<column name="ap_enable_reg_pp0_iter30">1, 0, 1, 0</column>
<column name="ap_enable_reg_pp0_iter31">1, 0, 1, 0</column>
<column name="ap_enable_reg_pp0_iter32">1, 0, 1, 0</column>
<column name="ap_enable_reg_pp0_iter33">1, 0, 1, 0</column>
<column name="ap_enable_reg_pp0_iter34">1, 0, 1, 0</column>
<column name="ap_enable_reg_pp0_iter35">1, 0, 1, 0</column>
<column name="ap_enable_reg_pp0_iter36">1, 0, 1, 0</column>
<column name="ap_enable_reg_pp0_iter37">1, 0, 1, 0</column>
<column name="ap_enable_reg_pp0_iter38">1, 0, 1, 0</column>
<column name="ap_enable_reg_pp0_iter39">1, 0, 1, 0</column>
<column name="ap_enable_reg_pp0_iter4">1, 0, 1, 0</column>
<column name="ap_enable_reg_pp0_iter40">1, 0, 1, 0</column>
<column name="ap_enable_reg_pp0_iter41">1, 0, 1, 0</column>
<column name="ap_enable_reg_pp0_iter42">1, 0, 1, 0</column>
<column name="ap_enable_reg_pp0_iter5">1, 0, 1, 0</column>
<column name="ap_enable_reg_pp0_iter6">1, 0, 1, 0</column>
<column name="ap_enable_reg_pp0_iter7">1, 0, 1, 0</column>
<column name="ap_enable_reg_pp0_iter8">1, 0, 1, 0</column>
<column name="ap_enable_reg_pp0_iter9">1, 0, 1, 0</column>
<column name="current_cos_V_100_reg_6779">16, 0, 16, 0</column>
<column name="current_cos_V_101_reg_6789">16, 0, 16, 0</column>
<column name="current_cos_V_108_reg_6836">16, 0, 16, 0</column>
<column name="current_cos_V_114_reg_6853">16, 0, 16, 0</column>
<column name="current_cos_V_11_reg_6247">16, 0, 16, 0</column>
<column name="current_cos_V_120_reg_6905">16, 0, 16, 0</column>
<column name="current_cos_V_126_reg_6941">16, 0, 16, 0</column>
<column name="current_cos_V_132_reg_6963">16, 0, 16, 0</column>
<column name="current_cos_V_138_reg_7006">16, 0, 16, 0</column>
<column name="current_cos_V_144_reg_7039">16, 0, 16, 0</column>
<column name="current_cos_V_148_reg_7067">16, 0, 16, 0</column>
<column name="current_cos_V_149_reg_7077">16, 0, 16, 0</column>
<column name="current_cos_V_153_reg_7093">16, 0, 16, 0</column>
<column name="current_cos_V_159_reg_7128">16, 0, 16, 0</column>
<column name="current_cos_V_163_reg_7156">16, 0, 16, 0</column>
<column name="current_cos_V_164_reg_7166">16, 0, 16, 0</column>
<column name="current_cos_V_168_reg_7182">16, 0, 16, 0</column>
<column name="current_cos_V_174_reg_7212">16, 0, 16, 0</column>
<column name="current_cos_V_178_reg_7240">16, 0, 16, 0</column>
<column name="current_cos_V_179_reg_7250">16, 0, 16, 0</column>
<column name="current_cos_V_17_reg_6285">16, 0, 16, 0</column>
<column name="current_cos_V_183_reg_7266">16, 0, 16, 0</column>
<column name="current_cos_V_189_reg_7296">16, 0, 16, 0</column>
<column name="current_cos_V_23_reg_6323">16, 0, 16, 0</column>
<column name="current_cos_V_29_reg_6361">16, 0, 16, 0</column>
<column name="current_cos_V_35_reg_6399">16, 0, 16, 0</column>
<column name="current_cos_V_41_reg_6477">16, 0, 16, 0</column>
<column name="current_cos_V_47_reg_6499">16, 0, 16, 0</column>
<column name="current_cos_V_50_reg_6521">16, 0, 16, 0</column>
<column name="current_cos_V_56_reg_6545">16, 0, 16, 0</column>
<column name="current_cos_V_59_reg_6567">16, 0, 16, 0</column>
<column name="current_cos_V_5_reg_6209">16, 0, 16, 0</column>
<column name="current_cos_V_65_reg_6591">16, 0, 16, 0</column>
<column name="current_cos_V_68_reg_6607">16, 0, 16, 0</column>
<column name="current_cos_V_74_reg_6635">16, 0, 16, 0</column>
<column name="current_cos_V_80_reg_6662">16, 0, 16, 0</column>
<column name="current_cos_V_83_reg_6679">16, 0, 16, 0</column>
<column name="current_cos_V_89_reg_6703">16, 0, 16, 0</column>
<column name="current_cos_V_93_reg_6726">16, 0, 16, 0</column>
<column name="current_cos_V_94_reg_6736">16, 0, 16, 0</column>
<column name="current_sin_V_11_reg_6241">16, 0, 16, 0</column>
<column name="current_sin_V_17_reg_6279">16, 0, 16, 0</column>
<column name="current_sin_V_197_reg_6784">16, 0, 16, 0</column>
<column name="current_sin_V_198_reg_6794">16, 0, 16, 0</column>
<column name="current_sin_V_201_reg_6826">16, 0, 16, 0</column>
<column name="current_sin_V_202_reg_6831">16, 0, 16, 0</column>
<column name="current_sin_V_209_reg_6895">16, 0, 16, 0</column>
<column name="current_sin_V_210_reg_6900">16, 0, 16, 0</column>
<column name="current_sin_V_213_reg_6931">16, 0, 16, 0</column>
<column name="current_sin_V_214_reg_6936">16, 0, 16, 0</column>
<column name="current_sin_V_223_reg_7000">16, 0, 16, 0</column>
<column name="current_sin_V_229_reg_7033">16, 0, 16, 0</column>
<column name="current_sin_V_233_reg_7072">16, 0, 16, 0</column>
<column name="current_sin_V_234_reg_7082">16, 0, 16, 0</column>
<column name="current_sin_V_238_reg_7087">16, 0, 16, 0</column>
<column name="current_sin_V_23_reg_6317">16, 0, 16, 0</column>
<column name="current_sin_V_244_reg_7122">16, 0, 16, 0</column>
<column name="current_sin_V_248_reg_7161">16, 0, 16, 0</column>
<column name="current_sin_V_249_reg_7171">16, 0, 16, 0</column>
<column name="current_sin_V_253_reg_7176">16, 0, 16, 0</column>
<column name="current_sin_V_259_reg_7206">16, 0, 16, 0</column>
<column name="current_sin_V_263_reg_7245">16, 0, 16, 0</column>
<column name="current_sin_V_264_reg_7255">16, 0, 16, 0</column>
<column name="current_sin_V_268_reg_7260">16, 0, 16, 0</column>
<column name="current_sin_V_274_reg_7290">16, 0, 16, 0</column>
<column name="current_sin_V_29_reg_6355">16, 0, 16, 0</column>
<column name="current_sin_V_35_reg_6393">16, 0, 16, 0</column>
<column name="current_sin_V_41_reg_6471">16, 0, 16, 0</column>
<column name="current_sin_V_47_reg_6493">16, 0, 16, 0</column>
<column name="current_sin_V_50_reg_6515">16, 0, 16, 0</column>
<column name="current_sin_V_56_reg_6539">16, 0, 16, 0</column>
<column name="current_sin_V_59_reg_6561">16, 0, 16, 0</column>
<column name="current_sin_V_5_reg_6203">16, 0, 16, 0</column>
<column name="current_sin_V_65_reg_6585">16, 0, 16, 0</column>
<column name="current_sin_V_69_reg_6619">16, 0, 16, 0</column>
<column name="current_sin_V_70_reg_6624">16, 0, 16, 0</column>
<column name="current_sin_V_74_reg_6629">16, 0, 16, 0</column>
<column name="current_sin_V_78_reg_6652">16, 0, 16, 0</column>
<column name="current_sin_V_79_reg_6657">16, 0, 16, 0</column>
<column name="current_sin_V_83_reg_6673">16, 0, 16, 0</column>
<column name="current_sin_V_89_reg_6697">16, 0, 16, 0</column>
<column name="current_sin_V_93_reg_6731">16, 0, 16, 0</column>
<column name="current_sin_V_94_reg_6741">16, 0, 16, 0</column>
<column name="current_t_V_3_reg_7028">14, 0, 15, 1</column>
<column name="icmp_ln41_reg_6719">1, 0, 1, 0</column>
<column name="modes_read_reg_6080">1, 0, 1, 0</column>
<column name="or_ln41_1_reg_6766">1, 0, 1, 0</column>
<column name="r_V_138_reg_7323">14, 0, 14, 0</column>
<column name="r_V_145_reg_7333">14, 0, 14, 0</column>
<column name="r_V_153_reg_6215">14, 0, 14, 0</column>
<column name="r_V_154_reg_6220">14, 0, 14, 0</column>
<column name="r_V_157_reg_6253">12, 0, 12, 0</column>
<column name="r_V_158_reg_6258">12, 0, 12, 0</column>
<column name="r_V_161_reg_6291">10, 0, 10, 0</column>
<column name="r_V_162_reg_6296">10, 0, 10, 0</column>
<column name="r_V_165_reg_6329">8, 0, 8, 0</column>
<column name="r_V_166_reg_6334">8, 0, 8, 0</column>
<column name="r_V_169_reg_6367">6, 0, 6, 0</column>
<column name="r_V_170_reg_6372">6, 0, 6, 0</column>
<column name="r_V_173_reg_6410">4, 0, 4, 0</column>
<column name="r_V_174_reg_6415">4, 0, 4, 0</column>
<column name="r_V_177_reg_6483">2, 0, 2, 0</column>
<column name="r_V_178_reg_6488">2, 0, 2, 0</column>
<column name="r_V_181_reg_6505">1, 0, 1, 0</column>
<column name="r_V_182_reg_6510">1, 0, 1, 0</column>
<column name="r_V_187_reg_6551">1, 0, 1, 0</column>
<column name="r_V_188_reg_6556">1, 0, 1, 0</column>
<column name="r_V_193_reg_6597">1, 0, 1, 0</column>
<column name="r_V_194_reg_6602">1, 0, 1, 0</column>
<column name="r_V_200_reg_6647">1, 0, 1, 0</column>
<column name="r_V_203_reg_6668">1, 0, 1, 0</column>
<column name="r_V_209_reg_6709">1, 0, 1, 0</column>
<column name="r_V_210_reg_6714">1, 0, 1, 0</column>
<column name="r_V_219_reg_6842">12, 0, 12, 0</column>
<column name="r_V_223_reg_6859">10, 0, 10, 0</column>
<column name="r_V_224_reg_6864">10, 0, 10, 0</column>
<column name="r_V_227_reg_6911">8, 0, 8, 0</column>
<column name="r_V_231_reg_6947">6, 0, 6, 0</column>
<column name="r_V_235_reg_6969">4, 0, 4, 0</column>
<column name="r_V_236_reg_6974">4, 0, 4, 0</column>
<column name="r_V_239_reg_7012">2, 0, 2, 0</column>
<column name="r_V_240_reg_7017">2, 0, 2, 0</column>
<column name="r_V_243_reg_7045">1, 0, 1, 0</column>
<column name="r_V_244_reg_7050">1, 0, 1, 0</column>
<column name="r_V_253_reg_7134">1, 0, 1, 0</column>
<column name="r_V_254_reg_7139">1, 0, 1, 0</column>
<column name="r_V_263_reg_7218">1, 0, 1, 0</column>
<column name="r_V_264_reg_7223">1, 0, 1, 0</column>
<column name="r_V_273_reg_7302">1, 0, 1, 0</column>
<column name="r_V_274_reg_7307">1, 0, 1, 0</column>
<column name="r_V_63_reg_6751">6, 0, 6, 0</column>
<column name="r_V_70_reg_6761">6, 0, 6, 0</column>
<column name="sdiv_ln1349_reg_7117">16, 0, 16, 0</column>
<column name="select_ln1534_10_reg_6573">16, 0, 16, 0</column>
<column name="select_ln1534_11_reg_6579">16, 0, 16, 0</column>
<column name="select_ln1534_17_reg_6613">16, 0, 16, 0</column>
<column name="select_ln1534_20_reg_6641">16, 0, 16, 0</column>
<column name="select_ln1534_26_reg_6685">16, 0, 16, 0</column>
<column name="select_ln1534_27_reg_6691">16, 0, 16, 0</column>
<column name="select_ln1534_48_reg_7099">16, 0, 16, 0</column>
<column name="select_ln1534_49_reg_7105">16, 0, 16, 0</column>
<column name="select_ln1534_4_reg_6527">16, 0, 16, 0</column>
<column name="select_ln1534_58_reg_7188">16, 0, 16, 0</column>
<column name="select_ln1534_59_reg_7194">16, 0, 16, 0</column>
<column name="select_ln1534_5_reg_6533">16, 0, 16, 0</column>
<column name="select_ln1534_68_reg_7272">16, 0, 16, 0</column>
<column name="select_ln1534_69_reg_7278">16, 0, 16, 0</column>
<column name="theta_in_V_10_reg_6377">16, 0, 16, 0</column>
<column name="theta_in_V_11_reg_6405">16, 0, 16, 0</column>
<column name="theta_in_V_1_reg_6101">16, 0, 16, 0</column>
<column name="theta_in_V_2_reg_6139">16, 0, 16, 0</column>
<column name="theta_in_V_3_reg_6155">16, 0, 16, 0</column>
<column name="theta_in_V_4_reg_6171">16, 0, 16, 0</column>
<column name="theta_in_V_5_reg_6187">16, 0, 16, 0</column>
<column name="theta_in_V_6_reg_6225">16, 0, 16, 0</column>
<column name="theta_in_V_7_reg_6263">16, 0, 16, 0</column>
<column name="theta_in_V_8_reg_6301">16, 0, 16, 0</column>
<column name="theta_in_V_9_reg_6339">16, 0, 16, 0</column>
<column name="tmp_102_reg_7061">1, 0, 1, 0</column>
<column name="tmp_108_reg_7111">1, 0, 1, 0</column>
<column name="tmp_10_reg_6176">1, 0, 1, 0</column>
<column name="tmp_114_reg_7144">1, 0, 1, 0</column>
<column name="tmp_117_reg_7150">1, 0, 1, 0</column>
<column name="tmp_11_reg_6182">1, 0, 1, 0</column>
<column name="tmp_123_reg_7200">1, 0, 1, 0</column>
<column name="tmp_129_reg_7228">1, 0, 1, 0</column>
<column name="tmp_12_reg_6192">1, 0, 1, 0</column>
<column name="tmp_132_reg_7234">1, 0, 1, 0</column>
<column name="tmp_138_reg_7284">1, 0, 1, 0</column>
<column name="tmp_13_reg_6198">1, 0, 1, 0</column>
<column name="tmp_144_reg_7312">1, 0, 1, 0</column>
<column name="tmp_14_reg_6230">1, 0, 1, 0</column>
<column name="tmp_15_reg_6236">1, 0, 1, 0</column>
<column name="tmp_16_reg_6268">1, 0, 1, 0</column>
<column name="tmp_17_reg_6274">1, 0, 1, 0</column>
<column name="tmp_18_reg_6306">1, 0, 1, 0</column>
<column name="tmp_18_reg_6306_pp0_iter8_reg">1, 0, 1, 0</column>
<column name="tmp_19_reg_6312">1, 0, 1, 0</column>
<column name="tmp_20_reg_6344">1, 0, 1, 0</column>
<column name="tmp_20_reg_6344_pp0_iter9_reg">1, 0, 1, 0</column>
<column name="tmp_21_reg_6350">1, 0, 1, 0</column>
<column name="tmp_22_reg_6382">1, 0, 1, 0</column>
<column name="tmp_23_reg_6388">1, 0, 1, 0</column>
<column name="tmp_24_reg_6420">1, 0, 1, 0</column>
<column name="tmp_25_reg_6426">1, 0, 1, 0</column>
<column name="tmp_26_reg_6431">1, 0, 1, 0</column>
<column name="tmp_2_reg_6095">1, 0, 1, 0</column>
<column name="tmp_4_reg_6106">1, 0, 1, 0</column>
<column name="tmp_5_reg_6112">1, 0, 1, 0</column>
<column name="tmp_67_reg_6117">1, 0, 1, 0</column>
<column name="tmp_68_reg_6123">1, 0, 1, 0</column>
<column name="tmp_69_reg_6772">1, 0, 1, 0</column>
<column name="tmp_6_reg_6144">1, 0, 1, 0</column>
<column name="tmp_71_reg_6816">1, 0, 1, 0</column>
<column name="tmp_71_reg_6816_pp0_iter25_reg">1, 0, 1, 0</column>
<column name="tmp_72_reg_6821">1, 0, 1, 0</column>
<column name="tmp_78_reg_6869">1, 0, 1, 0</column>
<column name="tmp_79_reg_6875">1, 0, 1, 0</column>
<column name="tmp_7_reg_6150">1, 0, 1, 0</column>
<column name="tmp_80_reg_6890">1, 0, 1, 0</column>
<column name="tmp_84_reg_6926">1, 0, 1, 0</column>
<column name="tmp_8_reg_6160">1, 0, 1, 0</column>
<column name="tmp_90_reg_6979">1, 0, 1, 0</column>
<column name="tmp_91_reg_6985">1, 0, 1, 0</column>
<column name="tmp_91_reg_6985_pp0_iter29_reg">1, 0, 1, 0</column>
<column name="tmp_93_reg_7022">1, 0, 1, 0</column>
<column name="tmp_99_reg_7055">1, 0, 1, 0</column>
<column name="tmp_9_reg_6166">1, 0, 1, 0</column>
<column name="tmp_reg_6089">1, 0, 1, 0</column>
<column name="x_in_read_reg_6071">16, 0, 16, 0</column>
<column name="x_s_V_10_reg_7338">16, 0, 16, 0</column>
<column name="x_s_V_2_reg_6746">16, 0, 16, 0</column>
<column name="x_s_V_5_reg_6799">16, 0, 16, 0</column>
<column name="x_s_V_7_reg_7318">16, 0, 16, 0</column>
<column name="y_compare_V_101_reg_6921">16, 0, 16, 0</column>
<column name="y_compare_V_104_reg_6957">16, 0, 16, 0</column>
<column name="y_compare_V_96_reg_6811">16, 0, 16, 0</column>
<column name="y_compare_V_98_reg_6847">16, 0, 16, 0</column>
<column name="y_compare_V_99_reg_6885">16, 0, 16, 0</column>
<column name="y_in_read_reg_6062">16, 0, 16, 0</column>
<column name="y_s_V_10_reg_7344">16, 0, 16, 0</column>
<column name="y_s_V_2_reg_6756">16, 0, 16, 0</column>
<column name="y_s_V_5_reg_6805">16, 0, 16, 0</column>
<column name="y_s_V_7_reg_7328">16, 0, 16, 0</column>
<column name="add_ln1697_27_reg_6916">64, 32, 15, 1</column>
<column name="current_t_V_3_reg_7028">64, 32, 15, 1</column>
<column name="icmp_ln41_reg_6719">64, 32, 1, 0</column>
<column name="modes_read_reg_6080">64, 32, 1, 0</column>
<column name="or_ln41_1_reg_6766">64, 32, 1, 0</column>
<column name="sdiv_ln1349_reg_7117">64, 32, 16, 0</column>
<column name="tmp_10_reg_6176">64, 32, 1, 0</column>
<column name="tmp_12_reg_6192">64, 32, 1, 0</column>
<column name="tmp_14_reg_6230">64, 32, 1, 0</column>
<column name="tmp_16_reg_6268">64, 32, 1, 0</column>
<column name="tmp_26_reg_6431">64, 32, 1, 0</column>
<column name="tmp_2_reg_6095">64, 32, 1, 0</column>
<column name="tmp_4_reg_6106">64, 32, 1, 0</column>
<column name="tmp_67_reg_6117">64, 32, 1, 0</column>
<column name="tmp_68_reg_6123">64, 32, 1, 0</column>
<column name="tmp_69_reg_6772">64, 32, 1, 0</column>
<column name="tmp_6_reg_6144">64, 32, 1, 0</column>
<column name="tmp_79_reg_6875">64, 32, 1, 0</column>
<column name="tmp_8_reg_6160">64, 32, 1, 0</column>
<column name="tmp_reg_6089">64, 32, 1, 0</column>
<column name="x_in_read_reg_6071">64, 32, 16, 0</column>
<column name="x_s_V_5_reg_6799">64, 32, 16, 0</column>
<column name="y_in_read_reg_6062">64, 32, 16, 0</column>
<column name="y_s_V_5_reg_6805">64, 32, 16, 0</column>
</table>
</item>
</section>
</item>
</section>

<section name = "Interface" level="0">
<item name = "Summary"><table name="" hasTotal="0">
<keys size="6">RTL Ports, Dir, Bits, Protocol, Source Object, C Type</keys>
<column name="ap_clk">in, 1, ap_ctrl_hs, cordic, return value</column>
<column name="ap_rst">in, 1, ap_ctrl_hs, cordic, return value</column>
<column name="ap_start">in, 1, ap_ctrl_hs, cordic, return value</column>
<column name="ap_done">out, 1, ap_ctrl_hs, cordic, return value</column>
<column name="ap_idle">out, 1, ap_ctrl_hs, cordic, return value</column>
<column name="ap_ready">out, 1, ap_ctrl_hs, cordic, return value</column>
<column name="modes">in, 1, ap_none, modes, scalar</column>
<column name="x_in">in, 16, ap_none, x_in, scalar</column>
<column name="y_in">in, 16, ap_none, y_in, scalar</column>
<column name="theta_in">in, 16, ap_none, theta_in, scalar</column>
<column name="x_out">out, 16, ap_vld, x_out, pointer</column>
<column name="x_out_ap_vld">out, 1, ap_vld, x_out, pointer</column>
<column name="y_out">out, 16, ap_vld, y_out, pointer</column>
<column name="y_out_ap_vld">out, 1, ap_vld, y_out, pointer</column>
<column name="theta_out">out, 16, ap_vld, theta_out, pointer</column>
<column name="theta_out_ap_vld">out, 1, ap_vld, theta_out, pointer</column>
<column name="done">in, 16, ap_none, done, scalar</column>
<column name="R_in">in, 16, ap_none, R_in, scalar</column>
<column name="QTb_in">in, 16, ap_none, QTb_in, scalar</column>
<column name="results">out, 16, ap_vld, results, pointer</column>
<column name="results_ap_vld">out, 1, ap_vld, results, pointer</column>
</table>
</item>
</section>
</profile>
