<?xml version="1.0"?>
<Runs Version="1" Minor="0">
	<Run Id="systolic_mult_gen_v12_0_i0_synth_1" LaunchDir="C:/ELEC522/asc8/prj2/netlist/hdl_netlist/systolic.runs/systolic_mult_gen_v12_0_i0_synth_1" FlowId="Vivado_Synthesis" FromStepId="vivado" ToStepId="vivado"/>
	<Run Id="systolic_c_counter_binary_v12_0_i0_synth_1" LaunchDir="C:/ELEC522/asc8/prj2/netlist/hdl_netlist/systolic.runs/systolic_c_counter_binary_v12_0_i0_synth_1" FlowId="Vivado_Synthesis" FromStepId="vivado" ToStepId="vivado"/>
	<Run Id="synth_1" LaunchDir="C:/ELEC522/asc8/prj2/netlist/hdl_netlist/systolic.runs/synth_1" FlowId="Vivado_Synthesis" FromStepId="vivado" ToStepId="vivado">
		<Parent Id="systolic_mult_gen_v12_0_i0_synth_1"/>
		<Parent Id="systolic_c_counter_binary_v12_0_i0_synth_1"/>
	</Run>
	<Parameters>
		<Parameter Name="runs.monitorLSFJobs" Val="true" Type="bool"/>
		<Parameter Name="runs.enableClusterConf" Val="true" Type="bool"/>
	</Parameters>
</Runs>

