<?xml version="1.0" encoding="UTF-8"?>
<vivadoHLSLog:LogRoot xmlns:vivadoHLSLog="www.xilinx.com/vivadoHLSLog">
  <errorLogs>
    <logs>
      <synLog>
        <logs message="ERROR: [HLS 207-2709] 'x' declared as array of references of type 'THETA_TYPE &amp;' (aka 'ap_fixed&lt;16, 3> &amp;') (../fpga_hls_LinearSolver/linearsolver.cpp:14:69)" projectName="project6_final_hls_linearsolver" solutionName="solution2-without_axilite" date="2022-12-11T18:16:46.502-0600"/>
        <logs message="ERROR: [HLS 207-2709] 'x' declared as array of references of type 'THETA_TYPE &amp;' (aka 'ap_fixed&lt;16, 3> &amp;') (../fpga_hls_LinearSolver/linearsolver.h:24:69)" projectName="project6_final_hls_linearsolver" solutionName="solution2-without_axilite" date="2022-12-11T18:16:46.493-0600"/>
      </synLog>
      <simLog/>
      <mgLog/>
      <packageLog/>
      <csimLog>
        <logs message="ERROR: [SIM 211-100] CSim failed with errors." projectName="project6_final_hls_linearsolver" solutionName="solution1" date="2022-12-12T11:46:30.361-0600"/>
        <logs message="ERROR: [SIM 211-100] CSim failed with errors." projectName="project6_final_hls_linearsolver" solutionName="solution1" date="2022-12-12T11:42:28.208-0600"/>
        <logs message="ERROR: [SIM 211-100] 'csim_design' failed: compilation error(s)." projectName="project6_final_hls_linearsolver" solutionName="solution1" date="2022-12-12T11:26:56.446-0600"/>
        <logs message="ERROR: [SIM 211-100] 'csim_design' failed: compilation error(s)." projectName="project6_final_hls_linearsolver" solutionName="solution1" date="2022-12-12T11:24:54.186-0600"/>
        <logs message="ERROR: [SIM 211-100] 'csim_design' failed: compilation error(s)." projectName="project6_final_hls_linearsolver" solutionName="solution1" date="2022-12-12T11:22:03.627-0600"/>
        <logs message="ERROR: [SIM 211-100] 'csim_design' failed: compilation error(s)." projectName="project6_final_hls_linearsolver" solutionName="solution2-without_axilite" date="2022-12-11T18:18:27.585-0600"/>
      </csimLog>
    </logs>
  </errorLogs>
  <warningLogs>
    <logs>
      <synLog>
        <logs message="WARNING: [RTGEN 206-101] Design contains AXI ports. Reset is fixed to synchronous and active low." projectName="project6_final_hls_linearsolver" solutionName="solution1" date="2022-12-11T20:57:11.230-0600" type="Warning"/>
        <logs message="WARNING: [HLS 200-1016] The critical path in module 'LinearSolver' consists of the following:&#x9;'call' operation ('call_ret1', ../fpga_hls_LinearSolver/linearsolver.cpp:26) to 'qr_decomposition' [18]  (7.61 ns)&#xD;&#xA;&#xA;&#xD;&#xA;Resolution: For help on HLS 200-1016 see www.xilinx.com/cgi-bin/docs/rdoc?v=2022.1;t=hls+guidance;d=200-1016.html" projectName="project6_final_hls_linearsolver" solutionName="solution1" date="2022-12-11T20:57:02.515-0600" type="Warning"/>
        <logs message="WARNING: [HLS 200-871] Estimated clock period (7.61212ns) exceeds the target (target clock period: 10ns, clock uncertainty: 2.7ns, effective delay budget: 7.3ns).&#xD;&#xA;Resolution: For help on HLS 200-871 see www.xilinx.com/cgi-bin/docs/rdoc?v=2022.1;t=hls+guidance;d=200-871.html" projectName="project6_final_hls_linearsolver" solutionName="solution1" date="2022-12-11T20:57:02.500-0600" type="Warning"/>
        <logs message="WARNING: [HLS 200-885] The II Violation in module 'qr_decomposition' (function 'qr_decomposition'): Unable to schedule 'load' operation ('A_load_14', ../fpga_hls_LinearSolver/linearsolver.cpp:60) on array 'A' due to limited memory ports (II = 15). Please consider using a memory core with more ports or partitioning the array 'A'.&#xD;&#xA;Resolution: For help on HLS 200-885 see www.xilinx.com/cgi-bin/docs/rdoc?v=2022.1;t=hls+guidance;d=200-885.html" projectName="project6_final_hls_linearsolver" solutionName="solution1" date="2022-12-11T20:56:58.633-0600" type="Warning"/>
        <logs message="WARNING: [HLS 200-885] The II Violation in module 'qr_decomposition' (function 'qr_decomposition'): Unable to schedule 'load' operation ('A_load_9', ../fpga_hls_LinearSolver/linearsolver.cpp:60) on array 'A' due to limited memory ports (II = 11). Please consider using a memory core with more ports or partitioning the array 'A'.&#xD;&#xA;Resolution: For help on HLS 200-885 see www.xilinx.com/cgi-bin/docs/rdoc?v=2022.1;t=hls+guidance;d=200-885.html" projectName="project6_final_hls_linearsolver" solutionName="solution1" date="2022-12-11T20:56:58.603-0600" type="Warning"/>
        <logs message="WARNING: [HLS 200-885] The II Violation in module 'qr_decomposition' (function 'qr_decomposition'): Unable to schedule 'load' operation ('A_load_1', ../fpga_hls_LinearSolver/linearsolver.cpp:60) on array 'A' due to limited memory ports (II = 4). Please consider using a memory core with more ports or partitioning the array 'A'.&#xD;&#xA;Resolution: For help on HLS 200-885 see www.xilinx.com/cgi-bin/docs/rdoc?v=2022.1;t=hls+guidance;d=200-885.html" projectName="project6_final_hls_linearsolver" solutionName="solution1" date="2022-12-11T20:56:58.587-0600" type="Warning"/>
        <logs message="WARNING: [HLS 200-885] The II Violation in module 'qr_decomposition' (function 'qr_decomposition'): Unable to schedule 'load' operation ('A_load', ../fpga_hls_LinearSolver/linearsolver.cpp:60) on array 'A' due to limited memory ports (II = 3). Please consider using a memory core with more ports or partitioning the array 'A'.&#xD;&#xA;Resolution: For help on HLS 200-885 see www.xilinx.com/cgi-bin/docs/rdoc?v=2022.1;t=hls+guidance;d=200-885.html" projectName="project6_final_hls_linearsolver" solutionName="solution1" date="2022-12-11T20:56:58.558-0600" type="Warning"/>
        <logs message="WARNING: [HLS 200-885] The II Violation in module 'qr_decomposition' (function 'qr_decomposition'): Unable to schedule 'load' operation ('A_load_12', ../fpga_hls_LinearSolver/linearsolver.cpp:60) on array 'A' due to limited memory ports (II = 2). Please consider using a memory core with more ports or partitioning the array 'A'.&#xD;&#xA;Resolution: For help on HLS 200-885 see www.xilinx.com/cgi-bin/docs/rdoc?v=2022.1;t=hls+guidance;d=200-885.html" projectName="project6_final_hls_linearsolver" solutionName="solution1" date="2022-12-11T20:56:58.546-0600" type="Warning"/>
        <logs message="WARNING: [HLS 200-885] The II Violation in module 'qr_decomposition' (function 'qr_decomposition'): Unable to schedule 'load' operation ('A_load', ../fpga_hls_LinearSolver/linearsolver.cpp:60) on array 'A' due to limited memory ports (II = 1). Please consider using a memory core with more ports or partitioning the array 'A'.&#xD;&#xA;Resolution: For help on HLS 200-885 see www.xilinx.com/cgi-bin/docs/rdoc?v=2022.1;t=hls+guidance;d=200-885.html" projectName="project6_final_hls_linearsolver" solutionName="solution1" date="2022-12-11T20:56:58.532-0600" type="Warning"/>
        <logs message="WARNING: [HLS 207-5286] expression result unused (../fpga_hls_LinearSolver/linearsolver.cpp:98:9)" projectName="project6_final_hls_linearsolver" solutionName="solution1" date="2022-12-11T20:56:43.314-0600" type="Warning"/>
        <logs message="WARNING: [HLS 207-5286] expression result unused (../fpga_hls_LinearSolver/linearsolver.cpp:98:2)" projectName="project6_final_hls_linearsolver" solutionName="solution1" date="2022-12-11T20:56:38.440-0600" type="Warning"/>
        <logs message="WARNING: [HLS 207-5286] expression result unused (../fpga_hls_LinearSolver/linearsolver.cpp:120:9)" projectName="project6_final_hls_linearsolver" solutionName="solution2-without_axilite" date="2022-12-11T18:16:46.518-0600" type="Warning"/>
        <logs message="WARNING: [HLS 207-5286] expression result unused (../fpga_hls_LinearSolver/linearsolver.cpp:120:2)" projectName="project6_final_hls_linearsolver" solutionName="solution2-without_axilite" date="2022-12-11T18:16:46.508-0600" type="Warning"/>
      </synLog>
      <simLog/>
      <mgLog/>
      <packageLog/>
      <csimLog/>
    </logs>
  </warningLogs>
</vivadoHLSLog:LogRoot>
