<?xml version="1.0" encoding="UTF-8"?>
<project>
  <core name="" type="" target="">
    <kernel name="LinearSolver" language="c" vlnv="xilinx.com:hls:LinearSolver:1.0" attributes="" hash="" preferredWorkGroupSizeMultiple="0" workGroupSize="1" debug="false" interrupt="true">
      <port name="S_AXI_A_IN" mode="slave" range="0x1000" portType="addressable" base="0x00000000"/>
      <port name="S_AXI_B_IN" mode="slave" range="0x1000" portType="addressable" base="0x00000000"/>
      <port name="S_AXI_X_OUT" mode="slave" range="0x1000" portType="addressable" base="0x00000000"/>
      <arg name="A" addressQualifier="0" id="0" port="S_AXI_A_IN" size="0x4" offset="0x20" hostOffset="0x0" hostSize="0x4" type=""/>
      <arg name="b" addressQualifier="0" id="1" port="S_AXI_B_IN" size="0x4" offset="0x10" hostOffset="0x0" hostSize="0x4" type=""/>
      <arg name="x" addressQualifier="0" id="2" port="S_AXI_X_OUT" size="0x4" offset="0x10" hostOffset="0x0" hostSize="0x4" type=""/>
      <compileWorkGroupSize x="1" y="1" z="1"/>
    </kernel>
  </core>
</project>
