<?xml version="1.0" encoding="utf-8"?>
<AdditionalInfo>
  <CTypeInfo>
      <RtlPort>
        <name>s_axi_A_in_ARADDR</name>
        <type>Signed</type>
        <fractionWidth>13</fractionWidth>
      </RtlPort>
      <RtlPort>
        <name>s_axi_A_in_ARREADY</name>
        <type>Signed</type>
        <fractionWidth>13</fractionWidth>
      </RtlPort>
      <RtlPort>
        <name>s_axi_A_in_ARVALID</name>
        <type>Signed</type>
        <fractionWidth>13</fractionWidth>
      </RtlPort>
      <RtlPort>
        <name>s_axi_A_in_AWADDR</name>
        <type>Signed</type>
        <fractionWidth>13</fractionWidth>
      </RtlPort>
      <RtlPort>
        <name>s_axi_A_in_AWREADY</name>
        <type>Signed</type>
        <fractionWidth>13</fractionWidth>
      </RtlPort>
      <RtlPort>
        <name>s_axi_A_in_AWVALID</name>
        <type>Signed</type>
        <fractionWidth>13</fractionWidth>
      </RtlPort>
      <RtlPort>
        <name>s_axi_A_in_BREADY</name>
        <type>Signed</type>
        <fractionWidth>13</fractionWidth>
      </RtlPort>
      <RtlPort>
        <name>s_axi_A_in_BRESP</name>
        <type>Signed</type>
        <fractionWidth>13</fractionWidth>
      </RtlPort>
      <RtlPort>
        <name>s_axi_A_in_BVALID</name>
        <type>Signed</type>
        <fractionWidth>13</fractionWidth>
      </RtlPort>
      <RtlPort>
        <name>s_axi_A_in_RDATA</name>
        <type>Signed</type>
        <fractionWidth>13</fractionWidth>
      </RtlPort>
      <RtlPort>
        <name>s_axi_A_in_RREADY</name>
        <type>Signed</type>
        <fractionWidth>13</fractionWidth>
      </RtlPort>
      <RtlPort>
        <name>s_axi_A_in_RRESP</name>
        <type>Signed</type>
        <fractionWidth>13</fractionWidth>
      </RtlPort>
      <RtlPort>
        <name>s_axi_A_in_RVALID</name>
        <type>Signed</type>
        <fractionWidth>13</fractionWidth>
      </RtlPort>
      <RtlPort>
        <name>s_axi_A_in_WDATA</name>
        <type>Signed</type>
        <fractionWidth>13</fractionWidth>
      </RtlPort>
      <RtlPort>
        <name>s_axi_A_in_WREADY</name>
        <type>Signed</type>
        <fractionWidth>13</fractionWidth>
      </RtlPort>
      <RtlPort>
        <name>s_axi_A_in_WSTRB</name>
        <type>Signed</type>
        <fractionWidth>13</fractionWidth>
      </RtlPort>
      <RtlPort>
        <name>s_axi_A_in_WVALID</name>
        <type>Signed</type>
        <fractionWidth>13</fractionWidth>
      </RtlPort>
      <RtlPort>
        <name>s_axi_b_in_ARADDR</name>
        <type>Signed</type>
        <fractionWidth>13</fractionWidth>
      </RtlPort>
      <RtlPort>
        <name>s_axi_b_in_ARREADY</name>
        <type>Signed</type>
        <fractionWidth>13</fractionWidth>
      </RtlPort>
      <RtlPort>
        <name>s_axi_b_in_ARVALID</name>
        <type>Signed</type>
        <fractionWidth>13</fractionWidth>
      </RtlPort>
      <RtlPort>
        <name>s_axi_b_in_AWADDR</name>
        <type>Signed</type>
        <fractionWidth>13</fractionWidth>
      </RtlPort>
      <RtlPort>
        <name>s_axi_b_in_AWREADY</name>
        <type>Signed</type>
        <fractionWidth>13</fractionWidth>
      </RtlPort>
      <RtlPort>
        <name>s_axi_b_in_AWVALID</name>
        <type>Signed</type>
        <fractionWidth>13</fractionWidth>
      </RtlPort>
      <RtlPort>
        <name>s_axi_b_in_BREADY</name>
        <type>Signed</type>
        <fractionWidth>13</fractionWidth>
      </RtlPort>
      <RtlPort>
        <name>s_axi_b_in_BRESP</name>
        <type>Signed</type>
        <fractionWidth>13</fractionWidth>
      </RtlPort>
      <RtlPort>
        <name>s_axi_b_in_BVALID</name>
        <type>Signed</type>
        <fractionWidth>13</fractionWidth>
      </RtlPort>
      <RtlPort>
        <name>s_axi_b_in_RDATA</name>
        <type>Signed</type>
        <fractionWidth>13</fractionWidth>
      </RtlPort>
      <RtlPort>
        <name>s_axi_b_in_RREADY</name>
        <type>Signed</type>
        <fractionWidth>13</fractionWidth>
      </RtlPort>
      <RtlPort>
        <name>s_axi_b_in_RRESP</name>
        <type>Signed</type>
        <fractionWidth>13</fractionWidth>
      </RtlPort>
      <RtlPort>
        <name>s_axi_b_in_RVALID</name>
        <type>Signed</type>
        <fractionWidth>13</fractionWidth>
      </RtlPort>
      <RtlPort>
        <name>s_axi_b_in_WDATA</name>
        <type>Signed</type>
        <fractionWidth>13</fractionWidth>
      </RtlPort>
      <RtlPort>
        <name>s_axi_b_in_WREADY</name>
        <type>Signed</type>
        <fractionWidth>13</fractionWidth>
      </RtlPort>
      <RtlPort>
        <name>s_axi_b_in_WSTRB</name>
        <type>Signed</type>
        <fractionWidth>13</fractionWidth>
      </RtlPort>
      <RtlPort>
        <name>s_axi_b_in_WVALID</name>
        <type>Signed</type>
        <fractionWidth>13</fractionWidth>
      </RtlPort>
      <RtlPort>
        <name>s_axi_x_out_ARADDR</name>
        <type>Signed</type>
        <fractionWidth>13</fractionWidth>
      </RtlPort>
      <RtlPort>
        <name>s_axi_x_out_ARREADY</name>
        <type>Signed</type>
        <fractionWidth>13</fractionWidth>
      </RtlPort>
      <RtlPort>
        <name>s_axi_x_out_ARVALID</name>
        <type>Signed</type>
        <fractionWidth>13</fractionWidth>
      </RtlPort>
      <RtlPort>
        <name>s_axi_x_out_AWADDR</name>
        <type>Signed</type>
        <fractionWidth>13</fractionWidth>
      </RtlPort>
      <RtlPort>
        <name>s_axi_x_out_AWREADY</name>
        <type>Signed</type>
        <fractionWidth>13</fractionWidth>
      </RtlPort>
      <RtlPort>
        <name>s_axi_x_out_AWVALID</name>
        <type>Signed</type>
        <fractionWidth>13</fractionWidth>
      </RtlPort>
      <RtlPort>
        <name>s_axi_x_out_BREADY</name>
        <type>Signed</type>
        <fractionWidth>13</fractionWidth>
      </RtlPort>
      <RtlPort>
        <name>s_axi_x_out_BRESP</name>
        <type>Signed</type>
        <fractionWidth>13</fractionWidth>
      </RtlPort>
      <RtlPort>
        <name>s_axi_x_out_BVALID</name>
        <type>Signed</type>
        <fractionWidth>13</fractionWidth>
      </RtlPort>
      <RtlPort>
        <name>s_axi_x_out_RDATA</name>
        <type>Signed</type>
        <fractionWidth>13</fractionWidth>
      </RtlPort>
      <RtlPort>
        <name>s_axi_x_out_RREADY</name>
        <type>Signed</type>
        <fractionWidth>13</fractionWidth>
      </RtlPort>
      <RtlPort>
        <name>s_axi_x_out_RRESP</name>
        <type>Signed</type>
        <fractionWidth>13</fractionWidth>
      </RtlPort>
      <RtlPort>
        <name>s_axi_x_out_RVALID</name>
        <type>Signed</type>
        <fractionWidth>13</fractionWidth>
      </RtlPort>
      <RtlPort>
        <name>s_axi_x_out_WDATA</name>
        <type>Signed</type>
        <fractionWidth>13</fractionWidth>
      </RtlPort>
      <RtlPort>
        <name>s_axi_x_out_WREADY</name>
        <type>Signed</type>
        <fractionWidth>13</fractionWidth>
      </RtlPort>
      <RtlPort>
        <name>s_axi_x_out_WSTRB</name>
        <type>Signed</type>
        <fractionWidth>13</fractionWidth>
      </RtlPort>
      <RtlPort>
        <name>s_axi_x_out_WVALID</name>
        <type>Signed</type>
        <fractionWidth>13</fractionWidth>
      </RtlPort>
  </CTypeInfo>
  <DesignConstraint>
    <clk_period>10</clk_period>
  </DesignConstraint>
  <Machine>64</Machine>
  <modelParameters>
    <combinational>0</combinational>
    <latency>444</latency>
    <II>16</II>
  </modelParameters>
</AdditionalInfo>
