<profile>

<RTLDesignHierarchy>
<TopModule>
<ModuleName>cordic</ModuleName>
</TopModule>
</RTLDesignHierarchy>

<ModuleInformation>
<Module>
<Name>cordic</Name>
<PerformanceEstimates>
<SummaryOfTimingAnalysis>
<TargetClockPeriod>10.00</TargetClockPeriod>
<ClockUncertainty>2.70</ClockUncertainty>
<TargetInitiationInterval>1</TargetInitiationInterval>
<EstimatedClockPeriod>7.292</EstimatedClockPeriod>
</SummaryOfTimingAnalysis>
<SummaryOfOverallLatency>
<Best-caseLatency>25</Best-caseLatency>
<Average-caseLatency>25</Average-caseLatency>
<Worst-caseLatency>25</Worst-caseLatency>
<Best-caseRealTimeLatency>0.250 us</Best-caseRealTimeLatency>
<Average-caseRealTimeLatency>0.250 us</Average-caseRealTimeLatency>
<Worst-caseRealTimeLatency>0.250 us</Worst-caseRealTimeLatency>
<PipelineInitiationInterval>1</PipelineInitiationInterval>
<PipelineDepth>26</PipelineDepth>
<PipelineType>yes</PipelineType>
</SummaryOfOverallLatency>
</PerformanceEstimates>
<AreaEstimates>
<Resources>
<BRAM_18K>0</BRAM_18K>
<AVAIL_BRAM>280</AVAIL_BRAM>
<UTIL_BRAM>0</UTIL_BRAM>
<FF>3207</FF>
<AVAIL_FF>106400</AVAIL_FF>
<UTIL_FF>3</UTIL_FF>
<LUT>7381</LUT>
<AVAIL_LUT>53200</AVAIL_LUT>
<UTIL_LUT>13</UTIL_LUT>
<DSP>0</DSP>
<AVAIL_DSP>220</AVAIL_DSP>
<UTIL_DSP>0</UTIL_DSP>
<URAM>0</URAM>
<AVAIL_URAM>0</AVAIL_URAM>
<UTIL_URAM>0</UTIL_URAM>
</Resources>
</AreaEstimates>
<InterfaceSummary>
<RtlPorts>
<name>s_axi_HLS_TREEADD_PERIPH_BUS_AWVALID</name>
<Object>HLS_TREEADD_PERIPH_BUS</Object>
<Type>pointer</Type>
<IOProtocol>s_axi</IOProtocol>
<Dir>in</Dir>
<Bits>1</Bits>
<Attribute>unknown</Attribute>
<CType>int</CType>
<HasCtrl>1</HasCtrl>
</RtlPorts>
<RtlPorts>
<name>s_axi_HLS_TREEADD_PERIPH_BUS_AWREADY</name>
<Object>HLS_TREEADD_PERIPH_BUS</Object>
<Type>pointer</Type>
<IOProtocol>s_axi</IOProtocol>
<Dir>out</Dir>
<Bits>1</Bits>
<Attribute>unknown</Attribute>
<CType>int</CType>
<HasCtrl>1</HasCtrl>
</RtlPorts>
<RtlPorts>
<name>s_axi_HLS_TREEADD_PERIPH_BUS_AWADDR</name>
<Object>HLS_TREEADD_PERIPH_BUS</Object>
<Type>pointer</Type>
<IOProtocol>s_axi</IOProtocol>
<Dir>in</Dir>
<Bits>7</Bits>
<Attribute>unknown</Attribute>
<CType>int</CType>
<HasCtrl>1</HasCtrl>
</RtlPorts>
<RtlPorts>
<name>s_axi_HLS_TREEADD_PERIPH_BUS_WVALID</name>
<Object>HLS_TREEADD_PERIPH_BUS</Object>
<Type>pointer</Type>
<IOProtocol>s_axi</IOProtocol>
<Dir>in</Dir>
<Bits>1</Bits>
<Attribute>unknown</Attribute>
<CType>int</CType>
<HasCtrl>1</HasCtrl>
</RtlPorts>
<RtlPorts>
<name>s_axi_HLS_TREEADD_PERIPH_BUS_WREADY</name>
<Object>HLS_TREEADD_PERIPH_BUS</Object>
<Type>pointer</Type>
<IOProtocol>s_axi</IOProtocol>
<Dir>out</Dir>
<Bits>1</Bits>
<Attribute>unknown</Attribute>
<CType>int</CType>
<HasCtrl>1</HasCtrl>
</RtlPorts>
<RtlPorts>
<name>s_axi_HLS_TREEADD_PERIPH_BUS_WDATA</name>
<Object>HLS_TREEADD_PERIPH_BUS</Object>
<Type>pointer</Type>
<IOProtocol>s_axi</IOProtocol>
<Dir>in</Dir>
<Bits>32</Bits>
<Attribute>unknown</Attribute>
<CType>int</CType>
<HasCtrl>1</HasCtrl>
</RtlPorts>
<RtlPorts>
<name>s_axi_HLS_TREEADD_PERIPH_BUS_WSTRB</name>
<Object>HLS_TREEADD_PERIPH_BUS</Object>
<Type>pointer</Type>
<IOProtocol>s_axi</IOProtocol>
<Dir>in</Dir>
<Bits>4</Bits>
<Attribute>unknown</Attribute>
<CType>int</CType>
<HasCtrl>1</HasCtrl>
</RtlPorts>
<RtlPorts>
<name>s_axi_HLS_TREEADD_PERIPH_BUS_ARVALID</name>
<Object>HLS_TREEADD_PERIPH_BUS</Object>
<Type>pointer</Type>
<IOProtocol>s_axi</IOProtocol>
<Dir>in</Dir>
<Bits>1</Bits>
<Attribute>unknown</Attribute>
<CType>int</CType>
<HasCtrl>1</HasCtrl>
</RtlPorts>
<RtlPorts>
<name>s_axi_HLS_TREEADD_PERIPH_BUS_ARREADY</name>
<Object>HLS_TREEADD_PERIPH_BUS</Object>
<Type>pointer</Type>
<IOProtocol>s_axi</IOProtocol>
<Dir>out</Dir>
<Bits>1</Bits>
<Attribute>unknown</Attribute>
<CType>int</CType>
<HasCtrl>1</HasCtrl>
</RtlPorts>
<RtlPorts>
<name>s_axi_HLS_TREEADD_PERIPH_BUS_ARADDR</name>
<Object>HLS_TREEADD_PERIPH_BUS</Object>
<Type>pointer</Type>
<IOProtocol>s_axi</IOProtocol>
<Dir>in</Dir>
<Bits>7</Bits>
<Attribute>unknown</Attribute>
<CType>int</CType>
<HasCtrl>1</HasCtrl>
</RtlPorts>
<RtlPorts>
<name>s_axi_HLS_TREEADD_PERIPH_BUS_RVALID</name>
<Object>HLS_TREEADD_PERIPH_BUS</Object>
<Type>pointer</Type>
<IOProtocol>s_axi</IOProtocol>
<Dir>out</Dir>
<Bits>1</Bits>
<Attribute>unknown</Attribute>
<CType>int</CType>
<HasCtrl>1</HasCtrl>
</RtlPorts>
<RtlPorts>
<name>s_axi_HLS_TREEADD_PERIPH_BUS_RREADY</name>
<Object>HLS_TREEADD_PERIPH_BUS</Object>
<Type>pointer</Type>
<IOProtocol>s_axi</IOProtocol>
<Dir>in</Dir>
<Bits>1</Bits>
<Attribute>unknown</Attribute>
<CType>int</CType>
<HasCtrl>1</HasCtrl>
</RtlPorts>
<RtlPorts>
<name>s_axi_HLS_TREEADD_PERIPH_BUS_RDATA</name>
<Object>HLS_TREEADD_PERIPH_BUS</Object>
<Type>pointer</Type>
<IOProtocol>s_axi</IOProtocol>
<Dir>out</Dir>
<Bits>32</Bits>
<Attribute>unknown</Attribute>
<CType>int</CType>
<HasCtrl>1</HasCtrl>
</RtlPorts>
<RtlPorts>
<name>s_axi_HLS_TREEADD_PERIPH_BUS_RRESP</name>
<Object>HLS_TREEADD_PERIPH_BUS</Object>
<Type>pointer</Type>
<IOProtocol>s_axi</IOProtocol>
<Dir>out</Dir>
<Bits>2</Bits>
<Attribute>unknown</Attribute>
<CType>int</CType>
<HasCtrl>1</HasCtrl>
</RtlPorts>
<RtlPorts>
<name>s_axi_HLS_TREEADD_PERIPH_BUS_BVALID</name>
<Object>HLS_TREEADD_PERIPH_BUS</Object>
<Type>pointer</Type>
<IOProtocol>s_axi</IOProtocol>
<Dir>out</Dir>
<Bits>1</Bits>
<Attribute>unknown</Attribute>
<CType>int</CType>
<HasCtrl>1</HasCtrl>
</RtlPorts>
<RtlPorts>
<name>s_axi_HLS_TREEADD_PERIPH_BUS_BREADY</name>
<Object>HLS_TREEADD_PERIPH_BUS</Object>
<Type>pointer</Type>
<IOProtocol>s_axi</IOProtocol>
<Dir>in</Dir>
<Bits>1</Bits>
<Attribute>unknown</Attribute>
<CType>int</CType>
<HasCtrl>1</HasCtrl>
</RtlPorts>
<RtlPorts>
<name>s_axi_HLS_TREEADD_PERIPH_BUS_BRESP</name>
<Object>HLS_TREEADD_PERIPH_BUS</Object>
<Type>pointer</Type>
<IOProtocol>s_axi</IOProtocol>
<Dir>out</Dir>
<Bits>2</Bits>
<Attribute>unknown</Attribute>
<CType>int</CType>
<HasCtrl>1</HasCtrl>
</RtlPorts>
<RtlPorts>
<name>ap_clk</name>
<Object>cordic</Object>
<Type>return value</Type>
<Scope></Scope>
<IOProtocol>ap_ctrl_hs</IOProtocol>
<IOConfig></IOConfig>
<Dir>in</Dir>
<Bits>1</Bits>
<Attribute>control</Attribute>
</RtlPorts>
<RtlPorts>
<name>ap_rst_n</name>
<Object>cordic</Object>
<Type>return value</Type>
<Scope></Scope>
<IOProtocol>ap_ctrl_hs</IOProtocol>
<IOConfig></IOConfig>
<Dir>in</Dir>
<Bits>1</Bits>
<Attribute>control</Attribute>
</RtlPorts>
<RtlPorts>
<name>interrupt</name>
<Object>cordic</Object>
<Type>return value</Type>
<Scope></Scope>
<IOProtocol>ap_ctrl_hs</IOProtocol>
<IOConfig></IOConfig>
<Dir>out</Dir>
<Bits>1</Bits>
<Attribute>unknown</Attribute>
</RtlPorts>
</InterfaceSummary>
</Module>
</ModuleInformation>

<FIFOInformation>
</FIFOInformation>

</profile>
