<profile>

<section name = "Vitis HLS Report for 'cordic'" level="0">
<item name = "Date">Tue Nov 15 13:01:13 2022
</item>
<item name = "Version">2022.1 (Build 3526262 on Mon Apr 18 15:48:16 MDT 2022)</item>
<item name = "Project">cordic</item>
<item name = "Solution">solution1 (Vivado IP Flow Target)</item>
<item name = "Product family">zynq</item>
<item name = "Target device">xc7z020-clg484-1</item>
</section>

<section name = "Performance Estimates" level="0">
<item name = "Timing">
<section name = "" level="1">
<item name = "Summary"><table name="" hasTotal="0">
<keys size="4">Clock, Target, Estimated, Uncertainty</keys>
<column name="ap_clk">10.00 ns, 7.292 ns, 2.70 ns</column>
</table>
</item>
</section>
</item>
<item name = "Latency">
<section name = "" level="1">
<item name = "Summary"><table name="" hasTotal="0">
<keys size="8">, min, max, min, max, min, max, Type</keys>
<column name="">25, 25, 0.250 us, 0.250 us, 1, 1, yes</column>
</table>
</item>
<item name = "Detail">
<section name = "" level="1">
<item name = "Instance"><table name="" hasTotal="0">
<keys size="9">Instance, Module, min, max, min, max, min, max, Type</keys>
</table>
</item>
<item name = "Loop"><table name="" hasTotal="0">
<keys size="8">Loop Name, min, max, Latency, achieved, target, Count, Pipelined</keys>
</table>
</item>
</section>
</item>
</section>
</item>
</section>

<section name = "Utilization Estimates" level="0">
<item name = "Summary"><table name="" hasTotal="1">
<keys size="6">Name, BRAM_18K, DSP, FF, LUT, URAM</keys>
<column name="DSP">-, -, -, -, -</column>
<column name="Expression">-, -, 0, 6507, -</column>
<column name="FIFO">-, -, -, -, -</column>
<column name="Instance">0, -, 175, 234, -</column>
<column name="Memory">-, -, -, -, -</column>
<column name="Multiplexer">-, -, -, -, -</column>
<column name="Register">-, -, 3032, 640, -</column>
<specialColumn name="Available">280, 220, 106400, 53200, 0</specialColumn>
<specialColumn name="Utilization (%)">0, 0, 3, 13, 0</specialColumn>
</table>
</item>
<item name = "Detail">
<section name = "" level="1">
<item name = "Instance"><table name="" hasTotal="1">
<keys size="7">Instance, Module, BRAM_18K, DSP, FF, LUT, URAM</keys>
<column name="HLS_TREEADD_PERIPH_BUS_s_axi_U">HLS_TREEADD_PERIPH_BUS_s_axi, 0, 0, 175, 234, 0</column>
</table>
</item>
<item name = "DSP"><table name="" hasTotal="0">
<keys size="3">Instance, Module, Expression</keys>
</table>
</item>
<item name = "Memory"><table name="" hasTotal="1">
<keys size="10">Memory, Module, BRAM_18K, FF, LUT, URAM, Words, Bits, Banks, W*Bits*Banks</keys>
</table>
</item>
<item name = "FIFO"><table name="" hasTotal="1">
<keys size="8">Name, BRAM_18K, FF, LUT, URAM, Depth, Bits, Size:D*B</keys>
</table>
</item>
<item name = "Expression"><table name="" hasTotal="1">
<keys size="7">Variable Name, Operation, DSP, FF, LUT, Bitwidth P0, Bitwidth P1</keys>
<column name="add_ln1697_10_fu_872_p2">+, 0, 0, 16, 16, 8</column>
<column name="add_ln1697_12_fu_1075_p2">+, 0, 0, 16, 16, 7</column>
<column name="add_ln1697_14_fu_1412_p2">+, 0, 0, 16, 16, 6</column>
<column name="add_ln1697_16_fu_1709_p2">+, 0, 0, 16, 16, 5</column>
<column name="add_ln1697_18_fu_2068_p2">+, 0, 0, 16, 16, 4</column>
<column name="add_ln1697_20_fu_2211_p2">+, 0, 0, 16, 16, 3</column>
<column name="add_ln1697_22_fu_2517_p2">+, 0, 0, 16, 16, 2</column>
<column name="add_ln1697_24_fu_1736_p2">+, 0, 0, 15, 15, 15</column>
<column name="add_ln1697_25_fu_1439_p2">+, 0, 0, 12, 12, 12</column>
<column name="add_ln1697_26_fu_1449_p2">+, 0, 0, 14, 13, 13</column>
<column name="add_ln1697_27_fu_1745_p2">+, 0, 0, 15, 15, 15</column>
<column name="add_ln1697_28_fu_2115_p2">+, 0, 0, 14, 9, 9</column>
<column name="add_ln1697_29_fu_2780_p2">+, 0, 0, 10, 10, 10</column>
<column name="add_ln1697_2_fu_364_p2">+, 0, 0, 16, 16, 12</column>
<column name="add_ln1697_30_fu_2634_p2">+, 0, 0, 14, 6, 6</column>
<column name="add_ln1697_31_fu_2644_p2">+, 0, 0, 14, 7, 7</column>
<column name="add_ln1697_32_fu_2789_p2">+, 0, 0, 10, 10, 10</column>
<column name="add_ln1697_33_fu_2914_p2">+, 0, 0, 15, 15, 15</column>
<column name="add_ln1697_4_fu_398_p2">+, 0, 0, 16, 16, 11</column>
<column name="add_ln1697_6_fu_432_p2">+, 0, 0, 16, 16, 10</column>
<column name="add_ln1697_8_fu_478_p2">+, 0, 0, 16, 16, 9</column>
<column name="add_ln1697_fu_330_p2">+, 0, 0, 16, 16, 13</column>
<column name="current_cos_V_100_fu_3280_p2">+, 0, 0, 23, 16, 16</column>
<column name="current_cos_V_103_fu_3348_p2">+, 0, 0, 23, 16, 16</column>
<column name="current_cos_V_106_fu_3414_p2">+, 0, 0, 23, 16, 16</column>
<column name="current_cos_V_109_fu_3480_p2">+, 0, 0, 23, 16, 16</column>
<column name="current_cos_V_112_fu_3546_p2">+, 0, 0, 23, 16, 16</column>
<column name="current_cos_V_115_fu_3612_p2">+, 0, 0, 23, 16, 16</column>
<column name="current_cos_V_118_fu_3680_p2">+, 0, 0, 23, 16, 16</column>
<column name="current_cos_V_11_fu_743_p2">+, 0, 0, 23, 16, 16</column>
<column name="current_cos_V_121_fu_3746_p2">+, 0, 0, 23, 16, 16</column>
<column name="current_cos_V_124_fu_3812_p2">+, 0, 0, 23, 16, 16</column>
<column name="current_cos_V_12_fu_755_p2">+, 0, 0, 23, 16, 16</column>
<column name="current_cos_V_17_fu_921_p2">+, 0, 0, 23, 16, 16</column>
<column name="current_cos_V_18_fu_931_p2">+, 0, 0, 23, 16, 16</column>
<column name="current_cos_V_23_fu_1022_p2">+, 0, 0, 23, 16, 16</column>
<column name="current_cos_V_24_fu_1147_p2">+, 0, 0, 23, 16, 16</column>
<column name="current_cos_V_29_fu_1249_p2">+, 0, 0, 23, 16, 16</column>
<column name="current_cos_V_30_fu_1259_p2">+, 0, 0, 23, 16, 16</column>
<column name="current_cos_V_35_fu_1359_p2">+, 0, 0, 23, 16, 16</column>
<column name="current_cos_V_36_fu_1528_p2">+, 0, 0, 23, 16, 16</column>
<column name="current_cos_V_41_fu_1592_p2">+, 0, 0, 23, 16, 16</column>
<column name="current_cos_V_42_fu_1781_p2">+, 0, 0, 23, 16, 16</column>
<column name="current_cos_V_47_fu_1656_p2">+, 0, 0, 23, 16, 16</column>
<column name="current_cos_V_48_fu_1871_p2">+, 0, 0, 23, 16, 16</column>
<column name="current_cos_V_53_fu_1971_p2">+, 0, 0, 23, 16, 16</column>
<column name="current_cos_V_54_fu_2127_p2">+, 0, 0, 23, 16, 16</column>
<column name="current_cos_V_59_fu_2035_p2">+, 0, 0, 23, 16, 16</column>
<column name="current_cos_V_5_fu_601_p2">+, 0, 0, 23, 16, 16</column>
<column name="current_cos_V_60_fu_2379_p2">+, 0, 0, 23, 16, 16</column>
<column name="current_cos_V_64_fu_2180_p2">+, 0, 0, 23, 16, 16</column>
<column name="current_cos_V_67_fu_2270_p2">+, 0, 0, 23, 16, 16</column>
<column name="current_cos_V_6_fu_613_p2">+, 0, 0, 23, 16, 16</column>
<column name="current_cos_V_70_fu_2551_p2">+, 0, 0, 23, 16, 16</column>
<column name="current_cos_V_73_fu_2617_p2">+, 0, 0, 23, 16, 16</column>
<column name="current_cos_V_76_fu_2719_p2">+, 0, 0, 23, 16, 16</column>
<column name="current_cos_V_79_fu_2803_p2">+, 0, 0, 23, 16, 16</column>
<column name="current_cos_V_82_fu_2869_p2">+, 0, 0, 23, 16, 16</column>
<column name="current_cos_V_85_fu_2948_p2">+, 0, 0, 23, 16, 16</column>
<column name="current_cos_V_88_fu_3016_p2">+, 0, 0, 23, 16, 16</column>
<column name="current_cos_V_91_fu_3082_p2">+, 0, 0, 23, 16, 16</column>
<column name="current_cos_V_94_fu_3148_p2">+, 0, 0, 23, 16, 16</column>
<column name="current_cos_V_97_fu_3214_p2">+, 0, 0, 23, 16, 16</column>
<column name="current_sin_V_102_fu_3275_p2">+, 0, 0, 23, 16, 16</column>
<column name="current_sin_V_105_fu_3342_p2">+, 0, 0, 23, 16, 16</column>
<column name="current_sin_V_108_fu_3408_p2">+, 0, 0, 23, 16, 16</column>
<column name="current_sin_V_10_fu_737_p2">+, 0, 0, 23, 16, 16</column>
<column name="current_sin_V_111_fu_3476_p2">+, 0, 0, 23, 16, 16</column>
<column name="current_sin_V_114_fu_3540_p2">+, 0, 0, 23, 16, 16</column>
<column name="current_sin_V_117_fu_3607_p2">+, 0, 0, 23, 16, 16</column>
<column name="current_sin_V_120_fu_3674_p2">+, 0, 0, 23, 16, 16</column>
<column name="current_sin_V_123_fu_3740_p2">+, 0, 0, 23, 16, 16</column>
<column name="current_sin_V_126_fu_3808_p2">+, 0, 0, 23, 16, 16</column>
<column name="current_sin_V_129_fu_459_p2">+, 0, 0, 23, 16, 16</column>
<column name="current_sin_V_133_fu_631_p2">+, 0, 0, 23, 16, 16</column>
<column name="current_sin_V_135_fu_773_p2">+, 0, 0, 23, 16, 16</column>
<column name="current_sin_V_137_fu_946_p2">+, 0, 0, 23, 16, 16</column>
<column name="current_sin_V_139_fu_1163_p2">+, 0, 0, 23, 16, 16</column>
<column name="current_sin_V_141_fu_1491_p2">+, 0, 0, 23, 16, 16</column>
<column name="current_sin_V_143_fu_1544_p2">+, 0, 0, 23, 16, 16</column>
<column name="current_sin_V_145_fu_1797_p2">+, 0, 0, 23, 16, 16</column>
<column name="current_sin_V_147_fu_1889_p2">+, 0, 0, 23, 16, 16</column>
<column name="current_sin_V_149_fu_2142_p2">+, 0, 0, 23, 16, 16</column>
<column name="current_sin_V_151_fu_2395_p2">+, 0, 0, 23, 16, 16</column>
<column name="current_sin_V_153_fu_2471_p2">+, 0, 0, 23, 16, 16</column>
<column name="current_sin_V_16_fu_916_p2">+, 0, 0, 23, 16, 16</column>
<column name="current_sin_V_22_fu_1016_p2">+, 0, 0, 23, 16, 16</column>
<column name="current_sin_V_28_fu_1244_p2">+, 0, 0, 23, 16, 16</column>
<column name="current_sin_V_34_fu_1353_p2">+, 0, 0, 23, 16, 16</column>
<column name="current_sin_V_40_fu_1587_p2">+, 0, 0, 23, 16, 16</column>
<column name="current_sin_V_46_fu_1650_p2">+, 0, 0, 23, 16, 16</column>
<column name="current_sin_V_52_fu_1966_p2">+, 0, 0, 23, 16, 16</column>
<column name="current_sin_V_58_fu_2029_p2">+, 0, 0, 23, 16, 16</column>
<column name="current_sin_V_66_fu_2175_p2">+, 0, 0, 23, 16, 16</column>
<column name="current_sin_V_69_fu_2264_p2">+, 0, 0, 23, 16, 16</column>
<column name="current_sin_V_72_fu_2546_p2">+, 0, 0, 23, 16, 16</column>
<column name="current_sin_V_75_fu_2611_p2">+, 0, 0, 23, 16, 16</column>
<column name="current_sin_V_78_fu_2713_p2">+, 0, 0, 23, 16, 16</column>
<column name="current_sin_V_81_fu_2799_p2">+, 0, 0, 23, 16, 16</column>
<column name="current_sin_V_84_fu_2863_p2">+, 0, 0, 23, 16, 16</column>
<column name="current_sin_V_87_fu_2943_p2">+, 0, 0, 23, 16, 16</column>
<column name="current_sin_V_90_fu_3010_p2">+, 0, 0, 23, 16, 16</column>
<column name="current_sin_V_93_fu_3076_p2">+, 0, 0, 23, 16, 16</column>
<column name="current_sin_V_96_fu_3144_p2">+, 0, 0, 23, 16, 16</column>
<column name="current_sin_V_99_fu_3208_p2">+, 0, 0, 23, 16, 16</column>
<column name="current_sin_V_fu_595_p2">+, 0, 0, 23, 16, 16</column>
<column name="current_t_V_3_fu_2919_p2">+, 0, 0, 15, 15, 15</column>
<column name="theta_V_10_fu_2073_p2">+, 0, 0, 16, 16, 16</column>
<column name="theta_V_11_fu_2216_p2">+, 0, 0, 16, 16, 16</column>
<column name="theta_V_12_fu_2522_p2">+, 0, 0, 16, 16, 16</column>
<column name="theta_V_1_fu_335_p2">+, 0, 0, 16, 16, 16</column>
<column name="theta_V_2_fu_369_p2">+, 0, 0, 16, 16, 16</column>
<column name="theta_V_3_fu_403_p2">+, 0, 0, 16, 16, 16</column>
<column name="theta_V_4_fu_437_p2">+, 0, 0, 16, 16, 16</column>
<column name="theta_V_5_fu_483_p2">+, 0, 0, 16, 16, 16</column>
<column name="theta_V_6_fu_877_p2">+, 0, 0, 16, 16, 16</column>
<column name="theta_V_7_fu_1080_p2">+, 0, 0, 16, 16, 16</column>
<column name="theta_V_8_fu_1417_p2">+, 0, 0, 16, 16, 16</column>
<column name="theta_V_9_fu_1714_p2">+, 0, 0, 16, 16, 16</column>
<column name="theta_V_fu_285_p2">+, 0, 0, 23, 16, 16</column>
<column name="x_s_V_1_fu_3868_p2">+, 0, 0, 23, 16, 16</column>
<column name="x_s_V_3_fu_3956_p2">+, 0, 0, 23, 16, 16</column>
<column name="x_s_V_4_fu_3978_p2">+, 0, 0, 23, 16, 16</column>
<column name="x_s_V_5_fu_4049_p2">+, 0, 0, 23, 16, 16</column>
<column name="x_s_V_6_fu_4070_p2">+, 0, 0, 23, 16, 16</column>
<column name="y_s_V_1_fu_3918_p2">+, 0, 0, 23, 16, 16</column>
<column name="y_s_V_3_fu_4006_p2">+, 0, 0, 23, 16, 16</column>
<column name="y_s_V_4_fu_4028_p2">+, 0, 0, 23, 16, 16</column>
<column name="y_s_V_5_fu_4091_p2">+, 0, 0, 23, 16, 16</column>
<column name="y_s_V_6_fu_4112_p2">+, 0, 0, 23, 16, 16</column>
<column name="current_cos_V_102_fu_3336_p2">-, 0, 0, 23, 16, 16</column>
<column name="current_cos_V_105_fu_3402_p2">-, 0, 0, 23, 16, 16</column>
<column name="current_cos_V_108_fu_3472_p2">-, 0, 0, 23, 16, 16</column>
<column name="current_cos_V_10_fu_731_p2">-, 0, 0, 23, 16, 16</column>
<column name="current_cos_V_111_fu_3534_p2">-, 0, 0, 23, 16, 16</column>
<column name="current_cos_V_114_fu_3602_p2">-, 0, 0, 23, 16, 16</column>
<column name="current_cos_V_117_fu_3668_p2">-, 0, 0, 23, 16, 16</column>
<column name="current_cos_V_120_fu_3734_p2">-, 0, 0, 23, 16, 16</column>
<column name="current_cos_V_123_fu_3804_p2">-, 0, 0, 23, 16, 16</column>
<column name="current_cos_V_13_fu_767_p2">-, 0, 0, 23, 16, 16</column>
<column name="current_cos_V_16_fu_911_p2">-, 0, 0, 23, 16, 16</column>
<column name="current_cos_V_19_fu_941_p2">-, 0, 0, 23, 16, 16</column>
<column name="current_cos_V_22_fu_1010_p2">-, 0, 0, 23, 16, 16</column>
<column name="current_cos_V_25_fu_1158_p2">-, 0, 0, 23, 16, 16</column>
<column name="current_cos_V_28_fu_1239_p2">-, 0, 0, 23, 16, 16</column>
<column name="current_cos_V_31_fu_1265_p2">-, 0, 0, 23, 16, 16</column>
<column name="current_cos_V_34_fu_1347_p2">-, 0, 0, 23, 16, 16</column>
<column name="current_cos_V_37_fu_1539_p2">-, 0, 0, 23, 16, 16</column>
<column name="current_cos_V_40_fu_1582_p2">-, 0, 0, 23, 16, 16</column>
<column name="current_cos_V_43_fu_1792_p2">-, 0, 0, 23, 16, 16</column>
<column name="current_cos_V_46_fu_1644_p2">-, 0, 0, 23, 16, 16</column>
<column name="current_cos_V_49_fu_1883_p2">-, 0, 0, 23, 16, 16</column>
<column name="current_cos_V_4_fu_589_p2">-, 0, 0, 23, 16, 16</column>
<column name="current_cos_V_52_fu_1961_p2">-, 0, 0, 23, 16, 16</column>
<column name="current_cos_V_55_fu_2137_p2">-, 0, 0, 23, 16, 16</column>
<column name="current_cos_V_58_fu_2023_p2">-, 0, 0, 23, 16, 16</column>
<column name="current_cos_V_61_fu_2390_p2">-, 0, 0, 23, 16, 16</column>
<column name="current_cos_V_63_fu_2170_p2">-, 0, 0, 23, 16, 16</column>
<column name="current_cos_V_66_fu_2258_p2">-, 0, 0, 23, 16, 16</column>
<column name="current_cos_V_69_fu_2541_p2">-, 0, 0, 23, 16, 16</column>
<column name="current_cos_V_72_fu_2605_p2">-, 0, 0, 23, 16, 16</column>
<column name="current_cos_V_75_fu_2707_p2">-, 0, 0, 23, 16, 16</column>
<column name="current_cos_V_78_fu_2795_p2">-, 0, 0, 23, 16, 16</column>
<column name="current_cos_V_7_fu_625_p2">-, 0, 0, 23, 16, 16</column>
<column name="current_cos_V_81_fu_2857_p2">-, 0, 0, 23, 16, 16</column>
<column name="current_cos_V_84_fu_2938_p2">-, 0, 0, 23, 16, 16</column>
<column name="current_cos_V_87_fu_3004_p2">-, 0, 0, 23, 16, 16</column>
<column name="current_cos_V_90_fu_3070_p2">-, 0, 0, 23, 16, 16</column>
<column name="current_cos_V_93_fu_3140_p2">-, 0, 0, 23, 16, 16</column>
<column name="current_cos_V_96_fu_3202_p2">-, 0, 0, 23, 16, 16</column>
<column name="current_cos_V_99_fu_3270_p2">-, 0, 0, 23, 16, 16</column>
<column name="current_cos_V_fu_463_p2">-, 0, 0, 23, 16, 16</column>
<column name="current_sin_V_100_fu_3220_p2">-, 0, 0, 23, 16, 16</column>
<column name="current_sin_V_103_fu_3285_p2">-, 0, 0, 23, 16, 16</column>
<column name="current_sin_V_106_fu_3354_p2">-, 0, 0, 23, 16, 16</column>
<column name="current_sin_V_109_fu_3420_p2">-, 0, 0, 23, 16, 16</column>
<column name="current_sin_V_112_fu_3484_p2">-, 0, 0, 23, 16, 16</column>
<column name="current_sin_V_115_fu_3552_p2">-, 0, 0, 23, 16, 16</column>
<column name="current_sin_V_118_fu_3617_p2">-, 0, 0, 23, 16, 16</column>
<column name="current_sin_V_11_fu_749_p2">-, 0, 0, 23, 16, 16</column>
<column name="current_sin_V_121_fu_3686_p2">-, 0, 0, 23, 16, 16</column>
<column name="current_sin_V_124_fu_3752_p2">-, 0, 0, 23, 16, 16</column>
<column name="current_sin_V_127_fu_3816_p2">-, 0, 0, 23, 16, 16</column>
<column name="current_sin_V_130_fu_467_p2">-, 0, 0, 23, 16, 16</column>
<column name="current_sin_V_132_fu_619_p2">-, 0, 0, 23, 16, 16</column>
<column name="current_sin_V_134_fu_761_p2">-, 0, 0, 23, 16, 16</column>
<column name="current_sin_V_136_fu_936_p2">-, 0, 0, 23, 16, 16</column>
<column name="current_sin_V_138_fu_1152_p2">-, 0, 0, 23, 16, 16</column>
<column name="current_sin_V_140_fu_1486_p2">-, 0, 0, 23, 16, 16</column>
<column name="current_sin_V_142_fu_1533_p2">-, 0, 0, 23, 16, 16</column>
<column name="current_sin_V_144_fu_1786_p2">-, 0, 0, 23, 16, 16</column>
<column name="current_sin_V_146_fu_1877_p2">-, 0, 0, 23, 16, 16</column>
<column name="current_sin_V_148_fu_2132_p2">-, 0, 0, 23, 16, 16</column>
<column name="current_sin_V_150_fu_2384_p2">-, 0, 0, 23, 16, 16</column>
<column name="current_sin_V_152_fu_2465_p2">-, 0, 0, 23, 16, 16</column>
<column name="current_sin_V_17_fu_926_p2">-, 0, 0, 23, 16, 16</column>
<column name="current_sin_V_23_fu_1028_p2">-, 0, 0, 23, 16, 16</column>
<column name="current_sin_V_29_fu_1254_p2">-, 0, 0, 23, 16, 16</column>
<column name="current_sin_V_35_fu_1365_p2">-, 0, 0, 23, 16, 16</column>
<column name="current_sin_V_41_fu_1597_p2">-, 0, 0, 23, 16, 16</column>
<column name="current_sin_V_47_fu_1662_p2">-, 0, 0, 23, 16, 16</column>
<column name="current_sin_V_53_fu_1976_p2">-, 0, 0, 23, 16, 16</column>
<column name="current_sin_V_59_fu_2041_p2">-, 0, 0, 23, 16, 16</column>
<column name="current_sin_V_5_fu_607_p2">-, 0, 0, 23, 16, 16</column>
<column name="current_sin_V_67_fu_2185_p2">-, 0, 0, 23, 16, 16</column>
<column name="current_sin_V_70_fu_2276_p2">-, 0, 0, 23, 16, 16</column>
<column name="current_sin_V_73_fu_2556_p2">-, 0, 0, 23, 16, 16</column>
<column name="current_sin_V_76_fu_2623_p2">-, 0, 0, 23, 16, 16</column>
<column name="current_sin_V_79_fu_2725_p2">-, 0, 0, 23, 16, 16</column>
<column name="current_sin_V_82_fu_2807_p2">-, 0, 0, 23, 16, 16</column>
<column name="current_sin_V_85_fu_2875_p2">-, 0, 0, 23, 16, 16</column>
<column name="current_sin_V_88_fu_2953_p2">-, 0, 0, 23, 16, 16</column>
<column name="current_sin_V_91_fu_3022_p2">-, 0, 0, 23, 16, 16</column>
<column name="current_sin_V_94_fu_3088_p2">-, 0, 0, 23, 16, 16</column>
<column name="current_sin_V_97_fu_3152_p2">-, 0, 0, 23, 16, 16</column>
<column name="x_s_V_2_fu_3937_p2">-, 0, 0, 23, 16, 16</column>
<column name="x_s_V_fu_3848_p2">-, 0, 0, 23, 16, 16</column>
<column name="y_s_V_2_fu_3987_p2">-, 0, 0, 23, 16, 16</column>
<column name="y_s_V_fu_3898_p2">-, 0, 0, 23, 16, 16</column>
<column name="or_ln1697_fu_2629_p2">or, 0, 0, 2, 1, 1</column>
<column name="c">select, 0, 0, 16, 1, 16</column>
<column name="current_cos_V_101_fu_3297_p3">select, 0, 0, 16, 1, 16</column>
<column name="current_cos_V_104_fu_3365_p3">select, 0, 0, 16, 1, 16</column>
<column name="current_cos_V_107_fu_3433_p3">select, 0, 0, 16, 1, 16</column>
<column name="current_cos_V_110_fu_3495_p3">select, 0, 0, 16, 1, 16</column>
<column name="current_cos_V_113_fu_3565_p3">select, 0, 0, 16, 1, 16</column>
<column name="current_cos_V_116_fu_3629_p3">select, 0, 0, 16, 1, 16</column>
<column name="current_cos_V_119_fu_3697_p3">select, 0, 0, 16, 1, 16</column>
<column name="current_cos_V_122_fu_3765_p3">select, 0, 0, 16, 1, 16</column>
<column name="current_cos_V_125_fu_3827_p3">select, 0, 0, 16, 1, 16</column>
<column name="current_cos_V_14_fu_786_p3">select, 0, 0, 16, 1, 16</column>
<column name="current_cos_V_15_fu_829_p3">select, 0, 0, 16, 1, 16</column>
<column name="current_cos_V_20_fu_958_p3">select, 0, 0, 16, 1, 16</column>
<column name="current_cos_V_21_fu_993_p3">select, 0, 0, 16, 1, 16</column>
<column name="current_cos_V_26_fu_1041_p3">select, 0, 0, 16, 1, 16</column>
<column name="current_cos_V_27_fu_1199_p3">select, 0, 0, 16, 1, 16</column>
<column name="current_cos_V_2_fu_510_p3">select, 0, 0, 16, 1, 16</column>
<column name="current_cos_V_32_fu_1278_p3">select, 0, 0, 16, 1, 16</column>
<column name="current_cos_V_33_fu_1329_p3">select, 0, 0, 16, 1, 16</column>
<column name="current_cos_V_38_fu_1378_p3">select, 0, 0, 16, 1, 16</column>
<column name="current_cos_V_39_fu_1564_p3">select, 0, 0, 16, 1, 16</column>
<column name="current_cos_V_3_fu_548_p3">select, 0, 0, 16, 1, 16</column>
<column name="current_cos_V_44_fu_1609_p3">select, 0, 0, 16, 1, 16</column>
<column name="current_cos_V_45_fu_1827_p3">select, 0, 0, 16, 1, 16</column>
<column name="current_cos_V_50_fu_1675_p3">select, 0, 0, 16, 1, 16</column>
<column name="current_cos_V_51_fu_1925_p3">select, 0, 0, 16, 1, 16</column>
<column name="current_cos_V_56_fu_1988_p3">select, 0, 0, 16, 1, 16</column>
<column name="current_cos_V_57_fu_2147_p3">select, 0, 0, 16, 1, 16</column>
<column name="current_cos_V_62_fu_2054_p3">select, 0, 0, 16, 1, 16</column>
<column name="current_cos_V_65_fu_2197_p3">select, 0, 0, 16, 1, 16</column>
<column name="current_cos_V_68_fu_2290_p3">select, 0, 0, 16, 1, 16</column>
<column name="current_cos_V_71_fu_2569_p3">select, 0, 0, 16, 1, 16</column>
<column name="current_cos_V_74_fu_2670_p3">select, 0, 0, 16, 1, 16</column>
<column name="current_cos_V_77_fu_2738_p3">select, 0, 0, 16, 1, 16</column>
<column name="current_cos_V_80_fu_2818_p3">select, 0, 0, 16, 1, 16</column>
<column name="current_cos_V_83_fu_2888_p3">select, 0, 0, 16, 1, 16</column>
<column name="current_cos_V_86_fu_2965_p3">select, 0, 0, 16, 1, 16</column>
<column name="current_cos_V_89_fu_3033_p3">select, 0, 0, 16, 1, 16</column>
<column name="current_cos_V_8_fu_644_p3">select, 0, 0, 16, 1, 16</column>
<column name="current_cos_V_92_fu_3101_p3">select, 0, 0, 16, 1, 16</column>
<column name="current_cos_V_95_fu_3163_p3">select, 0, 0, 16, 1, 16</column>
<column name="current_cos_V_98_fu_3233_p3">select, 0, 0, 16, 1, 16</column>
<column name="current_cos_V_9_fu_687_p3">select, 0, 0, 16, 1, 16</column>
<column name="current_sin_V_101_fu_3226_p3">select, 0, 0, 16, 1, 16</column>
<column name="current_sin_V_104_fu_3290_p3">select, 0, 0, 16, 1, 16</column>
<column name="current_sin_V_107_fu_3360_p3">select, 0, 0, 16, 1, 16</column>
<column name="current_sin_V_110_fu_3426_p3">select, 0, 0, 16, 1, 16</column>
<column name="current_sin_V_113_fu_3488_p3">select, 0, 0, 16, 1, 16</column>
<column name="current_sin_V_116_fu_3558_p3">select, 0, 0, 16, 1, 16</column>
<column name="current_sin_V_119_fu_3622_p3">select, 0, 0, 16, 1, 16</column>
<column name="current_sin_V_122_fu_3692_p3">select, 0, 0, 16, 1, 16</column>
<column name="current_sin_V_125_fu_3758_p3">select, 0, 0, 16, 1, 16</column>
<column name="current_sin_V_128_fu_3820_p3">select, 0, 0, 16, 1, 16</column>
<column name="current_sin_V_131_fu_543_p3">select, 0, 0, 16, 1, 16</column>
<column name="current_sin_V_14_fu_779_p3">select, 0, 0, 16, 1, 16</column>
<column name="current_sin_V_20_fu_951_p3">select, 0, 0, 16, 1, 16</column>
<column name="current_sin_V_26_fu_1034_p3">select, 0, 0, 16, 1, 16</column>
<column name="current_sin_V_32_fu_1271_p3">select, 0, 0, 16, 1, 16</column>
<column name="current_sin_V_38_fu_1371_p3">select, 0, 0, 16, 1, 16</column>
<column name="current_sin_V_3_fu_505_p3">select, 0, 0, 16, 1, 16</column>
<column name="current_sin_V_44_fu_1602_p3">select, 0, 0, 16, 1, 16</column>
<column name="current_sin_V_50_fu_1668_p3">select, 0, 0, 16, 1, 16</column>
<column name="current_sin_V_56_fu_1981_p3">select, 0, 0, 16, 1, 16</column>
<column name="current_sin_V_62_fu_2047_p3">select, 0, 0, 16, 1, 16</column>
<column name="current_sin_V_68_fu_2190_p3">select, 0, 0, 16, 1, 16</column>
<column name="current_sin_V_71_fu_2282_p3">select, 0, 0, 16, 1, 16</column>
<column name="current_sin_V_74_fu_2561_p3">select, 0, 0, 16, 1, 16</column>
<column name="current_sin_V_77_fu_2665_p3">select, 0, 0, 16, 1, 16</column>
<column name="current_sin_V_80_fu_2731_p3">select, 0, 0, 16, 1, 16</column>
<column name="current_sin_V_83_fu_2811_p3">select, 0, 0, 16, 1, 16</column>
<column name="current_sin_V_86_fu_2881_p3">select, 0, 0, 16, 1, 16</column>
<column name="current_sin_V_89_fu_2958_p3">select, 0, 0, 16, 1, 16</column>
<column name="current_sin_V_8_fu_637_p3">select, 0, 0, 16, 1, 16</column>
<column name="current_sin_V_92_fu_3028_p3">select, 0, 0, 16, 1, 16</column>
<column name="current_sin_V_95_fu_3094_p3">select, 0, 0, 16, 1, 16</column>
<column name="current_sin_V_98_fu_3156_p3">select, 0, 0, 16, 1, 16</column>
<column name="current_t_V_1_fu_1462_p3">select, 0, 0, 15, 1, 15</column>
<column name="current_t_V_2_fu_1469_p3">select, 0, 0, 15, 1, 15</column>
<column name="current_t_V_4_fu_4134_p3">select, 0, 0, 15, 1, 1</column>
<column name="current_t_V_fu_1455_p3">select, 0, 0, 14, 1, 13</column>
<column name="r_V_137_fu_2445_p3">select, 0, 0, 5, 1, 5</column>
<column name="s">select, 0, 0, 16, 1, 16</column>
<column name="select_ln1534_10_fu_3046_p3">select, 0, 0, 2, 1, 2</column>
<column name="select_ln1534_11_fu_3062_p3">select, 0, 0, 2, 1, 2</column>
<column name="select_ln1534_12_fu_3116_p3">select, 0, 0, 2, 1, 2</column>
<column name="select_ln1534_13_fu_3132_p3">select, 0, 0, 2, 1, 2</column>
<column name="select_ln1534_14_fu_3178_p3">select, 0, 0, 2, 1, 2</column>
<column name="select_ln1534_15_fu_3194_p3">select, 0, 0, 2, 1, 2</column>
<column name="select_ln1534_16_fu_3256_p3">select, 0, 0, 2, 1, 2</column>
<column name="select_ln1534_17_fu_3263_p3">select, 0, 0, 2, 1, 2</column>
<column name="select_ln1534_18_fu_3312_p3">select, 0, 0, 2, 1, 2</column>
<column name="select_ln1534_19_fu_3328_p3">select, 0, 0, 2, 1, 2</column>
<column name="select_ln1534_1_fu_2699_p3">select, 0, 0, 2, 1, 2</column>
<column name="select_ln1534_20_fu_3378_p3">select, 0, 0, 2, 1, 2</column>
<column name="select_ln1534_21_fu_3394_p3">select, 0, 0, 2, 1, 2</column>
<column name="select_ln1534_22_fu_3448_p3">select, 0, 0, 2, 1, 2</column>
<column name="select_ln1534_23_fu_3464_p3">select, 0, 0, 2, 1, 2</column>
<column name="select_ln1534_24_fu_3510_p3">select, 0, 0, 2, 1, 2</column>
<column name="select_ln1534_25_fu_3526_p3">select, 0, 0, 2, 1, 2</column>
<column name="select_ln1534_26_fu_3588_p3">select, 0, 0, 2, 1, 2</column>
<column name="select_ln1534_27_fu_3595_p3">select, 0, 0, 2, 1, 2</column>
<column name="select_ln1534_28_fu_3644_p3">select, 0, 0, 2, 1, 2</column>
<column name="select_ln1534_29_fu_3660_p3">select, 0, 0, 2, 1, 2</column>
<column name="select_ln1534_2_fu_2753_p3">select, 0, 0, 2, 1, 2</column>
<column name="select_ln1534_30_fu_3710_p3">select, 0, 0, 2, 1, 2</column>
<column name="select_ln1534_31_fu_3726_p3">select, 0, 0, 2, 1, 2</column>
<column name="select_ln1534_32_fu_3780_p3">select, 0, 0, 2, 1, 2</column>
<column name="select_ln1534_33_fu_3796_p3">select, 0, 0, 2, 1, 2</column>
<column name="select_ln1534_34_fu_3970_p3">select, 0, 0, 2, 1, 2</column>
<column name="select_ln1534_35_fu_4041_p3">select, 0, 0, 2, 1, 2</column>
<column name="select_ln1534_36_fu_4062_p3">select, 0, 0, 2, 1, 2</column>
<column name="select_ln1534_37_fu_4020_p3">select, 0, 0, 2, 1, 2</column>
<column name="select_ln1534_38_fu_4083_p3">select, 0, 0, 2, 1, 2</column>
<column name="select_ln1534_39_fu_4104_p3">select, 0, 0, 2, 1, 2</column>
<column name="select_ln1534_3_fu_2769_p3">select, 0, 0, 2, 1, 2</column>
<column name="select_ln1534_4_fu_2833_p3">select, 0, 0, 2, 1, 2</column>
<column name="select_ln1534_5_fu_2849_p3">select, 0, 0, 2, 1, 2</column>
<column name="select_ln1534_6_fu_2924_p3">select, 0, 0, 2, 1, 2</column>
<column name="select_ln1534_7_fu_2931_p3">select, 0, 0, 2, 1, 2</column>
<column name="select_ln1534_8_fu_2980_p3">select, 0, 0, 2, 1, 2</column>
<column name="select_ln1534_9_fu_2996_p3">select, 0, 0, 2, 1, 2</column>
<column name="select_ln1534_fu_2683_p3">select, 0, 0, 2, 1, 2</column>
<column name="select_ln1697_12_fu_391_p3">select, 0, 0, 11, 1, 11</column>
<column name="select_ln1697_14_fu_1114_p3">select, 0, 0, 12, 1, 12</column>
<column name="select_ln1697_18_fu_425_p3">select, 0, 0, 10, 1, 10</column>
<column name="select_ln1697_20_fu_1191_p3">select, 0, 0, 11, 1, 11</column>
<column name="select_ln1697_24_fu_471_p3">select, 0, 0, 9, 1, 9</column>
<column name="select_ln1697_26_fu_1321_p3">select, 0, 0, 10, 1, 10</column>
<column name="select_ln1697_30_fu_865_p3">select, 0, 0, 8, 1, 8</column>
<column name="select_ln1697_32_fu_2658_p3">select, 0, 0, 9, 1, 9</column>
<column name="select_ln1697_36_fu_1068_p3">select, 0, 0, 7, 1, 7</column>
<column name="select_ln1697_38_fu_1819_p3">select, 0, 0, 8, 1, 8</column>
<column name="select_ln1697_42_fu_1405_p3">select, 0, 0, 6, 1, 6</column>
<column name="select_ln1697_44_fu_1917_p3">select, 0, 0, 7, 1, 7</column>
<column name="select_ln1697_48_fu_1702_p3">select, 0, 0, 5, 1, 5</column>
<column name="select_ln1697_50_fu_2346_p3">select, 0, 0, 6, 1, 6</column>
<column name="select_ln1697_54_fu_2061_p3">select, 0, 0, 4, 1, 4</column>
<column name="select_ln1697_59_fu_2204_p3">select, 0, 0, 3, 1, 3</column>
<column name="select_ln1697_62_fu_2306_p3">select, 0, 0, 2, 1, 2</column>
<column name="select_ln1697_63_fu_2650_p3">select, 0, 0, 12, 1, 12</column>
<column name="select_ln1697_6_fu_357_p3">select, 0, 0, 12, 1, 12</column>
<column name="select_ln1697_8_fu_1476_p3">select, 0, 0, 13, 1, 13</column>
<column name="select_ln1697_fu_323_p3">select, 0, 0, 13, 1, 13</column>
<column name="select_ln25_1_fu_2485_p3">select, 0, 0, 4, 1, 4</column>
<column name="select_ln25_fu_2417_p3">select, 0, 0, 5, 1, 5</column>
<column name="select_ln49_2_fu_277_p3">select, 0, 0, 14, 1, 13</column>
<column name="select_ln92_fu_2509_p3">select, 0, 0, 2, 1, 1</column>
<column name="y_compare_V_34_fu_679_p3">select, 0, 0, 16, 1, 16</column>
<column name="y_compare_V_35_fu_813_p3">select, 0, 0, 16, 1, 16</column>
<column name="y_compare_V_36_fu_1175_p3">select, 0, 0, 16, 1, 16</column>
<column name="y_compare_V_37_fu_1496_p3">select, 0, 0, 16, 1, 16</column>
<column name="y_compare_V_38_fu_1751_p3">select, 0, 0, 16, 1, 16</column>
<column name="y_compare_V_39_fu_1803_p3">select, 0, 0, 16, 1, 16</column>
<column name="y_compare_V_40_fu_1901_p3">select, 0, 0, 16, 1, 16</column>
<column name="y_compare_V_41_fu_2334_p3">select, 0, 0, 16, 1, 16</column>
<column name="y_compare_V_42_fu_2401_p3">select, 0, 0, 16, 1, 16</column>
<column name="y_compare_V_fu_1102_p3">select, 0, 0, 16, 1, 16</column>
<column name="ap_enable_pp0">xor, 0, 0, 2, 1, 2</column>
</table>
</item>
<item name = "Multiplexer"><table name="" hasTotal="1">
<keys size="5">Name, LUT, Input Size, Bits, Total Bits</keys>
</table>
</item>
<item name = "Register"><table name="" hasTotal="1">
<keys size="5">Name, FF, LUT, Bits, Const Bits</keys>
<column name="add_ln1697_26_reg_4502">12, 0, 13, 1</column>
<column name="add_ln1697_27_reg_4576">14, 0, 15, 1</column>
<column name="add_ln1697_28_reg_4648">8, 0, 9, 1</column>
<column name="add_ln1697_31_reg_4766">6, 0, 7, 1</column>
<column name="add_ln1697_32_reg_4800">9, 0, 10, 1</column>
<column name="ap_CS_fsm">1, 0, 1, 0</column>
<column name="ap_enable_reg_pp0_iter1">1, 0, 1, 0</column>
<column name="ap_enable_reg_pp0_iter10">1, 0, 1, 0</column>
<column name="ap_enable_reg_pp0_iter11">1, 0, 1, 0</column>
<column name="ap_enable_reg_pp0_iter12">1, 0, 1, 0</column>
<column name="ap_enable_reg_pp0_iter13">1, 0, 1, 0</column>
<column name="ap_enable_reg_pp0_iter14">1, 0, 1, 0</column>
<column name="ap_enable_reg_pp0_iter15">1, 0, 1, 0</column>
<column name="ap_enable_reg_pp0_iter16">1, 0, 1, 0</column>
<column name="ap_enable_reg_pp0_iter17">1, 0, 1, 0</column>
<column name="ap_enable_reg_pp0_iter18">1, 0, 1, 0</column>
<column name="ap_enable_reg_pp0_iter19">1, 0, 1, 0</column>
<column name="ap_enable_reg_pp0_iter2">1, 0, 1, 0</column>
<column name="ap_enable_reg_pp0_iter20">1, 0, 1, 0</column>
<column name="ap_enable_reg_pp0_iter21">1, 0, 1, 0</column>
<column name="ap_enable_reg_pp0_iter22">1, 0, 1, 0</column>
<column name="ap_enable_reg_pp0_iter23">1, 0, 1, 0</column>
<column name="ap_enable_reg_pp0_iter24">1, 0, 1, 0</column>
<column name="ap_enable_reg_pp0_iter25">1, 0, 1, 0</column>
<column name="ap_enable_reg_pp0_iter3">1, 0, 1, 0</column>
<column name="ap_enable_reg_pp0_iter4">1, 0, 1, 0</column>
<column name="ap_enable_reg_pp0_iter5">1, 0, 1, 0</column>
<column name="ap_enable_reg_pp0_iter6">1, 0, 1, 0</column>
<column name="ap_enable_reg_pp0_iter7">1, 0, 1, 0</column>
<column name="ap_enable_reg_pp0_iter8">1, 0, 1, 0</column>
<column name="ap_enable_reg_pp0_iter9">1, 0, 1, 0</column>
<column name="current_cos_V_102_reg_4898">16, 0, 16, 0</column>
<column name="current_cos_V_103_reg_4908">16, 0, 16, 0</column>
<column name="current_cos_V_107_reg_4924">16, 0, 16, 0</column>
<column name="current_cos_V_113_reg_4948">16, 0, 16, 0</column>
<column name="current_cos_V_117_reg_4964">16, 0, 16, 0</column>
<column name="current_cos_V_118_reg_4974">16, 0, 16, 0</column>
<column name="current_cos_V_122_reg_4990">16, 0, 16, 0</column>
<column name="current_cos_V_14_reg_4312">16, 0, 16, 0</column>
<column name="current_cos_V_15_reg_4340">16, 0, 16, 0</column>
<column name="current_cos_V_21_reg_4388">16, 0, 16, 0</column>
<column name="current_cos_V_26_reg_4405">16, 0, 16, 0</column>
<column name="current_cos_V_33_reg_4453">16, 0, 16, 0</column>
<column name="current_cos_V_38_reg_4470">16, 0, 16, 0</column>
<column name="current_cos_V_39_reg_4527">16, 0, 16, 0</column>
<column name="current_cos_V_50_reg_4544">16, 0, 16, 0</column>
<column name="current_cos_V_51_reg_4588">16, 0, 16, 0</column>
<column name="current_cos_V_57_reg_4663">16, 0, 16, 0</column>
<column name="current_cos_V_62_reg_4616">16, 0, 16, 0</column>
<column name="current_cos_V_68_reg_4685">16, 0, 16, 0</column>
<column name="current_cos_V_72_reg_4746">16, 0, 16, 0</column>
<column name="current_cos_V_73_reg_4756">16, 0, 16, 0</column>
<column name="current_cos_V_77_reg_4782">16, 0, 16, 0</column>
<column name="current_cos_V_83_reg_4811">16, 0, 16, 0</column>
<column name="current_cos_V_87_reg_4832">16, 0, 16, 0</column>
<column name="current_cos_V_88_reg_4842">16, 0, 16, 0</column>
<column name="current_cos_V_92_reg_4858">16, 0, 16, 0</column>
<column name="current_cos_V_98_reg_4882">16, 0, 16, 0</column>
<column name="current_cos_V_reg_4273">16, 0, 16, 0</column>
<column name="current_sin_V_101_reg_4876">16, 0, 16, 0</column>
<column name="current_sin_V_105_reg_4903">16, 0, 16, 0</column>
<column name="current_sin_V_106_reg_4913">16, 0, 16, 0</column>
<column name="current_sin_V_110_reg_4918">16, 0, 16, 0</column>
<column name="current_sin_V_116_reg_4942">16, 0, 16, 0</column>
<column name="current_sin_V_120_reg_4969">16, 0, 16, 0</column>
<column name="current_sin_V_121_reg_4979">16, 0, 16, 0</column>
<column name="current_sin_V_125_reg_4984">16, 0, 16, 0</column>
<column name="current_sin_V_129_reg_4265">16, 0, 16, 0</column>
<column name="current_sin_V_130_reg_4279">16, 0, 16, 0</column>
<column name="current_sin_V_136_reg_4378">16, 0, 16, 0</column>
<column name="current_sin_V_137_reg_4383">16, 0, 16, 0</column>
<column name="current_sin_V_142_reg_4512">16, 0, 16, 0</column>
<column name="current_sin_V_143_reg_4517">16, 0, 16, 0</column>
<column name="current_sin_V_148_reg_4653">16, 0, 16, 0</column>
<column name="current_sin_V_149_reg_4658">16, 0, 16, 0</column>
<column name="current_sin_V_14_reg_4306">16, 0, 16, 0</column>
<column name="current_sin_V_26_reg_4399">16, 0, 16, 0</column>
<column name="current_sin_V_38_reg_4464">16, 0, 16, 0</column>
<column name="current_sin_V_50_reg_4538">16, 0, 16, 0</column>
<column name="current_sin_V_62_reg_4610">16, 0, 16, 0</column>
<column name="current_sin_V_71_reg_4679">16, 0, 16, 0</column>
<column name="current_sin_V_75_reg_4751">16, 0, 16, 0</column>
<column name="current_sin_V_76_reg_4761">16, 0, 16, 0</column>
<column name="current_sin_V_80_reg_4776">16, 0, 16, 0</column>
<column name="current_sin_V_86_reg_4805">16, 0, 16, 0</column>
<column name="current_sin_V_90_reg_4837">16, 0, 16, 0</column>
<column name="current_sin_V_91_reg_4847">16, 0, 16, 0</column>
<column name="current_sin_V_95_reg_4852">16, 0, 16, 0</column>
<column name="current_t_V_3_reg_4827">14, 0, 15, 1</column>
<column name="r_V_103_reg_4318">13, 0, 13, 0</column>
<column name="r_V_104_reg_4323">13, 0, 13, 0</column>
<column name="r_V_105_reg_4346">13, 0, 13, 0</column>
<column name="r_V_106_reg_4351">13, 0, 13, 0</column>
<column name="r_V_109_reg_4394">12, 0, 12, 0</column>
<column name="r_V_111_reg_4411">11, 0, 11, 0</column>
<column name="r_V_112_reg_4416">11, 0, 11, 0</column>
<column name="r_V_113_reg_4443">11, 0, 11, 0</column>
<column name="r_V_117_reg_4459">10, 0, 10, 0</column>
<column name="r_V_119_reg_4476">9, 0, 9, 0</column>
<column name="r_V_120_reg_4481">9, 0, 9, 0</column>
<column name="r_V_121_reg_4533">9, 0, 9, 0</column>
<column name="r_V_127_reg_4550">7, 0, 7, 0</column>
<column name="r_V_128_reg_4555">7, 0, 7, 0</column>
<column name="r_V_129_reg_4594">7, 0, 7, 0</column>
<column name="r_V_130_reg_4599">7, 0, 7, 0</column>
<column name="r_V_133_reg_4669">6, 0, 6, 0</column>
<column name="r_V_135_reg_4627">5, 0, 5, 0</column>
<column name="r_V_136_reg_4632">5, 0, 5, 0</column>
<column name="r_V_140_reg_4696">3, 0, 3, 0</column>
<column name="r_V_141_reg_4701">3, 0, 3, 0</column>
<column name="r_V_150_reg_4817">1, 0, 1, 0</column>
<column name="r_V_151_reg_4822">1, 0, 1, 0</column>
<column name="r_V_160_reg_4888">1, 0, 1, 0</column>
<column name="r_V_161_reg_4893">1, 0, 1, 0</column>
<column name="r_V_170_reg_4954">1, 0, 1, 0</column>
<column name="r_V_171_reg_4959">1, 0, 1, 0</column>
<column name="r_V_90_reg_5023">11, 0, 11, 0</column>
<column name="r_V_reg_5013">11, 0, 11, 0</column>
<column name="select_ln1534_12_reg_4864">16, 0, 16, 0</column>
<column name="select_ln1534_13_reg_4870">16, 0, 16, 0</column>
<column name="select_ln1534_22_reg_4930">16, 0, 16, 0</column>
<column name="select_ln1534_23_reg_4936">16, 0, 16, 0</column>
<column name="select_ln1534_2_reg_4788">16, 0, 16, 0</column>
<column name="select_ln1534_32_reg_4996">16, 0, 16, 0</column>
<column name="select_ln1534_33_reg_5002">16, 0, 16, 0</column>
<column name="select_ln1534_3_reg_4794">16, 0, 16, 0</column>
<column name="select_ln1697_62_reg_4691">1, 0, 16, 15</column>
<column name="select_ln1697_63_reg_4771">2, 0, 15, 13</column>
<column name="select_ln1697_63_reg_4771_pp0_iter13_reg">2, 0, 15, 13</column>
<column name="state_read_reg_4159">1, 0, 1, 0</column>
<column name="theta_V_10_reg_4622">16, 0, 16, 0</column>
<column name="theta_V_11_reg_4674">16, 0, 16, 0</column>
<column name="theta_V_1_reg_4201">16, 0, 16, 0</column>
<column name="theta_V_2_reg_4217">16, 0, 16, 0</column>
<column name="theta_V_3_reg_4233">16, 0, 16, 0</column>
<column name="theta_V_4_reg_4249">16, 0, 16, 0</column>
<column name="theta_V_5_reg_4285">16, 0, 16, 0</column>
<column name="theta_V_6_reg_4362">16, 0, 16, 0</column>
<column name="theta_V_7_reg_4421">16, 0, 16, 0</column>
<column name="theta_V_8_reg_4486">16, 0, 16, 0</column>
<column name="theta_V_9_reg_4560">16, 0, 16, 0</column>
<column name="theta_V_reg_4173">16, 0, 16, 0</column>
<column name="tmp_11_reg_4212">1, 0, 1, 0</column>
<column name="tmp_12_reg_4222">1, 0, 1, 0</column>
<column name="tmp_13_reg_4335">1, 0, 1, 0</column>
<column name="tmp_14_reg_4356">1, 0, 1, 0</column>
<column name="tmp_14_reg_4356_pp0_iter7_reg">1, 0, 1, 0</column>
<column name="tmp_15_reg_4228">1, 0, 1, 0</column>
<column name="tmp_16_reg_4238">1, 0, 1, 0</column>
<column name="tmp_19_reg_4244">1, 0, 1, 0</column>
<column name="tmp_20_reg_4254">1, 0, 1, 0</column>
<column name="tmp_22_reg_4448">1, 0, 1, 0</column>
<column name="tmp_23_reg_4260">1, 0, 1, 0</column>
<column name="tmp_24_reg_4290">1, 0, 1, 0</column>
<column name="tmp_26_reg_4507">1, 0, 1, 0</column>
<column name="tmp_27_reg_4296">1, 0, 1, 0</column>
<column name="tmp_28_reg_4367">1, 0, 1, 0</column>
<column name="tmp_29_reg_4522">1, 0, 1, 0</column>
<column name="tmp_2_reg_4167">1, 0, 1, 0</column>
<column name="tmp_31_reg_4373">1, 0, 1, 0</column>
<column name="tmp_32_reg_4426">1, 0, 1, 0</column>
<column name="tmp_32_reg_4426_pp0_iter8_reg">1, 0, 1, 0</column>
<column name="tmp_35_reg_4432">1, 0, 1, 0</column>
<column name="tmp_36_reg_4491">1, 0, 1, 0</column>
<column name="tmp_36_reg_4491_pp0_iter9_reg">1, 0, 1, 0</column>
<column name="tmp_38_reg_4604">1, 0, 1, 0</column>
<column name="tmp_38_reg_4604_pp0_iter11_reg">1, 0, 1, 0</column>
<column name="tmp_39_reg_4497">1, 0, 1, 0</column>
<column name="tmp_40_reg_4565">1, 0, 1, 0</column>
<column name="tmp_43_reg_4571">1, 0, 1, 0</column>
<column name="tmp_44_reg_4637">1, 0, 1, 0</column>
<column name="tmp_4_reg_4178">1, 0, 1, 0</column>
<column name="tmp_50_reg_4643">1, 0, 1, 0</column>
<column name="tmp_53_reg_4706">1, 0, 1, 0</column>
<column name="tmp_5_reg_4184">1, 0, 1, 0</column>
<column name="tmp_6_reg_4190">1, 0, 1, 0</column>
<column name="tmp_7_reg_4301">1, 0, 1, 0</column>
<column name="tmp_8_reg_4196">1, 0, 1, 0</column>
<column name="tmp_9_reg_4206">1, 0, 1, 0</column>
<column name="x_read_reg_4152">16, 0, 16, 0</column>
<column name="x_s_V_1_reg_5008">16, 0, 16, 0</column>
<column name="x_s_V_4_reg_5028">16, 0, 16, 0</column>
<column name="y_compare_V_35_reg_4328">16, 0, 16, 0</column>
<column name="y_compare_V_35_reg_4328_pp0_iter7_reg">16, 0, 16, 0</column>
<column name="y_compare_V_36_reg_4437">16, 0, 16, 0</column>
<column name="y_compare_V_40_reg_4581">16, 0, 16, 0</column>
<column name="y_compare_V_40_reg_4581_pp0_iter11_reg">16, 0, 16, 0</column>
<column name="y_read_reg_4145">16, 0, 16, 0</column>
<column name="y_s_V_1_reg_5018">16, 0, 16, 0</column>
<column name="y_s_V_4_reg_5034">16, 0, 16, 0</column>
<column name="add_ln1697_27_reg_4576">64, 32, 15, 1</column>
<column name="add_ln1697_28_reg_4648">64, 32, 9, 1</column>
<column name="current_t_V_3_reg_4827">64, 32, 15, 1</column>
<column name="state_read_reg_4159">64, 32, 1, 0</column>
<column name="tmp_12_reg_4222">64, 32, 1, 0</column>
<column name="tmp_13_reg_4335">64, 32, 1, 0</column>
<column name="tmp_16_reg_4238">64, 32, 1, 0</column>
<column name="tmp_20_reg_4254">64, 32, 1, 0</column>
<column name="tmp_24_reg_4290">64, 32, 1, 0</column>
<column name="tmp_28_reg_4367">64, 32, 1, 0</column>
<column name="tmp_29_reg_4522">64, 32, 1, 0</column>
<column name="tmp_2_reg_4167">64, 32, 1, 0</column>
<column name="tmp_4_reg_4178">64, 32, 1, 0</column>
<column name="tmp_53_reg_4706">64, 32, 1, 0</column>
<column name="tmp_5_reg_4184">64, 32, 1, 0</column>
<column name="tmp_6_reg_4190">64, 32, 1, 0</column>
<column name="tmp_7_reg_4301">64, 32, 1, 0</column>
<column name="tmp_9_reg_4206">64, 32, 1, 0</column>
<column name="x_read_reg_4152">64, 32, 16, 0</column>
<column name="y_read_reg_4145">64, 32, 16, 0</column>
</table>
</item>
</section>
</item>
</section>

<section name = "Interface" level="0">
<item name = "Summary"><table name="" hasTotal="0">
<keys size="6">RTL Ports, Dir, Bits, Protocol, Source Object, C Type</keys>
<column name="s_axi_HLS_TREEADD_PERIPH_BUS_AWVALID">in, 1, s_axi, HLS_TREEADD_PERIPH_BUS, pointer</column>
<column name="s_axi_HLS_TREEADD_PERIPH_BUS_AWREADY">out, 1, s_axi, HLS_TREEADD_PERIPH_BUS, pointer</column>
<column name="s_axi_HLS_TREEADD_PERIPH_BUS_AWADDR">in, 7, s_axi, HLS_TREEADD_PERIPH_BUS, pointer</column>
<column name="s_axi_HLS_TREEADD_PERIPH_BUS_WVALID">in, 1, s_axi, HLS_TREEADD_PERIPH_BUS, pointer</column>
<column name="s_axi_HLS_TREEADD_PERIPH_BUS_WREADY">out, 1, s_axi, HLS_TREEADD_PERIPH_BUS, pointer</column>
<column name="s_axi_HLS_TREEADD_PERIPH_BUS_WDATA">in, 32, s_axi, HLS_TREEADD_PERIPH_BUS, pointer</column>
<column name="s_axi_HLS_TREEADD_PERIPH_BUS_WSTRB">in, 4, s_axi, HLS_TREEADD_PERIPH_BUS, pointer</column>
<column name="s_axi_HLS_TREEADD_PERIPH_BUS_ARVALID">in, 1, s_axi, HLS_TREEADD_PERIPH_BUS, pointer</column>
<column name="s_axi_HLS_TREEADD_PERIPH_BUS_ARREADY">out, 1, s_axi, HLS_TREEADD_PERIPH_BUS, pointer</column>
<column name="s_axi_HLS_TREEADD_PERIPH_BUS_ARADDR">in, 7, s_axi, HLS_TREEADD_PERIPH_BUS, pointer</column>
<column name="s_axi_HLS_TREEADD_PERIPH_BUS_RVALID">out, 1, s_axi, HLS_TREEADD_PERIPH_BUS, pointer</column>
<column name="s_axi_HLS_TREEADD_PERIPH_BUS_RREADY">in, 1, s_axi, HLS_TREEADD_PERIPH_BUS, pointer</column>
<column name="s_axi_HLS_TREEADD_PERIPH_BUS_RDATA">out, 32, s_axi, HLS_TREEADD_PERIPH_BUS, pointer</column>
<column name="s_axi_HLS_TREEADD_PERIPH_BUS_RRESP">out, 2, s_axi, HLS_TREEADD_PERIPH_BUS, pointer</column>
<column name="s_axi_HLS_TREEADD_PERIPH_BUS_BVALID">out, 1, s_axi, HLS_TREEADD_PERIPH_BUS, pointer</column>
<column name="s_axi_HLS_TREEADD_PERIPH_BUS_BREADY">in, 1, s_axi, HLS_TREEADD_PERIPH_BUS, pointer</column>
<column name="s_axi_HLS_TREEADD_PERIPH_BUS_BRESP">out, 2, s_axi, HLS_TREEADD_PERIPH_BUS, pointer</column>
<column name="ap_clk">in, 1, ap_ctrl_hs, cordic, return value</column>
<column name="ap_rst_n">in, 1, ap_ctrl_hs, cordic, return value</column>
<column name="interrupt">out, 1, ap_ctrl_hs, cordic, return value</column>
</table>
</item>
</section>
</profile>
