<pragmas>
<pragma file="C:/Xilinx/Vitis_HLS/2022.1/common/technology/autopilot\ap_fixed.h" line="191" pragmaType="inline" parentfunction="ap_fixed<16, 3, (ap_q_mode)5, (ap_o_mode)3, 0>::ap_fixed(double)" off="0" region="0" recursive="0"/>
<pragma file="C:/Xilinx/Vitis_HLS/2022.1/common/technology/autopilot\ap_int_base.h" line="940" pragmaType="inline" parentfunction="ap_int_base<54, true>::operator-() const" off="0" region="0" recursive="0"/>
<pragma file="C:/Xilinx/Vitis_HLS/2022.1/common/technology/autopilot\ap_int_base.h" line="221" pragmaType="inline" parentfunction="ap_int_base<64, false>::ap_int_base()" off="0" region="0" recursive="0"/>
<pragma file="C:/Xilinx/Vitis_HLS/2022.1/common/technology/autopilot\ap_common.h" line="762" pragmaType="inline" parentfunction="doubleToRawBits" off="0" region="0" recursive="0"/>
<pragma file="C:/Xilinx/Vitis_HLS/2022.1/common/technology/autopilot\ap_int_base.h" line="221" pragmaType="inline" parentfunction="ap_int_base<12, true>::ap_int_base()" off="0" region="0" recursive="0"/>
<pragma file="C:/Xilinx/Vitis_HLS/2022.1/common/technology/autopilot\ap_int_base.h" line="221" pragmaType="inline" parentfunction="ap_int_base<11, false>::ap_int_base()" off="0" region="0" recursive="0"/>
<pragma file="C:/Xilinx/Vitis_HLS/2022.1/common/technology/autopilot\ap_int_base.h" line="221" pragmaType="inline" parentfunction="ap_int_base<54, true>::ap_int_base()" off="0" region="0" recursive="0"/>
<pragma file="C:/Xilinx/Vitis_HLS/2022.1/common/technology/autopilot\ap_int_base.h" line="1681" pragmaType="inline" parentfunction="ap_int_base<11, false>::RType<($_0)64, true>::minus operator-<11, false>(ap_int_base<11, false> const&, long)" off="0" region="0" recursive="0"/>
<pragma file="C:/Xilinx/Vitis_HLS/2022.1/common/technology/autopilot\ap_int_base.h" line="231" pragmaType="inline" parentfunction="ap_int_base<65, true>::ap_int_base<64, true>(ap_int_base<64, true> const&)" off="0" region="0" recursive="0"/>
<pragma file="C:/Xilinx/Vitis_HLS/2022.1/common/technology/autopilot\ap_int_base.h" line="1542" pragmaType="inline" parentfunction="ap_int_base<1, false>::RType<54, true>::minus operator-<1, false, 54, true>(ap_int_base<1, false> const&, ap_int_base<54, true> const&)" off="0" region="0" recursive="0"/>
<pragma file="C:/Xilinx/Vitis_HLS/2022.1/common/technology/autopilot\ap_common.h" line="559" pragmaType="inline" parentfunction="ssdm_int<64, true>::ssdm_int(long)" off="0" region="0" recursive="0"/>
<pragma file="C:/Xilinx/Vitis_HLS/2022.1/common/technology/autopilot\ap_fixed.h" line="183" pragmaType="inline" parentfunction="ap_fixed<16, 3, (ap_q_mode)5, (ap_o_mode)3, 0>::ap_fixed(int)" off="0" region="0" recursive="0"/>
<pragma file="C:/Xilinx/Vitis_HLS/2022.1/common/technology/autopilot\ap_int_base.h" line="231" pragmaType="inline" parentfunction="ap_int_base<55, true>::ap_int_base<54, true>(ap_int_base<54, true> const&)" off="0" region="0" recursive="0"/>
<pragma file="C:/Xilinx/Vitis_HLS/2022.1/common/technology/autopilot\ap_fixed_base.h" line="1566" pragmaType="inline" parentfunction="ap_fixed_base<16, 3, true, (ap_q_mode)5, (ap_o_mode)3, 0>::operator>>(int) const" off="0" region="0" recursive="0"/>
<pragma file="C:/Xilinx/Vitis_HLS/2022.1/common/technology/autopilot\ap_int_base.h" line="1542" pragmaType="inline" parentfunction="ap_int_base<11, false>::RType<64, true>::minus operator-<11, false, 64, true>(ap_int_base<11, false> const&, ap_int_base<64, true> const&)" off="0" region="0" recursive="0"/>
<pragma file="C:/Xilinx/Vitis_HLS/2022.1/common/technology/autopilot\ap_common.h" line="559" pragmaType="inline" parentfunction="_ZN8ssdm_intILi65ELb1EEC2EDq65_i" off="0" region="0" recursive="0"/>
<pragma file="C:/Xilinx/Vitis_HLS/2022.1/common/technology/autopilot\ap_fixed.h" line="73" pragmaType="inline" parentfunction="ap_fixed<16, 3, (ap_q_mode)5, (ap_o_mode)3, 0>::ap_fixed<16, 3, true, (ap_q_mode)5, (ap_o_mode)3, 0>(ap_fixed_base<16, 3, true, (ap_q_mode)5, (ap_o_mode)3, 0> const&)" off="0" region="0" recursive="0"/>
<pragma file="C:/Xilinx/Vitis_HLS/2022.1/common/technology/autopilot\ap_fixed.h" line="73" pragmaType="inline" parentfunction="ap_fixed<16, 3, (ap_q_mode)5, (ap_o_mode)3, 0>::ap_fixed<17, 4, true, (ap_q_mode)5, (ap_o_mode)3, 0>(ap_fixed_base<17, 4, true, (ap_q_mode)5, (ap_o_mode)3, 0> const&)" off="0" region="0" recursive="0"/>
<pragma file="C:/Xilinx/Vitis_HLS/2022.1/common/technology/autopilot\ap_int_base.h" line="231" pragmaType="inline" parentfunction="ap_int_base<55, true>::ap_int_base<1, false>(ap_int_base<1, false> const&)" off="0" region="0" recursive="0"/>
<pragma file="C:/Xilinx/Vitis_HLS/2022.1/common/technology/autopilot\ap_int_base.h" line="260" pragmaType="inline" parentfunction="ap_int_base<55, true>::ap_int_base(int)" off="0" region="0" recursive="0"/>
<pragma file="C:/Xilinx/Vitis_HLS/2022.1/common/technology/autopilot\ap_fixed_base.h" line="576" pragmaType="inline" parentfunction="ap_fixed_base<17, 4, true, (ap_q_mode)5, (ap_o_mode)3, 0>::ap_fixed_base(int)" off="0" region="0" recursive="0"/>
<pragma file="C:/Xilinx/Vitis_HLS/2022.1/common/technology/autopilot\ap_fixed_base.h" line="1394" pragmaType="inline" parentfunction="ap_fixed_base<16, 3, true, (ap_q_mode)5, (ap_o_mode)3, 0>::RType<16, 3, true>::minus ap_fixed_base<16, 3, true, (ap_q_mode)5, (ap_o_mode)3, 0>::operator-<16, 3, true, (ap_q_mode)5, (ap_o_mode)3, 0>(ap_fixed_base<16, 3, true, (ap_q_mode)5, (ap_o_mode)3, 0> const&) const" off="0" region="0" recursive="0"/>
<pragma file="C:/Xilinx/Vitis_HLS/2022.1/common/technology/autopilot\ap_common.h" line="567" pragmaType="inline" parentfunction="_ZN8ssdm_intILi1ELb0EEC2EDq1_j" off="0" region="0" recursive="0"/>
<pragma file="C:/Xilinx/Vitis_HLS/2022.1/common/technology/autopilot\ap_fixed_base.h" line="1466" pragmaType="inline" parentfunction="ap_fixed_base<16, 3, true, (ap_q_mode)5, (ap_o_mode)3, 0>::operator!() const" off="0" region="0" recursive="0"/>
<pragma file="C:/Xilinx/Vitis_HLS/2022.1/common/technology/autopilot\ap_fixed_base.h" line="441" pragmaType="inline" parentfunction="ap_fixed_base<32, 32, true, (ap_q_mode)5, (ap_o_mode)3, 0>::ap_fixed_base()" off="0" region="0" recursive="0"/>
<pragma file="C:/Xilinx/Vitis_HLS/2022.1/common/technology/autopilot\ap_fixed_base.h" line="2422" pragmaType="inline" parentfunction="bool operator>=<16, 3, true, (ap_q_mode)5, (ap_o_mode)3, 0>(ap_fixed_base<16, 3, true, (ap_q_mode)5, (ap_o_mode)3, 0> const&, int)" off="0" region="0" recursive="0"/>
<pragma file="C:/Xilinx/Vitis_HLS/2022.1/common/technology/autopilot\ap_int_base.h" line="231" pragmaType="inline" parentfunction="ap_int_base<65, true>::ap_int_base<11, false>(ap_int_base<11, false> const&)" off="0" region="0" recursive="0"/>
<pragma file="C:/Xilinx/Vitis_HLS/2022.1/common/technology/autopilot\ap_fixed_base.h" line="1466" pragmaType="inline" parentfunction="ap_fixed_base<32, 32, true, (ap_q_mode)5, (ap_o_mode)3, 0>::operator!() const" off="0" region="0" recursive="0"/>
<pragma file="C:/Xilinx/Vitis_HLS/2022.1/common/technology/autopilot\ap_common.h" line="559" pragmaType="inline" parentfunction="_ZN8ssdm_intILi17ELb1EEC2EDq17_i" off="0" region="0" recursive="0"/>
<pragma file="C:/Xilinx/Vitis_HLS/2022.1/common/technology/autopilot\ap_common.h" line="559" pragmaType="inline" parentfunction="_ZN8ssdm_intILi55ELb1EEC2EDq55_i" off="0" region="0" recursive="0"/>
<pragma file="C:/Xilinx/Vitis_HLS/2022.1/common/technology/autopilot\ap_int_base.h" line="260" pragmaType="inline" parentfunction="ap_int_base<65, true>::ap_int_base(int)" off="0" region="0" recursive="0"/>
<pragma file="C:/Xilinx/Vitis_HLS/2022.1/common/technology/autopilot\ap_int_base.h" line="262" pragmaType="inline" parentfunction="ap_int_base<64, true>::ap_int_base(long)" off="0" region="0" recursive="0"/>
<pragma file="C:/Xilinx/Vitis_HLS/2022.1/common/technology/autopilot\ap_int.h" line="145" pragmaType="inline" parentfunction="ap_int<65>::ap_int<65, true>(ap_int_base<65, true> const&)" off="0" region="0" recursive="0"/>
<pragma file="C:/Xilinx/Vitis_HLS/2022.1/common/technology/autopilot\ap_fixed.h" line="73" pragmaType="inline" parentfunction="ap_fixed<17, 4, (ap_q_mode)5, (ap_o_mode)3, 0>::ap_fixed<17, 4, true, (ap_q_mode)5, (ap_o_mode)3, 0>(ap_fixed_base<17, 4, true, (ap_q_mode)5, (ap_o_mode)3, 0> const&)" off="0" region="0" recursive="0"/>
<pragma file="C:/Xilinx/Vitis_HLS/2022.1/common/technology/autopilot\ap_fixed_base.h" line="446" pragmaType="inline" parentfunction="ap_fixed_base<16, 3, true, (ap_q_mode)5, (ap_o_mode)3, 0>::ap_fixed_base<17, 4, true, (ap_q_mode)5, (ap_o_mode)3, 0>(ap_fixed_base<17, 4, true, (ap_q_mode)5, (ap_o_mode)3, 0> const&)" off="0" region="0" recursive="0"/>
<pragma file="C:/Xilinx/Vitis_HLS/2022.1/common/technology/autopilot\ap_int_base.h" line="260" pragmaType="inline" parentfunction="ap_int_base<1, false>::ap_int_base(int)" off="0" region="0" recursive="0"/>
<pragma file="cordic.cpp" line="39" pragmaType="pipeline" parentfunction="cordic" off="0" ii="1" style=""/>
<pragma file="cordic.cpp" line="13" pragmaType="interface" parentfunction="cordic" mode="s_axilite" port="" bundle="HLS_TREEADD_PERIPH_BUS" offset="-1" name="" clock="" impl="" register="0"/>
<pragma file="cordic.cpp" line="14" pragmaType="interface" parentfunction="cordic" mode="s_axilite" port="state" bundle="HLS_TREEADD_PERIPH_BUS" offset="-1" name="" clock="" impl="" register="0"/>
<pragma file="cordic.cpp" line="15" pragmaType="interface" parentfunction="cordic" mode="s_axilite" port="theta" bundle="HLS_TREEADD_PERIPH_BUS" offset="-1" name="" clock="" impl="" register="0"/>
<pragma file="cordic.cpp" line="16" pragmaType="interface" parentfunction="cordic" mode="s_axilite" port="x" bundle="HLS_TREEADD_PERIPH_BUS" offset="-1" name="" clock="" impl="" register="0"/>
<pragma file="cordic.cpp" line="17" pragmaType="interface" parentfunction="cordic" mode="s_axilite" port="y" bundle="HLS_TREEADD_PERIPH_BUS" offset="-1" name="" clock="" impl="" register="0"/>
<pragma file="cordic.cpp" line="18" pragmaType="interface" parentfunction="cordic" mode="s_axilite" port="s" bundle="HLS_TREEADD_PERIPH_BUS" offset="-1" name="" clock="" impl="" register="0"/>
<pragma file="cordic.cpp" line="19" pragmaType="interface" parentfunction="cordic" mode="s_axilite" port="c" bundle="HLS_TREEADD_PERIPH_BUS" offset="-1" name="" clock="" impl="" register="0"/>
<pragma file="cordic.cpp" line="20" pragmaType="interface" parentfunction="cordic" mode="s_axilite" port="t" bundle="HLS_TREEADD_PERIPH_BUS" offset="-1" name="" clock="" impl="" register="0"/>
<pragma file="C:/Xilinx/Vitis_HLS/2022.1/common/technology/autopilot\ap_fixed_base.h" line="446" pragmaType="inline" parentfunction="ap_fixed_base<17, 4, true, (ap_q_mode)5, (ap_o_mode)3, 0>::ap_fixed_base<16, 3, true, (ap_q_mode)5, (ap_o_mode)3, 0>(ap_fixed_base<16, 3, true, (ap_q_mode)5, (ap_o_mode)3, 0> const&)" off="0" region="0" recursive="0"/>
<pragma file="C:/Xilinx/Vitis_HLS/2022.1/common/technology/autopilot\ap_int.h" line="145" pragmaType="inline" parentfunction="ap_int<55>::ap_int<55, true>(ap_int_base<55, true> const&)" off="0" region="0" recursive="0"/>
<pragma file="C:/Xilinx/Vitis_HLS/2022.1/common/technology/autopilot\ap_fixed_base.h" line="1393" pragmaType="inline" parentfunction="ap_fixed_base<16, 3, true, (ap_q_mode)5, (ap_o_mode)3, 0>::RType<16, 3, true>::plus ap_fixed_base<16, 3, true, (ap_q_mode)5, (ap_o_mode)3, 0>::operator+<16, 3, true, (ap_q_mode)5, (ap_o_mode)3, 0>(ap_fixed_base<16, 3, true, (ap_q_mode)5, (ap_o_mode)3, 0> const&) const" off="0" region="0" recursive="0"/>
<pragma file="C:/Xilinx/Vitis_HLS/2022.1/common/technology/autopilot\ap_common.h" line="559" pragmaType="inline" parentfunction="ssdm_int<16, true>::ssdm_int(short)" off="0" region="0" recursive="0"/>
<pragma file="C:/Xilinx/Vitis_HLS/2022.1/common/technology/autopilot\ap_int_base.h" line="221" pragmaType="inline" parentfunction="ap_int_base<32, false>::ap_int_base()" off="0" region="0" recursive="0"/>
<pragma file="C:/Xilinx/Vitis_HLS/2022.1/common/technology/autopilot\ap_fixed_base.h" line="1498" pragmaType="inline" parentfunction="ap_fixed_base<16, 3, true, (ap_q_mode)5, (ap_o_mode)3, 0>::operator<<(unsigned int) const" off="0" region="0" recursive="0"/>
<pragma file="C:/Xilinx/Vitis_HLS/2022.1/common/technology/autopilot\ap_int_base.h" line="263" pragmaType="inline" parentfunction="ap_int_base<32, false>::ap_int_base(unsigned long)" off="0" region="0" recursive="0"/>
<pragma file="C:/Xilinx/Vitis_HLS/2022.1/common/technology/autopilot\ap_int_base.h" line="260" pragmaType="inline" parentfunction="ap_int_base<16, false>::ap_int_base(int)" off="0" region="0" recursive="0"/>
<pragma file="C:/Xilinx/Vitis_HLS/2022.1/common/technology/autopilot\ap_int_base.h" line="1239" pragmaType="inline" parentfunction="countLeadingZeros" off="0" region="0" recursive="0"/>
<pragma file="C:/Xilinx/Vitis_HLS/2022.1/common/technology/autopilot\ap_fixed_base.h" line="446" pragmaType="inline" parentfunction="ap_fixed_base<45, 32, true, (ap_q_mode)5, (ap_o_mode)3, 0>::ap_fixed_base<32, 32, true, (ap_q_mode)5, (ap_o_mode)3, 0>(ap_fixed_base<32, 32, true, (ap_q_mode)5, (ap_o_mode)3, 0> const&)" off="0" region="0" recursive="0"/>
<pragma file="C:/Xilinx/Vitis_HLS/2022.1/common/technology/autopilot\ap_fixed_base.h" line="576" pragmaType="inline" parentfunction="ap_fixed_base<16, 3, true, (ap_q_mode)5, (ap_o_mode)3, 0>::ap_fixed_base(int)" off="0" region="0" recursive="0"/>
<pragma file="C:/Xilinx/Vitis_HLS/2022.1/common/technology/autopilot\ap_common.h" line="794" pragmaType="inline" parentfunction="rawBitsToDouble" off="0" region="0" recursive="0"/>
<pragma file="C:/Xilinx/Vitis_HLS/2022.1/common/technology/autopilot\ap_int_base.h" line="265" pragmaType="inline" parentfunction="ap_int_base<64, false>::ap_int_base(unsigned long long)" off="0" region="0" recursive="0"/>
<pragma file="C:/Xilinx/Vitis_HLS/2022.1/common/technology/autopilot\ap_fixed_base.h" line="1466" pragmaType="inline" parentfunction="ap_fixed_base<17, 4, true, (ap_q_mode)5, (ap_o_mode)3, 0>::operator!() const" off="0" region="0" recursive="0"/>
<pragma file="C:/Xilinx/Vitis_HLS/2022.1/common/technology/autopilot\ap_fixed_base.h" line="576" pragmaType="inline" parentfunction="ap_fixed_base<32, 32, true, (ap_q_mode)5, (ap_o_mode)3, 0>::ap_fixed_base(int)" off="0" region="0" recursive="0"/>
<pragma file="C:/Xilinx/Vitis_HLS/2022.1/common/technology/autopilot\ap_common.h" line="559" pragmaType="inline" parentfunction="_ZN8ssdm_intILi45ELb1EEC2EDq45_i" off="0" region="0" recursive="0"/>
<pragma file="C:/Xilinx/Vitis_HLS/2022.1/common/technology/autopilot\ap_fixed_base.h" line="1697" pragmaType="inline" parentfunction="bool ap_fixed_base<16, 3, true, (ap_q_mode)5, (ap_o_mode)3, 0>::operator>=<32, 32, true, (ap_q_mode)5, (ap_o_mode)3, 0>(ap_fixed_base<32, 32, true, (ap_q_mode)5, (ap_o_mode)3, 0> const&) const" off="0" region="0" recursive="0"/>
<pragma file="C:/Xilinx/Vitis_HLS/2022.1/common/technology/autopilot\ap_common.h" line="567" pragmaType="inline" parentfunction="ssdm_int<64, false>::ssdm_int(unsigned long)" off="0" region="0" recursive="0"/>
<pragma file="C:/Xilinx/Vitis_HLS/2022.1/common/technology/autopilot\ap_common.h" line="567" pragmaType="inline" parentfunction="ssdm_int<16, false>::ssdm_int(unsigned short)" off="0" region="0" recursive="0"/>
<pragma file="C:/Xilinx/Vitis_HLS/2022.1/common/technology/autopilot\ap_fixed_base.h" line="1532" pragmaType="inline" parentfunction="ap_fixed_base<16, 3, true, (ap_q_mode)5, (ap_o_mode)3, 0>::operator>>(unsigned int) const" off="0" region="0" recursive="0"/>
<pragma file="C:/Xilinx/Vitis_HLS/2022.1/common/technology/autopilot\ap_common.h" line="567" pragmaType="inline" parentfunction="ssdm_int<32, false>::ssdm_int(unsigned int)" off="0" region="0" recursive="0"/>
<pragma file="C:/Xilinx/Vitis_HLS/2022.1/common/technology/autopilot\ap_int_base.h" line="0" pragmaType="inline" parentfunction="ap_int_base<12, true>& ap_int_base<12, true>::operator=<65, true>(ap_int_base<65, true> const&)" off="0" region="0" recursive="0"/>
<pragma file="C:/Xilinx/Vitis_HLS/2022.1/common/technology/autopilot\ap_fixed_base.h" line="0" pragmaType="inline" parentfunction="ap_fixed_base<16, 3, true, (ap_q_mode)5, (ap_o_mode)3, 0>& ap_fixed_base<16, 3, true, (ap_q_mode)5, (ap_o_mode)3, 0>::operator=<17, 4, true, (ap_q_mode)5, (ap_o_mode)3, 0>(ap_fixed_base<17, 4, true, (ap_q_mode)5, (ap_o_mode)3, 0> const&)" off="0" region="0" recursive="0"/>
<pragma file="C:/Xilinx/Vitis_HLS/2022.1/common/technology/autopilot\ap_fixed_base.h" line="0" pragmaType="inline" parentfunction="ap_fixed_base<45, 32, true, (ap_q_mode)5, (ap_o_mode)3, 0>& ap_fixed_base<45, 32, true, (ap_q_mode)5, (ap_o_mode)3, 0>::operator=<32, 32, true, (ap_q_mode)5, (ap_o_mode)3, 0>(ap_fixed_base<32, 32, true, (ap_q_mode)5, (ap_o_mode)3, 0> const&)" off="0" region="0" recursive="0"/>
<pragma file="C:/Xilinx/Vitis_HLS/2022.1/common/technology/autopilot\ap_fixed_base.h" line="0" pragmaType="inline" parentfunction="report" off="0" region="0" recursive="0"/>
<pragma file="C:/Xilinx/Vitis_HLS/2022.1/common/technology/autopilot\ap_fixed_base.h" line="0" pragmaType="inline" parentfunction="ap_fixed_base<16, 3, true, (ap_q_mode)5, (ap_o_mode)3, 0>& ap_fixed_base<16, 3, true, (ap_q_mode)5, (ap_o_mode)3, 0>::operator=<32, 32, true, (ap_q_mode)5, (ap_o_mode)3, 0>(ap_fixed_base<32, 32, true, (ap_q_mode)5, (ap_o_mode)3, 0> const&)" off="0" region="0" recursive="0"/>
<pragma file="C:/Xilinx/Vitis_HLS/2022.1/common/technology/autopilot\ap_common.h" line="0" pragmaType="inline" parentfunction="ssdm_int<32, true>::ssdm_int()" off="0" region="0" recursive="0"/>
<pragma file="C:/Xilinx/Vitis_HLS/2022.1/common/technology/autopilot\ap_common.h" line="0" pragmaType="inline" parentfunction="ssdm_int<11, false>::ssdm_int()" off="0" region="0" recursive="0"/>
<pragma file="C:/Xilinx/Vitis_HLS/2022.1/common/technology/autopilot\ap_int_base.h" line="0" pragmaType="inline" parentfunction="ap_int_base<54, true>& ap_int_base<54, true>::operator=<55, true>(ap_int_base<55, true> const&)" off="0" region="0" recursive="0"/>
<pragma file="C:/Xilinx/Vitis_HLS/2022.1/common/technology/autopilot\ap_fixed_base.h" line="0" pragmaType="inline" parentfunction="report" off="0" region="0" recursive="0"/>
<pragma file="C:/Xilinx/Vitis_HLS/2022.1/common/technology/autopilot\ap_common.h" line="0" pragmaType="inline" parentfunction="ssdm_int<12, true>::ssdm_int()" off="0" region="0" recursive="0"/>
<pragma file="C:/Xilinx/Vitis_HLS/2022.1/common/technology/autopilot\ap_common.h" line="0" pragmaType="inline" parentfunction="ssdm_int<64, false>::ssdm_int()" off="0" region="0" recursive="0"/>
<pragma file="C:/Xilinx/Vitis_HLS/2022.1/common/technology/autopilot\ap_common.h" line="0" pragmaType="inline" parentfunction="ssdm_int<54, true>::ssdm_int()" off="0" region="0" recursive="0"/>
<pragma file="C:/Xilinx/Vitis_HLS/2022.1/common/technology/autopilot\ap_fixed_base.h" line="0" pragmaType="inline" parentfunction="ap_fixed_base<16, 3, true, (ap_q_mode)5, (ap_o_mode)3, 0>::operator double() const" off="0" region="0" recursive="0"/>
<pragma file="C:/Xilinx/Vitis_HLS/2022.1/common/technology/autopilot\ap_fixed_base.h" line="0" pragmaType="inline" parentfunction="report" off="0" region="0" recursive="0"/>
<pragma file="C:/Xilinx/Vitis_HLS/2022.1/common/technology/autopilot\ap_common.h" line="0" pragmaType="inline" parentfunction="ssdm_int<17, true>::ssdm_int()" off="0" region="0" recursive="0"/>
<pragma file="C:/Xilinx/Vitis_HLS/2022.1/common/technology/autopilot\ap_fixed_base.h" line="0" pragmaType="inline" parentfunction="ap_fixed_base<17, 4, true, (ap_q_mode)5, (ap_o_mode)3, 0>& ap_fixed_base<17, 4, true, (ap_q_mode)5, (ap_o_mode)3, 0>::operator=<32, 32, true, (ap_q_mode)5, (ap_o_mode)3, 0>(ap_fixed_base<32, 32, true, (ap_q_mode)5, (ap_o_mode)3, 0> const&)" off="0" region="0" recursive="0"/>
<pragma file="C:/Xilinx/Vitis_HLS/2022.1/common/technology/autopilot\ap_common.h" line="0" pragmaType="inline" parentfunction="ssdm_int<16, true>::ssdm_int()" off="0" region="0" recursive="0"/>
<pragma file="C:/Xilinx/Vitis_HLS/2022.1/common/technology/autopilot\ap_fixed_base.h" line="0" pragmaType="inline" parentfunction="ap_fixed_base<17, 4, true, (ap_q_mode)5, (ap_o_mode)3, 0>& ap_fixed_base<17, 4, true, (ap_q_mode)5, (ap_o_mode)3, 0>::operator=<16, 3, true, (ap_q_mode)5, (ap_o_mode)3, 0>(ap_fixed_base<16, 3, true, (ap_q_mode)5, (ap_o_mode)3, 0> const&)" off="0" region="0" recursive="0"/>
<pragma file="C:/Xilinx/Vitis_HLS/2022.1/common/technology/autopilot\ap_fixed_base.h" line="0" pragmaType="inline" parentfunction="to_double" off="0" region="0" recursive="0"/>
<pragma file="C:/Xilinx/Vitis_HLS/2022.1/common/technology/autopilot\ap_common.h" line="0" pragmaType="inline" parentfunction="ssdm_int<32, false>::ssdm_int()" off="0" region="0" recursive="0"/>
</pragmas>
