{
  "Top": "circular_cordic",
  "RtlTop": "circular_cordic",
  "RtlPrefix": "",
  "RtlSubPrefix": "circular_cordic_",
  "SourceLanguage": "cpp",
  "HostMachineBits": "64",
  "FunctionProtocol": "ap_ctrl_hs",
  "ResetStyle": "control",
  "Target": {
    "Family": "zynq",
    "Device": "xc7z020",
    "Package": "-clg484",
    "Speed": "-1",
    "Triple": "fpga64-xilinx-none"
  },
  "Args": {
    "angle_in": {
      "index": "0",
      "direction": "in",
      "srcType": "ap_fixed<16, 4, AP_RND, AP_WRAP, 0>",
      "srcSize": "16",
      "hwRefs": [{
          "type": "port",
          "interface": "angle_in",
          "name": "angle_in",
          "usage": "data",
          "direction": "in"
        }]
    },
    "cosine_In": {
      "index": "1",
      "direction": "in",
      "srcType": "ap_fixed<16, 4, AP_RND, AP_WRAP, 0>",
      "srcSize": "16",
      "hwRefs": [{
          "type": "port",
          "interface": "cosine_In",
          "name": "cosine_In",
          "usage": "data",
          "direction": "in"
        }]
    },
    "sine_In": {
      "index": "2",
      "direction": "in",
      "srcType": "ap_fixed<16, 4, AP_RND, AP_WRAP, 0>",
      "srcSize": "16",
      "hwRefs": [{
          "type": "port",
          "interface": "sine_In",
          "name": "sine_In",
          "usage": "data",
          "direction": "in"
        }]
    },
    "angle_Out": {
      "index": "3",
      "direction": "out",
      "srcType": "ap_fixed<16, 4, AP_RND, AP_WRAP, 0>*",
      "srcSize": "16",
      "hwRefs": [
        {
          "type": "port",
          "interface": "angle_Out",
          "name": "angle_Out",
          "usage": "data",
          "direction": "out"
        },
        {
          "type": "port",
          "interface": "angle_Out_ap_vld",
          "name": "angle_Out_ap_vld",
          "usage": "control",
          "direction": "out"
        }
      ]
    },
    "cosine_Out": {
      "index": "4",
      "direction": "out",
      "srcType": "ap_fixed<16, 4, AP_RND, AP_WRAP, 0>*",
      "srcSize": "16",
      "hwRefs": [
        {
          "type": "port",
          "interface": "cosine_Out",
          "name": "cosine_Out",
          "usage": "data",
          "direction": "out"
        },
        {
          "type": "port",
          "interface": "cosine_Out_ap_vld",
          "name": "cosine_Out_ap_vld",
          "usage": "control",
          "direction": "out"
        }
      ]
    },
    "sine_Out": {
      "index": "5",
      "direction": "out",
      "srcType": "ap_fixed<16, 4, AP_RND, AP_WRAP, 0>*",
      "srcSize": "16",
      "hwRefs": [
        {
          "type": "port",
          "interface": "sine_Out",
          "name": "sine_Out",
          "usage": "data",
          "direction": "out"
        },
        {
          "type": "port",
          "interface": "sine_Out_ap_vld",
          "name": "sine_Out_ap_vld",
          "usage": "control",
          "direction": "out"
        }
      ]
    },
    "arc_tan": {
      "index": "6",
      "direction": "in",
      "srcType": "bool",
      "srcSize": "1",
      "hwRefs": [{
          "type": "port",
          "interface": "arc_tan",
          "name": "arc_tan",
          "usage": "data",
          "direction": "in"
        }]
    }
  },
  "HlsSolution": {
    "FlowTarget": "vivado",
    "ConfigTcl": [
      "config_export -format=sysgen",
      "config_export -rtl=verilog"
    ],
    "DirectiveTcl": ["set_directive_top -name circular_cordic \"circular_cordic\""],
    "ProfileOption": "0",
    "ProfileType": "none",
    "KernelName": "circular_cordic"
  },
  "ClockInfo": {
    "ClockName": "ap_clk",
    "ClockPeriod": "10",
    "Uncertainty": "2.7",
    "IsCombinational": "0",
    "II": "20",
    "Latency": "19"
  },
  "Xdc": {"OocClocks": ["create_clock -name ap_clk -period 10.000 [get_ports ap_clk]"]},
  "Ipx": {
    "Vendor": "xilinx.com",
    "Library": "hls",
    "Name": "circular_cordic",
    "Version": "1.0",
    "DisplayName": "Circular_cordic",
    "Revision": "2112774806",
    "Description": "An IP generated by Vitis HLS",
    "Taxonomy": "\/VITIS_HLS_IP",
    "AutoFamilySupport": "",
    "ZipFile": "xilinx_com_hls_circular_cordic_1_0.zip"
  },
  "Files": {
    "CSource": ["..\/..\/..\/code\/cordic.cpp"],
    "Vhdl": [
      "impl\/vhdl\/circular_cordic_circular_cordic_Pipeline_CORD_LOOP.vhd",
      "impl\/vhdl\/circular_cordic_circular_cordic_Pipeline_CORD_LOOP_Cordic_Rotations_V_ROM_AUTO_1R.vhd",
      "impl\/vhdl\/circular_cordic_flow_control_loop_pipe_sequential_init.vhd",
      "impl\/vhdl\/circular_cordic.vhd"
    ],
    "Verilog": [
      "impl\/verilog\/circular_cordic_circular_cordic_Pipeline_CORD_LOOP.v",
      "impl\/verilog\/circular_cordic_circular_cordic_Pipeline_CORD_LOOP_Cordic_Rotations_V_ROM_AUTO_1R.dat",
      "impl\/verilog\/circular_cordic_circular_cordic_Pipeline_CORD_LOOP_Cordic_Rotations_V_ROM_AUTO_1R.v",
      "impl\/verilog\/circular_cordic_flow_control_loop_pipe_sequential_init.v",
      "impl\/verilog\/circular_cordic.v"
    ],
    "IpMisc": ["impl\/misc\/logo.png"],
    "CsynthXml": "syn\/report\/csynth.xml",
    "DebugDir": ".debug",
    "KernelXml": ".autopilot\/db\/kernel.internal.xml",
    "Xo": "",
    "XoHlsDir": "",
    "ProtoInst": [".debug\/circular_cordic.protoinst"]
  },
  "SubcoreInfo": {
    "HasXpmMemory": false,
    "HasClockedDsp": false,
    "Ip": []
  },
  "Interfaces": {
    "ap_clk": {
      "type": "clock",
      "busTypeName": "clock",
      "mode": "slave",
      "busParams": {"ASSOCIATED_RESET": "ap_rst"},
      "portMap": {"ap_clk": "CLK"},
      "ports": ["ap_clk"]
    },
    "ap_rst": {
      "type": "reset",
      "busTypeName": "reset",
      "mode": "slave",
      "busParams": {"POLARITY": "ACTIVE_HIGH"},
      "portMap": {"ap_rst": "RST"},
      "ports": ["ap_rst"]
    },
    "ap_ctrl": {
      "type": "ap_ctrl",
      "busTypeName": "acc_handshake",
      "mode": "slave",
      "portMap": {
        "ap_start": "start",
        "ap_done": "done",
        "ap_idle": "idle",
        "ap_ready": "ready"
      },
      "ports": [
        "ap_done",
        "ap_idle",
        "ap_ready",
        "ap_start"
      ]
    },
    "angle_in": {
      "type": "data",
      "busTypeName": "data",
      "protocol": "ap_none",
      "mode": "slave",
      "dataWidth": "16",
      "portMap": {"angle_in": "DATA"},
      "ports": ["angle_in"],
      "constraints": [{
          "constraint_type": "pragma interface",
          "mode": "ap_none",
          "register_option": "0",
          "argName": "angle_in"
        }]
    },
    "cosine_In": {
      "type": "data",
      "busTypeName": "data",
      "protocol": "ap_none",
      "mode": "slave",
      "dataWidth": "16",
      "portMap": {"cosine_In": "DATA"},
      "ports": ["cosine_In"],
      "constraints": [{
          "constraint_type": "pragma interface",
          "mode": "ap_none",
          "register_option": "0",
          "argName": "cosine_In"
        }]
    },
    "sine_In": {
      "type": "data",
      "busTypeName": "data",
      "protocol": "ap_none",
      "mode": "slave",
      "dataWidth": "16",
      "portMap": {"sine_In": "DATA"},
      "ports": ["sine_In"],
      "constraints": [{
          "constraint_type": "pragma interface",
          "mode": "ap_none",
          "register_option": "0",
          "argName": "sine_In"
        }]
    },
    "angle_Out": {
      "type": "data",
      "busTypeName": "data",
      "protocol": "ap_vld",
      "mode": "master",
      "dataWidth": "16",
      "portMap": {"angle_Out": "DATA"},
      "ports": ["angle_Out"],
      "constraints": [{
          "constraint_type": "pragma interface",
          "mode": "ap_none",
          "register_option": "0",
          "argName": "angle_Out"
        }]
    },
    "cosine_Out": {
      "type": "data",
      "busTypeName": "data",
      "protocol": "ap_vld",
      "mode": "master",
      "dataWidth": "16",
      "portMap": {"cosine_Out": "DATA"},
      "ports": ["cosine_Out"],
      "constraints": [{
          "constraint_type": "pragma interface",
          "mode": "ap_none",
          "register_option": "0",
          "argName": "cosine_Out"
        }]
    },
    "sine_Out": {
      "type": "data",
      "busTypeName": "data",
      "protocol": "ap_vld",
      "mode": "master",
      "dataWidth": "16",
      "portMap": {"sine_Out": "DATA"},
      "ports": ["sine_Out"],
      "constraints": [{
          "constraint_type": "pragma interface",
          "mode": "ap_none",
          "register_option": "0",
          "argName": "sine_Out"
        }]
    },
    "arc_tan": {
      "type": "data",
      "busTypeName": "data",
      "protocol": "ap_none",
      "mode": "slave",
      "dataWidth": "1",
      "portMap": {"arc_tan": "DATA"},
      "ports": ["arc_tan"],
      "constraints": [{
          "constraint_type": "pragma interface",
          "mode": "ap_none",
          "register_option": "0",
          "argName": "arc_tan"
        }]
    }
  },
  "RtlPorts": {
    "ap_clk": {
      "dir": "in",
      "width": "1"
    },
    "ap_rst": {
      "dir": "in",
      "width": "1"
    },
    "ap_start": {
      "dir": "in",
      "width": "1"
    },
    "ap_done": {
      "dir": "out",
      "width": "1"
    },
    "ap_idle": {
      "dir": "out",
      "width": "1"
    },
    "ap_ready": {
      "dir": "out",
      "width": "1"
    },
    "angle_in": {
      "dir": "in",
      "width": "16"
    },
    "cosine_In": {
      "dir": "in",
      "width": "16"
    },
    "sine_In": {
      "dir": "in",
      "width": "16"
    },
    "angle_Out": {
      "dir": "out",
      "width": "16"
    },
    "angle_Out_ap_vld": {
      "dir": "out",
      "width": "1"
    },
    "cosine_Out": {
      "dir": "out",
      "width": "16"
    },
    "cosine_Out_ap_vld": {
      "dir": "out",
      "width": "1"
    },
    "sine_Out": {
      "dir": "out",
      "width": "16"
    },
    "sine_Out_ap_vld": {
      "dir": "out",
      "width": "1"
    },
    "arc_tan": {
      "dir": "in",
      "width": "1"
    }
  },
  "ModuleInfo": {
    "Hierarchy": {
      "ModuleName": "circular_cordic",
      "Instances": [{
          "ModuleName": "circular_cordic_Pipeline_CORD_LOOP",
          "InstanceName": "grp_circular_cordic_Pipeline_CORD_LOOP_fu_145"
        }]
    },
    "Info": {
      "circular_cordic_Pipeline_CORD_LOOP": {
        "FunctionProtocol": "ap_ctrl_hs",
        "isTaskLevelControl": "0",
        "isPipelined": "1",
        "isCombinational": "0",
        "isOneStateSeq": "0"
      },
      "circular_cordic": {
        "FunctionProtocol": "ap_ctrl_hs",
        "isTaskLevelControl": "0",
        "isPipelined": "0",
        "isCombinational": "0",
        "isOneStateSeq": "0"
      }
    },
    "Metrics": {
      "circular_cordic_Pipeline_CORD_LOOP": {
        "Latency": {
          "LatencyBest": "15",
          "LatencyAvg": "15",
          "LatencyWorst": "15",
          "PipelineII": "15",
          "PipelineDepth": "",
          "PipelineType": "no"
        },
        "Timing": {
          "Target": "10.00",
          "Uncertainty": "2.70",
          "Estimate": "6.870"
        },
        "Loops": [{
            "Name": "CORD_LOOP",
            "TripCount": "12",
            "Latency": "13",
            "PipelineII": "1",
            "PipelineDepth": "3"
          }],
        "Area": {
          "BRAM_18K": "0",
          "AVAIL_BRAM": "280",
          "UTIL_BRAM": "0",
          "FF": "106",
          "AVAIL_FF": "106400",
          "UTIL_FF": "~0",
          "LUT": "379",
          "AVAIL_LUT": "53200",
          "UTIL_LUT": "~0",
          "DSP": "0",
          "AVAIL_DSP": "220",
          "UTIL_DSP": "0",
          "URAM": "0",
          "AVAIL_URAM": "0",
          "UTIL_URAM": "0"
        }
      },
      "circular_cordic": {
        "Latency": {
          "LatencyBest": "19",
          "LatencyAvg": "19",
          "LatencyWorst": "19",
          "PipelineII": "20",
          "PipelineDepth": "",
          "PipelineType": "no"
        },
        "Timing": {
          "Target": "10.00",
          "Uncertainty": "2.70",
          "Estimate": "6.870"
        },
        "Area": {
          "BRAM_18K": "0",
          "AVAIL_BRAM": "280",
          "UTIL_BRAM": "0",
          "FF": "247",
          "AVAIL_FF": "106400",
          "UTIL_FF": "~0",
          "LUT": "1058",
          "AVAIL_LUT": "53200",
          "UTIL_LUT": "1",
          "DSP": "0",
          "AVAIL_DSP": "220",
          "UTIL_DSP": "0",
          "URAM": "0",
          "AVAIL_URAM": "0",
          "UTIL_URAM": "0"
        }
      }
    }
  },
  "GenerateBdFiles": "0",
  "GenData": {
    "DataVersion": "0.2",
    "Time": "2022-11-18 03:26:07 -0600",
    "ToolName": "vitis_hls",
    "ToolVersion": "2022.1"
  }
}
