{"sourceFile": [{
      "name": "",
      "directive": [
        {
          "functionName": "LinearSolver",
          "label": "",
          "functionLabel": "",
          "id": "1",
          "sourceFile": "C:\/ELEC522\/sl186\/Assignment6\/A6HLS\/A6HLS\/solution1\/csynth.tcl",
          "sourceLine": "17",
          "pragma": {
            "name": "TOP",
            "option": [{
                "name": "name",
                "value": "LinearSolver"
              }]
          }
        },
        {
          "functionName": "LinearSolver",
          "label": "",
          "functionLabel": "",
          "id": "2",
          "sourceFile": "C:\/ELEC522\/sl186\/Assignment6\/A6HLS\/A6HLS\/solution1\/csynth.tcl",
          "sourceLine": "17",
          "pragma": {
            "name": "TOP",
            "option": [{
                "name": "name",
                "value": "LinearSolver"
              }]
          }
        },
        {
          "functionName": "LinearSolver",
          "label": "",
          "functionLabel": "",
          "id": "3",
          "sourceFile": "C:\/ELEC522\/sl186\/Assignment6\/A6HLS\/A6HLS\/solution1\/csynth.tcl",
          "sourceLine": "17",
          "pragma": {
            "name": "TOP",
            "option": [{
                "name": "name",
                "value": "LinearSolver"
              }]
          }
        }
      ]
    }]}
