<stg><name>cordic.1</name>


<trans_list>

<trans id="200" from="1" to="2">
<condition id="-1">
<or_exp><and_exp></and_exp></or_exp>
</condition>
</trans>

<trans id="201" from="2" to="3">
<condition id="-1">
<or_exp><and_exp></and_exp></or_exp>
</condition>
</trans>

<trans id="202" from="3" to="4">
<condition id="-1">
<or_exp><and_exp></and_exp></or_exp>
</condition>
</trans>

<trans id="203" from="4" to="5">
<condition id="-1">
<or_exp><and_exp></and_exp></or_exp>
</condition>
</trans>

<trans id="204" from="5" to="6">
<condition id="-1">
<or_exp><and_exp></and_exp></or_exp>
</condition>
</trans>

<trans id="205" from="6" to="7">
<condition id="-1">
<or_exp><and_exp></and_exp></or_exp>
</condition>
</trans>
</trans_list>



<state_list>

<state id="1" st_id="1">

<operation id="8" st_id="1" stage="1" lat="1">
<core>NULL</core>
<MemPortIdVec></MemPortIdVec>
<condition id="-1">
<or_exp><and_exp></and_exp></or_exp>
</condition>

<Node id="3" bw="24" op_0_bw="24" op_1_bw="24">
<![CDATA[
entry:0 %yi_read = read i24 @_ssdm_op_Read.ap_auto.i24, i24 %yi

]]></Node>
<StgValue><ssdm name="yi_read"/></StgValue>
</operation>

<operation id="9" st_id="1" stage="1" lat="1">
<core>NULL</core>
<MemPortIdVec></MemPortIdVec>
<condition id="-1">
<or_exp><and_exp></and_exp></or_exp>
</condition>

<Node id="4" bw="24" op_0_bw="24" op_1_bw="24">
<![CDATA[
entry:1 %xi_read = read i24 @_ssdm_op_Read.ap_auto.i24, i24 %xi

]]></Node>
<StgValue><ssdm name="xi_read"/></StgValue>
</operation>

<operation id="10" st_id="1" stage="1" lat="1">
<core>NULL</core>
<MemPortIdVec></MemPortIdVec>
<condition id="-1">
<or_exp><and_exp></and_exp></or_exp>
</condition>

<Node id="5" bw="1" op_0_bw="1" op_1_bw="24" op_2_bw="32">
<![CDATA[
entry:2 %tmp_34 = bitselect i1 @_ssdm_op_BitSelect.i1.i24.i32, i24 %yi_read, i32 23

]]></Node>
<StgValue><ssdm name="tmp_34"/></StgValue>
</operation>

<operation id="11" st_id="1" stage="1" lat="1">
<core>Adder</core>
<MemPortIdVec></MemPortIdVec>
<condition id="-1">
<or_exp><and_exp></and_exp></or_exp>
</condition>

<Node id="6" bw="24" op_0_bw="24" op_1_bw="24">
<![CDATA[
entry:3 %sub_ln864 = sub i24 0, i24 %xi_read

]]></Node>
<StgValue><ssdm name="sub_ln864"/></StgValue>
</operation>

<operation id="12" st_id="1" stage="1" lat="1">
<core>Sel</core>
<MemPortIdVec></MemPortIdVec>
<condition id="-1">
<or_exp><and_exp></and_exp></or_exp>
</condition>

<Node id="7" bw="24" op_0_bw="1" op_1_bw="24" op_2_bw="24">
<![CDATA[
entry:4 %select_ln864 = select i1 %tmp_34, i24 %xi_read, i24 %sub_ln864

]]></Node>
<StgValue><ssdm name="select_ln864"/></StgValue>
</operation>

<operation id="13" st_id="1" stage="1" lat="1">
<core>Adder</core>
<MemPortIdVec></MemPortIdVec>
<condition id="-1">
<or_exp><and_exp></and_exp></or_exp>
</condition>

<Node id="8" bw="24" op_0_bw="24" op_1_bw="24">
<![CDATA[
entry:5 %sub_ln864_1 = sub i24 0, i24 %yi_read

]]></Node>
<StgValue><ssdm name="sub_ln864_1"/></StgValue>
</operation>

<operation id="14" st_id="1" stage="1" lat="1">
<core>Sel</core>
<MemPortIdVec></MemPortIdVec>
<condition id="-1">
<or_exp><and_exp></and_exp></or_exp>
</condition>

<Node id="9" bw="24" op_0_bw="1" op_1_bw="24" op_2_bw="24">
<![CDATA[
entry:6 %select_ln864_1 = select i1 %tmp_34, i24 %yi_read, i24 %sub_ln864_1

]]></Node>
<StgValue><ssdm name="select_ln864_1"/></StgValue>
</operation>

<operation id="15" st_id="1" stage="1" lat="1">
<core>Adder</core>
<MemPortIdVec></MemPortIdVec>
<condition id="-1">
<or_exp><and_exp></and_exp></or_exp>
</condition>

<Node id="10" bw="24" op_0_bw="24" op_1_bw="24">
<![CDATA[
entry:7 %sub_ln859 = sub i24 %xi_read, i24 %select_ln864_1

]]></Node>
<StgValue><ssdm name="sub_ln859"/></StgValue>
</operation>

<operation id="16" st_id="1" stage="1" lat="1">
<core>Adder</core>
<MemPortIdVec></MemPortIdVec>
<condition id="-1">
<or_exp><and_exp></and_exp></or_exp>
</condition>

<Node id="11" bw="24" op_0_bw="24" op_1_bw="24">
<![CDATA[
entry:8 %add_ln859 = add i24 %select_ln864, i24 %yi_read

]]></Node>
<StgValue><ssdm name="add_ln859"/></StgValue>
</operation>

<operation id="17" st_id="1" stage="1" lat="1">
<core>NULL</core>
<MemPortIdVec></MemPortIdVec>
<condition id="-1">
<or_exp><and_exp></and_exp></or_exp>
</condition>

<Node id="12" bw="1" op_0_bw="1" op_1_bw="24" op_2_bw="32">
<![CDATA[
entry:9 %tmp_35 = bitselect i1 @_ssdm_op_BitSelect.i1.i24.i32, i24 %yi_read, i32 23

]]></Node>
<StgValue><ssdm name="tmp_35"/></StgValue>
</operation>

<operation id="18" st_id="1" stage="1" lat="1">
<core>Sel</core>
<MemPortIdVec></MemPortIdVec>
<condition id="-1">
<or_exp><and_exp></and_exp></or_exp>
</condition>

<Node id="13" bw="18" op_0_bw="1" op_1_bw="18" op_2_bw="18">
<![CDATA[
entry:10 %select_ln1696 = select i1 %tmp_35, i18 210673, i18 51471

]]></Node>
<StgValue><ssdm name="select_ln1696"/></StgValue>
</operation>

<operation id="19" st_id="1" stage="1" lat="1">
<core>NULL</core>
<MemPortIdVec></MemPortIdVec>
<condition id="-1">
<or_exp><and_exp></and_exp></or_exp>
</condition>

<Node id="14" bw="1" op_0_bw="1" op_1_bw="24" op_2_bw="32">
<![CDATA[
entry:11 %tmp_36 = bitselect i1 @_ssdm_op_BitSelect.i1.i24.i32, i24 %add_ln859, i32 23

]]></Node>
<StgValue><ssdm name="tmp_36"/></StgValue>
</operation>

<operation id="20" st_id="1" stage="1" lat="1">
<core>NULL</core>
<MemPortIdVec></MemPortIdVec>
<condition id="-1">
<or_exp><and_exp></and_exp></or_exp>
</condition>

<Node id="21" bw="25" op_0_bw="24">
<![CDATA[
entry:18 %sext_ln1319_1 = sext i24 %add_ln859

]]></Node>
<StgValue><ssdm name="sext_ln1319_1"/></StgValue>
</operation>

<operation id="21" st_id="1" stage="1" lat="1">
<core>Adder</core>
<MemPortIdVec></MemPortIdVec>
<condition id="-1">
<or_exp><and_exp></and_exp></or_exp>
</condition>

<Node id="22" bw="25" op_0_bw="25" op_1_bw="25">
<![CDATA[
entry:19 %sub_ln1319_1 = sub i25 0, i25 %sext_ln1319_1

]]></Node>
<StgValue><ssdm name="sub_ln1319_1"/></StgValue>
</operation>

<operation id="22" st_id="1" stage="1" lat="1">
<core>NULL</core>
<MemPortIdVec></MemPortIdVec>
<condition id="-1">
<or_exp><and_exp></and_exp></or_exp>
</condition>

<Node id="29" bw="1" op_0_bw="1" op_1_bw="24" op_2_bw="32">
<![CDATA[
entry:26 %tmp_37 = bitselect i1 @_ssdm_op_BitSelect.i1.i24.i32, i24 %add_ln859, i32 23

]]></Node>
<StgValue><ssdm name="tmp_37"/></StgValue>
</operation>

<operation id="23" st_id="1" stage="1" lat="1">
<core>Sel</core>
<MemPortIdVec></MemPortIdVec>
<condition id="-1">
<or_exp><and_exp></and_exp></or_exp>
</condition>

<Node id="30" bw="18" op_0_bw="1" op_1_bw="18" op_2_bw="18">
<![CDATA[
entry:27 %select_ln859 = select i1 %tmp_37, i18 30385, i18 231759

]]></Node>
<StgValue><ssdm name="select_ln859"/></StgValue>
</operation>

<operation id="24" st_id="1" stage="1" lat="1">
<core>Adder</core>
<MemPortIdVec></MemPortIdVec>
<condition id="-1">
<or_exp><and_exp></and_exp></or_exp>
</condition>

<Node id="31" bw="18" op_0_bw="18" op_1_bw="18">
<![CDATA[
entry:28 %sub_ln859_2 = sub i18 %select_ln1696, i18 %select_ln859

]]></Node>
<StgValue><ssdm name="sub_ln859_2"/></StgValue>
</operation>
</state>

<state id="2" st_id="2">

<operation id="25" st_id="2" stage="1" lat="1">
<core>NULL</core>
<MemPortIdVec></MemPortIdVec>
<condition id="-1">
<or_exp><and_exp><literal name="tmp_36" val="0"/>
</and_exp></or_exp>
</condition>

<Node id="15" bw="25" op_0_bw="24">
<![CDATA[
entry:12 %sext_ln1319 = sext i24 %sub_ln859

]]></Node>
<StgValue><ssdm name="sext_ln1319"/></StgValue>
</operation>

<operation id="26" st_id="2" stage="1" lat="1">
<core>Adder</core>
<MemPortIdVec></MemPortIdVec>
<condition id="-1">
<or_exp><and_exp><literal name="tmp_36" val="0"/>
</and_exp></or_exp>
</condition>

<Node id="16" bw="25" op_0_bw="25" op_1_bw="25">
<![CDATA[
entry:13 %sub_ln1319 = sub i25 0, i25 %sext_ln1319

]]></Node>
<StgValue><ssdm name="sub_ln1319"/></StgValue>
</operation>

<operation id="27" st_id="2" stage="1" lat="1">
<core>NULL</core>
<MemPortIdVec></MemPortIdVec>
<condition id="-1">
<or_exp><and_exp><literal name="tmp_36" val="1"/>
</and_exp></or_exp>
</condition>

<Node id="17" bw="23" op_0_bw="23" op_1_bw="24" op_2_bw="32" op_3_bw="32">
<![CDATA[
entry:14 %tmp = partselect i23 @_ssdm_op_PartSelect.i23.i24.i32.i32, i24 %sub_ln859, i32 1, i32 23

]]></Node>
<StgValue><ssdm name="tmp"/></StgValue>
</operation>

<operation id="28" st_id="2" stage="1" lat="1">
<core>NULL</core>
<MemPortIdVec></MemPortIdVec>
<condition id="-1">
<or_exp><and_exp><literal name="tmp_36" val="1"/>
</and_exp></or_exp>
</condition>

<Node id="18" bw="24" op_0_bw="23">
<![CDATA[
entry:15 %sext_ln864_15 = sext i23 %tmp

]]></Node>
<StgValue><ssdm name="sext_ln864_15"/></StgValue>
</operation>

<operation id="29" st_id="2" stage="1" lat="1">
<core>NULL</core>
<MemPortIdVec></MemPortIdVec>
<condition id="-1">
<or_exp><and_exp><literal name="tmp_36" val="0"/>
</and_exp></or_exp>
</condition>

<Node id="19" bw="24" op_0_bw="24" op_1_bw="25" op_2_bw="32" op_3_bw="32">
<![CDATA[
entry:16 %tmp_1 = partselect i24 @_ssdm_op_PartSelect.i24.i25.i32.i32, i25 %sub_ln1319, i32 1, i32 24

]]></Node>
<StgValue><ssdm name="tmp_1"/></StgValue>
</operation>

<operation id="30" st_id="2" stage="1" lat="1">
<core>Sel</core>
<MemPortIdVec></MemPortIdVec>
<condition id="-1">
<or_exp><and_exp></and_exp></or_exp>
</condition>

<Node id="20" bw="24" op_0_bw="1" op_1_bw="24" op_2_bw="24">
<![CDATA[
entry:17 %select_ln1319 = select i1 %tmp_36, i24 %sext_ln864_15, i24 %tmp_1

]]></Node>
<StgValue><ssdm name="select_ln1319"/></StgValue>
</operation>

<operation id="31" st_id="2" stage="1" lat="1">
<core>NULL</core>
<MemPortIdVec></MemPortIdVec>
<condition id="-1">
<or_exp><and_exp><literal name="tmp_36" val="1"/>
</and_exp></or_exp>
</condition>

<Node id="23" bw="23" op_0_bw="23" op_1_bw="24" op_2_bw="32" op_3_bw="32">
<![CDATA[
entry:20 %tmp_2 = partselect i23 @_ssdm_op_PartSelect.i23.i24.i32.i32, i24 %add_ln859, i32 1, i32 23

]]></Node>
<StgValue><ssdm name="tmp_2"/></StgValue>
</operation>

<operation id="32" st_id="2" stage="1" lat="1">
<core>NULL</core>
<MemPortIdVec></MemPortIdVec>
<condition id="-1">
<or_exp><and_exp><literal name="tmp_36" val="1"/>
</and_exp></or_exp>
</condition>

<Node id="24" bw="24" op_0_bw="23">
<![CDATA[
entry:21 %sext_ln864_16 = sext i23 %tmp_2

]]></Node>
<StgValue><ssdm name="sext_ln864_16"/></StgValue>
</operation>

<operation id="33" st_id="2" stage="1" lat="1">
<core>NULL</core>
<MemPortIdVec></MemPortIdVec>
<condition id="-1">
<or_exp><and_exp><literal name="tmp_36" val="0"/>
</and_exp></or_exp>
</condition>

<Node id="25" bw="24" op_0_bw="24" op_1_bw="25" op_2_bw="32" op_3_bw="32">
<![CDATA[
entry:22 %tmp_3 = partselect i24 @_ssdm_op_PartSelect.i24.i25.i32.i32, i25 %sub_ln1319_1, i32 1, i32 24

]]></Node>
<StgValue><ssdm name="tmp_3"/></StgValue>
</operation>

<operation id="34" st_id="2" stage="1" lat="1">
<core>Sel</core>
<MemPortIdVec></MemPortIdVec>
<condition id="-1">
<or_exp><and_exp></and_exp></or_exp>
</condition>

<Node id="26" bw="24" op_0_bw="1" op_1_bw="24" op_2_bw="24">
<![CDATA[
entry:23 %select_ln1319_1 = select i1 %tmp_36, i24 %sext_ln864_16, i24 %tmp_3

]]></Node>
<StgValue><ssdm name="select_ln1319_1"/></StgValue>
</operation>

<operation id="35" st_id="2" stage="1" lat="1">
<core>Adder</core>
<MemPortIdVec></MemPortIdVec>
<condition id="-1">
<or_exp><and_exp></and_exp></or_exp>
</condition>

<Node id="27" bw="24" op_0_bw="24" op_1_bw="24">
<![CDATA[
entry:24 %sub_ln859_1 = sub i24 %sub_ln859, i24 %select_ln1319_1

]]></Node>
<StgValue><ssdm name="sub_ln859_1"/></StgValue>
</operation>

<operation id="36" st_id="2" stage="1" lat="1">
<core>Adder</core>
<MemPortIdVec></MemPortIdVec>
<condition id="-1">
<or_exp><and_exp></and_exp></or_exp>
</condition>

<Node id="28" bw="24" op_0_bw="24" op_1_bw="24">
<![CDATA[
entry:25 %add_ln859_1 = add i24 %select_ln1319, i24 %add_ln859

]]></Node>
<StgValue><ssdm name="add_ln859_1"/></StgValue>
</operation>

<operation id="37" st_id="2" stage="1" lat="1">
<core>NULL</core>
<MemPortIdVec></MemPortIdVec>
<condition id="-1">
<or_exp><and_exp></and_exp></or_exp>
</condition>

<Node id="32" bw="1" op_0_bw="1" op_1_bw="24" op_2_bw="32">
<![CDATA[
entry:29 %tmp_38 = bitselect i1 @_ssdm_op_BitSelect.i1.i24.i32, i24 %add_ln859_1, i32 23

]]></Node>
<StgValue><ssdm name="tmp_38"/></StgValue>
</operation>

<operation id="38" st_id="2" stage="1" lat="1">
<core>NULL</core>
<MemPortIdVec></MemPortIdVec>
<condition id="-1">
<or_exp><and_exp></and_exp></or_exp>
</condition>

<Node id="33" bw="25" op_0_bw="24">
<![CDATA[
entry:30 %sext_ln1319_2 = sext i24 %sub_ln859_1

]]></Node>
<StgValue><ssdm name="sext_ln1319_2"/></StgValue>
</operation>

<operation id="39" st_id="2" stage="1" lat="1">
<core>Adder</core>
<MemPortIdVec></MemPortIdVec>
<condition id="-1">
<or_exp><and_exp></and_exp></or_exp>
</condition>

<Node id="34" bw="25" op_0_bw="25" op_1_bw="25">
<![CDATA[
entry:31 %sub_ln1319_2 = sub i25 0, i25 %sext_ln1319_2

]]></Node>
<StgValue><ssdm name="sub_ln1319_2"/></StgValue>
</operation>

<operation id="40" st_id="2" stage="1" lat="1">
<core>NULL</core>
<MemPortIdVec></MemPortIdVec>
<condition id="-1">
<or_exp><and_exp></and_exp></or_exp>
</condition>

<Node id="35" bw="22" op_0_bw="22" op_1_bw="24" op_2_bw="32" op_3_bw="32">
<![CDATA[
entry:32 %tmp_4 = partselect i22 @_ssdm_op_PartSelect.i22.i24.i32.i32, i24 %sub_ln859_1, i32 2, i32 23

]]></Node>
<StgValue><ssdm name="tmp_4"/></StgValue>
</operation>

<operation id="41" st_id="2" stage="1" lat="1">
<core>NULL</core>
<MemPortIdVec></MemPortIdVec>
<condition id="-1">
<or_exp><and_exp></and_exp></or_exp>
</condition>

<Node id="36" bw="23" op_0_bw="22">
<![CDATA[
entry:33 %sext_ln864_17 = sext i22 %tmp_4

]]></Node>
<StgValue><ssdm name="sext_ln864_17"/></StgValue>
</operation>

<operation id="42" st_id="2" stage="1" lat="1">
<core>NULL</core>
<MemPortIdVec></MemPortIdVec>
<condition id="-1">
<or_exp><and_exp></and_exp></or_exp>
</condition>

<Node id="37" bw="23" op_0_bw="23" op_1_bw="25" op_2_bw="32" op_3_bw="32">
<![CDATA[
entry:34 %tmp_5 = partselect i23 @_ssdm_op_PartSelect.i23.i25.i32.i32, i25 %sub_ln1319_2, i32 2, i32 24

]]></Node>
<StgValue><ssdm name="tmp_5"/></StgValue>
</operation>

<operation id="43" st_id="2" stage="1" lat="1">
<core>Sel</core>
<MemPortIdVec></MemPortIdVec>
<condition id="-1">
<or_exp><and_exp></and_exp></or_exp>
</condition>

<Node id="38" bw="23" op_0_bw="1" op_1_bw="23" op_2_bw="23">
<![CDATA[
entry:35 %select_ln1319_2 = select i1 %tmp_38, i23 %sext_ln864_17, i23 %tmp_5

]]></Node>
<StgValue><ssdm name="select_ln1319_2"/></StgValue>
</operation>

<operation id="44" st_id="2" stage="1" lat="1">
<core>NULL</core>
<MemPortIdVec></MemPortIdVec>
<condition id="-1">
<or_exp><and_exp></and_exp></or_exp>
</condition>

<Node id="39" bw="24" op_0_bw="23">
<![CDATA[
entry:36 %sext_ln864 = sext i23 %select_ln1319_2

]]></Node>
<StgValue><ssdm name="sext_ln864"/></StgValue>
</operation>

<operation id="45" st_id="2" stage="1" lat="1">
<core>NULL</core>
<MemPortIdVec></MemPortIdVec>
<condition id="-1">
<or_exp><and_exp></and_exp></or_exp>
</condition>

<Node id="40" bw="25" op_0_bw="24">
<![CDATA[
entry:37 %sext_ln1319_3 = sext i24 %add_ln859_1

]]></Node>
<StgValue><ssdm name="sext_ln1319_3"/></StgValue>
</operation>

<operation id="46" st_id="2" stage="1" lat="1">
<core>Adder</core>
<MemPortIdVec></MemPortIdVec>
<condition id="-1">
<or_exp><and_exp></and_exp></or_exp>
</condition>

<Node id="41" bw="25" op_0_bw="25" op_1_bw="25">
<![CDATA[
entry:38 %sub_ln1319_3 = sub i25 0, i25 %sext_ln1319_3

]]></Node>
<StgValue><ssdm name="sub_ln1319_3"/></StgValue>
</operation>

<operation id="47" st_id="2" stage="1" lat="1">
<core>Adder</core>
<MemPortIdVec></MemPortIdVec>
<condition id="-1">
<or_exp><and_exp></and_exp></or_exp>
</condition>

<Node id="48" bw="24" op_0_bw="24" op_1_bw="24">
<![CDATA[
entry:45 %add_ln859_2 = add i24 %sext_ln864, i24 %add_ln859_1

]]></Node>
<StgValue><ssdm name="add_ln859_2"/></StgValue>
</operation>

<operation id="48" st_id="2" stage="1" lat="1">
<core>NULL</core>
<MemPortIdVec></MemPortIdVec>
<condition id="-1">
<or_exp><and_exp></and_exp></or_exp>
</condition>

<Node id="49" bw="1" op_0_bw="1" op_1_bw="24" op_2_bw="32">
<![CDATA[
entry:46 %tmp_39 = bitselect i1 @_ssdm_op_BitSelect.i1.i24.i32, i24 %add_ln859_1, i32 23

]]></Node>
<StgValue><ssdm name="tmp_39"/></StgValue>
</operation>

<operation id="49" st_id="2" stage="1" lat="1">
<core>NULL</core>
<MemPortIdVec></MemPortIdVec>
<condition id="-1">
<or_exp><and_exp></and_exp></or_exp>
</condition>

<Node id="52" bw="1" op_0_bw="1" op_1_bw="24" op_2_bw="32">
<![CDATA[
entry:49 %tmp_40 = bitselect i1 @_ssdm_op_BitSelect.i1.i24.i32, i24 %add_ln859_2, i32 23

]]></Node>
<StgValue><ssdm name="tmp_40"/></StgValue>
</operation>

<operation id="50" st_id="2" stage="1" lat="1">
<core>NULL</core>
<MemPortIdVec></MemPortIdVec>
<condition id="-1">
<or_exp><and_exp></and_exp></or_exp>
</condition>

<Node id="69" bw="1" op_0_bw="1" op_1_bw="24" op_2_bw="32">
<![CDATA[
entry:66 %tmp_41 = bitselect i1 @_ssdm_op_BitSelect.i1.i24.i32, i24 %add_ln859_2, i32 23

]]></Node>
<StgValue><ssdm name="tmp_41"/></StgValue>
</operation>
</state>

<state id="3" st_id="3">

<operation id="51" st_id="3" stage="1" lat="1">
<core>NULL</core>
<MemPortIdVec></MemPortIdVec>
<condition id="-1">
<or_exp><and_exp><literal name="tmp_38" val="1"/>
</and_exp></or_exp>
</condition>

<Node id="42" bw="22" op_0_bw="22" op_1_bw="24" op_2_bw="32" op_3_bw="32">
<![CDATA[
entry:39 %tmp_6 = partselect i22 @_ssdm_op_PartSelect.i22.i24.i32.i32, i24 %add_ln859_1, i32 2, i32 23

]]></Node>
<StgValue><ssdm name="tmp_6"/></StgValue>
</operation>

<operation id="52" st_id="3" stage="1" lat="1">
<core>NULL</core>
<MemPortIdVec></MemPortIdVec>
<condition id="-1">
<or_exp><and_exp><literal name="tmp_38" val="1"/>
</and_exp></or_exp>
</condition>

<Node id="43" bw="23" op_0_bw="22">
<![CDATA[
entry:40 %sext_ln864_18 = sext i22 %tmp_6

]]></Node>
<StgValue><ssdm name="sext_ln864_18"/></StgValue>
</operation>

<operation id="53" st_id="3" stage="1" lat="1">
<core>NULL</core>
<MemPortIdVec></MemPortIdVec>
<condition id="-1">
<or_exp><and_exp><literal name="tmp_38" val="0"/>
</and_exp></or_exp>
</condition>

<Node id="44" bw="23" op_0_bw="23" op_1_bw="25" op_2_bw="32" op_3_bw="32">
<![CDATA[
entry:41 %tmp_7 = partselect i23 @_ssdm_op_PartSelect.i23.i25.i32.i32, i25 %sub_ln1319_3, i32 2, i32 24

]]></Node>
<StgValue><ssdm name="tmp_7"/></StgValue>
</operation>

<operation id="54" st_id="3" stage="1" lat="1">
<core>Sel</core>
<MemPortIdVec></MemPortIdVec>
<condition id="-1">
<or_exp><and_exp></and_exp></or_exp>
</condition>

<Node id="45" bw="23" op_0_bw="1" op_1_bw="23" op_2_bw="23">
<![CDATA[
entry:42 %select_ln1319_3 = select i1 %tmp_38, i23 %sext_ln864_18, i23 %tmp_7

]]></Node>
<StgValue><ssdm name="select_ln1319_3"/></StgValue>
</operation>

<operation id="55" st_id="3" stage="1" lat="1">
<core>NULL</core>
<MemPortIdVec></MemPortIdVec>
<condition id="-1">
<or_exp><and_exp></and_exp></or_exp>
</condition>

<Node id="46" bw="24" op_0_bw="23">
<![CDATA[
entry:43 %sext_ln864_1 = sext i23 %select_ln1319_3

]]></Node>
<StgValue><ssdm name="sext_ln864_1"/></StgValue>
</operation>

<operation id="56" st_id="3" stage="1" lat="1">
<core>Adder</core>
<MemPortIdVec></MemPortIdVec>
<condition id="-1">
<or_exp><and_exp></and_exp></or_exp>
</condition>

<Node id="47" bw="24" op_0_bw="24" op_1_bw="24">
<![CDATA[
entry:44 %sub_ln859_3 = sub i24 %sub_ln859_1, i24 %sext_ln864_1

]]></Node>
<StgValue><ssdm name="sub_ln859_3"/></StgValue>
</operation>

<operation id="57" st_id="3" stage="1" lat="1">
<core>Sel</core>
<MemPortIdVec></MemPortIdVec>
<condition id="-1">
<or_exp><and_exp></and_exp></or_exp>
</condition>

<Node id="50" bw="18" op_0_bw="1" op_1_bw="18" op_2_bw="18">
<![CDATA[
entry:47 %select_ln859_1 = select i1 %tmp_39, i18 16054, i18 246090

]]></Node>
<StgValue><ssdm name="select_ln859_1"/></StgValue>
</operation>

<operation id="58" st_id="3" stage="1" lat="1">
<core>TAddSub</core>
<MemPortIdVec></MemPortIdVec>
<condition id="-1">
<or_exp><and_exp></and_exp></or_exp>
</condition>

<Node id="51" bw="18" op_0_bw="18" op_1_bw="18">
<![CDATA[
entry:48 %sub_ln859_4 = sub i18 %sub_ln859_2, i18 %select_ln859_1

]]></Node>
<StgValue><ssdm name="sub_ln859_4"/></StgValue>
</operation>

<operation id="59" st_id="3" stage="1" lat="1">
<core>NULL</core>
<MemPortIdVec></MemPortIdVec>
<condition id="-1">
<or_exp><and_exp><literal name="tmp_40" val="0"/>
</and_exp></or_exp>
</condition>

<Node id="53" bw="25" op_0_bw="24">
<![CDATA[
entry:50 %sext_ln1319_4 = sext i24 %sub_ln859_3

]]></Node>
<StgValue><ssdm name="sext_ln1319_4"/></StgValue>
</operation>

<operation id="60" st_id="3" stage="1" lat="1">
<core>Adder</core>
<MemPortIdVec></MemPortIdVec>
<condition id="-1">
<or_exp><and_exp><literal name="tmp_40" val="0"/>
</and_exp></or_exp>
</condition>

<Node id="54" bw="25" op_0_bw="25" op_1_bw="25">
<![CDATA[
entry:51 %sub_ln1319_4 = sub i25 0, i25 %sext_ln1319_4

]]></Node>
<StgValue><ssdm name="sub_ln1319_4"/></StgValue>
</operation>

<operation id="61" st_id="3" stage="1" lat="1">
<core>NULL</core>
<MemPortIdVec></MemPortIdVec>
<condition id="-1">
<or_exp><and_exp><literal name="tmp_40" val="1"/>
</and_exp></or_exp>
</condition>

<Node id="55" bw="21" op_0_bw="21" op_1_bw="24" op_2_bw="32" op_3_bw="32">
<![CDATA[
entry:52 %tmp_8 = partselect i21 @_ssdm_op_PartSelect.i21.i24.i32.i32, i24 %sub_ln859_3, i32 3, i32 23

]]></Node>
<StgValue><ssdm name="tmp_8"/></StgValue>
</operation>

<operation id="62" st_id="3" stage="1" lat="1">
<core>NULL</core>
<MemPortIdVec></MemPortIdVec>
<condition id="-1">
<or_exp><and_exp><literal name="tmp_40" val="1"/>
</and_exp></or_exp>
</condition>

<Node id="56" bw="22" op_0_bw="21">
<![CDATA[
entry:53 %sext_ln864_19 = sext i21 %tmp_8

]]></Node>
<StgValue><ssdm name="sext_ln864_19"/></StgValue>
</operation>

<operation id="63" st_id="3" stage="1" lat="1">
<core>NULL</core>
<MemPortIdVec></MemPortIdVec>
<condition id="-1">
<or_exp><and_exp><literal name="tmp_40" val="0"/>
</and_exp></or_exp>
</condition>

<Node id="57" bw="22" op_0_bw="22" op_1_bw="25" op_2_bw="32" op_3_bw="32">
<![CDATA[
entry:54 %tmp_9 = partselect i22 @_ssdm_op_PartSelect.i22.i25.i32.i32, i25 %sub_ln1319_4, i32 3, i32 24

]]></Node>
<StgValue><ssdm name="tmp_9"/></StgValue>
</operation>

<operation id="64" st_id="3" stage="1" lat="1">
<core>Sel</core>
<MemPortIdVec></MemPortIdVec>
<condition id="-1">
<or_exp><and_exp></and_exp></or_exp>
</condition>

<Node id="58" bw="22" op_0_bw="1" op_1_bw="22" op_2_bw="22">
<![CDATA[
entry:55 %select_ln1319_4 = select i1 %tmp_40, i22 %sext_ln864_19, i22 %tmp_9

]]></Node>
<StgValue><ssdm name="select_ln1319_4"/></StgValue>
</operation>

<operation id="65" st_id="3" stage="1" lat="1">
<core>NULL</core>
<MemPortIdVec></MemPortIdVec>
<condition id="-1">
<or_exp><and_exp></and_exp></or_exp>
</condition>

<Node id="59" bw="24" op_0_bw="22">
<![CDATA[
entry:56 %sext_ln864_2 = sext i22 %select_ln1319_4

]]></Node>
<StgValue><ssdm name="sext_ln864_2"/></StgValue>
</operation>

<operation id="66" st_id="3" stage="1" lat="1">
<core>NULL</core>
<MemPortIdVec></MemPortIdVec>
<condition id="-1">
<or_exp><and_exp><literal name="tmp_40" val="0"/>
</and_exp></or_exp>
</condition>

<Node id="60" bw="25" op_0_bw="24">
<![CDATA[
entry:57 %sext_ln1319_5 = sext i24 %add_ln859_2

]]></Node>
<StgValue><ssdm name="sext_ln1319_5"/></StgValue>
</operation>

<operation id="67" st_id="3" stage="1" lat="1">
<core>Adder</core>
<MemPortIdVec></MemPortIdVec>
<condition id="-1">
<or_exp><and_exp><literal name="tmp_40" val="0"/>
</and_exp></or_exp>
</condition>

<Node id="61" bw="25" op_0_bw="25" op_1_bw="25">
<![CDATA[
entry:58 %sub_ln1319_5 = sub i25 0, i25 %sext_ln1319_5

]]></Node>
<StgValue><ssdm name="sub_ln1319_5"/></StgValue>
</operation>

<operation id="68" st_id="3" stage="1" lat="1">
<core>NULL</core>
<MemPortIdVec></MemPortIdVec>
<condition id="-1">
<or_exp><and_exp><literal name="tmp_40" val="1"/>
</and_exp></or_exp>
</condition>

<Node id="62" bw="21" op_0_bw="21" op_1_bw="24" op_2_bw="32" op_3_bw="32">
<![CDATA[
entry:59 %tmp_s = partselect i21 @_ssdm_op_PartSelect.i21.i24.i32.i32, i24 %add_ln859_2, i32 3, i32 23

]]></Node>
<StgValue><ssdm name="tmp_s"/></StgValue>
</operation>

<operation id="69" st_id="3" stage="1" lat="1">
<core>NULL</core>
<MemPortIdVec></MemPortIdVec>
<condition id="-1">
<or_exp><and_exp><literal name="tmp_40" val="1"/>
</and_exp></or_exp>
</condition>

<Node id="63" bw="22" op_0_bw="21">
<![CDATA[
entry:60 %sext_ln864_20 = sext i21 %tmp_s

]]></Node>
<StgValue><ssdm name="sext_ln864_20"/></StgValue>
</operation>

<operation id="70" st_id="3" stage="1" lat="1">
<core>NULL</core>
<MemPortIdVec></MemPortIdVec>
<condition id="-1">
<or_exp><and_exp><literal name="tmp_40" val="0"/>
</and_exp></or_exp>
</condition>

<Node id="64" bw="22" op_0_bw="22" op_1_bw="25" op_2_bw="32" op_3_bw="32">
<![CDATA[
entry:61 %tmp_10 = partselect i22 @_ssdm_op_PartSelect.i22.i25.i32.i32, i25 %sub_ln1319_5, i32 3, i32 24

]]></Node>
<StgValue><ssdm name="tmp_10"/></StgValue>
</operation>

<operation id="71" st_id="3" stage="1" lat="1">
<core>Sel</core>
<MemPortIdVec></MemPortIdVec>
<condition id="-1">
<or_exp><and_exp></and_exp></or_exp>
</condition>

<Node id="65" bw="22" op_0_bw="1" op_1_bw="22" op_2_bw="22">
<![CDATA[
entry:62 %select_ln1319_5 = select i1 %tmp_40, i22 %sext_ln864_20, i22 %tmp_10

]]></Node>
<StgValue><ssdm name="select_ln1319_5"/></StgValue>
</operation>

<operation id="72" st_id="3" stage="1" lat="1">
<core>NULL</core>
<MemPortIdVec></MemPortIdVec>
<condition id="-1">
<or_exp><and_exp></and_exp></or_exp>
</condition>

<Node id="66" bw="24" op_0_bw="22">
<![CDATA[
entry:63 %sext_ln864_3 = sext i22 %select_ln1319_5

]]></Node>
<StgValue><ssdm name="sext_ln864_3"/></StgValue>
</operation>

<operation id="73" st_id="3" stage="1" lat="1">
<core>Adder</core>
<MemPortIdVec></MemPortIdVec>
<condition id="-1">
<or_exp><and_exp></and_exp></or_exp>
</condition>

<Node id="67" bw="24" op_0_bw="24" op_1_bw="24">
<![CDATA[
entry:64 %sub_ln859_5 = sub i24 %sub_ln859_3, i24 %sext_ln864_3

]]></Node>
<StgValue><ssdm name="sub_ln859_5"/></StgValue>
</operation>

<operation id="74" st_id="3" stage="1" lat="1">
<core>Adder</core>
<MemPortIdVec></MemPortIdVec>
<condition id="-1">
<or_exp><and_exp></and_exp></or_exp>
</condition>

<Node id="68" bw="24" op_0_bw="24" op_1_bw="24">
<![CDATA[
entry:65 %add_ln859_3 = add i24 %sext_ln864_2, i24 %add_ln859_2

]]></Node>
<StgValue><ssdm name="add_ln859_3"/></StgValue>
</operation>

<operation id="75" st_id="3" stage="1" lat="1">
<core>Sel</core>
<MemPortIdVec></MemPortIdVec>
<condition id="-1">
<or_exp><and_exp></and_exp></or_exp>
</condition>

<Node id="70" bw="18" op_0_bw="1" op_1_bw="18" op_2_bw="18">
<![CDATA[
entry:67 %select_ln859_2 = select i1 %tmp_41, i18 8149, i18 253995

]]></Node>
<StgValue><ssdm name="select_ln859_2"/></StgValue>
</operation>

<operation id="76" st_id="3" stage="1" lat="1">
<core>TAddSub</core>
<MemPortIdVec></MemPortIdVec>
<condition id="-1">
<or_exp><and_exp></and_exp></or_exp>
</condition>

<Node id="71" bw="18" op_0_bw="18" op_1_bw="18">
<![CDATA[
entry:68 %sub_ln859_6 = sub i18 %sub_ln859_4, i18 %select_ln859_2

]]></Node>
<StgValue><ssdm name="sub_ln859_6"/></StgValue>
</operation>

<operation id="77" st_id="3" stage="1" lat="1">
<core>NULL</core>
<MemPortIdVec></MemPortIdVec>
<condition id="-1">
<or_exp><and_exp></and_exp></or_exp>
</condition>

<Node id="72" bw="1" op_0_bw="1" op_1_bw="24" op_2_bw="32">
<![CDATA[
entry:69 %tmp_42 = bitselect i1 @_ssdm_op_BitSelect.i1.i24.i32, i24 %add_ln859_3, i32 23

]]></Node>
<StgValue><ssdm name="tmp_42"/></StgValue>
</operation>

<operation id="78" st_id="3" stage="1" lat="1">
<core>NULL</core>
<MemPortIdVec></MemPortIdVec>
<condition id="-1">
<or_exp><and_exp></and_exp></or_exp>
</condition>

<Node id="73" bw="25" op_0_bw="24">
<![CDATA[
entry:70 %sext_ln1319_6 = sext i24 %sub_ln859_5

]]></Node>
<StgValue><ssdm name="sext_ln1319_6"/></StgValue>
</operation>

<operation id="79" st_id="3" stage="1" lat="1">
<core>Adder</core>
<MemPortIdVec></MemPortIdVec>
<condition id="-1">
<or_exp><and_exp></and_exp></or_exp>
</condition>

<Node id="74" bw="25" op_0_bw="25" op_1_bw="25">
<![CDATA[
entry:71 %sub_ln1319_6 = sub i25 0, i25 %sext_ln1319_6

]]></Node>
<StgValue><ssdm name="sub_ln1319_6"/></StgValue>
</operation>

<operation id="80" st_id="3" stage="1" lat="1">
<core>NULL</core>
<MemPortIdVec></MemPortIdVec>
<condition id="-1">
<or_exp><and_exp></and_exp></or_exp>
</condition>

<Node id="89" bw="1" op_0_bw="1" op_1_bw="24" op_2_bw="32">
<![CDATA[
entry:86 %tmp_43 = bitselect i1 @_ssdm_op_BitSelect.i1.i24.i32, i24 %add_ln859_3, i32 23

]]></Node>
<StgValue><ssdm name="tmp_43"/></StgValue>
</operation>
</state>

<state id="4" st_id="4">

<operation id="81" st_id="4" stage="1" lat="1">
<core>NULL</core>
<MemPortIdVec></MemPortIdVec>
<condition id="-1">
<or_exp><and_exp><literal name="tmp_42" val="1"/>
</and_exp></or_exp>
</condition>

<Node id="75" bw="20" op_0_bw="20" op_1_bw="24" op_2_bw="32" op_3_bw="32">
<![CDATA[
entry:72 %tmp_11 = partselect i20 @_ssdm_op_PartSelect.i20.i24.i32.i32, i24 %sub_ln859_5, i32 4, i32 23

]]></Node>
<StgValue><ssdm name="tmp_11"/></StgValue>
</operation>

<operation id="82" st_id="4" stage="1" lat="1">
<core>NULL</core>
<MemPortIdVec></MemPortIdVec>
<condition id="-1">
<or_exp><and_exp><literal name="tmp_42" val="1"/>
</and_exp></or_exp>
</condition>

<Node id="76" bw="21" op_0_bw="20">
<![CDATA[
entry:73 %sext_ln864_21 = sext i20 %tmp_11

]]></Node>
<StgValue><ssdm name="sext_ln864_21"/></StgValue>
</operation>

<operation id="83" st_id="4" stage="1" lat="1">
<core>NULL</core>
<MemPortIdVec></MemPortIdVec>
<condition id="-1">
<or_exp><and_exp><literal name="tmp_42" val="0"/>
</and_exp></or_exp>
</condition>

<Node id="77" bw="21" op_0_bw="21" op_1_bw="25" op_2_bw="32" op_3_bw="32">
<![CDATA[
entry:74 %tmp_12 = partselect i21 @_ssdm_op_PartSelect.i21.i25.i32.i32, i25 %sub_ln1319_6, i32 4, i32 24

]]></Node>
<StgValue><ssdm name="tmp_12"/></StgValue>
</operation>

<operation id="84" st_id="4" stage="1" lat="1">
<core>Sel</core>
<MemPortIdVec></MemPortIdVec>
<condition id="-1">
<or_exp><and_exp></and_exp></or_exp>
</condition>

<Node id="78" bw="21" op_0_bw="1" op_1_bw="21" op_2_bw="21">
<![CDATA[
entry:75 %select_ln1319_6 = select i1 %tmp_42, i21 %sext_ln864_21, i21 %tmp_12

]]></Node>
<StgValue><ssdm name="select_ln1319_6"/></StgValue>
</operation>

<operation id="85" st_id="4" stage="1" lat="1">
<core>NULL</core>
<MemPortIdVec></MemPortIdVec>
<condition id="-1">
<or_exp><and_exp></and_exp></or_exp>
</condition>

<Node id="79" bw="24" op_0_bw="21">
<![CDATA[
entry:76 %sext_ln864_4 = sext i21 %select_ln1319_6

]]></Node>
<StgValue><ssdm name="sext_ln864_4"/></StgValue>
</operation>

<operation id="86" st_id="4" stage="1" lat="1">
<core>NULL</core>
<MemPortIdVec></MemPortIdVec>
<condition id="-1">
<or_exp><and_exp><literal name="tmp_42" val="0"/>
</and_exp></or_exp>
</condition>

<Node id="80" bw="25" op_0_bw="24">
<![CDATA[
entry:77 %sext_ln1319_7 = sext i24 %add_ln859_3

]]></Node>
<StgValue><ssdm name="sext_ln1319_7"/></StgValue>
</operation>

<operation id="87" st_id="4" stage="1" lat="1">
<core>Adder</core>
<MemPortIdVec></MemPortIdVec>
<condition id="-1">
<or_exp><and_exp><literal name="tmp_42" val="0"/>
</and_exp></or_exp>
</condition>

<Node id="81" bw="25" op_0_bw="25" op_1_bw="25">
<![CDATA[
entry:78 %sub_ln1319_7 = sub i25 0, i25 %sext_ln1319_7

]]></Node>
<StgValue><ssdm name="sub_ln1319_7"/></StgValue>
</operation>

<operation id="88" st_id="4" stage="1" lat="1">
<core>NULL</core>
<MemPortIdVec></MemPortIdVec>
<condition id="-1">
<or_exp><and_exp><literal name="tmp_42" val="1"/>
</and_exp></or_exp>
</condition>

<Node id="82" bw="20" op_0_bw="20" op_1_bw="24" op_2_bw="32" op_3_bw="32">
<![CDATA[
entry:79 %tmp_13 = partselect i20 @_ssdm_op_PartSelect.i20.i24.i32.i32, i24 %add_ln859_3, i32 4, i32 23

]]></Node>
<StgValue><ssdm name="tmp_13"/></StgValue>
</operation>

<operation id="89" st_id="4" stage="1" lat="1">
<core>NULL</core>
<MemPortIdVec></MemPortIdVec>
<condition id="-1">
<or_exp><and_exp><literal name="tmp_42" val="1"/>
</and_exp></or_exp>
</condition>

<Node id="83" bw="21" op_0_bw="20">
<![CDATA[
entry:80 %sext_ln864_22 = sext i20 %tmp_13

]]></Node>
<StgValue><ssdm name="sext_ln864_22"/></StgValue>
</operation>

<operation id="90" st_id="4" stage="1" lat="1">
<core>NULL</core>
<MemPortIdVec></MemPortIdVec>
<condition id="-1">
<or_exp><and_exp><literal name="tmp_42" val="0"/>
</and_exp></or_exp>
</condition>

<Node id="84" bw="21" op_0_bw="21" op_1_bw="25" op_2_bw="32" op_3_bw="32">
<![CDATA[
entry:81 %tmp_14 = partselect i21 @_ssdm_op_PartSelect.i21.i25.i32.i32, i25 %sub_ln1319_7, i32 4, i32 24

]]></Node>
<StgValue><ssdm name="tmp_14"/></StgValue>
</operation>

<operation id="91" st_id="4" stage="1" lat="1">
<core>Sel</core>
<MemPortIdVec></MemPortIdVec>
<condition id="-1">
<or_exp><and_exp></and_exp></or_exp>
</condition>

<Node id="85" bw="21" op_0_bw="1" op_1_bw="21" op_2_bw="21">
<![CDATA[
entry:82 %select_ln1319_7 = select i1 %tmp_42, i21 %sext_ln864_22, i21 %tmp_14

]]></Node>
<StgValue><ssdm name="select_ln1319_7"/></StgValue>
</operation>

<operation id="92" st_id="4" stage="1" lat="1">
<core>NULL</core>
<MemPortIdVec></MemPortIdVec>
<condition id="-1">
<or_exp><and_exp></and_exp></or_exp>
</condition>

<Node id="86" bw="24" op_0_bw="21">
<![CDATA[
entry:83 %sext_ln864_5 = sext i21 %select_ln1319_7

]]></Node>
<StgValue><ssdm name="sext_ln864_5"/></StgValue>
</operation>

<operation id="93" st_id="4" stage="1" lat="1">
<core>Adder</core>
<MemPortIdVec></MemPortIdVec>
<condition id="-1">
<or_exp><and_exp></and_exp></or_exp>
</condition>

<Node id="87" bw="24" op_0_bw="24" op_1_bw="24">
<![CDATA[
entry:84 %sub_ln859_7 = sub i24 %sub_ln859_5, i24 %sext_ln864_5

]]></Node>
<StgValue><ssdm name="sub_ln859_7"/></StgValue>
</operation>

<operation id="94" st_id="4" stage="1" lat="1">
<core>Adder</core>
<MemPortIdVec></MemPortIdVec>
<condition id="-1">
<or_exp><and_exp></and_exp></or_exp>
</condition>

<Node id="88" bw="24" op_0_bw="24" op_1_bw="24">
<![CDATA[
entry:85 %add_ln859_4 = add i24 %sext_ln864_4, i24 %add_ln859_3

]]></Node>
<StgValue><ssdm name="add_ln859_4"/></StgValue>
</operation>

<operation id="95" st_id="4" stage="1" lat="1">
<core>Sel</core>
<MemPortIdVec></MemPortIdVec>
<condition id="-1">
<or_exp><and_exp></and_exp></or_exp>
</condition>

<Node id="90" bw="18" op_0_bw="1" op_1_bw="18" op_2_bw="18">
<![CDATA[
entry:87 %select_ln859_3 = select i1 %tmp_43, i18 4090, i18 258054

]]></Node>
<StgValue><ssdm name="select_ln859_3"/></StgValue>
</operation>

<operation id="96" st_id="4" stage="1" lat="1">
<core>TAddSub</core>
<MemPortIdVec></MemPortIdVec>
<condition id="-1">
<or_exp><and_exp></and_exp></or_exp>
</condition>

<Node id="91" bw="18" op_0_bw="18" op_1_bw="18">
<![CDATA[
entry:88 %sub_ln859_8 = sub i18 %sub_ln859_6, i18 %select_ln859_3

]]></Node>
<StgValue><ssdm name="sub_ln859_8"/></StgValue>
</operation>

<operation id="97" st_id="4" stage="1" lat="1">
<core>NULL</core>
<MemPortIdVec></MemPortIdVec>
<condition id="-1">
<or_exp><and_exp></and_exp></or_exp>
</condition>

<Node id="92" bw="1" op_0_bw="1" op_1_bw="24" op_2_bw="32">
<![CDATA[
entry:89 %tmp_44 = bitselect i1 @_ssdm_op_BitSelect.i1.i24.i32, i24 %add_ln859_4, i32 23

]]></Node>
<StgValue><ssdm name="tmp_44"/></StgValue>
</operation>

<operation id="98" st_id="4" stage="1" lat="1">
<core>NULL</core>
<MemPortIdVec></MemPortIdVec>
<condition id="-1">
<or_exp><and_exp></and_exp></or_exp>
</condition>

<Node id="93" bw="25" op_0_bw="24">
<![CDATA[
entry:90 %sext_ln1319_8 = sext i24 %sub_ln859_7

]]></Node>
<StgValue><ssdm name="sext_ln1319_8"/></StgValue>
</operation>

<operation id="99" st_id="4" stage="1" lat="1">
<core>Adder</core>
<MemPortIdVec></MemPortIdVec>
<condition id="-1">
<or_exp><and_exp></and_exp></or_exp>
</condition>

<Node id="94" bw="25" op_0_bw="25" op_1_bw="25">
<![CDATA[
entry:91 %sub_ln1319_8 = sub i25 0, i25 %sext_ln1319_8

]]></Node>
<StgValue><ssdm name="sub_ln1319_8"/></StgValue>
</operation>

<operation id="100" st_id="4" stage="1" lat="1">
<core>NULL</core>
<MemPortIdVec></MemPortIdVec>
<condition id="-1">
<or_exp><and_exp></and_exp></or_exp>
</condition>

<Node id="100" bw="25" op_0_bw="24">
<![CDATA[
entry:97 %sext_ln1319_9 = sext i24 %add_ln859_4

]]></Node>
<StgValue><ssdm name="sext_ln1319_9"/></StgValue>
</operation>

<operation id="101" st_id="4" stage="1" lat="1">
<core>Adder</core>
<MemPortIdVec></MemPortIdVec>
<condition id="-1">
<or_exp><and_exp></and_exp></or_exp>
</condition>

<Node id="101" bw="25" op_0_bw="25" op_1_bw="25">
<![CDATA[
entry:98 %sub_ln1319_9 = sub i25 0, i25 %sext_ln1319_9

]]></Node>
<StgValue><ssdm name="sub_ln1319_9"/></StgValue>
</operation>

<operation id="102" st_id="4" stage="1" lat="1">
<core>NULL</core>
<MemPortIdVec></MemPortIdVec>
<condition id="-1">
<or_exp><and_exp></and_exp></or_exp>
</condition>

<Node id="102" bw="19" op_0_bw="19" op_1_bw="24" op_2_bw="32" op_3_bw="32">
<![CDATA[
entry:99 %tmp_17 = partselect i19 @_ssdm_op_PartSelect.i19.i24.i32.i32, i24 %add_ln859_4, i32 5, i32 23

]]></Node>
<StgValue><ssdm name="tmp_17"/></StgValue>
</operation>

<operation id="103" st_id="4" stage="1" lat="1">
<core>NULL</core>
<MemPortIdVec></MemPortIdVec>
<condition id="-1">
<or_exp><and_exp></and_exp></or_exp>
</condition>

<Node id="103" bw="20" op_0_bw="19">
<![CDATA[
entry:100 %sext_ln864_24 = sext i19 %tmp_17

]]></Node>
<StgValue><ssdm name="sext_ln864_24"/></StgValue>
</operation>

<operation id="104" st_id="4" stage="1" lat="1">
<core>NULL</core>
<MemPortIdVec></MemPortIdVec>
<condition id="-1">
<or_exp><and_exp></and_exp></or_exp>
</condition>

<Node id="104" bw="20" op_0_bw="20" op_1_bw="25" op_2_bw="32" op_3_bw="32">
<![CDATA[
entry:101 %tmp_18 = partselect i20 @_ssdm_op_PartSelect.i20.i25.i32.i32, i25 %sub_ln1319_9, i32 5, i32 24

]]></Node>
<StgValue><ssdm name="tmp_18"/></StgValue>
</operation>

<operation id="105" st_id="4" stage="1" lat="1">
<core>Sel</core>
<MemPortIdVec></MemPortIdVec>
<condition id="-1">
<or_exp><and_exp></and_exp></or_exp>
</condition>

<Node id="105" bw="20" op_0_bw="1" op_1_bw="20" op_2_bw="20">
<![CDATA[
entry:102 %select_ln1319_9 = select i1 %tmp_44, i20 %sext_ln864_24, i20 %tmp_18

]]></Node>
<StgValue><ssdm name="select_ln1319_9"/></StgValue>
</operation>

<operation id="106" st_id="4" stage="1" lat="1">
<core>NULL</core>
<MemPortIdVec></MemPortIdVec>
<condition id="-1">
<or_exp><and_exp></and_exp></or_exp>
</condition>

<Node id="106" bw="24" op_0_bw="20">
<![CDATA[
entry:103 %sext_ln864_7 = sext i20 %select_ln1319_9

]]></Node>
<StgValue><ssdm name="sext_ln864_7"/></StgValue>
</operation>

<operation id="107" st_id="4" stage="1" lat="1">
<core>Adder</core>
<MemPortIdVec></MemPortIdVec>
<condition id="-1">
<or_exp><and_exp></and_exp></or_exp>
</condition>

<Node id="107" bw="24" op_0_bw="24" op_1_bw="24">
<![CDATA[
entry:104 %sub_ln859_9 = sub i24 %sub_ln859_7, i24 %sext_ln864_7

]]></Node>
<StgValue><ssdm name="sub_ln859_9"/></StgValue>
</operation>

<operation id="108" st_id="4" stage="1" lat="1">
<core>NULL</core>
<MemPortIdVec></MemPortIdVec>
<condition id="-1">
<or_exp><and_exp></and_exp></or_exp>
</condition>

<Node id="109" bw="1" op_0_bw="1" op_1_bw="24" op_2_bw="32">
<![CDATA[
entry:106 %tmp_45 = bitselect i1 @_ssdm_op_BitSelect.i1.i24.i32, i24 %add_ln859_4, i32 23

]]></Node>
<StgValue><ssdm name="tmp_45"/></StgValue>
</operation>

<operation id="109" st_id="4" stage="1" lat="1">
<core>Sel</core>
<MemPortIdVec></MemPortIdVec>
<condition id="-1">
<or_exp><and_exp></and_exp></or_exp>
</condition>

<Node id="110" bw="18" op_0_bw="1" op_1_bw="18" op_2_bw="18">
<![CDATA[
entry:107 %select_ln859_4 = select i1 %tmp_45, i18 2047, i18 260097

]]></Node>
<StgValue><ssdm name="select_ln859_4"/></StgValue>
</operation>

<operation id="110" st_id="4" stage="1" lat="1">
<core>TAddSub</core>
<MemPortIdVec></MemPortIdVec>
<condition id="-1">
<or_exp><and_exp></and_exp></or_exp>
</condition>

<Node id="111" bw="18" op_0_bw="18" op_1_bw="18">
<![CDATA[
entry:108 %sub_ln859_10 = sub i18 %sub_ln859_8, i18 %select_ln859_4

]]></Node>
<StgValue><ssdm name="sub_ln859_10"/></StgValue>
</operation>
</state>

<state id="5" st_id="5">

<operation id="111" st_id="5" stage="1" lat="1">
<core>NULL</core>
<MemPortIdVec></MemPortIdVec>
<condition id="-1">
<or_exp><and_exp><literal name="tmp_44" val="1"/>
</and_exp></or_exp>
</condition>

<Node id="95" bw="19" op_0_bw="19" op_1_bw="24" op_2_bw="32" op_3_bw="32">
<![CDATA[
entry:92 %tmp_15 = partselect i19 @_ssdm_op_PartSelect.i19.i24.i32.i32, i24 %sub_ln859_7, i32 5, i32 23

]]></Node>
<StgValue><ssdm name="tmp_15"/></StgValue>
</operation>

<operation id="112" st_id="5" stage="1" lat="1">
<core>NULL</core>
<MemPortIdVec></MemPortIdVec>
<condition id="-1">
<or_exp><and_exp><literal name="tmp_44" val="1"/>
</and_exp></or_exp>
</condition>

<Node id="96" bw="20" op_0_bw="19">
<![CDATA[
entry:93 %sext_ln864_23 = sext i19 %tmp_15

]]></Node>
<StgValue><ssdm name="sext_ln864_23"/></StgValue>
</operation>

<operation id="113" st_id="5" stage="1" lat="1">
<core>NULL</core>
<MemPortIdVec></MemPortIdVec>
<condition id="-1">
<or_exp><and_exp><literal name="tmp_44" val="0"/>
</and_exp></or_exp>
</condition>

<Node id="97" bw="20" op_0_bw="20" op_1_bw="25" op_2_bw="32" op_3_bw="32">
<![CDATA[
entry:94 %tmp_16 = partselect i20 @_ssdm_op_PartSelect.i20.i25.i32.i32, i25 %sub_ln1319_8, i32 5, i32 24

]]></Node>
<StgValue><ssdm name="tmp_16"/></StgValue>
</operation>

<operation id="114" st_id="5" stage="1" lat="1">
<core>Sel</core>
<MemPortIdVec></MemPortIdVec>
<condition id="-1">
<or_exp><and_exp></and_exp></or_exp>
</condition>

<Node id="98" bw="20" op_0_bw="1" op_1_bw="20" op_2_bw="20">
<![CDATA[
entry:95 %select_ln1319_8 = select i1 %tmp_44, i20 %sext_ln864_23, i20 %tmp_16

]]></Node>
<StgValue><ssdm name="select_ln1319_8"/></StgValue>
</operation>

<operation id="115" st_id="5" stage="1" lat="1">
<core>NULL</core>
<MemPortIdVec></MemPortIdVec>
<condition id="-1">
<or_exp><and_exp></and_exp></or_exp>
</condition>

<Node id="99" bw="24" op_0_bw="20">
<![CDATA[
entry:96 %sext_ln864_6 = sext i20 %select_ln1319_8

]]></Node>
<StgValue><ssdm name="sext_ln864_6"/></StgValue>
</operation>

<operation id="116" st_id="5" stage="1" lat="1">
<core>Adder</core>
<MemPortIdVec></MemPortIdVec>
<condition id="-1">
<or_exp><and_exp></and_exp></or_exp>
</condition>

<Node id="108" bw="24" op_0_bw="24" op_1_bw="24">
<![CDATA[
entry:105 %add_ln859_5 = add i24 %sext_ln864_6, i24 %add_ln859_4

]]></Node>
<StgValue><ssdm name="add_ln859_5"/></StgValue>
</operation>

<operation id="117" st_id="5" stage="1" lat="1">
<core>NULL</core>
<MemPortIdVec></MemPortIdVec>
<condition id="-1">
<or_exp><and_exp></and_exp></or_exp>
</condition>

<Node id="112" bw="1" op_0_bw="1" op_1_bw="24" op_2_bw="32">
<![CDATA[
entry:109 %tmp_46 = bitselect i1 @_ssdm_op_BitSelect.i1.i24.i32, i24 %add_ln859_5, i32 23

]]></Node>
<StgValue><ssdm name="tmp_46"/></StgValue>
</operation>

<operation id="118" st_id="5" stage="1" lat="1">
<core>NULL</core>
<MemPortIdVec></MemPortIdVec>
<condition id="-1">
<or_exp><and_exp></and_exp></or_exp>
</condition>

<Node id="113" bw="25" op_0_bw="24">
<![CDATA[
entry:110 %sext_ln1319_10 = sext i24 %sub_ln859_9

]]></Node>
<StgValue><ssdm name="sext_ln1319_10"/></StgValue>
</operation>

<operation id="119" st_id="5" stage="1" lat="1">
<core>Adder</core>
<MemPortIdVec></MemPortIdVec>
<condition id="-1">
<or_exp><and_exp></and_exp></or_exp>
</condition>

<Node id="114" bw="25" op_0_bw="25" op_1_bw="25">
<![CDATA[
entry:111 %sub_ln1319_10 = sub i25 0, i25 %sext_ln1319_10

]]></Node>
<StgValue><ssdm name="sub_ln1319_10"/></StgValue>
</operation>

<operation id="120" st_id="5" stage="1" lat="1">
<core>NULL</core>
<MemPortIdVec></MemPortIdVec>
<condition id="-1">
<or_exp><and_exp></and_exp></or_exp>
</condition>

<Node id="115" bw="18" op_0_bw="18" op_1_bw="24" op_2_bw="32" op_3_bw="32">
<![CDATA[
entry:112 %tmp_19 = partselect i18 @_ssdm_op_PartSelect.i18.i24.i32.i32, i24 %sub_ln859_9, i32 6, i32 23

]]></Node>
<StgValue><ssdm name="tmp_19"/></StgValue>
</operation>

<operation id="121" st_id="5" stage="1" lat="1">
<core>NULL</core>
<MemPortIdVec></MemPortIdVec>
<condition id="-1">
<or_exp><and_exp></and_exp></or_exp>
</condition>

<Node id="116" bw="19" op_0_bw="18">
<![CDATA[
entry:113 %sext_ln864_25 = sext i18 %tmp_19

]]></Node>
<StgValue><ssdm name="sext_ln864_25"/></StgValue>
</operation>

<operation id="122" st_id="5" stage="1" lat="1">
<core>NULL</core>
<MemPortIdVec></MemPortIdVec>
<condition id="-1">
<or_exp><and_exp></and_exp></or_exp>
</condition>

<Node id="117" bw="19" op_0_bw="19" op_1_bw="25" op_2_bw="32" op_3_bw="32">
<![CDATA[
entry:114 %tmp_20 = partselect i19 @_ssdm_op_PartSelect.i19.i25.i32.i32, i25 %sub_ln1319_10, i32 6, i32 24

]]></Node>
<StgValue><ssdm name="tmp_20"/></StgValue>
</operation>

<operation id="123" st_id="5" stage="1" lat="1">
<core>Sel</core>
<MemPortIdVec></MemPortIdVec>
<condition id="-1">
<or_exp><and_exp></and_exp></or_exp>
</condition>

<Node id="118" bw="19" op_0_bw="1" op_1_bw="19" op_2_bw="19">
<![CDATA[
entry:115 %select_ln1319_10 = select i1 %tmp_46, i19 %sext_ln864_25, i19 %tmp_20

]]></Node>
<StgValue><ssdm name="select_ln1319_10"/></StgValue>
</operation>

<operation id="124" st_id="5" stage="1" lat="1">
<core>NULL</core>
<MemPortIdVec></MemPortIdVec>
<condition id="-1">
<or_exp><and_exp></and_exp></or_exp>
</condition>

<Node id="119" bw="24" op_0_bw="19">
<![CDATA[
entry:116 %sext_ln864_8 = sext i19 %select_ln1319_10

]]></Node>
<StgValue><ssdm name="sext_ln864_8"/></StgValue>
</operation>

<operation id="125" st_id="5" stage="1" lat="1">
<core>NULL</core>
<MemPortIdVec></MemPortIdVec>
<condition id="-1">
<or_exp><and_exp></and_exp></or_exp>
</condition>

<Node id="120" bw="25" op_0_bw="24">
<![CDATA[
entry:117 %sext_ln1319_11 = sext i24 %add_ln859_5

]]></Node>
<StgValue><ssdm name="sext_ln1319_11"/></StgValue>
</operation>

<operation id="126" st_id="5" stage="1" lat="1">
<core>Adder</core>
<MemPortIdVec></MemPortIdVec>
<condition id="-1">
<or_exp><and_exp></and_exp></or_exp>
</condition>

<Node id="121" bw="25" op_0_bw="25" op_1_bw="25">
<![CDATA[
entry:118 %sub_ln1319_11 = sub i25 0, i25 %sext_ln1319_11

]]></Node>
<StgValue><ssdm name="sub_ln1319_11"/></StgValue>
</operation>

<operation id="127" st_id="5" stage="1" lat="1">
<core>NULL</core>
<MemPortIdVec></MemPortIdVec>
<condition id="-1">
<or_exp><and_exp></and_exp></or_exp>
</condition>

<Node id="122" bw="18" op_0_bw="18" op_1_bw="24" op_2_bw="32" op_3_bw="32">
<![CDATA[
entry:119 %tmp_21 = partselect i18 @_ssdm_op_PartSelect.i18.i24.i32.i32, i24 %add_ln859_5, i32 6, i32 23

]]></Node>
<StgValue><ssdm name="tmp_21"/></StgValue>
</operation>

<operation id="128" st_id="5" stage="1" lat="1">
<core>NULL</core>
<MemPortIdVec></MemPortIdVec>
<condition id="-1">
<or_exp><and_exp></and_exp></or_exp>
</condition>

<Node id="123" bw="19" op_0_bw="18">
<![CDATA[
entry:120 %sext_ln864_26 = sext i18 %tmp_21

]]></Node>
<StgValue><ssdm name="sext_ln864_26"/></StgValue>
</operation>

<operation id="129" st_id="5" stage="1" lat="1">
<core>NULL</core>
<MemPortIdVec></MemPortIdVec>
<condition id="-1">
<or_exp><and_exp></and_exp></or_exp>
</condition>

<Node id="124" bw="19" op_0_bw="19" op_1_bw="25" op_2_bw="32" op_3_bw="32">
<![CDATA[
entry:121 %tmp_22 = partselect i19 @_ssdm_op_PartSelect.i19.i25.i32.i32, i25 %sub_ln1319_11, i32 6, i32 24

]]></Node>
<StgValue><ssdm name="tmp_22"/></StgValue>
</operation>

<operation id="130" st_id="5" stage="1" lat="1">
<core>Sel</core>
<MemPortIdVec></MemPortIdVec>
<condition id="-1">
<or_exp><and_exp></and_exp></or_exp>
</condition>

<Node id="125" bw="19" op_0_bw="1" op_1_bw="19" op_2_bw="19">
<![CDATA[
entry:122 %select_ln1319_11 = select i1 %tmp_46, i19 %sext_ln864_26, i19 %tmp_22

]]></Node>
<StgValue><ssdm name="select_ln1319_11"/></StgValue>
</operation>

<operation id="131" st_id="5" stage="1" lat="1">
<core>NULL</core>
<MemPortIdVec></MemPortIdVec>
<condition id="-1">
<or_exp><and_exp></and_exp></or_exp>
</condition>

<Node id="126" bw="24" op_0_bw="19">
<![CDATA[
entry:123 %sext_ln864_9 = sext i19 %select_ln1319_11

]]></Node>
<StgValue><ssdm name="sext_ln864_9"/></StgValue>
</operation>

<operation id="132" st_id="5" stage="1" lat="1">
<core>Adder</core>
<MemPortIdVec></MemPortIdVec>
<condition id="-1">
<or_exp><and_exp></and_exp></or_exp>
</condition>

<Node id="127" bw="24" op_0_bw="24" op_1_bw="24">
<![CDATA[
entry:124 %sub_ln859_11 = sub i24 %sub_ln859_9, i24 %sext_ln864_9

]]></Node>
<StgValue><ssdm name="sub_ln859_11"/></StgValue>
</operation>

<operation id="133" st_id="5" stage="1" lat="1">
<core>Adder</core>
<MemPortIdVec></MemPortIdVec>
<condition id="-1">
<or_exp><and_exp></and_exp></or_exp>
</condition>

<Node id="128" bw="24" op_0_bw="24" op_1_bw="24">
<![CDATA[
entry:125 %add_ln859_6 = add i24 %sext_ln864_8, i24 %add_ln859_5

]]></Node>
<StgValue><ssdm name="add_ln859_6"/></StgValue>
</operation>

<operation id="134" st_id="5" stage="1" lat="1">
<core>NULL</core>
<MemPortIdVec></MemPortIdVec>
<condition id="-1">
<or_exp><and_exp></and_exp></or_exp>
</condition>

<Node id="129" bw="1" op_0_bw="1" op_1_bw="24" op_2_bw="32">
<![CDATA[
entry:126 %tmp_47 = bitselect i1 @_ssdm_op_BitSelect.i1.i24.i32, i24 %add_ln859_5, i32 23

]]></Node>
<StgValue><ssdm name="tmp_47"/></StgValue>
</operation>

<operation id="135" st_id="5" stage="1" lat="1">
<core>NULL</core>
<MemPortIdVec></MemPortIdVec>
<condition id="-1">
<or_exp><and_exp></and_exp></or_exp>
</condition>

<Node id="132" bw="1" op_0_bw="1" op_1_bw="24" op_2_bw="32">
<![CDATA[
entry:129 %tmp_48 = bitselect i1 @_ssdm_op_BitSelect.i1.i24.i32, i24 %add_ln859_6, i32 23

]]></Node>
<StgValue><ssdm name="tmp_48"/></StgValue>
</operation>

<operation id="136" st_id="5" stage="1" lat="1">
<core>NULL</core>
<MemPortIdVec></MemPortIdVec>
<condition id="-1">
<or_exp><and_exp></and_exp></or_exp>
</condition>

<Node id="140" bw="25" op_0_bw="24">
<![CDATA[
entry:137 %sext_ln1319_13 = sext i24 %add_ln859_6

]]></Node>
<StgValue><ssdm name="sext_ln1319_13"/></StgValue>
</operation>

<operation id="137" st_id="5" stage="1" lat="1">
<core>Adder</core>
<MemPortIdVec></MemPortIdVec>
<condition id="-1">
<or_exp><and_exp></and_exp></or_exp>
</condition>

<Node id="141" bw="25" op_0_bw="25" op_1_bw="25">
<![CDATA[
entry:138 %sub_ln1319_13 = sub i25 0, i25 %sext_ln1319_13

]]></Node>
<StgValue><ssdm name="sub_ln1319_13"/></StgValue>
</operation>

<operation id="138" st_id="5" stage="1" lat="1">
<core>NULL</core>
<MemPortIdVec></MemPortIdVec>
<condition id="-1">
<or_exp><and_exp></and_exp></or_exp>
</condition>

<Node id="149" bw="1" op_0_bw="1" op_1_bw="24" op_2_bw="32">
<![CDATA[
entry:146 %tmp_49 = bitselect i1 @_ssdm_op_BitSelect.i1.i24.i32, i24 %add_ln859_6, i32 23

]]></Node>
<StgValue><ssdm name="tmp_49"/></StgValue>
</operation>
</state>

<state id="6" st_id="6">

<operation id="139" st_id="6" stage="1" lat="1">
<core>Sel</core>
<MemPortIdVec></MemPortIdVec>
<condition id="-1">
<or_exp><and_exp></and_exp></or_exp>
</condition>

<Node id="130" bw="18" op_0_bw="1" op_1_bw="18" op_2_bw="18">
<![CDATA[
entry:127 %select_ln859_5 = select i1 %tmp_47, i18 1023, i18 261121

]]></Node>
<StgValue><ssdm name="select_ln859_5"/></StgValue>
</operation>

<operation id="140" st_id="6" stage="1" lat="1">
<core>TAddSub</core>
<MemPortIdVec></MemPortIdVec>
<condition id="-1">
<or_exp><and_exp></and_exp></or_exp>
</condition>

<Node id="131" bw="18" op_0_bw="18" op_1_bw="18">
<![CDATA[
entry:128 %sub_ln859_12 = sub i18 %sub_ln859_10, i18 %select_ln859_5

]]></Node>
<StgValue><ssdm name="sub_ln859_12"/></StgValue>
</operation>

<operation id="141" st_id="6" stage="1" lat="1">
<core>NULL</core>
<MemPortIdVec></MemPortIdVec>
<condition id="-1">
<or_exp><and_exp><literal name="tmp_48" val="0"/>
</and_exp></or_exp>
</condition>

<Node id="133" bw="25" op_0_bw="24">
<![CDATA[
entry:130 %sext_ln1319_12 = sext i24 %sub_ln859_11

]]></Node>
<StgValue><ssdm name="sext_ln1319_12"/></StgValue>
</operation>

<operation id="142" st_id="6" stage="1" lat="1">
<core>Adder</core>
<MemPortIdVec></MemPortIdVec>
<condition id="-1">
<or_exp><and_exp><literal name="tmp_48" val="0"/>
</and_exp></or_exp>
</condition>

<Node id="134" bw="25" op_0_bw="25" op_1_bw="25">
<![CDATA[
entry:131 %sub_ln1319_12 = sub i25 0, i25 %sext_ln1319_12

]]></Node>
<StgValue><ssdm name="sub_ln1319_12"/></StgValue>
</operation>

<operation id="143" st_id="6" stage="1" lat="1">
<core>NULL</core>
<MemPortIdVec></MemPortIdVec>
<condition id="-1">
<or_exp><and_exp><literal name="tmp_48" val="1"/>
</and_exp></or_exp>
</condition>

<Node id="135" bw="17" op_0_bw="17" op_1_bw="24" op_2_bw="32" op_3_bw="32">
<![CDATA[
entry:132 %tmp_23 = partselect i17 @_ssdm_op_PartSelect.i17.i24.i32.i32, i24 %sub_ln859_11, i32 7, i32 23

]]></Node>
<StgValue><ssdm name="tmp_23"/></StgValue>
</operation>

<operation id="144" st_id="6" stage="1" lat="1">
<core>NULL</core>
<MemPortIdVec></MemPortIdVec>
<condition id="-1">
<or_exp><and_exp><literal name="tmp_48" val="1"/>
</and_exp></or_exp>
</condition>

<Node id="136" bw="18" op_0_bw="17">
<![CDATA[
entry:133 %sext_ln864_27 = sext i17 %tmp_23

]]></Node>
<StgValue><ssdm name="sext_ln864_27"/></StgValue>
</operation>

<operation id="145" st_id="6" stage="1" lat="1">
<core>NULL</core>
<MemPortIdVec></MemPortIdVec>
<condition id="-1">
<or_exp><and_exp><literal name="tmp_48" val="0"/>
</and_exp></or_exp>
</condition>

<Node id="137" bw="18" op_0_bw="18" op_1_bw="25" op_2_bw="32" op_3_bw="32">
<![CDATA[
entry:134 %tmp_24 = partselect i18 @_ssdm_op_PartSelect.i18.i25.i32.i32, i25 %sub_ln1319_12, i32 7, i32 24

]]></Node>
<StgValue><ssdm name="tmp_24"/></StgValue>
</operation>

<operation id="146" st_id="6" stage="1" lat="1">
<core>Sel</core>
<MemPortIdVec></MemPortIdVec>
<condition id="-1">
<or_exp><and_exp></and_exp></or_exp>
</condition>

<Node id="138" bw="18" op_0_bw="1" op_1_bw="18" op_2_bw="18">
<![CDATA[
entry:135 %select_ln1319_12 = select i1 %tmp_48, i18 %sext_ln864_27, i18 %tmp_24

]]></Node>
<StgValue><ssdm name="select_ln1319_12"/></StgValue>
</operation>

<operation id="147" st_id="6" stage="1" lat="1">
<core>NULL</core>
<MemPortIdVec></MemPortIdVec>
<condition id="-1">
<or_exp><and_exp></and_exp></or_exp>
</condition>

<Node id="139" bw="24" op_0_bw="18">
<![CDATA[
entry:136 %sext_ln864_10 = sext i18 %select_ln1319_12

]]></Node>
<StgValue><ssdm name="sext_ln864_10"/></StgValue>
</operation>

<operation id="148" st_id="6" stage="1" lat="1">
<core>NULL</core>
<MemPortIdVec></MemPortIdVec>
<condition id="-1">
<or_exp><and_exp><literal name="tmp_48" val="1"/>
</and_exp></or_exp>
</condition>

<Node id="142" bw="17" op_0_bw="17" op_1_bw="24" op_2_bw="32" op_3_bw="32">
<![CDATA[
entry:139 %tmp_25 = partselect i17 @_ssdm_op_PartSelect.i17.i24.i32.i32, i24 %add_ln859_6, i32 7, i32 23

]]></Node>
<StgValue><ssdm name="tmp_25"/></StgValue>
</operation>

<operation id="149" st_id="6" stage="1" lat="1">
<core>NULL</core>
<MemPortIdVec></MemPortIdVec>
<condition id="-1">
<or_exp><and_exp><literal name="tmp_48" val="1"/>
</and_exp></or_exp>
</condition>

<Node id="143" bw="18" op_0_bw="17">
<![CDATA[
entry:140 %sext_ln864_28 = sext i17 %tmp_25

]]></Node>
<StgValue><ssdm name="sext_ln864_28"/></StgValue>
</operation>

<operation id="150" st_id="6" stage="1" lat="1">
<core>NULL</core>
<MemPortIdVec></MemPortIdVec>
<condition id="-1">
<or_exp><and_exp><literal name="tmp_48" val="0"/>
</and_exp></or_exp>
</condition>

<Node id="144" bw="18" op_0_bw="18" op_1_bw="25" op_2_bw="32" op_3_bw="32">
<![CDATA[
entry:141 %tmp_26 = partselect i18 @_ssdm_op_PartSelect.i18.i25.i32.i32, i25 %sub_ln1319_13, i32 7, i32 24

]]></Node>
<StgValue><ssdm name="tmp_26"/></StgValue>
</operation>

<operation id="151" st_id="6" stage="1" lat="1">
<core>Sel</core>
<MemPortIdVec></MemPortIdVec>
<condition id="-1">
<or_exp><and_exp></and_exp></or_exp>
</condition>

<Node id="145" bw="18" op_0_bw="1" op_1_bw="18" op_2_bw="18">
<![CDATA[
entry:142 %select_ln1319_13 = select i1 %tmp_48, i18 %sext_ln864_28, i18 %tmp_26

]]></Node>
<StgValue><ssdm name="select_ln1319_13"/></StgValue>
</operation>

<operation id="152" st_id="6" stage="1" lat="1">
<core>NULL</core>
<MemPortIdVec></MemPortIdVec>
<condition id="-1">
<or_exp><and_exp></and_exp></or_exp>
</condition>

<Node id="146" bw="24" op_0_bw="18">
<![CDATA[
entry:143 %sext_ln864_11 = sext i18 %select_ln1319_13

]]></Node>
<StgValue><ssdm name="sext_ln864_11"/></StgValue>
</operation>

<operation id="153" st_id="6" stage="1" lat="1">
<core>Adder</core>
<MemPortIdVec></MemPortIdVec>
<condition id="-1">
<or_exp><and_exp></and_exp></or_exp>
</condition>

<Node id="147" bw="24" op_0_bw="24" op_1_bw="24">
<![CDATA[
entry:144 %sub_ln859_13 = sub i24 %sub_ln859_11, i24 %sext_ln864_11

]]></Node>
<StgValue><ssdm name="sub_ln859_13"/></StgValue>
</operation>

<operation id="154" st_id="6" stage="1" lat="1">
<core>Adder</core>
<MemPortIdVec></MemPortIdVec>
<condition id="-1">
<or_exp><and_exp></and_exp></or_exp>
</condition>

<Node id="148" bw="24" op_0_bw="24" op_1_bw="24">
<![CDATA[
entry:145 %add_ln859_7 = add i24 %sext_ln864_10, i24 %add_ln859_6

]]></Node>
<StgValue><ssdm name="add_ln859_7"/></StgValue>
</operation>

<operation id="155" st_id="6" stage="1" lat="1">
<core>Sel</core>
<MemPortIdVec></MemPortIdVec>
<condition id="-1">
<or_exp><and_exp></and_exp></or_exp>
</condition>

<Node id="150" bw="18" op_0_bw="1" op_1_bw="18" op_2_bw="18">
<![CDATA[
entry:147 %select_ln859_6 = select i1 %tmp_49, i18 511, i18 261633

]]></Node>
<StgValue><ssdm name="select_ln859_6"/></StgValue>
</operation>

<operation id="156" st_id="6" stage="1" lat="1">
<core>TAddSub</core>
<MemPortIdVec></MemPortIdVec>
<condition id="-1">
<or_exp><and_exp></and_exp></or_exp>
</condition>

<Node id="151" bw="18" op_0_bw="18" op_1_bw="18">
<![CDATA[
entry:148 %sub_ln859_14 = sub i18 %sub_ln859_12, i18 %select_ln859_6

]]></Node>
<StgValue><ssdm name="sub_ln859_14"/></StgValue>
</operation>

<operation id="157" st_id="6" stage="1" lat="1">
<core>NULL</core>
<MemPortIdVec></MemPortIdVec>
<condition id="-1">
<or_exp><and_exp></and_exp></or_exp>
</condition>

<Node id="152" bw="1" op_0_bw="1" op_1_bw="24" op_2_bw="32">
<![CDATA[
entry:149 %tmp_50 = bitselect i1 @_ssdm_op_BitSelect.i1.i24.i32, i24 %add_ln859_7, i32 23

]]></Node>
<StgValue><ssdm name="tmp_50"/></StgValue>
</operation>

<operation id="158" st_id="6" stage="1" lat="1">
<core>NULL</core>
<MemPortIdVec></MemPortIdVec>
<condition id="-1">
<or_exp><and_exp></and_exp></or_exp>
</condition>

<Node id="153" bw="25" op_0_bw="24">
<![CDATA[
entry:150 %sext_ln1319_14 = sext i24 %sub_ln859_13

]]></Node>
<StgValue><ssdm name="sext_ln1319_14"/></StgValue>
</operation>

<operation id="159" st_id="6" stage="1" lat="1">
<core>Adder</core>
<MemPortIdVec></MemPortIdVec>
<condition id="-1">
<or_exp><and_exp></and_exp></or_exp>
</condition>

<Node id="154" bw="25" op_0_bw="25" op_1_bw="25">
<![CDATA[
entry:151 %sub_ln1319_14 = sub i25 0, i25 %sext_ln1319_14

]]></Node>
<StgValue><ssdm name="sub_ln1319_14"/></StgValue>
</operation>

<operation id="160" st_id="6" stage="1" lat="1">
<core>NULL</core>
<MemPortIdVec></MemPortIdVec>
<condition id="-1">
<or_exp><and_exp></and_exp></or_exp>
</condition>

<Node id="155" bw="16" op_0_bw="16" op_1_bw="24" op_2_bw="32" op_3_bw="32">
<![CDATA[
entry:152 %tmp_27 = partselect i16 @_ssdm_op_PartSelect.i16.i24.i32.i32, i24 %sub_ln859_13, i32 8, i32 23

]]></Node>
<StgValue><ssdm name="tmp_27"/></StgValue>
</operation>

<operation id="161" st_id="6" stage="1" lat="1">
<core>NULL</core>
<MemPortIdVec></MemPortIdVec>
<condition id="-1">
<or_exp><and_exp></and_exp></or_exp>
</condition>

<Node id="156" bw="17" op_0_bw="16">
<![CDATA[
entry:153 %sext_ln864_29 = sext i16 %tmp_27

]]></Node>
<StgValue><ssdm name="sext_ln864_29"/></StgValue>
</operation>

<operation id="162" st_id="6" stage="1" lat="1">
<core>NULL</core>
<MemPortIdVec></MemPortIdVec>
<condition id="-1">
<or_exp><and_exp></and_exp></or_exp>
</condition>

<Node id="157" bw="17" op_0_bw="17" op_1_bw="25" op_2_bw="32" op_3_bw="32">
<![CDATA[
entry:154 %tmp_28 = partselect i17 @_ssdm_op_PartSelect.i17.i25.i32.i32, i25 %sub_ln1319_14, i32 8, i32 24

]]></Node>
<StgValue><ssdm name="tmp_28"/></StgValue>
</operation>

<operation id="163" st_id="6" stage="1" lat="1">
<core>Sel</core>
<MemPortIdVec></MemPortIdVec>
<condition id="-1">
<or_exp><and_exp></and_exp></or_exp>
</condition>

<Node id="158" bw="17" op_0_bw="1" op_1_bw="17" op_2_bw="17">
<![CDATA[
entry:155 %select_ln1319_14 = select i1 %tmp_50, i17 %sext_ln864_29, i17 %tmp_28

]]></Node>
<StgValue><ssdm name="select_ln1319_14"/></StgValue>
</operation>

<operation id="164" st_id="6" stage="1" lat="1">
<core>NULL</core>
<MemPortIdVec></MemPortIdVec>
<condition id="-1">
<or_exp><and_exp></and_exp></or_exp>
</condition>

<Node id="159" bw="24" op_0_bw="17">
<![CDATA[
entry:156 %sext_ln864_12 = sext i17 %select_ln1319_14

]]></Node>
<StgValue><ssdm name="sext_ln864_12"/></StgValue>
</operation>

<operation id="165" st_id="6" stage="1" lat="1">
<core>NULL</core>
<MemPortIdVec></MemPortIdVec>
<condition id="-1">
<or_exp><and_exp></and_exp></or_exp>
</condition>

<Node id="160" bw="25" op_0_bw="24">
<![CDATA[
entry:157 %sext_ln1319_15 = sext i24 %add_ln859_7

]]></Node>
<StgValue><ssdm name="sext_ln1319_15"/></StgValue>
</operation>

<operation id="166" st_id="6" stage="1" lat="1">
<core>Adder</core>
<MemPortIdVec></MemPortIdVec>
<condition id="-1">
<or_exp><and_exp></and_exp></or_exp>
</condition>

<Node id="161" bw="25" op_0_bw="25" op_1_bw="25">
<![CDATA[
entry:158 %sub_ln1319_15 = sub i25 0, i25 %sext_ln1319_15

]]></Node>
<StgValue><ssdm name="sub_ln1319_15"/></StgValue>
</operation>

<operation id="167" st_id="6" stage="1" lat="1">
<core>NULL</core>
<MemPortIdVec></MemPortIdVec>
<condition id="-1">
<or_exp><and_exp></and_exp></or_exp>
</condition>

<Node id="162" bw="16" op_0_bw="16" op_1_bw="24" op_2_bw="32" op_3_bw="32">
<![CDATA[
entry:159 %tmp_29 = partselect i16 @_ssdm_op_PartSelect.i16.i24.i32.i32, i24 %add_ln859_7, i32 8, i32 23

]]></Node>
<StgValue><ssdm name="tmp_29"/></StgValue>
</operation>

<operation id="168" st_id="6" stage="1" lat="1">
<core>NULL</core>
<MemPortIdVec></MemPortIdVec>
<condition id="-1">
<or_exp><and_exp></and_exp></or_exp>
</condition>

<Node id="164" bw="17" op_0_bw="17" op_1_bw="25" op_2_bw="32" op_3_bw="32">
<![CDATA[
entry:161 %tmp_30 = partselect i17 @_ssdm_op_PartSelect.i17.i25.i32.i32, i25 %sub_ln1319_15, i32 8, i32 24

]]></Node>
<StgValue><ssdm name="tmp_30"/></StgValue>
</operation>

<operation id="169" st_id="6" stage="1" lat="1">
<core>Adder</core>
<MemPortIdVec></MemPortIdVec>
<condition id="-1">
<or_exp><and_exp></and_exp></or_exp>
</condition>

<Node id="168" bw="24" op_0_bw="24" op_1_bw="24">
<![CDATA[
entry:165 %add_ln859_8 = add i24 %sext_ln864_12, i24 %add_ln859_7

]]></Node>
<StgValue><ssdm name="add_ln859_8"/></StgValue>
</operation>

<operation id="170" st_id="6" stage="1" lat="1">
<core>NULL</core>
<MemPortIdVec></MemPortIdVec>
<condition id="-1">
<or_exp><and_exp></and_exp></or_exp>
</condition>

<Node id="169" bw="1" op_0_bw="1" op_1_bw="24" op_2_bw="32">
<![CDATA[
entry:166 %tmp_51 = bitselect i1 @_ssdm_op_BitSelect.i1.i24.i32, i24 %add_ln859_7, i32 23

]]></Node>
<StgValue><ssdm name="tmp_51"/></StgValue>
</operation>

<operation id="171" st_id="6" stage="1" lat="1">
<core>NULL</core>
<MemPortIdVec></MemPortIdVec>
<condition id="-1">
<or_exp><and_exp></and_exp></or_exp>
</condition>

<Node id="172" bw="1" op_0_bw="1" op_1_bw="24" op_2_bw="32">
<![CDATA[
entry:169 %tmp_52 = bitselect i1 @_ssdm_op_BitSelect.i1.i24.i32, i24 %add_ln859_8, i32 23

]]></Node>
<StgValue><ssdm name="tmp_52"/></StgValue>
</operation>

<operation id="172" st_id="6" stage="1" lat="1">
<core>NULL</core>
<MemPortIdVec></MemPortIdVec>
<condition id="-1">
<or_exp><and_exp></and_exp></or_exp>
</condition>

<Node id="175" bw="15" op_0_bw="15" op_1_bw="24" op_2_bw="32" op_3_bw="32">
<![CDATA[
entry:172 %tmp_31 = partselect i15 @_ssdm_op_PartSelect.i15.i24.i32.i32, i24 %add_ln859_8, i32 9, i32 23

]]></Node>
<StgValue><ssdm name="tmp_31"/></StgValue>
</operation>

<operation id="173" st_id="6" stage="1" lat="1">
<core>NULL</core>
<MemPortIdVec></MemPortIdVec>
<condition id="-1">
<or_exp><and_exp></and_exp></or_exp>
</condition>

<Node id="181" bw="1" op_0_bw="1" op_1_bw="24" op_2_bw="32">
<![CDATA[
entry:178 %tmp_53 = bitselect i1 @_ssdm_op_BitSelect.i1.i24.i32, i24 %add_ln859_8, i32 23

]]></Node>
<StgValue><ssdm name="tmp_53"/></StgValue>
</operation>
</state>

<state id="7" st_id="7">

<operation id="174" st_id="7" stage="1" lat="1">
<core>NULL</core>
<MemPortIdVec></MemPortIdVec>
<condition id="-1">
<or_exp><and_exp><literal name="tmp_50" val="1"/>
</and_exp></or_exp>
</condition>

<Node id="163" bw="17" op_0_bw="16">
<![CDATA[
entry:160 %sext_ln864_30 = sext i16 %tmp_29

]]></Node>
<StgValue><ssdm name="sext_ln864_30"/></StgValue>
</operation>

<operation id="175" st_id="7" stage="1" lat="1">
<core>Sel</core>
<MemPortIdVec></MemPortIdVec>
<condition id="-1">
<or_exp><and_exp></and_exp></or_exp>
</condition>

<Node id="165" bw="17" op_0_bw="1" op_1_bw="17" op_2_bw="17">
<![CDATA[
entry:162 %select_ln1319_15 = select i1 %tmp_50, i17 %sext_ln864_30, i17 %tmp_30

]]></Node>
<StgValue><ssdm name="select_ln1319_15"/></StgValue>
</operation>

<operation id="176" st_id="7" stage="1" lat="1">
<core>NULL</core>
<MemPortIdVec></MemPortIdVec>
<condition id="-1">
<or_exp><and_exp></and_exp></or_exp>
</condition>

<Node id="166" bw="24" op_0_bw="17">
<![CDATA[
entry:163 %sext_ln864_13 = sext i17 %select_ln1319_15

]]></Node>
<StgValue><ssdm name="sext_ln864_13"/></StgValue>
</operation>

<operation id="177" st_id="7" stage="1" lat="1">
<core>TAddSub</core>
<MemPortIdVec></MemPortIdVec>
<condition id="-1">
<or_exp><and_exp></and_exp></or_exp>
</condition>

<Node id="167" bw="24" op_0_bw="24" op_1_bw="24">
<![CDATA[
entry:164 %sub_ln859_15 = sub i24 %sub_ln859_13, i24 %sext_ln864_13

]]></Node>
<StgValue><ssdm name="sub_ln859_15"/></StgValue>
</operation>

<operation id="178" st_id="7" stage="1" lat="1">
<core>Sel</core>
<MemPortIdVec></MemPortIdVec>
<condition id="-1">
<or_exp><and_exp></and_exp></or_exp>
</condition>

<Node id="170" bw="18" op_0_bw="1" op_1_bw="18" op_2_bw="18">
<![CDATA[
entry:167 %select_ln859_7 = select i1 %tmp_51, i18 255, i18 261889

]]></Node>
<StgValue><ssdm name="select_ln859_7"/></StgValue>
</operation>

<operation id="179" st_id="7" stage="1" lat="1">
<core>TAddSub</core>
<MemPortIdVec></MemPortIdVec>
<condition id="-1">
<or_exp><and_exp></and_exp></or_exp>
</condition>

<Node id="171" bw="18" op_0_bw="18" op_1_bw="18">
<![CDATA[
entry:168 %sub_ln859_16 = sub i18 %sub_ln859_14, i18 %select_ln859_7

]]></Node>
<StgValue><ssdm name="sub_ln859_16"/></StgValue>
</operation>

<operation id="180" st_id="7" stage="1" lat="1">
<core>NULL</core>
<MemPortIdVec></MemPortIdVec>
<condition id="-1">
<or_exp><and_exp><literal name="tmp_52" val="0"/>
</and_exp></or_exp>
</condition>

<Node id="173" bw="25" op_0_bw="24">
<![CDATA[
entry:170 %sext_ln1319_16 = sext i24 %add_ln859_8

]]></Node>
<StgValue><ssdm name="sext_ln1319_16"/></StgValue>
</operation>

<operation id="181" st_id="7" stage="1" lat="1">
<core>Adder</core>
<MemPortIdVec></MemPortIdVec>
<condition id="-1">
<or_exp><and_exp><literal name="tmp_52" val="0"/>
</and_exp></or_exp>
</condition>

<Node id="174" bw="25" op_0_bw="25" op_1_bw="25">
<![CDATA[
entry:171 %sub_ln1319_16 = sub i25 0, i25 %sext_ln1319_16

]]></Node>
<StgValue><ssdm name="sub_ln1319_16"/></StgValue>
</operation>

<operation id="182" st_id="7" stage="1" lat="1">
<core>NULL</core>
<MemPortIdVec></MemPortIdVec>
<condition id="-1">
<or_exp><and_exp><literal name="tmp_52" val="1"/>
</and_exp></or_exp>
</condition>

<Node id="176" bw="16" op_0_bw="15">
<![CDATA[
entry:173 %sext_ln864_31 = sext i15 %tmp_31

]]></Node>
<StgValue><ssdm name="sext_ln864_31"/></StgValue>
</operation>

<operation id="183" st_id="7" stage="1" lat="1">
<core>NULL</core>
<MemPortIdVec></MemPortIdVec>
<condition id="-1">
<or_exp><and_exp><literal name="tmp_52" val="0"/>
</and_exp></or_exp>
</condition>

<Node id="177" bw="16" op_0_bw="16" op_1_bw="25" op_2_bw="32" op_3_bw="32">
<![CDATA[
entry:174 %tmp_32 = partselect i16 @_ssdm_op_PartSelect.i16.i25.i32.i32, i25 %sub_ln1319_16, i32 9, i32 24

]]></Node>
<StgValue><ssdm name="tmp_32"/></StgValue>
</operation>

<operation id="184" st_id="7" stage="1" lat="1">
<core>Sel</core>
<MemPortIdVec></MemPortIdVec>
<condition id="-1">
<or_exp><and_exp></and_exp></or_exp>
</condition>

<Node id="178" bw="16" op_0_bw="1" op_1_bw="16" op_2_bw="16">
<![CDATA[
entry:175 %select_ln1319_16 = select i1 %tmp_52, i16 %sext_ln864_31, i16 %tmp_32

]]></Node>
<StgValue><ssdm name="select_ln1319_16"/></StgValue>
</operation>

<operation id="185" st_id="7" stage="1" lat="1">
<core>NULL</core>
<MemPortIdVec></MemPortIdVec>
<condition id="-1">
<or_exp><and_exp></and_exp></or_exp>
</condition>

<Node id="179" bw="24" op_0_bw="16">
<![CDATA[
entry:176 %sext_ln864_14 = sext i16 %select_ln1319_16

]]></Node>
<StgValue><ssdm name="sext_ln864_14"/></StgValue>
</operation>

<operation id="186" st_id="7" stage="1" lat="1">
<core>TAddSub</core>
<MemPortIdVec></MemPortIdVec>
<condition id="-1">
<or_exp><and_exp></and_exp></or_exp>
</condition>

<Node id="180" bw="24" op_0_bw="24" op_1_bw="24">
<![CDATA[
entry:177 %sub_ln859_17 = sub i24 %sub_ln859_15, i24 %sext_ln864_14

]]></Node>
<StgValue><ssdm name="sub_ln859_17"/></StgValue>
</operation>

<operation id="187" st_id="7" stage="1" lat="1">
<core>Sel</core>
<MemPortIdVec></MemPortIdVec>
<condition id="-1">
<or_exp><and_exp></and_exp></or_exp>
</condition>

<Node id="182" bw="18" op_0_bw="1" op_1_bw="18" op_2_bw="18">
<![CDATA[
entry:179 %select_ln859_8 = select i1 %tmp_53, i18 127, i18 262017

]]></Node>
<StgValue><ssdm name="select_ln859_8"/></StgValue>
</operation>

<operation id="188" st_id="7" stage="1" lat="1">
<core>TAddSub</core>
<MemPortIdVec></MemPortIdVec>
<condition id="-1">
<or_exp><and_exp></and_exp></or_exp>
</condition>

<Node id="183" bw="18" op_0_bw="18" op_1_bw="18">
<![CDATA[
entry:180 %sub_ln859_18 = sub i18 %sub_ln859_16, i18 %select_ln859_8

]]></Node>
<StgValue><ssdm name="sub_ln859_18"/></StgValue>
</operation>

<operation id="189" st_id="7" stage="1" lat="1">
<core>NULL</core>
<MemPortIdVec></MemPortIdVec>
<condition id="-1">
<or_exp><and_exp></and_exp></or_exp>
</condition>

<Node id="184" bw="24" op_0_bw="18">
<![CDATA[
entry:181 %sub_ln859_18_cast = sext i18 %sub_ln859_18

]]></Node>
<StgValue><ssdm name="sub_ln859_18_cast"/></StgValue>
</operation>

<operation id="190" st_id="7" stage="1" lat="1">
<core>NULL</core>
<MemPortIdVec></MemPortIdVec>
<condition id="-1">
<or_exp><and_exp></and_exp></or_exp>
</condition>

<Node id="185" bw="48" op_0_bw="48" op_1_bw="24">
<![CDATA[
entry:182 %newret = insertvalue i48 <undef>, i24 %sub_ln859_17

]]></Node>
<StgValue><ssdm name="newret"/></StgValue>
</operation>

<operation id="191" st_id="7" stage="1" lat="1">
<core>NULL</core>
<MemPortIdVec></MemPortIdVec>
<condition id="-1">
<or_exp><and_exp></and_exp></or_exp>
</condition>

<Node id="186" bw="48" op_0_bw="48" op_1_bw="24">
<![CDATA[
entry:183 %newret2 = insertvalue i48 %newret, i24 %sub_ln859_18_cast

]]></Node>
<StgValue><ssdm name="newret2"/></StgValue>
</operation>

<operation id="192" st_id="7" stage="1" lat="1">
<core>NULL</core>
<MemPortIdVec></MemPortIdVec>
<condition id="-1">
<or_exp><and_exp></and_exp></or_exp>
</condition>

<Node id="187" bw="0" op_0_bw="48">
<![CDATA[
entry:184 %ret_ln859 = ret i48 %newret2

]]></Node>
<StgValue><ssdm name="ret_ln859"/></StgValue>
</operation>
</state>
</state_list>


<ports>
</ports>


<dataflows>
</dataflows>


</stg>
