<profile>

<section name = "Vitis HLS Report for 'cordic_1'" level="0">
<item name = "Date">Thu Dec  1 13:05:44 2022
</item>
<item name = "Version">2022.1 (Build 3526262 on Mon Apr 18 15:48:16 MDT 2022)</item>
<item name = "Project">A6HLS</item>
<item name = "Solution">solution1 (Vivado IP Flow Target)</item>
<item name = "Product family">zynq</item>
<item name = "Target device">xc7z020-clg484-1</item>
</section>

<section name = "Performance Estimates" level="0">
<item name = "Timing">
<section name = "" level="1">
<item name = "Summary"><table name="" hasTotal="0">
<keys size="4">Clock, Target, Estimated, Uncertainty</keys>
<column name="ap_clk">10.00 ns, 7.257 ns, 2.70 ns</column>
</table>
</item>
</section>
</item>
<item name = "Latency">
<section name = "" level="1">
<item name = "Summary"><table name="" hasTotal="0">
<keys size="8">, min, max, min, max, min, max, Type</keys>
<column name="">6, 6, 60.000 ns, 60.000 ns, 1, 1, yes</column>
</table>
</item>
<item name = "Detail">
<section name = "" level="1">
<item name = "Instance"><table name="" hasTotal="0">
<keys size="9">Instance, Module, min, max, min, max, min, max, Type</keys>
</table>
</item>
<item name = "Loop"><table name="" hasTotal="0">
<keys size="8">Loop Name, min, max, Latency, achieved, target, Count, Pipelined</keys>
</table>
</item>
</section>
</item>
</section>
</item>
</section>

<section name = "Utilization Estimates" level="0">
<item name = "Summary"><table name="" hasTotal="1">
<keys size="6">Name, BRAM_18K, DSP, FF, LUT, URAM</keys>
<column name="DSP">-, -, -, -, -</column>
<column name="Expression">-, -, 0, 1867, -</column>
<column name="FIFO">-, -, -, -, -</column>
<column name="Instance">-, -, -, -, -</column>
<column name="Memory">-, -, -, -, -</column>
<column name="Multiplexer">-, -, -, -, -</column>
<column name="Register">-, -, 674, -, -</column>
<specialColumn name="Available">280, 220, 106400, 53200, 0</specialColumn>
<specialColumn name="Utilization (%)">0, 0, ~0, 3, 0</specialColumn>
</table>
</item>
<item name = "Detail">
<section name = "" level="1">
<item name = "Instance"><table name="" hasTotal="1">
<keys size="7">Instance, Module, BRAM_18K, DSP, FF, LUT, URAM</keys>
</table>
</item>
<item name = "DSP"><table name="" hasTotal="0">
<keys size="3">Instance, Module, Expression</keys>
</table>
</item>
<item name = "Memory"><table name="" hasTotal="1">
<keys size="10">Memory, Module, BRAM_18K, FF, LUT, URAM, Words, Bits, Banks, W*Bits*Banks</keys>
</table>
</item>
<item name = "FIFO"><table name="" hasTotal="1">
<keys size="8">Name, BRAM_18K, FF, LUT, URAM, Depth, Bits, Size:D*B</keys>
</table>
</item>
<item name = "Expression"><table name="" hasTotal="1">
<keys size="7">Variable Name, Operation, DSP, FF, LUT, Bitwidth P0, Bitwidth P1</keys>
<column name="add_ln859_1_fu_301_p2">+, 0, 0, 31, 24, 24</column>
<column name="add_ln859_2_fu_370_p2">+, 0, 0, 31, 24, 24</column>
<column name="add_ln859_3_fu_544_p2">+, 0, 0, 31, 24, 24</column>
<column name="add_ln859_4_fu_669_p2">+, 0, 0, 31, 24, 24</column>
<column name="add_ln859_5_fu_811_p2">+, 0, 0, 31, 24, 24</column>
<column name="add_ln859_6_fu_919_p2">+, 0, 0, 31, 24, 24</column>
<column name="add_ln859_7_fu_1052_p2">+, 0, 0, 31, 24, 24</column>
<column name="add_ln859_8_fu_1154_p2">+, 0, 0, 31, 24, 24</column>
<column name="add_ln859_fu_166_p2">+, 0, 0, 31, 24, 24</column>
<column name="sub_ln1319_10_fu_827_p2">-, 0, 0, 32, 1, 25</column>
<column name="sub_ln1319_11_fu_872_p2">-, 0, 0, 32, 1, 25</column>
<column name="sub_ln1319_12_fu_974_p2">-, 0, 0, 32, 1, 25</column>
<column name="sub_ln1319_13_fu_945_p2">-, 0, 0, 32, 1, 25</column>
<column name="sub_ln1319_14_fu_1082_p2">-, 0, 0, 32, 1, 25</column>
<column name="sub_ln1319_15_fu_1128_p2">-, 0, 0, 32, 1, 25</column>
<column name="sub_ln1319_16_fu_1227_p2">-, 0, 0, 32, 1, 25</column>
<column name="sub_ln1319_1_fu_200_p2">-, 0, 0, 32, 1, 25</column>
<column name="sub_ln1319_2_fu_318_p2">-, 0, 0, 32, 1, 25</column>
<column name="sub_ln1319_3_fu_364_p2">-, 0, 0, 32, 1, 25</column>
<column name="sub_ln1319_4_fu_454_p2">-, 0, 0, 32, 1, 25</column>
<column name="sub_ln1319_5_fu_498_p2">-, 0, 0, 32, 1, 25</column>
<column name="sub_ln1319_6_fu_574_p2">-, 0, 0, 32, 1, 25</column>
<column name="sub_ln1319_7_fu_624_p2">-, 0, 0, 32, 1, 25</column>
<column name="sub_ln1319_8_fu_698_p2">-, 0, 0, 32, 1, 25</column>
<column name="sub_ln1319_9_fu_708_p2">-, 0, 0, 32, 1, 25</column>
<column name="sub_ln1319_fu_231_p2">-, 0, 0, 32, 1, 25</column>
<column name="sub_ln859_10_fu_772_p2">-, 0, 0, 18, 18, 18</column>
<column name="sub_ln859_11_fu_914_p2">-, 0, 0, 31, 24, 24</column>
<column name="sub_ln859_12_fu_966_p2">-, 0, 0, 18, 18, 18</column>
<column name="sub_ln859_13_fu_1047_p2">-, 0, 0, 31, 24, 24</column>
<column name="sub_ln859_14_fu_1064_p2">-, 0, 0, 18, 18, 18</column>
<column name="sub_ln859_15_fu_1207_p2">-, 0, 0, 24, 24, 24</column>
<column name="sub_ln859_16_fu_1219_p2">-, 0, 0, 18, 18, 18</column>
<column name="sub_ln859_17_fu_1257_p2">-, 0, 0, 24, 24, 24</column>
<column name="sub_ln859_18_fu_1270_p2">-, 0, 0, 18, 18, 18</column>
<column name="sub_ln859_1_fu_296_p2">-, 0, 0, 31, 24, 24</column>
<column name="sub_ln859_2_fu_222_p2">-, 0, 0, 25, 18, 18</column>
<column name="sub_ln859_3_fu_433_p2">-, 0, 0, 31, 24, 24</column>
<column name="sub_ln859_4_fu_445_p2">-, 0, 0, 18, 18, 18</column>
<column name="sub_ln859_5_fu_538_p2">-, 0, 0, 31, 24, 24</column>
<column name="sub_ln859_6_fu_556_p2">-, 0, 0, 18, 18, 18</column>
<column name="sub_ln859_7_fu_664_p2">-, 0, 0, 31, 24, 24</column>
<column name="sub_ln859_8_fu_681_p2">-, 0, 0, 18, 18, 18</column>
<column name="sub_ln859_9_fu_750_p2">-, 0, 0, 31, 24, 24</column>
<column name="sub_ln859_fu_160_p2">-, 0, 0, 31, 24, 24</column>
<column name="sub_ln864_1_fu_146_p2">-, 0, 0, 31, 1, 24</column>
<column name="sub_ln864_fu_132_p2">-, 0, 0, 31, 1, 24</column>
<column name="select_ln1319_10_fu_856_p3">select, 0, 0, 19, 1, 19</column>
<column name="select_ln1319_11_fu_902_p3">select, 0, 0, 19, 1, 19</column>
<column name="select_ln1319_12_fu_1003_p3">select, 0, 0, 18, 1, 18</column>
<column name="select_ln1319_13_fu_1036_p3">select, 0, 0, 18, 1, 18</column>
<column name="select_ln1319_14_fu_1112_p3">select, 0, 0, 17, 1, 17</column>
<column name="select_ln1319_15_fu_1197_p3">select, 0, 0, 17, 1, 17</column>
<column name="select_ln1319_16_fu_1246_p3">select, 0, 0, 16, 1, 16</column>
<column name="select_ln1319_1_fu_289_p3">select, 0, 0, 24, 1, 24</column>
<column name="select_ln1319_2_fu_348_p3">select, 0, 0, 23, 1, 23</column>
<column name="select_ln1319_3_fu_422_p3">select, 0, 0, 23, 1, 23</column>
<column name="select_ln1319_4_fu_484_p3">select, 0, 0, 22, 1, 22</column>
<column name="select_ln1319_5_fu_527_p3">select, 0, 0, 22, 1, 22</column>
<column name="select_ln1319_6_fu_610_p3">select, 0, 0, 21, 1, 21</column>
<column name="select_ln1319_7_fu_653_p3">select, 0, 0, 21, 1, 21</column>
<column name="select_ln1319_8_fu_800_p3">select, 0, 0, 20, 1, 20</column>
<column name="select_ln1319_9_fu_738_p3">select, 0, 0, 20, 1, 20</column>
<column name="select_ln1319_fu_260_p3">select, 0, 0, 24, 1, 24</column>
<column name="select_ln1696_fu_180_p3">select, 0, 0, 17, 1, 17</column>
<column name="select_ln859_1_fu_438_p3">select, 0, 0, 15, 1, 14</column>
<column name="select_ln859_2_fu_549_p3">select, 0, 0, 14, 1, 13</column>
<column name="select_ln859_3_fu_674_p3">select, 0, 0, 13, 1, 12</column>
<column name="select_ln859_4_fu_764_p3">select, 0, 0, 12, 1, 11</column>
<column name="select_ln859_5_fu_959_p3">select, 0, 0, 11, 1, 10</column>
<column name="select_ln859_6_fu_1057_p3">select, 0, 0, 10, 1, 9</column>
<column name="select_ln859_7_fu_1212_p3">select, 0, 0, 9, 1, 8</column>
<column name="select_ln859_8_fu_1263_p3">select, 0, 0, 8, 1, 7</column>
<column name="select_ln859_fu_214_p3">select, 0, 0, 16, 1, 15</column>
<column name="select_ln864_1_fu_152_p3">select, 0, 0, 24, 1, 24</column>
<column name="select_ln864_fu_138_p3">select, 0, 0, 24, 1, 24</column>
</table>
</item>
<item name = "Multiplexer"><table name="" hasTotal="1">
<keys size="5">Name, LUT, Input Size, Bits, Total Bits</keys>
</table>
</item>
<item name = "Register"><table name="" hasTotal="1">
<keys size="5">Name, FF, LUT, Bits, Const Bits</keys>
<column name="add_ln859_1_reg_1326">24, 0, 24, 0</column>
<column name="add_ln859_2_reg_1341">24, 0, 24, 0</column>
<column name="add_ln859_3_reg_1370">24, 0, 24, 0</column>
<column name="add_ln859_4_reg_1403">24, 0, 24, 0</column>
<column name="add_ln859_6_reg_1437">24, 0, 24, 0</column>
<column name="add_ln859_8_reg_1489">24, 0, 24, 0</column>
<column name="add_ln859_reg_1299">24, 0, 24, 0</column>
<column name="sub_ln1319_13_reg_1454">25, 0, 25, 0</column>
<column name="sub_ln1319_1_reg_1311">25, 0, 25, 0</column>
<column name="sub_ln1319_3_reg_1336">25, 0, 25, 0</column>
<column name="sub_ln1319_6_reg_1388">25, 0, 25, 0</column>
<column name="sub_ln1319_8_reg_1413">25, 0, 25, 0</column>
<column name="sub_ln859_10_reg_1425">17, 0, 18, 1</column>
<column name="sub_ln859_10_reg_1425_pp0_iter4_reg">17, 0, 18, 1</column>
<column name="sub_ln859_11_reg_1430">24, 0, 24, 0</column>
<column name="sub_ln859_13_reg_1464">24, 0, 24, 0</column>
<column name="sub_ln859_14_reg_1469">17, 0, 18, 1</column>
<column name="sub_ln859_1_reg_1321">24, 0, 24, 0</column>
<column name="sub_ln859_2_reg_1316">17, 0, 18, 1</column>
<column name="sub_ln859_2_reg_1316_pp0_iter1_reg">17, 0, 18, 1</column>
<column name="sub_ln859_5_reg_1364">24, 0, 24, 0</column>
<column name="sub_ln859_6_reg_1377">17, 0, 18, 1</column>
<column name="sub_ln859_7_reg_1398">24, 0, 24, 0</column>
<column name="sub_ln859_9_reg_1418">24, 0, 24, 0</column>
<column name="sub_ln859_reg_1292">24, 0, 24, 0</column>
<column name="tmp_29_reg_1479">16, 0, 16, 0</column>
<column name="tmp_30_reg_1484">17, 0, 17, 0</column>
<column name="tmp_31_reg_1504">15, 0, 15, 0</column>
<column name="tmp_36_reg_1305">1, 0, 1, 0</column>
<column name="tmp_38_reg_1331">1, 0, 1, 0</column>
<column name="tmp_39_reg_1348">1, 0, 1, 0</column>
<column name="tmp_40_reg_1353">1, 0, 1, 0</column>
<column name="tmp_41_reg_1359">1, 0, 1, 0</column>
<column name="tmp_42_reg_1382">1, 0, 1, 0</column>
<column name="tmp_43_reg_1393">1, 0, 1, 0</column>
<column name="tmp_44_reg_1408">1, 0, 1, 0</column>
<column name="tmp_47_reg_1443">1, 0, 1, 0</column>
<column name="tmp_48_reg_1448">1, 0, 1, 0</column>
<column name="tmp_49_reg_1459">1, 0, 1, 0</column>
<column name="tmp_50_reg_1474">1, 0, 1, 0</column>
<column name="tmp_51_reg_1494">1, 0, 1, 0</column>
<column name="tmp_52_reg_1499">1, 0, 1, 0</column>
<column name="tmp_53_reg_1509">1, 0, 1, 0</column>
<column name="xi_int_reg">24, 0, 24, 0</column>
<column name="yi_int_reg">24, 0, 24, 0</column>
</table>
</item>
</section>
</item>
</section>

<section name = "Interface" level="0">
<item name = "Summary"><table name="" hasTotal="0">
<keys size="6">RTL Ports, Dir, Bits, Protocol, Source Object, C Type</keys>
<column name="ap_clk">in, 1, ap_ctrl_hs, cordic.1, return value</column>
<column name="ap_rst">in, 1, ap_ctrl_hs, cordic.1, return value</column>
<column name="ap_return_0">out, 24, ap_ctrl_hs, cordic.1, return value</column>
<column name="ap_return_1">out, 24, ap_ctrl_hs, cordic.1, return value</column>
<column name="xi">in, 24, ap_none, xi, scalar</column>
<column name="yi">in, 24, ap_none, yi, scalar</column>
</table>
</item>
</section>
</profile>
