<profile>

<section name = "Vitis HLS Report for 'cordic'" level="0">
<item name = "Date">Thu Dec  1 13:05:45 2022
</item>
<item name = "Version">2022.1 (Build 3526262 on Mon Apr 18 15:48:16 MDT 2022)</item>
<item name = "Project">A6HLS</item>
<item name = "Solution">solution1 (Vivado IP Flow Target)</item>
<item name = "Product family">zynq</item>
<item name = "Target device">xc7z020-clg484-1</item>
</section>

<section name = "Performance Estimates" level="0">
<item name = "Timing">
<section name = "" level="1">
<item name = "Summary"><table name="" hasTotal="0">
<keys size="4">Clock, Target, Estimated, Uncertainty</keys>
<column name="ap_clk">10.00 ns, 6.943 ns, 2.70 ns</column>
</table>
</item>
</section>
</item>
<item name = "Latency">
<section name = "" level="1">
<item name = "Summary"><table name="" hasTotal="0">
<keys size="8">, min, max, min, max, min, max, Type</keys>
<column name="">6, 6, 60.000 ns, 60.000 ns, 1, 1, yes</column>
</table>
</item>
<item name = "Detail">
<section name = "" level="1">
<item name = "Instance"><table name="" hasTotal="0">
<keys size="9">Instance, Module, min, max, min, max, min, max, Type</keys>
</table>
</item>
<item name = "Loop"><table name="" hasTotal="0">
<keys size="8">Loop Name, min, max, Latency, achieved, target, Count, Pipelined</keys>
</table>
</item>
</section>
</item>
</section>
</item>
</section>

<section name = "Utilization Estimates" level="0">
<item name = "Summary"><table name="" hasTotal="1">
<keys size="6">Name, BRAM_18K, DSP, FF, LUT, URAM</keys>
<column name="DSP">-, -, -, -, -</column>
<column name="Expression">-, -, 0, 2062, -</column>
<column name="FIFO">-, -, -, -, -</column>
<column name="Instance">-, -, -, -, -</column>
<column name="Memory">-, -, -, -, -</column>
<column name="Multiplexer">-, -, -, -, -</column>
<column name="Register">-, -, 890, 160, -</column>
<specialColumn name="Available">280, 220, 106400, 53200, 0</specialColumn>
<specialColumn name="Utilization (%)">0, 0, ~0, 4, 0</specialColumn>
</table>
</item>
<item name = "Detail">
<section name = "" level="1">
<item name = "Instance"><table name="" hasTotal="1">
<keys size="7">Instance, Module, BRAM_18K, DSP, FF, LUT, URAM</keys>
</table>
</item>
<item name = "DSP"><table name="" hasTotal="0">
<keys size="3">Instance, Module, Expression</keys>
</table>
</item>
<item name = "Memory"><table name="" hasTotal="1">
<keys size="10">Memory, Module, BRAM_18K, FF, LUT, URAM, Words, Bits, Banks, W*Bits*Banks</keys>
</table>
</item>
<item name = "FIFO"><table name="" hasTotal="1">
<keys size="8">Name, BRAM_18K, FF, LUT, URAM, Depth, Bits, Size:D*B</keys>
</table>
</item>
<item name = "Expression"><table name="" hasTotal="1">
<keys size="7">Variable Name, Operation, DSP, FF, LUT, Bitwidth P0, Bitwidth P1</keys>
<column name="add_ln859_10_fu_533_p2">+, 0, 0, 31, 24, 24</column>
<column name="add_ln859_11_fu_634_p2">+, 0, 0, 31, 24, 24</column>
<column name="add_ln859_12_fu_819_p2">+, 0, 0, 31, 24, 24</column>
<column name="add_ln859_13_fu_915_p2">+, 0, 0, 31, 24, 24</column>
<column name="add_ln859_14_fu_1016_p2">+, 0, 0, 31, 24, 24</column>
<column name="add_ln859_15_fu_1113_p2">+, 0, 0, 31, 24, 24</column>
<column name="add_ln859_16_fu_1209_p2">+, 0, 0, 31, 24, 24</column>
<column name="add_ln859_17_fu_1310_p2">+, 0, 0, 31, 24, 24</column>
<column name="add_ln859_9_fu_349_p2">+, 0, 0, 31, 24, 24</column>
<column name="add_ln859_fu_170_p2">+, 0, 0, 31, 24, 24</column>
<column name="sub_ln1319_17_fu_308_p2">-, 0, 0, 32, 1, 25</column>
<column name="sub_ln1319_18_fu_358_p2">-, 0, 0, 32, 1, 25</column>
<column name="sub_ln1319_19_fu_368_p2">-, 0, 0, 32, 1, 25</column>
<column name="sub_ln1319_20_fu_542_p2">-, 0, 0, 32, 1, 25</column>
<column name="sub_ln1319_21_fu_587_p2">-, 0, 0, 32, 1, 25</column>
<column name="sub_ln1319_22_fu_731_p2">-, 0, 0, 32, 1, 25</column>
<column name="sub_ln1319_23_fu_774_p2">-, 0, 0, 32, 1, 25</column>
<column name="sub_ln1319_24_fu_828_p2">-, 0, 0, 32, 1, 25</column>
<column name="sub_ln1319_25_fu_838_p2">-, 0, 0, 32, 1, 25</column>
<column name="sub_ln1319_26_fu_924_p2">-, 0, 0, 32, 1, 25</column>
<column name="sub_ln1319_27_fu_969_p2">-, 0, 0, 32, 1, 25</column>
<column name="sub_ln1319_28_fu_1025_p2">-, 0, 0, 32, 1, 25</column>
<column name="sub_ln1319_29_fu_1068_p2">-, 0, 0, 32, 1, 25</column>
<column name="sub_ln1319_30_fu_1122_p2">-, 0, 0, 32, 1, 25</column>
<column name="sub_ln1319_31_fu_1132_p2">-, 0, 0, 32, 1, 25</column>
<column name="sub_ln1319_32_fu_1218_p2">-, 0, 0, 32, 1, 25</column>
<column name="sub_ln1319_33_fu_1263_p2">-, 0, 0, 32, 1, 25</column>
<column name="sub_ln1319_fu_269_p2">-, 0, 0, 32, 1, 25</column>
<column name="sub_ln859_19_fu_192_p2">-, 0, 0, 31, 24, 24</column>
<column name="sub_ln859_20_fu_344_p2">-, 0, 0, 31, 24, 24</column>
<column name="sub_ln859_21_fu_222_p2">-, 0, 0, 31, 24, 24</column>
<column name="sub_ln859_22_fu_528_p2">-, 0, 0, 31, 24, 24</column>
<column name="sub_ln859_23_fu_252_p2">-, 0, 0, 31, 24, 24</column>
<column name="sub_ln859_24_fu_628_p2">-, 0, 0, 31, 24, 24</column>
<column name="sub_ln859_25_fu_389_p2">-, 0, 0, 31, 24, 24</column>
<column name="sub_ln859_26_fu_814_p2">-, 0, 0, 31, 24, 24</column>
<column name="sub_ln859_27_fu_418_p2">-, 0, 0, 31, 24, 24</column>
<column name="sub_ln859_28_fu_910_p2">-, 0, 0, 31, 24, 24</column>
<column name="sub_ln859_29_fu_448_p2">-, 0, 0, 31, 24, 24</column>
<column name="sub_ln859_30_fu_1010_p2">-, 0, 0, 31, 24, 24</column>
<column name="sub_ln859_31_fu_655_p2">-, 0, 0, 31, 24, 24</column>
<column name="sub_ln859_32_fu_1108_p2">-, 0, 0, 31, 24, 24</column>
<column name="sub_ln859_33_fu_684_p2">-, 0, 0, 31, 24, 24</column>
<column name="sub_ln859_34_fu_1204_p2">-, 0, 0, 31, 24, 24</column>
<column name="sub_ln859_35_fu_714_p2">-, 0, 0, 31, 24, 24</column>
<column name="sub_ln859_36_fu_1304_p2">-, 0, 0, 31, 24, 24</column>
<column name="sub_ln859_fu_164_p2">-, 0, 0, 31, 24, 24</column>
<column name="sub_ln864_2_fu_150_p2">-, 0, 0, 31, 1, 24</column>
<column name="sub_ln864_fu_136_p2">-, 0, 0, 31, 1, 24</column>
<column name="select_ln1319_17_fu_337_p3">select, 0, 0, 24, 1, 24</column>
<column name="select_ln1319_18_fu_484_p3">select, 0, 0, 23, 1, 23</column>
<column name="select_ln1319_19_fu_517_p3">select, 0, 0, 23, 1, 23</column>
<column name="select_ln1319_20_fu_572_p3">select, 0, 0, 22, 1, 22</column>
<column name="select_ln1319_21_fu_617_p3">select, 0, 0, 22, 1, 22</column>
<column name="select_ln1319_22_fu_760_p3">select, 0, 0, 21, 1, 21</column>
<column name="select_ln1319_23_fu_803_p3">select, 0, 0, 21, 1, 21</column>
<column name="select_ln1319_24_fu_866_p3">select, 0, 0, 20, 1, 20</column>
<column name="select_ln1319_25_fu_899_p3">select, 0, 0, 20, 1, 20</column>
<column name="select_ln1319_26_fu_954_p3">select, 0, 0, 19, 1, 19</column>
<column name="select_ln1319_27_fu_999_p3">select, 0, 0, 19, 1, 19</column>
<column name="select_ln1319_28_fu_1054_p3">select, 0, 0, 18, 1, 18</column>
<column name="select_ln1319_29_fu_1097_p3">select, 0, 0, 18, 1, 18</column>
<column name="select_ln1319_30_fu_1160_p3">select, 0, 0, 17, 1, 17</column>
<column name="select_ln1319_31_fu_1193_p3">select, 0, 0, 17, 1, 17</column>
<column name="select_ln1319_32_fu_1248_p3">select, 0, 0, 16, 1, 16</column>
<column name="select_ln1319_33_fu_1293_p3">select, 0, 0, 16, 1, 16</column>
<column name="select_ln1319_fu_298_p3">select, 0, 0, 24, 1, 24</column>
<column name="select_ln859_10_fu_244_p3">select, 0, 0, 15, 1, 15</column>
<column name="select_ln859_11_fu_381_p3">select, 0, 0, 14, 1, 14</column>
<column name="select_ln859_12_fu_410_p3">select, 0, 0, 13, 1, 13</column>
<column name="select_ln859_13_fu_440_p3">select, 0, 0, 12, 1, 12</column>
<column name="select_ln859_14_fu_647_p3">select, 0, 0, 11, 1, 11</column>
<column name="select_ln859_15_fu_676_p3">select, 0, 0, 10, 1, 10</column>
<column name="select_ln859_16_fu_706_p3">select, 0, 0, 9, 1, 9</column>
<column name="select_ln859_9_fu_214_p3">select, 0, 0, 16, 1, 16</column>
<column name="select_ln859_fu_184_p3">select, 0, 0, 17, 1, 17</column>
<column name="select_ln864_2_fu_156_p3">select, 0, 0, 24, 1, 24</column>
<column name="select_ln864_fu_142_p3">select, 0, 0, 24, 1, 24</column>
</table>
</item>
<item name = "Multiplexer"><table name="" hasTotal="1">
<keys size="5">Name, LUT, Input Size, Bits, Total Bits</keys>
</table>
</item>
<item name = "Register"><table name="" hasTotal="1">
<keys size="5">Name, FF, LUT, Bits, Const Bits</keys>
<column name="add_ln859_11_reg_1419">24, 0, 24, 0</column>
<column name="add_ln859_12_reg_1450">24, 0, 24, 0</column>
<column name="add_ln859_14_reg_1473">24, 0, 24, 0</column>
<column name="add_ln859_15_reg_1486">24, 0, 24, 0</column>
<column name="add_ln859_9_reg_1372">24, 0, 24, 0</column>
<column name="add_ln859_reg_1335">24, 0, 24, 0</column>
<column name="sub_ln1319_18_reg_1378">25, 0, 25, 0</column>
<column name="sub_ln1319_19_reg_1383">25, 0, 25, 0</column>
<column name="sub_ln1319_24_reg_1456">25, 0, 25, 0</column>
<column name="sub_ln1319_25_reg_1461">25, 0, 25, 0</column>
<column name="sub_ln1319_30_reg_1492">25, 0, 25, 0</column>
<column name="sub_ln1319_31_reg_1497">25, 0, 25, 0</column>
<column name="sub_ln859_20_reg_1366">24, 0, 24, 0</column>
<column name="sub_ln859_23_reg_1354">24, 0, 24, 0</column>
<column name="sub_ln859_24_reg_1412">24, 0, 24, 0</column>
<column name="sub_ln859_26_reg_1444">24, 0, 24, 0</column>
<column name="sub_ln859_29_reg_1400">24, 0, 24, 0</column>
<column name="sub_ln859_30_reg_1466">24, 0, 24, 0</column>
<column name="sub_ln859_32_reg_1480">24, 0, 24, 0</column>
<column name="sub_ln859_reg_1328">24, 0, 24, 0</column>
<column name="ti_int_reg">24, 0, 24, 0</column>
<column name="tmp_71_reg_1342">1, 0, 1, 0</column>
<column name="tmp_73_reg_1348">1, 0, 1, 0</column>
<column name="tmp_73_reg_1348_pp0_iter1_reg">1, 0, 1, 0</column>
<column name="tmp_75_reg_1360">1, 0, 1, 0</column>
<column name="tmp_75_reg_1360_pp0_iter1_reg">1, 0, 1, 0</column>
<column name="tmp_77_reg_1388">1, 0, 1, 0</column>
<column name="tmp_77_reg_1388_pp0_iter2_reg">1, 0, 1, 0</column>
<column name="tmp_79_reg_1394">1, 0, 1, 0</column>
<column name="tmp_81_reg_1406">1, 0, 1, 0</column>
<column name="tmp_83_reg_1426">1, 0, 1, 0</column>
<column name="tmp_85_reg_1432">1, 0, 1, 0</column>
<column name="tmp_87_reg_1438">1, 0, 1, 0</column>
<column name="xi_int_reg">24, 0, 24, 0</column>
<column name="yi_int_reg">24, 0, 24, 0</column>
<column name="tmp_79_reg_1394">64, 32, 1, 0</column>
<column name="tmp_81_reg_1406">64, 32, 1, 0</column>
<column name="tmp_83_reg_1426">64, 32, 1, 0</column>
<column name="tmp_85_reg_1432">64, 32, 1, 0</column>
<column name="tmp_87_reg_1438">64, 32, 1, 0</column>
</table>
</item>
</section>
</item>
</section>

<section name = "Interface" level="0">
<item name = "Summary"><table name="" hasTotal="0">
<keys size="6">RTL Ports, Dir, Bits, Protocol, Source Object, C Type</keys>
<column name="ap_clk">in, 1, ap_ctrl_hs, cordic, return value</column>
<column name="ap_rst">in, 1, ap_ctrl_hs, cordic, return value</column>
<column name="ap_return_0">out, 24, ap_ctrl_hs, cordic, return value</column>
<column name="ap_return_1">out, 24, ap_ctrl_hs, cordic, return value</column>
<column name="xi">in, 24, ap_none, xi, scalar</column>
<column name="yi">in, 24, ap_none, yi, scalar</column>
<column name="ti">in, 24, ap_none, ti, scalar</column>
</table>
</item>
</section>
</profile>
