<pragmas>
<pragma file="C:/Xilinx/Vitis_HLS/2022.1/common/technology/autopilot\ap_fixed.h" line="191" pragmaType="inline" parentfunction="ap_fixed<24, 8, (ap_q_mode)5, (ap_o_mode)3, 0>::ap_fixed(double)" off="0" region="0" recursive="0"/>
<pragma file="C:/Xilinx/Vitis_HLS/2022.1/common/technology/autopilot\ap_int.h" line="145" pragmaType="inline" parentfunction="ap_int<55>::ap_int<55, true>(ap_int_base<55, true> const&)" off="0" region="0" recursive="0"/>
<pragma file="C:/Xilinx/Vitis_HLS/2022.1/common/technology/autopilot\ap_fixed.h" line="73" pragmaType="inline" parentfunction="ap_fixed<24, 8, (ap_q_mode)5, (ap_o_mode)3, 0>::ap_fixed<80, 48, true, (ap_q_mode)5, (ap_o_mode)3, 0>(ap_fixed_base<80, 48, true, (ap_q_mode)5, (ap_o_mode)3, 0> const&)" off="0" region="0" recursive="0"/>
<pragma file="C:/Xilinx/Vitis_HLS/2022.1/common/technology/autopilot\ap_int_base.h" line="1542" pragmaType="inline" parentfunction="ap_int_base<1, false>::RType<54, true>::minus operator-<1, false, 54, true>(ap_int_base<1, false> const&, ap_int_base<54, true> const&)" off="0" region="0" recursive="0"/>
<pragma file="C:/Xilinx/Vitis_HLS/2022.1/common/technology/autopilot\ap_common.h" line="559" pragmaType="inline" parentfunction="ssdm_int<64, true>::ssdm_int(long)" off="0" region="0" recursive="0"/>
<pragma file="C:/Xilinx/Vitis_HLS/2022.1/common/technology/autopilot\ap_fixed_base.h" line="2422" pragmaType="inline" parentfunction="ap_fixed_base<24, 8, true, (ap_q_mode)5, (ap_o_mode)3, 0>::RType<($_0)32, ($_0)32, true>::mult operator*<24, 8, true, (ap_q_mode)5, (ap_o_mode)3, 0>(ap_fixed_base<24, 8, true, (ap_q_mode)5, (ap_o_mode)3, 0> const&, int)" off="0" region="0" recursive="0"/>
<pragma file="C:/Xilinx/Vitis_HLS/2022.1/common/technology/autopilot\ap_int_base.h" line="221" pragmaType="inline" parentfunction="ap_int_base<64, false>::ap_int_base()" off="0" region="0" recursive="0"/>
<pragma file="C:/Xilinx/Vitis_HLS/2022.1/common/technology/autopilot\ap_fixed_base.h" line="1394" pragmaType="inline" parentfunction="ap_fixed_base<24, 8, true, (ap_q_mode)5, (ap_o_mode)3, 0>::RType<24, 8, true>::minus ap_fixed_base<24, 8, true, (ap_q_mode)5, (ap_o_mode)3, 0>::operator-<24, 8, true, (ap_q_mode)5, (ap_o_mode)3, 0>(ap_fixed_base<24, 8, true, (ap_q_mode)5, (ap_o_mode)3, 0> const&) const" off="0" region="0" recursive="0"/>
<pragma file="C:/Xilinx/Vitis_HLS/2022.1/common/technology/autopilot\ap_int_base.h" line="221" pragmaType="inline" parentfunction="ap_int_base<54, true>::ap_int_base()" off="0" region="0" recursive="0"/>
<pragma file="C:/Xilinx/Vitis_HLS/2022.1/common/technology/autopilot\ap_int_base.h" line="221" pragmaType="inline" parentfunction="ap_int_base<11, false>::ap_int_base()" off="0" region="0" recursive="0"/>
<pragma file="C:/Xilinx/Vitis_HLS/2022.1/common/technology/autopilot\ap_common.h" line="567" pragmaType="inline" parentfunction="_ZN8ssdm_intILi1ELb0EEC2EDq1_j" off="0" region="0" recursive="0"/>
<pragma file="C:/Xilinx/Vitis_HLS/2022.1/common/technology/autopilot\ap_fixed_base.h" line="2422" pragmaType="inline" parentfunction="bool operator<<24, 8, true, (ap_q_mode)5, (ap_o_mode)3, 0>(ap_fixed_base<24, 8, true, (ap_q_mode)5, (ap_o_mode)3, 0> const&, int)" off="0" region="0" recursive="0"/>
<pragma file="C:/Xilinx/Vitis_HLS/2022.1/common/technology/autopilot\ap_fixed.h" line="73" pragmaType="inline" parentfunction="ap_fixed<24, 8, (ap_q_mode)5, (ap_o_mode)3, 0>::ap_fixed<24, 8, true, (ap_q_mode)5, (ap_o_mode)3, 0>(ap_fixed_base<24, 8, true, (ap_q_mode)5, (ap_o_mode)3, 0> const&)" off="0" region="0" recursive="0"/>
<pragma file="C:/Xilinx/Vitis_HLS/2022.1/common/technology/autopilot\ap_fixed_base.h" line="1498" pragmaType="inline" parentfunction="ap_fixed_base<24, 8, true, (ap_q_mode)5, (ap_o_mode)3, 0>::operator<<(unsigned int) const" off="0" region="0" recursive="0"/>
<pragma file="C:/Xilinx/Vitis_HLS/2022.1/common/technology/autopilot\ap_int_base.h" line="231" pragmaType="inline" parentfunction="ap_int_base<55, true>::ap_int_base<54, true>(ap_int_base<54, true> const&)" off="0" region="0" recursive="0"/>
<pragma file="C:/Xilinx/Vitis_HLS/2022.1/common/technology/autopilot\ap_common.h" line="559" pragmaType="inline" parentfunction="_ZN8ssdm_intILi55ELb1EEC2EDq55_i" off="0" region="0" recursive="0"/>
<pragma file="C:/Xilinx/Vitis_HLS/2022.1/common/technology/autopilot\ap_int.h" line="145" pragmaType="inline" parentfunction="ap_int<65>::ap_int<65, true>(ap_int_base<65, true> const&)" off="0" region="0" recursive="0"/>
<pragma file="C:/Xilinx/Vitis_HLS/2022.1/common/technology/autopilot\ap_int_base.h" line="940" pragmaType="inline" parentfunction="ap_int_base<54, true>::operator-() const" off="0" region="0" recursive="0"/>
<pragma file="C:/Xilinx/Vitis_HLS/2022.1/common/technology/autopilot\ap_common.h" line="559" pragmaType="inline" parentfunction="_ZN8ssdm_intILi65ELb1EEC2EDq65_i" off="0" region="0" recursive="0"/>
<pragma file="C:/Xilinx/Vitis_HLS/2022.1/common/technology/autopilot\ap_int_base.h" line="260" pragmaType="inline" parentfunction="ap_int_base<1, false>::ap_int_base(int)" off="0" region="0" recursive="0"/>
<pragma file="C:/Xilinx/Vitis_HLS/2022.1/common/technology/autopilot\ap_fixed_base.h" line="1313" pragmaType="inline" parentfunction="ap_fixed_base<56, 40, true, (ap_q_mode)5, (ap_o_mode)3, 0>::RType<24, 8, true>::mult ap_fixed_base<56, 40, true, (ap_q_mode)5, (ap_o_mode)3, 0>::operator*<24, 8, true, (ap_q_mode)5, (ap_o_mode)3, 0>(ap_fixed_base<24, 8, true, (ap_q_mode)5, (ap_o_mode)3, 0> const&) const" off="0" region="0" recursive="0"/>
<pragma file="C:/Xilinx/Vitis_HLS/2022.1/common/technology/autopilot\ap_fixed.h" line="183" pragmaType="inline" parentfunction="ap_fixed<24, 8, (ap_q_mode)5, (ap_o_mode)3, 0>::ap_fixed(int)" off="0" region="0" recursive="0"/>
<pragma file="C:/Xilinx/Vitis_HLS/2022.1/common/technology/autopilot\ap_fixed_base.h" line="1393" pragmaType="inline" parentfunction="ap_fixed_base<24, 8, true, (ap_q_mode)5, (ap_o_mode)3, 0>::RType<24, 8, true>::plus ap_fixed_base<24, 8, true, (ap_q_mode)5, (ap_o_mode)3, 0>::operator+<24, 8, true, (ap_q_mode)5, (ap_o_mode)3, 0>(ap_fixed_base<24, 8, true, (ap_q_mode)5, (ap_o_mode)3, 0> const&) const" off="0" region="0" recursive="0"/>
<pragma file="C:/Xilinx/Vitis_HLS/2022.1/common/technology/autopilot\ap_int_base.h" line="262" pragmaType="inline" parentfunction="ap_int_base<64, true>::ap_int_base(long)" off="0" region="0" recursive="0"/>
<pragma file="C:/Xilinx/Vitis_HLS/2022.1/common/technology/autopilot\ap_int_base.h" line="1542" pragmaType="inline" parentfunction="ap_int_base<11, false>::RType<64, true>::minus operator-<11, false, 64, true>(ap_int_base<11, false> const&, ap_int_base<64, true> const&)" off="0" region="0" recursive="0"/>
<pragma file="C:/Xilinx/Vitis_HLS/2022.1/common/technology/autopilot\ap_int_base.h" line="1681" pragmaType="inline" parentfunction="ap_int_base<11, false>::RType<($_0)64, true>::minus operator-<11, false>(ap_int_base<11, false> const&, long)" off="0" region="0" recursive="0"/>
<pragma file="C:/Xilinx/Vitis_HLS/2022.1/common/technology/autopilot\ap_fixed.h" line="73" pragmaType="inline" parentfunction="ap_fixed<24, 8, (ap_q_mode)5, (ap_o_mode)3, 0>::ap_fixed<25, 9, true, (ap_q_mode)5, (ap_o_mode)3, 0>(ap_fixed_base<25, 9, true, (ap_q_mode)5, (ap_o_mode)3, 0> const&)" off="0" region="0" recursive="0"/>
<pragma file="C:/Xilinx/Vitis_HLS/2022.1/common/technology/autopilot\ap_int_base.h" line="221" pragmaType="inline" parentfunction="ap_int_base<12, true>::ap_int_base()" off="0" region="0" recursive="0"/>
<pragma file="C:/Xilinx/Vitis_HLS/2022.1/common/technology/autopilot\ap_int_base.h" line="231" pragmaType="inline" parentfunction="ap_int_base<65, true>::ap_int_base<64, true>(ap_int_base<64, true> const&)" off="0" region="0" recursive="0"/>
<pragma file="C:/Xilinx/Vitis_HLS/2022.1/common/technology/autopilot\ap_int_base.h" line="260" pragmaType="inline" parentfunction="ap_int_base<65, true>::ap_int_base(int)" off="0" region="0" recursive="0"/>
<pragma file="C:/Xilinx/Vitis_HLS/2022.1/common/technology/autopilot\ap_common.h" line="762" pragmaType="inline" parentfunction="doubleToRawBits" off="0" region="0" recursive="0"/>
<pragma file="C:/Xilinx/Vitis_HLS/2022.1/common/technology/autopilot\ap_int_base.h" line="260" pragmaType="inline" parentfunction="ap_int_base<55, true>::ap_int_base(int)" off="0" region="0" recursive="0"/>
<pragma file="C:/Xilinx/Vitis_HLS/2022.1/common/technology/autopilot\ap_int_base.h" line="231" pragmaType="inline" parentfunction="ap_int_base<55, true>::ap_int_base<1, false>(ap_int_base<1, false> const&)" off="0" region="0" recursive="0"/>
<pragma file="C:/Xilinx/Vitis_HLS/2022.1/common/technology/autopilot\ap_int_base.h" line="231" pragmaType="inline" parentfunction="ap_int_base<65, true>::ap_int_base<11, false>(ap_int_base<11, false> const&)" off="0" region="0" recursive="0"/>
<pragma file="C:/Xilinx/Vitis_HLS/2022.1/common/technology/autopilot\ap_fixed.h" line="73" pragmaType="inline" parentfunction="ap_fixed<24, 8, (ap_q_mode)5, (ap_o_mode)3, 0>::ap_fixed<57, 41, true, (ap_q_mode)5, (ap_o_mode)3, 0>(ap_fixed_base<57, 41, true, (ap_q_mode)5, (ap_o_mode)3, 0> const&)" off="0" region="0" recursive="0"/>
<pragma file="C:/Xilinx/Vitis_HLS/2022.1/common/technology/autopilot\ap_fixed_base.h" line="1566" pragmaType="inline" parentfunction="ap_fixed_base<24, 8, true, (ap_q_mode)5, (ap_o_mode)3, 0>::operator>>(int) const" off="0" region="0" recursive="0"/>
<pragma file="C:/Xilinx/Vitis_HLS/2022.1/common/technology/autopilot\ap_fixed_base.h" line="1532" pragmaType="inline" parentfunction="ap_fixed_base<24, 8, true, (ap_q_mode)5, (ap_o_mode)3, 0>::operator>>(unsigned int) const" off="0" region="0" recursive="0"/>
<pragma file="C:/Xilinx/Vitis_HLS/2022.1/common/technology/autopilot\ap_fixed_base.h" line="1394" pragmaType="inline" parentfunction="ap_fixed_base<24, 8, true, (ap_q_mode)5, (ap_o_mode)3, 0>::RType<56, 40, true>::minus ap_fixed_base<24, 8, true, (ap_q_mode)5, (ap_o_mode)3, 0>::operator-<56, 40, true, (ap_q_mode)5, (ap_o_mode)3, 0>(ap_fixed_base<56, 40, true, (ap_q_mode)5, (ap_o_mode)3, 0> const&) const" off="0" region="0" recursive="0"/>
<pragma file="C:/Xilinx/Vitis_HLS/2022.1/common/technology/autopilot\ap_common.h" line="559" pragmaType="inline" parentfunction="_ZN8ssdm_intILi24ELb1EEC2EDq24_i" off="0" region="0" recursive="0"/>
<pragma file="C:/Xilinx/Vitis_HLS/2022.1/common/technology/autopilot\ap_fixed_base.h" line="576" pragmaType="inline" parentfunction="ap_fixed_base<25, 9, true, (ap_q_mode)5, (ap_o_mode)3, 0>::ap_fixed_base(int)" off="0" region="0" recursive="0"/>
<pragma file="C:/Xilinx/Vitis_HLS/2022.1/common/technology/autopilot\ap_fixed_base.h" line="446" pragmaType="inline" parentfunction="ap_fixed_base<24, 8, true, (ap_q_mode)5, (ap_o_mode)3, 0>::ap_fixed_base<25, 9, true, (ap_q_mode)5, (ap_o_mode)3, 0>(ap_fixed_base<25, 9, true, (ap_q_mode)5, (ap_o_mode)3, 0> const&)" off="0" region="0" recursive="0"/>
<pragma file="C:/Xilinx/Vitis_HLS/2022.1/common/technology/autopilot\ap_fixed_base.h" line="1466" pragmaType="inline" parentfunction="ap_fixed_base<32, 32, true, (ap_q_mode)5, (ap_o_mode)3, 0>::operator!() const" off="0" region="0" recursive="0"/>
<pragma file="C:/Xilinx/Vitis_HLS/2022.1/common/technology/autopilot\ap_fixed_base.h" line="446" pragmaType="inline" parentfunction="ap_fixed_base<24, 8, true, (ap_q_mode)5, (ap_o_mode)3, 0>::ap_fixed_base<80, 48, true, (ap_q_mode)5, (ap_o_mode)3, 0>(ap_fixed_base<80, 48, true, (ap_q_mode)5, (ap_o_mode)3, 0> const&)" off="0" region="0" recursive="0"/>
<pragma file="C:/Xilinx/Vitis_HLS/2022.1/common/technology/autopilot\ap_fixed_base.h" line="1466" pragmaType="inline" parentfunction="ap_fixed_base<56, 40, true, (ap_q_mode)5, (ap_o_mode)3, 0>::operator!() const" off="0" region="0" recursive="0"/>
<pragma file="C:/Xilinx/Vitis_HLS/2022.1/common/technology/autopilot\ap_common.h" line="559" pragmaType="inline" parentfunction="_ZN8ssdm_intILi25ELb1EEC2EDq25_i" off="0" region="0" recursive="0"/>
<pragma file="C:/Xilinx/Vitis_HLS/2022.1/common/technology/autopilot\ap_fixed_base.h" line="446" pragmaType="inline" parentfunction="ap_fixed_base<24, 8, true, (ap_q_mode)5, (ap_o_mode)3, 0>::ap_fixed_base<57, 41, true, (ap_q_mode)5, (ap_o_mode)3, 0>(ap_fixed_base<57, 41, true, (ap_q_mode)5, (ap_o_mode)3, 0> const&)" off="0" region="0" recursive="0"/>
<pragma file="C:/Xilinx/Vitis_HLS/2022.1/common/technology/autopilot\ap_fixed_base.h" line="441" pragmaType="inline" parentfunction="ap_fixed_base<32, 32, true, (ap_q_mode)5, (ap_o_mode)3, 0>::ap_fixed_base()" off="0" region="0" recursive="0"/>
<pragma file="C:/Xilinx/Vitis_HLS/2022.1/common/technology/autopilot\ap_fixed_base.h" line="1466" pragmaType="inline" parentfunction="ap_fixed_base<80, 48, true, (ap_q_mode)5, (ap_o_mode)3, 0>::operator!() const" off="0" region="0" recursive="0"/>
<pragma file="C:/Xilinx/Vitis_HLS/2022.1/common/technology/autopilot\ap_fixed_base.h" line="576" pragmaType="inline" parentfunction="ap_fixed_base<32, 32, true, (ap_q_mode)5, (ap_o_mode)3, 0>::ap_fixed_base(int)" off="0" region="0" recursive="0"/>
<pragma file="C:/Xilinx/Vitis_HLS/2022.1/common/technology/autopilot\ap_fixed_base.h" line="1313" pragmaType="inline" parentfunction="ap_fixed_base<24, 8, true, (ap_q_mode)5, (ap_o_mode)3, 0>::RType<32, 32, true>::mult ap_fixed_base<24, 8, true, (ap_q_mode)5, (ap_o_mode)3, 0>::operator*<32, 32, true, (ap_q_mode)5, (ap_o_mode)3, 0>(ap_fixed_base<32, 32, true, (ap_q_mode)5, (ap_o_mode)3, 0> const&) const" off="0" region="0" recursive="0"/>
<pragma file="C:/Xilinx/Vitis_HLS/2022.1/common/technology/autopilot\ap_fixed_base.h" line="576" pragmaType="inline" parentfunction="ap_fixed_base<56, 40, true, (ap_q_mode)5, (ap_o_mode)3, 0>::ap_fixed_base(int)" off="0" region="0" recursive="0"/>
<pragma file="C:/Xilinx/Vitis_HLS/2022.1/common/technology/autopilot\ap_fixed_base.h" line="446" pragmaType="inline" parentfunction="ap_fixed_base<25, 9, true, (ap_q_mode)5, (ap_o_mode)3, 0>::ap_fixed_base<24, 8, true, (ap_q_mode)5, (ap_o_mode)3, 0>(ap_fixed_base<24, 8, true, (ap_q_mode)5, (ap_o_mode)3, 0> const&)" off="0" region="0" recursive="0"/>
<pragma file="C:/Xilinx/Vitis_HLS/2022.1/common/technology/autopilot\ap_fixed.h" line="73" pragmaType="inline" parentfunction="ap_fixed<56, 40, (ap_q_mode)5, (ap_o_mode)3, 0>::ap_fixed<56, 40, true, (ap_q_mode)5, (ap_o_mode)3, 0>(ap_fixed_base<56, 40, true, (ap_q_mode)5, (ap_o_mode)3, 0> const&)" off="0" region="0" recursive="0"/>
<pragma file="C:/Xilinx/Vitis_HLS/2022.1/common/technology/autopilot\ap_fixed_base.h" line="1466" pragmaType="inline" parentfunction="ap_fixed_base<25, 9, true, (ap_q_mode)5, (ap_o_mode)3, 0>::operator!() const" off="0" region="0" recursive="0"/>
<pragma file="C:/Xilinx/Vitis_HLS/2022.1/common/technology/autopilot\ap_fixed_base.h" line="576" pragmaType="inline" parentfunction="ap_fixed_base<57, 41, true, (ap_q_mode)5, (ap_o_mode)3, 0>::ap_fixed_base(int)" off="0" region="0" recursive="0"/>
<pragma file="C:/Xilinx/Vitis_HLS/2022.1/common/technology/autopilot\ap_fixed_base.h" line="576" pragmaType="inline" parentfunction="ap_fixed_base<80, 48, true, (ap_q_mode)5, (ap_o_mode)3, 0>::ap_fixed_base(int)" off="0" region="0" recursive="0"/>
<pragma file="C:/Xilinx/Vitis_HLS/2022.1/common/technology/autopilot\ap_fixed.h" line="73" pragmaType="inline" parentfunction="ap_fixed<80, 48, (ap_q_mode)5, (ap_o_mode)3, 0>::ap_fixed<80, 48, true, (ap_q_mode)5, (ap_o_mode)3, 0>(ap_fixed_base<80, 48, true, (ap_q_mode)5, (ap_o_mode)3, 0> const&)" off="0" region="0" recursive="0"/>
<pragma file="C:/Xilinx/Vitis_HLS/2022.1/common/technology/autopilot\ap_fixed.h" line="73" pragmaType="inline" parentfunction="ap_fixed<25, 9, (ap_q_mode)5, (ap_o_mode)3, 0>::ap_fixed<25, 9, true, (ap_q_mode)5, (ap_o_mode)3, 0>(ap_fixed_base<25, 9, true, (ap_q_mode)5, (ap_o_mode)3, 0> const&)" off="0" region="0" recursive="0"/>
<pragma file="C:/Xilinx/Vitis_HLS/2022.1/common/technology/autopilot\ap_fixed_base.h" line="446" pragmaType="inline" parentfunction="ap_fixed_base<57, 41, true, (ap_q_mode)5, (ap_o_mode)3, 0>::ap_fixed_base<24, 8, true, (ap_q_mode)5, (ap_o_mode)3, 0>(ap_fixed_base<24, 8, true, (ap_q_mode)5, (ap_o_mode)3, 0> const&)" off="0" region="0" recursive="0"/>
<pragma file="C:/Xilinx/Vitis_HLS/2022.1/common/technology/autopilot\ap_fixed_base.h" line="446" pragmaType="inline" parentfunction="ap_fixed_base<57, 41, true, (ap_q_mode)5, (ap_o_mode)3, 0>::ap_fixed_base<56, 40, true, (ap_q_mode)5, (ap_o_mode)3, 0>(ap_fixed_base<56, 40, true, (ap_q_mode)5, (ap_o_mode)3, 0> const&)" off="0" region="0" recursive="0"/>
<pragma file="C:/Xilinx/Vitis_HLS/2022.1/common/technology/autopilot\ap_common.h" line="559" pragmaType="inline" parentfunction="_ZN8ssdm_intILi57ELb1EEC2EDq57_i" off="0" region="0" recursive="0"/>
<pragma file="C:/Xilinx/Vitis_HLS/2022.1/common/technology/autopilot\ap_fixed_base.h" line="1466" pragmaType="inline" parentfunction="ap_fixed_base<57, 41, true, (ap_q_mode)5, (ap_o_mode)3, 0>::operator!() const" off="0" region="0" recursive="0"/>
<pragma file="C:/Xilinx/Vitis_HLS/2022.1/common/technology/autopilot\ap_fixed.h" line="73" pragmaType="inline" parentfunction="ap_fixed<57, 41, (ap_q_mode)5, (ap_o_mode)3, 0>::ap_fixed<57, 41, true, (ap_q_mode)5, (ap_o_mode)3, 0>(ap_fixed_base<57, 41, true, (ap_q_mode)5, (ap_o_mode)3, 0> const&)" off="0" region="0" recursive="0"/>
<pragma file="C:/Xilinx/Vitis_HLS/2022.1/common/technology/autopilot\ap_fixed_base.h" line="576" pragmaType="inline" parentfunction="ap_fixed_base<24, 8, true, (ap_q_mode)5, (ap_o_mode)3, 0>::ap_fixed_base(int)" off="0" region="0" recursive="0"/>
<pragma file="C:/Xilinx/Vitis_HLS/2022.1/common/technology/autopilot\ap_fixed_base.h" line="1466" pragmaType="inline" parentfunction="ap_fixed_base<24, 8, true, (ap_q_mode)5, (ap_o_mode)3, 0>::operator!() const" off="0" region="0" recursive="0"/>
<pragma file="C:/Xilinx/Vitis_HLS/2022.1/common/technology/autopilot\ap_fixed_base.h" line="1466" pragmaType="inline" parentfunction="ap_fixed_base<51, 19, true, (ap_q_mode)5, (ap_o_mode)3, 0>::operator!() const" off="0" region="0" recursive="0"/>
<pragma file="C:/Xilinx/Vitis_HLS/2022.1/common/technology/autopilot\ap_fixed.h" line="73" pragmaType="inline" parentfunction="ap_fixed<68, 36, (ap_q_mode)5, (ap_o_mode)3, 0>::ap_fixed<68, 36, true, (ap_q_mode)5, (ap_o_mode)3, 0>(ap_fixed_base<68, 36, true, (ap_q_mode)5, (ap_o_mode)3, 0> const&)" off="0" region="0" recursive="0"/>
<pragma file="src_fromA5V3/linearsolver.cpp" line="16" pragmaType="interface" parentfunction="LinearSolver" mode="s_axilite" port="" bundle="HLS_TREEADD_PERIPH_BUS" offset="-1" name="" clock="" impl="" register="0"/>
<pragma file="src_fromA5V3/linearsolver.cpp" line="17" pragmaType="interface" parentfunction="LinearSolver" mode="s_axilite" port="a11" bundle="HLS_TREEADD_PERIPH_BUS" offset="-1" name="" clock="" impl="" register="0"/>
<pragma file="src_fromA5V3/linearsolver.cpp" line="18" pragmaType="interface" parentfunction="LinearSolver" mode="s_axilite" port="a21" bundle="HLS_TREEADD_PERIPH_BUS" offset="-1" name="" clock="" impl="" register="0"/>
<pragma file="src_fromA5V3/linearsolver.cpp" line="19" pragmaType="interface" parentfunction="LinearSolver" mode="s_axilite" port="a31" bundle="HLS_TREEADD_PERIPH_BUS" offset="-1" name="" clock="" impl="" register="0"/>
<pragma file="src_fromA5V3/linearsolver.cpp" line="20" pragmaType="interface" parentfunction="LinearSolver" mode="s_axilite" port="a41" bundle="HLS_TREEADD_PERIPH_BUS" offset="-1" name="" clock="" impl="" register="0"/>
<pragma file="src_fromA5V3/linearsolver.cpp" line="21" pragmaType="interface" parentfunction="LinearSolver" mode="s_axilite" port="a12" bundle="HLS_TREEADD_PERIPH_BUS" offset="-1" name="" clock="" impl="" register="0"/>
<pragma file="src_fromA5V3/linearsolver.cpp" line="22" pragmaType="interface" parentfunction="LinearSolver" mode="s_axilite" port="a22" bundle="HLS_TREEADD_PERIPH_BUS" offset="-1" name="" clock="" impl="" register="0"/>
<pragma file="src_fromA5V3/linearsolver.cpp" line="23" pragmaType="interface" parentfunction="LinearSolver" mode="s_axilite" port="a32" bundle="HLS_TREEADD_PERIPH_BUS" offset="-1" name="" clock="" impl="" register="0"/>
<pragma file="src_fromA5V3/linearsolver.cpp" line="24" pragmaType="interface" parentfunction="LinearSolver" mode="s_axilite" port="a42" bundle="HLS_TREEADD_PERIPH_BUS" offset="-1" name="" clock="" impl="" register="0"/>
<pragma file="src_fromA5V3/linearsolver.cpp" line="25" pragmaType="interface" parentfunction="LinearSolver" mode="s_axilite" port="a13" bundle="HLS_TREEADD_PERIPH_BUS" offset="-1" name="" clock="" impl="" register="0"/>
<pragma file="src_fromA5V3/linearsolver.cpp" line="26" pragmaType="interface" parentfunction="LinearSolver" mode="s_axilite" port="a23" bundle="HLS_TREEADD_PERIPH_BUS" offset="-1" name="" clock="" impl="" register="0"/>
<pragma file="src_fromA5V3/linearsolver.cpp" line="27" pragmaType="interface" parentfunction="LinearSolver" mode="s_axilite" port="a33" bundle="HLS_TREEADD_PERIPH_BUS" offset="-1" name="" clock="" impl="" register="0"/>
<pragma file="src_fromA5V3/linearsolver.cpp" line="28" pragmaType="interface" parentfunction="LinearSolver" mode="s_axilite" port="a43" bundle="HLS_TREEADD_PERIPH_BUS" offset="-1" name="" clock="" impl="" register="0"/>
<pragma file="src_fromA5V3/linearsolver.cpp" line="29" pragmaType="interface" parentfunction="LinearSolver" mode="s_axilite" port="a14" bundle="HLS_TREEADD_PERIPH_BUS" offset="-1" name="" clock="" impl="" register="0"/>
<pragma file="src_fromA5V3/linearsolver.cpp" line="30" pragmaType="interface" parentfunction="LinearSolver" mode="s_axilite" port="a24" bundle="HLS_TREEADD_PERIPH_BUS" offset="-1" name="" clock="" impl="" register="0"/>
<pragma file="src_fromA5V3/linearsolver.cpp" line="31" pragmaType="interface" parentfunction="LinearSolver" mode="s_axilite" port="a34" bundle="HLS_TREEADD_PERIPH_BUS" offset="-1" name="" clock="" impl="" register="0"/>
<pragma file="src_fromA5V3/linearsolver.cpp" line="32" pragmaType="interface" parentfunction="LinearSolver" mode="s_axilite" port="a44" bundle="HLS_TREEADD_PERIPH_BUS" offset="-1" name="" clock="" impl="" register="0"/>
<pragma file="src_fromA5V3/linearsolver.cpp" line="34" pragmaType="interface" parentfunction="LinearSolver" mode="s_axilite" port="b1" bundle="HLS_TREEADD_PERIPH_BUS" offset="-1" name="" clock="" impl="" register="0"/>
<pragma file="src_fromA5V3/linearsolver.cpp" line="35" pragmaType="interface" parentfunction="LinearSolver" mode="s_axilite" port="b2" bundle="HLS_TREEADD_PERIPH_BUS" offset="-1" name="" clock="" impl="" register="0"/>
<pragma file="src_fromA5V3/linearsolver.cpp" line="36" pragmaType="interface" parentfunction="LinearSolver" mode="s_axilite" port="b3" bundle="HLS_TREEADD_PERIPH_BUS" offset="-1" name="" clock="" impl="" register="0"/>
<pragma file="src_fromA5V3/linearsolver.cpp" line="37" pragmaType="interface" parentfunction="LinearSolver" mode="s_axilite" port="b4" bundle="HLS_TREEADD_PERIPH_BUS" offset="-1" name="" clock="" impl="" register="0"/>
<pragma file="src_fromA5V3/linearsolver.cpp" line="39" pragmaType="interface" parentfunction="LinearSolver" mode="s_axilite" port="x1" bundle="HLS_TREEADD_PERIPH_BUS" offset="-1" name="" clock="" impl="" register="0"/>
<pragma file="src_fromA5V3/linearsolver.cpp" line="40" pragmaType="interface" parentfunction="LinearSolver" mode="s_axilite" port="x2" bundle="HLS_TREEADD_PERIPH_BUS" offset="-1" name="" clock="" impl="" register="0"/>
<pragma file="src_fromA5V3/linearsolver.cpp" line="41" pragmaType="interface" parentfunction="LinearSolver" mode="s_axilite" port="x3" bundle="HLS_TREEADD_PERIPH_BUS" offset="-1" name="" clock="" impl="" register="0"/>
<pragma file="src_fromA5V3/linearsolver.cpp" line="42" pragmaType="interface" parentfunction="LinearSolver" mode="s_axilite" port="x4" bundle="HLS_TREEADD_PERIPH_BUS" offset="-1" name="" clock="" impl="" register="0"/>
<pragma file="C:/Xilinx/Vitis_HLS/2022.1/common/technology/autopilot\ap_fixed_base.h" line="1313" pragmaType="inline" parentfunction="ap_fixed_base<24, 8, true, (ap_q_mode)5, (ap_o_mode)3, 0>::RType<24, 8, true>::mult ap_fixed_base<24, 8, true, (ap_q_mode)5, (ap_o_mode)3, 0>::operator*<24, 8, true, (ap_q_mode)5, (ap_o_mode)3, 0>(ap_fixed_base<24, 8, true, (ap_q_mode)5, (ap_o_mode)3, 0> const&) const" off="0" region="0" recursive="0"/>
<pragma file="C:/Xilinx/Vitis_HLS/2022.1/common/technology/autopilot\ap_fixed.h" line="73" pragmaType="inline" parentfunction="ap_fixed<24, 8, (ap_q_mode)5, (ap_o_mode)3, 0>::ap_fixed<48, 16, true, (ap_q_mode)5, (ap_o_mode)3, 0>(ap_fixed_base<48, 16, true, (ap_q_mode)5, (ap_o_mode)3, 0> const&)" off="0" region="0" recursive="0"/>
<pragma file="C:/Xilinx/Vitis_HLS/2022.1/common/technology/autopilot\ap_fixed_base.h" line="1327" pragmaType="inline" parentfunction="ap_fixed_base<49, 17, true, (ap_q_mode)5, (ap_o_mode)3, 0>::RType<24, 8, true>::div ap_fixed_base<49, 17, true, (ap_q_mode)5, (ap_o_mode)3, 0>::operator/<24, 8, true, (ap_q_mode)5, (ap_o_mode)3, 0>(ap_fixed_base<24, 8, true, (ap_q_mode)5, (ap_o_mode)3, 0> const&) const" off="0" region="0" recursive="0"/>
<pragma file="C:/Xilinx/Vitis_HLS/2022.1/common/technology/autopilot\ap_fixed.h" line="73" pragmaType="inline" parentfunction="ap_fixed<24, 8, (ap_q_mode)5, (ap_o_mode)3, 0>::ap_fixed<67, 35, true, (ap_q_mode)5, (ap_o_mode)3, 0>(ap_fixed_base<67, 35, true, (ap_q_mode)5, (ap_o_mode)3, 0> const&)" off="0" region="0" recursive="0"/>
<pragma file="C:/Xilinx/Vitis_HLS/2022.1/common/technology/autopilot\ap_fixed_base.h" line="1394" pragmaType="inline" parentfunction="ap_fixed_base<50, 18, true, (ap_q_mode)5, (ap_o_mode)3, 0>::RType<48, 16, true>::minus ap_fixed_base<50, 18, true, (ap_q_mode)5, (ap_o_mode)3, 0>::operator-<48, 16, true, (ap_q_mode)5, (ap_o_mode)3, 0>(ap_fixed_base<48, 16, true, (ap_q_mode)5, (ap_o_mode)3, 0> const&) const" off="0" region="0" recursive="0"/>
<pragma file="C:/Xilinx/Vitis_HLS/2022.1/common/technology/autopilot\ap_common.h" line="559" pragmaType="inline" parentfunction="_ZN8ssdm_intILi67ELb1EEC2EDq67_i" off="0" region="0" recursive="0"/>
<pragma file="C:/Xilinx/Vitis_HLS/2022.1/common/technology/autopilot\ap_fixed_base.h" line="446" pragmaType="inline" parentfunction="ap_fixed_base<67, 19, true, (ap_q_mode)5, (ap_o_mode)3, 0>::ap_fixed_base<51, 19, true, (ap_q_mode)5, (ap_o_mode)3, 0>(ap_fixed_base<51, 19, true, (ap_q_mode)5, (ap_o_mode)3, 0> const&)" off="0" region="0" recursive="0"/>
<pragma file="C:/Xilinx/Vitis_HLS/2022.1/common/technology/autopilot\ap_fixed_base.h" line="576" pragmaType="inline" parentfunction="ap_fixed_base<51, 19, true, (ap_q_mode)5, (ap_o_mode)3, 0>::ap_fixed_base(int)" off="0" region="0" recursive="0"/>
<pragma file="C:/Xilinx/Vitis_HLS/2022.1/common/technology/autopilot\ap_fixed.h" line="68" pragmaType="inline" parentfunction="ap_fixed<24, 8, (ap_q_mode)5, (ap_o_mode)3, 0>::ap_fixed()" off="0" region="0" recursive="0"/>
<pragma file="C:/Xilinx/Vitis_HLS/2022.1/common/technology/autopilot\ap_common.h" line="559" pragmaType="inline" parentfunction="_ZN8ssdm_intILi48ELb1EEC2EDq48_i" off="0" region="0" recursive="0"/>
<pragma file="C:/Xilinx/Vitis_HLS/2022.1/common/technology/autopilot\ap_fixed_base.h" line="1327" pragmaType="inline" parentfunction="ap_fixed_base<24, 8, true, (ap_q_mode)5, (ap_o_mode)3, 0>::RType<24, 8, true>::div ap_fixed_base<24, 8, true, (ap_q_mode)5, (ap_o_mode)3, 0>::operator/<24, 8, true, (ap_q_mode)5, (ap_o_mode)3, 0>(ap_fixed_base<24, 8, true, (ap_q_mode)5, (ap_o_mode)3, 0> const&) const" off="0" region="0" recursive="0"/>
<pragma file="C:/Xilinx/Vitis_HLS/2022.1/common/technology/autopilot\ap_fixed_base.h" line="1394" pragmaType="inline" parentfunction="ap_fixed_base<24, 8, true, (ap_q_mode)5, (ap_o_mode)3, 0>::RType<48, 16, true>::minus ap_fixed_base<24, 8, true, (ap_q_mode)5, (ap_o_mode)3, 0>::operator-<48, 16, true, (ap_q_mode)5, (ap_o_mode)3, 0>(ap_fixed_base<48, 16, true, (ap_q_mode)5, (ap_o_mode)3, 0> const&) const" off="0" region="0" recursive="0"/>
<pragma file="C:/Xilinx/Vitis_HLS/2022.1/common/technology/autopilot\ap_fixed_base.h" line="446" pragmaType="inline" parentfunction="ap_fixed_base<48, 32, true, (ap_q_mode)5, (ap_o_mode)3, 0>::ap_fixed_base<32, 32, true, (ap_q_mode)5, (ap_o_mode)3, 0>(ap_fixed_base<32, 32, true, (ap_q_mode)5, (ap_o_mode)3, 0> const&)" off="0" region="0" recursive="0"/>
<pragma file="C:/Xilinx/Vitis_HLS/2022.1/common/technology/autopilot\ap_fixed_base.h" line="1327" pragmaType="inline" parentfunction="ap_fixed_base<50, 18, true, (ap_q_mode)5, (ap_o_mode)3, 0>::RType<24, 8, true>::div ap_fixed_base<50, 18, true, (ap_q_mode)5, (ap_o_mode)3, 0>::operator/<24, 8, true, (ap_q_mode)5, (ap_o_mode)3, 0>(ap_fixed_base<24, 8, true, (ap_q_mode)5, (ap_o_mode)3, 0> const&) const" off="0" region="0" recursive="0"/>
<pragma file="C:/Xilinx/Vitis_HLS/2022.1/common/technology/autopilot\ap_fixed_base.h" line="1327" pragmaType="inline" parentfunction="ap_fixed_base<51, 19, true, (ap_q_mode)5, (ap_o_mode)3, 0>::RType<24, 8, true>::div ap_fixed_base<51, 19, true, (ap_q_mode)5, (ap_o_mode)3, 0>::operator/<24, 8, true, (ap_q_mode)5, (ap_o_mode)3, 0>(ap_fixed_base<24, 8, true, (ap_q_mode)5, (ap_o_mode)3, 0> const&) const" off="0" region="0" recursive="0"/>
<pragma file="C:/Xilinx/Vitis_HLS/2022.1/common/technology/autopilot\ap_fixed_base.h" line="446" pragmaType="inline" parentfunction="ap_fixed_base<24, 8, true, (ap_q_mode)5, (ap_o_mode)3, 0>::ap_fixed_base<68, 36, true, (ap_q_mode)5, (ap_o_mode)3, 0>(ap_fixed_base<68, 36, true, (ap_q_mode)5, (ap_o_mode)3, 0> const&)" off="0" region="0" recursive="0"/>
<pragma file="C:/Xilinx/Vitis_HLS/2022.1/common/technology/autopilot\ap_fixed_base.h" line="1466" pragmaType="inline" parentfunction="ap_fixed_base<68, 36, true, (ap_q_mode)5, (ap_o_mode)3, 0>::operator!() const" off="0" region="0" recursive="0"/>
<pragma file="C:/Xilinx/Vitis_HLS/2022.1/common/technology/autopilot\ap_fixed_base.h" line="446" pragmaType="inline" parentfunction="ap_fixed_base<51, 19, true, (ap_q_mode)5, (ap_o_mode)3, 0>::ap_fixed_base<50, 18, true, (ap_q_mode)5, (ap_o_mode)3, 0>(ap_fixed_base<50, 18, true, (ap_q_mode)5, (ap_o_mode)3, 0> const&)" off="0" region="0" recursive="0"/>
<pragma file="C:/Xilinx/Vitis_HLS/2022.1/common/technology/autopilot\ap_fixed_base.h" line="1394" pragmaType="inline" parentfunction="ap_fixed_base<49, 17, true, (ap_q_mode)5, (ap_o_mode)3, 0>::RType<48, 16, true>::minus ap_fixed_base<49, 17, true, (ap_q_mode)5, (ap_o_mode)3, 0>::operator-<48, 16, true, (ap_q_mode)5, (ap_o_mode)3, 0>(ap_fixed_base<48, 16, true, (ap_q_mode)5, (ap_o_mode)3, 0> const&) const" off="0" region="0" recursive="0"/>
<pragma file="C:/Xilinx/Vitis_HLS/2022.1/common/technology/autopilot\ap_fixed_base.h" line="1696" pragmaType="inline" parentfunction="bool ap_fixed_base<24, 8, true, (ap_q_mode)5, (ap_o_mode)3, 0>::operator<<32, 32, true, (ap_q_mode)5, (ap_o_mode)3, 0>(ap_fixed_base<32, 32, true, (ap_q_mode)5, (ap_o_mode)3, 0> const&) const" off="0" region="0" recursive="0"/>
<pragma file="C:/Xilinx/Vitis_HLS/2022.1/common/technology/autopilot\ap_fixed.h" line="73" pragmaType="inline" parentfunction="ap_fixed<24, 8, (ap_q_mode)5, (ap_o_mode)3, 0>::ap_fixed<66, 34, true, (ap_q_mode)5, (ap_o_mode)3, 0>(ap_fixed_base<66, 34, true, (ap_q_mode)5, (ap_o_mode)3, 0> const&)" off="0" region="0" recursive="0"/>
<pragma file="C:/Xilinx/Vitis_HLS/2022.1/common/technology/autopilot\ap_fixed.h" line="73" pragmaType="inline" parentfunction="ap_fixed<24, 8, (ap_q_mode)5, (ap_o_mode)3, 0>::ap_fixed<41, 25, true, (ap_q_mode)5, (ap_o_mode)3, 0>(ap_fixed_base<41, 25, true, (ap_q_mode)5, (ap_o_mode)3, 0> const&)" off="0" region="0" recursive="0"/>
<pragma file="C:/Xilinx/Vitis_HLS/2022.1/common/technology/autopilot\ap_fixed.h" line="73" pragmaType="inline" parentfunction="ap_fixed<24, 8, (ap_q_mode)5, (ap_o_mode)3, 0>::ap_fixed<68, 36, true, (ap_q_mode)5, (ap_o_mode)3, 0>(ap_fixed_base<68, 36, true, (ap_q_mode)5, (ap_o_mode)3, 0> const&)" off="0" region="0" recursive="0"/>
<pragma file="C:/Xilinx/Vitis_HLS/2022.1/common/technology/autopilot\ap_fixed_base.h" line="446" pragmaType="inline" parentfunction="ap_fixed_base<51, 19, true, (ap_q_mode)5, (ap_o_mode)3, 0>::ap_fixed_base<48, 16, true, (ap_q_mode)5, (ap_o_mode)3, 0>(ap_fixed_base<48, 16, true, (ap_q_mode)5, (ap_o_mode)3, 0> const&)" off="0" region="0" recursive="0"/>
<pragma file="C:/Xilinx/Vitis_HLS/2022.1/common/technology/autopilot\ap_fixed_base.h" line="441" pragmaType="inline" parentfunction="ap_fixed_base<68, 36, true, (ap_q_mode)5, (ap_o_mode)3, 0>::ap_fixed_base()" off="0" region="0" recursive="0"/>
<pragma file="C:/Xilinx/Vitis_HLS/2022.1/common/technology/autopilot\ap_fixed.h" line="73" pragmaType="inline" parentfunction="ap_fixed<51, 19, (ap_q_mode)5, (ap_o_mode)3, 0>::ap_fixed<51, 19, true, (ap_q_mode)5, (ap_o_mode)3, 0>(ap_fixed_base<51, 19, true, (ap_q_mode)5, (ap_o_mode)3, 0> const&)" off="0" region="0" recursive="0"/>
<pragma file="C:/Xilinx/Vitis_HLS/2022.1/common/technology/autopilot\ap_common.h" line="559" pragmaType="inline" parentfunction="_ZN8ssdm_intILi51ELb1EEC2EDq51_i" off="0" region="0" recursive="0"/>
<pragma file="C:/Xilinx/Vitis_HLS/2022.1/common/technology/autopilot\ap_fixed_base.h" line="1466" pragmaType="inline" parentfunction="ap_fixed_base<48, 16, true, (ap_q_mode)5, (ap_o_mode)3, 0>::operator!() const" off="0" region="0" recursive="0"/>
<pragma file="C:/Xilinx/Vitis_HLS/2022.1/common/technology/autopilot\ap_common.h" line="559" pragmaType="inline" parentfunction="_ZN8ssdm_intILi66ELb1EEC2EDq66_i" off="0" region="0" recursive="0"/>
<pragma file="C:/Xilinx/Vitis_HLS/2022.1/common/technology/autopilot\ap_fixed.h" line="73" pragmaType="inline" parentfunction="ap_fixed<49, 17, (ap_q_mode)5, (ap_o_mode)3, 0>::ap_fixed<49, 17, true, (ap_q_mode)5, (ap_o_mode)3, 0>(ap_fixed_base<49, 17, true, (ap_q_mode)5, (ap_o_mode)3, 0> const&)" off="0" region="0" recursive="0"/>
<pragma file="C:/Xilinx/Vitis_HLS/2022.1/common/technology/autopilot\ap_fixed_base.h" line="446" pragmaType="inline" parentfunction="ap_fixed_base<66, 18, true, (ap_q_mode)5, (ap_o_mode)3, 0>::ap_fixed_base<50, 18, true, (ap_q_mode)5, (ap_o_mode)3, 0>(ap_fixed_base<50, 18, true, (ap_q_mode)5, (ap_o_mode)3, 0> const&)" off="0" region="0" recursive="0"/>
<pragma file="C:/Xilinx/Vitis_HLS/2022.1/common/technology/autopilot\ap_fixed_base.h" line="1466" pragmaType="inline" parentfunction="ap_fixed_base<66, 34, true, (ap_q_mode)5, (ap_o_mode)3, 0>::operator!() const" off="0" region="0" recursive="0"/>
<pragma file="C:/Xilinx/Vitis_HLS/2022.1/common/technology/autopilot\ap_fixed.h" line="73" pragmaType="inline" parentfunction="ap_fixed<66, 34, (ap_q_mode)5, (ap_o_mode)3, 0>::ap_fixed<66, 34, true, (ap_q_mode)5, (ap_o_mode)3, 0>(ap_fixed_base<66, 34, true, (ap_q_mode)5, (ap_o_mode)3, 0> const&)" off="0" region="0" recursive="0"/>
<pragma file="C:/Xilinx/Vitis_HLS/2022.1/common/technology/autopilot\ap_fixed_base.h" line="446" pragmaType="inline" parentfunction="ap_fixed_base<50, 18, true, (ap_q_mode)5, (ap_o_mode)3, 0>::ap_fixed_base<49, 17, true, (ap_q_mode)5, (ap_o_mode)3, 0>(ap_fixed_base<49, 17, true, (ap_q_mode)5, (ap_o_mode)3, 0> const&)" off="0" region="0" recursive="0"/>
<pragma file="C:/Xilinx/Vitis_HLS/2022.1/common/technology/autopilot\ap_fixed_base.h" line="1466" pragmaType="inline" parentfunction="ap_fixed_base<50, 18, true, (ap_q_mode)5, (ap_o_mode)3, 0>::operator!() const" off="0" region="0" recursive="0"/>
<pragma file="C:/Xilinx/Vitis_HLS/2022.1/common/technology/autopilot\ap_fixed_base.h" line="446" pragmaType="inline" parentfunction="ap_fixed_base<50, 18, true, (ap_q_mode)5, (ap_o_mode)3, 0>::ap_fixed_base<48, 16, true, (ap_q_mode)5, (ap_o_mode)3, 0>(ap_fixed_base<48, 16, true, (ap_q_mode)5, (ap_o_mode)3, 0> const&)" off="0" region="0" recursive="0"/>
<pragma file="C:/Xilinx/Vitis_HLS/2022.1/common/technology/autopilot\ap_fixed.h" line="73" pragmaType="inline" parentfunction="ap_fixed<67, 35, (ap_q_mode)5, (ap_o_mode)3, 0>::ap_fixed<67, 35, true, (ap_q_mode)5, (ap_o_mode)3, 0>(ap_fixed_base<67, 35, true, (ap_q_mode)5, (ap_o_mode)3, 0> const&)" off="0" region="0" recursive="0"/>
<pragma file="C:/Xilinx/Vitis_HLS/2022.1/common/technology/autopilot\ap_fixed_base.h" line="441" pragmaType="inline" parentfunction="ap_fixed_base<66, 34, true, (ap_q_mode)5, (ap_o_mode)3, 0>::ap_fixed_base()" off="0" region="0" recursive="0"/>
<pragma file="C:/Xilinx/Vitis_HLS/2022.1/common/technology/autopilot\ap_fixed_base.h" line="446" pragmaType="inline" parentfunction="ap_fixed_base<49, 17, true, (ap_q_mode)5, (ap_o_mode)3, 0>::ap_fixed_base<48, 16, true, (ap_q_mode)5, (ap_o_mode)3, 0>(ap_fixed_base<48, 16, true, (ap_q_mode)5, (ap_o_mode)3, 0> const&)" off="0" region="0" recursive="0"/>
<pragma file="C:/Xilinx/Vitis_HLS/2022.1/common/technology/autopilot\ap_fixed_base.h" line="446" pragmaType="inline" parentfunction="ap_fixed_base<24, 8, true, (ap_q_mode)5, (ap_o_mode)3, 0>::ap_fixed_base<66, 34, true, (ap_q_mode)5, (ap_o_mode)3, 0>(ap_fixed_base<66, 34, true, (ap_q_mode)5, (ap_o_mode)3, 0> const&)" off="0" region="0" recursive="0"/>
<pragma file="C:/Xilinx/Vitis_HLS/2022.1/common/technology/autopilot\ap_fixed_base.h" line="446" pragmaType="inline" parentfunction="ap_fixed_base<24, 8, true, (ap_q_mode)5, (ap_o_mode)3, 0>::ap_fixed_base<67, 35, true, (ap_q_mode)5, (ap_o_mode)3, 0>(ap_fixed_base<67, 35, true, (ap_q_mode)5, (ap_o_mode)3, 0> const&)" off="0" region="0" recursive="0"/>
<pragma file="C:/Xilinx/Vitis_HLS/2022.1/common/technology/autopilot\ap_fixed_base.h" line="1466" pragmaType="inline" parentfunction="ap_fixed_base<49, 17, true, (ap_q_mode)5, (ap_o_mode)3, 0>::operator!() const" off="0" region="0" recursive="0"/>
<pragma file="C:/Xilinx/Vitis_HLS/2022.1/common/technology/autopilot\ap_fixed_base.h" line="446" pragmaType="inline" parentfunction="ap_fixed_base<65, 17, true, (ap_q_mode)5, (ap_o_mode)3, 0>::ap_fixed_base<49, 17, true, (ap_q_mode)5, (ap_o_mode)3, 0>(ap_fixed_base<49, 17, true, (ap_q_mode)5, (ap_o_mode)3, 0> const&)" off="0" region="0" recursive="0"/>
<pragma file="C:/Xilinx/Vitis_HLS/2022.1/common/technology/autopilot\ap_fixed_base.h" line="441" pragmaType="inline" parentfunction="ap_fixed_base<67, 35, true, (ap_q_mode)5, (ap_o_mode)3, 0>::ap_fixed_base()" off="0" region="0" recursive="0"/>
<pragma file="C:/Xilinx/Vitis_HLS/2022.1/common/technology/autopilot\ap_fixed_base.h" line="1466" pragmaType="inline" parentfunction="ap_fixed_base<67, 35, true, (ap_q_mode)5, (ap_o_mode)3, 0>::operator!() const" off="0" region="0" recursive="0"/>
<pragma file="C:/Xilinx/Vitis_HLS/2022.1/common/technology/autopilot\ap_fixed_base.h" line="576" pragmaType="inline" parentfunction="ap_fixed_base<50, 18, true, (ap_q_mode)5, (ap_o_mode)3, 0>::ap_fixed_base(int)" off="0" region="0" recursive="0"/>
<pragma file="C:/Xilinx/Vitis_HLS/2022.1/common/technology/autopilot\ap_fixed_base.h" line="576" pragmaType="inline" parentfunction="ap_fixed_base<49, 17, true, (ap_q_mode)5, (ap_o_mode)3, 0>::ap_fixed_base(int)" off="0" region="0" recursive="0"/>
<pragma file="C:/Xilinx/Vitis_HLS/2022.1/common/technology/autopilot\ap_fixed_base.h" line="446" pragmaType="inline" parentfunction="ap_fixed_base<49, 17, true, (ap_q_mode)5, (ap_o_mode)3, 0>::ap_fixed_base<24, 8, true, (ap_q_mode)5, (ap_o_mode)3, 0>(ap_fixed_base<24, 8, true, (ap_q_mode)5, (ap_o_mode)3, 0> const&)" off="0" region="0" recursive="0"/>
<pragma file="C:/Xilinx/Vitis_HLS/2022.1/common/technology/autopilot\ap_common.h" line="559" pragmaType="inline" parentfunction="_ZN8ssdm_intILi50ELb1EEC2EDq50_i" off="0" region="0" recursive="0"/>
<pragma file="C:/Xilinx/Vitis_HLS/2022.1/common/technology/autopilot\ap_fixed.h" line="73" pragmaType="inline" parentfunction="ap_fixed<50, 18, (ap_q_mode)5, (ap_o_mode)3, 0>::ap_fixed<50, 18, true, (ap_q_mode)5, (ap_o_mode)3, 0>(ap_fixed_base<50, 18, true, (ap_q_mode)5, (ap_o_mode)3, 0> const&)" off="0" region="0" recursive="0"/>
<pragma file="C:/Xilinx/Vitis_HLS/2022.1/common/technology/autopilot\ap_common.h" line="559" pragmaType="inline" parentfunction="_ZN8ssdm_intILi49ELb1EEC2EDq49_i" off="0" region="0" recursive="0"/>
<pragma file="C:/Xilinx/Vitis_HLS/2022.1/common/technology/autopilot\ap_fixed.h" line="73" pragmaType="inline" parentfunction="ap_fixed<41, 25, (ap_q_mode)5, (ap_o_mode)3, 0>::ap_fixed<41, 25, true, (ap_q_mode)5, (ap_o_mode)3, 0>(ap_fixed_base<41, 25, true, (ap_q_mode)5, (ap_o_mode)3, 0> const&)" off="0" region="0" recursive="0"/>
<pragma file="C:/Xilinx/Vitis_HLS/2022.1/common/technology/autopilot\ap_fixed_base.h" line="441" pragmaType="inline" parentfunction="ap_fixed_base<41, 25, true, (ap_q_mode)5, (ap_o_mode)3, 0>::ap_fixed_base()" off="0" region="0" recursive="0"/>
<pragma file="C:/Xilinx/Vitis_HLS/2022.1/common/technology/autopilot\ap_fixed_base.h" line="1393" pragmaType="inline" parentfunction="ap_fixed_base<24, 8, true, (ap_q_mode)5, (ap_o_mode)3, 0>::RType<48, 16, true>::plus ap_fixed_base<24, 8, true, (ap_q_mode)5, (ap_o_mode)3, 0>::operator+<48, 16, true, (ap_q_mode)5, (ap_o_mode)3, 0>(ap_fixed_base<48, 16, true, (ap_q_mode)5, (ap_o_mode)3, 0> const&) const" off="0" region="0" recursive="0"/>
<pragma file="C:/Xilinx/Vitis_HLS/2022.1/common/technology/autopilot\ap_fixed_base.h" line="446" pragmaType="inline" parentfunction="ap_fixed_base<24, 8, true, (ap_q_mode)5, (ap_o_mode)3, 0>::ap_fixed_base<48, 16, true, (ap_q_mode)5, (ap_o_mode)3, 0>(ap_fixed_base<48, 16, true, (ap_q_mode)5, (ap_o_mode)3, 0> const&)" off="0" region="0" recursive="0"/>
<pragma file="C:/Xilinx/Vitis_HLS/2022.1/common/technology/autopilot\ap_fixed_base.h" line="446" pragmaType="inline" parentfunction="ap_fixed_base<24, 8, true, (ap_q_mode)5, (ap_o_mode)3, 0>::ap_fixed_base<41, 25, true, (ap_q_mode)5, (ap_o_mode)3, 0>(ap_fixed_base<41, 25, true, (ap_q_mode)5, (ap_o_mode)3, 0> const&)" off="0" region="0" recursive="0"/>
<pragma file="C:/Xilinx/Vitis_HLS/2022.1/common/technology/autopilot\ap_fixed_base.h" line="441" pragmaType="inline" parentfunction="ap_fixed_base<24, 8, true, (ap_q_mode)5, (ap_o_mode)3, 0>::ap_fixed_base()" off="0" region="0" recursive="0"/>
<pragma file="C:/Xilinx/Vitis_HLS/2022.1/common/technology/autopilot\ap_fixed_base.h" line="1466" pragmaType="inline" parentfunction="ap_fixed_base<41, 25, true, (ap_q_mode)5, (ap_o_mode)3, 0>::operator!() const" off="0" region="0" recursive="0"/>
<pragma file="C:/Xilinx/Vitis_HLS/2022.1/common/technology/autopilot\ap_common.h" line="559" pragmaType="inline" parentfunction="_ZN8ssdm_intILi40ELb1EEC2EDq40_i" off="0" region="0" recursive="0"/>
<pragma file="C:/Xilinx/Vitis_HLS/2022.1/common/technology/autopilot\ap_fixed.h" line="73" pragmaType="inline" parentfunction="ap_fixed<48, 16, (ap_q_mode)5, (ap_o_mode)3, 0>::ap_fixed<48, 16, true, (ap_q_mode)5, (ap_o_mode)3, 0>(ap_fixed_base<48, 16, true, (ap_q_mode)5, (ap_o_mode)3, 0> const&)" off="0" region="0" recursive="0"/>
<pragma file="C:/Xilinx/Vitis_HLS/2022.1/common/technology/autopilot\ap_fixed_base.h" line="446" pragmaType="inline" parentfunction="ap_fixed_base<40, 8, true, (ap_q_mode)5, (ap_o_mode)3, 0>::ap_fixed_base<24, 8, true, (ap_q_mode)5, (ap_o_mode)3, 0>(ap_fixed_base<24, 8, true, (ap_q_mode)5, (ap_o_mode)3, 0> const&)" off="0" region="0" recursive="0"/>
<pragma file="C:/Xilinx/Vitis_HLS/2022.1/common/technology/autopilot\ap_fixed_base.h" line="576" pragmaType="inline" parentfunction="ap_fixed_base<48, 16, true, (ap_q_mode)5, (ap_o_mode)3, 0>::ap_fixed_base(int)" off="0" region="0" recursive="0"/>
<pragma file="C:/Xilinx/Vitis_HLS/2022.1/common/technology/autopilot\ap_fixed_base.h" line="0" pragmaType="inline" parentfunction="ap_fixed_base<48, 16, true, (ap_q_mode)5, (ap_o_mode)3, 0>& ap_fixed_base<48, 16, true, (ap_q_mode)5, (ap_o_mode)3, 0>::operator=<32, 32, true, (ap_q_mode)5, (ap_o_mode)3, 0>(ap_fixed_base<32, 32, true, (ap_q_mode)5, (ap_o_mode)3, 0> const&)" off="0" region="0" recursive="0"/>
<pragma file="C:/Xilinx/Vitis_HLS/2022.1/common/technology/autopilot\ap_common.h" line="0" pragmaType="inline" parentfunction="ssdm_int<48, true>::ssdm_int()" off="0" region="0" recursive="0"/>
<pragma file="C:/Xilinx/Vitis_HLS/2022.1/common/technology/autopilot\ap_fixed_base.h" line="0" pragmaType="inline" parentfunction="ap_fixed_base<24, 8, true, (ap_q_mode)5, (ap_o_mode)3, 0>& ap_fixed_base<24, 8, true, (ap_q_mode)5, (ap_o_mode)3, 0>::operator=<80, 48, true, (ap_q_mode)5, (ap_o_mode)3, 0>(ap_fixed_base<80, 48, true, (ap_q_mode)5, (ap_o_mode)3, 0> const&)" off="0" region="0" recursive="0"/>
<pragma file="C:/Xilinx/Vitis_HLS/2022.1/common/technology/autopilot\ap_fixed_base.h" line="0" pragmaType="inline" parentfunction="report" off="0" region="0" recursive="0"/>
<pragma file="C:/Xilinx/Vitis_HLS/2022.1/common/technology/autopilot\ap_common.h" line="0" pragmaType="inline" parentfunction="ssdm_int<12, true>::ssdm_int()" off="0" region="0" recursive="0"/>
<pragma file="C:/Xilinx/Vitis_HLS/2022.1/common/technology/autopilot\ap_fixed_base.h" line="0" pragmaType="inline" parentfunction="ap_fixed_base<57, 41, true, (ap_q_mode)5, (ap_o_mode)3, 0>& ap_fixed_base<57, 41, true, (ap_q_mode)5, (ap_o_mode)3, 0>::operator=<32, 32, true, (ap_q_mode)5, (ap_o_mode)3, 0>(ap_fixed_base<32, 32, true, (ap_q_mode)5, (ap_o_mode)3, 0> const&)" off="0" region="0" recursive="0"/>
<pragma file="C:/Xilinx/Vitis_HLS/2022.1/common/technology/autopilot\ap_int_base.h" line="0" pragmaType="inline" parentfunction="ap_int_base<12, true>& ap_int_base<12, true>::operator=<65, true>(ap_int_base<65, true> const&)" off="0" region="0" recursive="0"/>
<pragma file="C:/Xilinx/Vitis_HLS/2022.1/common/technology/autopilot\ap_common.h" line="0" pragmaType="inline" parentfunction="ssdm_int<25, true>::ssdm_int()" off="0" region="0" recursive="0"/>
<pragma file="C:/Xilinx/Vitis_HLS/2022.1/common/technology/autopilot\ap_fixed_base.h" line="0" pragmaType="inline" parentfunction="ap_fixed_base<24, 8, true, (ap_q_mode)5, (ap_o_mode)3, 0>& ap_fixed_base<24, 8, true, (ap_q_mode)5, (ap_o_mode)3, 0>::operator=<32, 32, true, (ap_q_mode)5, (ap_o_mode)3, 0>(ap_fixed_base<32, 32, true, (ap_q_mode)5, (ap_o_mode)3, 0> const&)" off="0" region="0" recursive="0"/>
<pragma file="C:/Xilinx/Vitis_HLS/2022.1/common/technology/autopilot\ap_common.h" line="0" pragmaType="inline" parentfunction="ssdm_int<24, true>::ssdm_int()" off="0" region="0" recursive="0"/>
<pragma file="C:/Xilinx/Vitis_HLS/2022.1/common/technology/autopilot\ap_fixed_base.h" line="0" pragmaType="inline" parentfunction="report" off="0" region="0" recursive="0"/>
<pragma file="C:/Xilinx/Vitis_HLS/2022.1/common/technology/autopilot\ap_fixed_base.h" line="0" pragmaType="inline" parentfunction="ap_fixed_base<57, 41, true, (ap_q_mode)5, (ap_o_mode)3, 0>& ap_fixed_base<57, 41, true, (ap_q_mode)5, (ap_o_mode)3, 0>::operator=<24, 8, true, (ap_q_mode)5, (ap_o_mode)3, 0>(ap_fixed_base<24, 8, true, (ap_q_mode)5, (ap_o_mode)3, 0> const&)" off="0" region="0" recursive="0"/>
<pragma file="C:/Xilinx/Vitis_HLS/2022.1/common/technology/autopilot\ap_common.h" line="0" pragmaType="inline" parentfunction="ssdm_int<57, true>::ssdm_int()" off="0" region="0" recursive="0"/>
<pragma file="C:/Xilinx/Vitis_HLS/2022.1/common/technology/autopilot\ap_int_base.h" line="0" pragmaType="inline" parentfunction="ap_int_base<54, true>& ap_int_base<54, true>::operator=<55, true>(ap_int_base<55, true> const&)" off="0" region="0" recursive="0"/>
<pragma file="C:/Xilinx/Vitis_HLS/2022.1/common/technology/autopilot\ap_fixed_base.h" line="0" pragmaType="inline" parentfunction="report" off="0" region="0" recursive="0"/>
<pragma file="C:/Xilinx/Vitis_HLS/2022.1/common/technology/autopilot\ap_fixed_base.h" line="0" pragmaType="inline" parentfunction="ap_fixed_base<25, 9, true, (ap_q_mode)5, (ap_o_mode)3, 0>& ap_fixed_base<25, 9, true, (ap_q_mode)5, (ap_o_mode)3, 0>::operator=<24, 8, true, (ap_q_mode)5, (ap_o_mode)3, 0>(ap_fixed_base<24, 8, true, (ap_q_mode)5, (ap_o_mode)3, 0> const&)" off="0" region="0" recursive="0"/>
<pragma file="C:/Xilinx/Vitis_HLS/2022.1/common/technology/autopilot\ap_common.h" line="0" pragmaType="inline" parentfunction="ssdm_int<11, false>::ssdm_int()" off="0" region="0" recursive="0"/>
<pragma file="C:/Xilinx/Vitis_HLS/2022.1/common/technology/autopilot\ap_fixed_base.h" line="0" pragmaType="inline" parentfunction="ap_fixed_base<24, 8, true, (ap_q_mode)5, (ap_o_mode)3, 0>& ap_fixed_base<24, 8, true, (ap_q_mode)5, (ap_o_mode)3, 0>::operator=<57, 41, true, (ap_q_mode)5, (ap_o_mode)3, 0>(ap_fixed_base<57, 41, true, (ap_q_mode)5, (ap_o_mode)3, 0> const&)" off="0" region="0" recursive="0"/>
<pragma file="C:/Xilinx/Vitis_HLS/2022.1/common/technology/autopilot\ap_fixed_base.h" line="0" pragmaType="inline" parentfunction="ap_fixed_base<25, 9, true, (ap_q_mode)5, (ap_o_mode)3, 0>& ap_fixed_base<25, 9, true, (ap_q_mode)5, (ap_o_mode)3, 0>::operator=<32, 32, true, (ap_q_mode)5, (ap_o_mode)3, 0>(ap_fixed_base<32, 32, true, (ap_q_mode)5, (ap_o_mode)3, 0> const&)" off="0" region="0" recursive="0"/>
<pragma file="C:/Xilinx/Vitis_HLS/2022.1/common/technology/autopilot\ap_common.h" line="0" pragmaType="inline" parentfunction="ssdm_int<54, true>::ssdm_int()" off="0" region="0" recursive="0"/>
<pragma file="C:/Xilinx/Vitis_HLS/2022.1/common/technology/autopilot\ap_fixed_base.h" line="0" pragmaType="inline" parentfunction="ap_fixed_base<57, 41, true, (ap_q_mode)5, (ap_o_mode)3, 0>& ap_fixed_base<57, 41, true, (ap_q_mode)5, (ap_o_mode)3, 0>::operator=<56, 40, true, (ap_q_mode)5, (ap_o_mode)3, 0>(ap_fixed_base<56, 40, true, (ap_q_mode)5, (ap_o_mode)3, 0> const&)" off="0" region="0" recursive="0"/>
<pragma file="C:/Xilinx/Vitis_HLS/2022.1/common/technology/autopilot\ap_fixed_base.h" line="0" pragmaType="inline" parentfunction="ap_fixed_base<24, 8, true, (ap_q_mode)5, (ap_o_mode)3, 0>& ap_fixed_base<24, 8, true, (ap_q_mode)5, (ap_o_mode)3, 0>::operator=<25, 9, true, (ap_q_mode)5, (ap_o_mode)3, 0>(ap_fixed_base<25, 9, true, (ap_q_mode)5, (ap_o_mode)3, 0> const&)" off="0" region="0" recursive="0"/>
<pragma file="C:/Xilinx/Vitis_HLS/2022.1/common/technology/autopilot\ap_common.h" line="0" pragmaType="inline" parentfunction="ssdm_int<32, true>::ssdm_int()" off="0" region="0" recursive="0"/>
<pragma file="C:/Xilinx/Vitis_HLS/2022.1/common/technology/autopilot\ap_common.h" line="0" pragmaType="inline" parentfunction="ssdm_int<64, false>::ssdm_int()" off="0" region="0" recursive="0"/>
<pragma file="C:/Xilinx/Vitis_HLS/2022.1/common/technology/autopilot\ap_fixed_base.h" line="0" pragmaType="inline" parentfunction="ap_fixed_base<50, 18, true, (ap_q_mode)5, (ap_o_mode)3, 0>& ap_fixed_base<50, 18, true, (ap_q_mode)5, (ap_o_mode)3, 0>::operator=<48, 16, true, (ap_q_mode)5, (ap_o_mode)3, 0>(ap_fixed_base<48, 16, true, (ap_q_mode)5, (ap_o_mode)3, 0> const&)" off="0" region="0" recursive="0"/>
<pragma file="C:/Xilinx/Vitis_HLS/2022.1/common/technology/autopilot\ap_fixed_base.h" line="0" pragmaType="inline" parentfunction="ap_fixed_base<49, 17, true, (ap_q_mode)5, (ap_o_mode)3, 0>& ap_fixed_base<49, 17, true, (ap_q_mode)5, (ap_o_mode)3, 0>::operator=<24, 8, true, (ap_q_mode)5, (ap_o_mode)3, 0>(ap_fixed_base<24, 8, true, (ap_q_mode)5, (ap_o_mode)3, 0> const&)" off="0" region="0" recursive="0"/>
<pragma file="C:/Xilinx/Vitis_HLS/2022.1/common/technology/autopilot\ap_fixed_base.h" line="0" pragmaType="inline" parentfunction="ap_fixed_base<49, 17, true, (ap_q_mode)5, (ap_o_mode)3, 0>& ap_fixed_base<49, 17, true, (ap_q_mode)5, (ap_o_mode)3, 0>::operator=<32, 32, true, (ap_q_mode)5, (ap_o_mode)3, 0>(ap_fixed_base<32, 32, true, (ap_q_mode)5, (ap_o_mode)3, 0> const&)" off="0" region="0" recursive="0"/>
<pragma file="C:/Xilinx/Vitis_HLS/2022.1/common/technology/autopilot\ap_common.h" line="0" pragmaType="inline" parentfunction="ssdm_int<41, true>::ssdm_int()" off="0" region="0" recursive="0"/>
<pragma file="C:/Xilinx/Vitis_HLS/2022.1/common/technology/autopilot\ap_fixed_base.h" line="0" pragmaType="inline" parentfunction="ap_fixed_base<24, 8, true, (ap_q_mode)5, (ap_o_mode)3, 0>& ap_fixed_base<24, 8, true, (ap_q_mode)5, (ap_o_mode)3, 0>::operator+=<48, 16, true, (ap_q_mode)5, (ap_o_mode)3, 0>(ap_fixed_base<48, 16, true, (ap_q_mode)5, (ap_o_mode)3, 0> const&)" off="0" region="0" recursive="0"/>
<pragma file="C:/Xilinx/Vitis_HLS/2022.1/common/technology/autopilot\ap_fixed_base.h" line="0" pragmaType="inline" parentfunction="report" off="0" region="0" recursive="0"/>
<pragma file="C:/Xilinx/Vitis_HLS/2022.1/common/technology/autopilot\ap_common.h" line="0" pragmaType="inline" parentfunction="ssdm_int<50, true>::ssdm_int()" off="0" region="0" recursive="0"/>
<pragma file="C:/Xilinx/Vitis_HLS/2022.1/common/technology/autopilot\ap_fixed_base.h" line="0" pragmaType="inline" parentfunction="ap_fixed_base<48, 32, true, (ap_q_mode)5, (ap_o_mode)3, 0>& ap_fixed_base<48, 32, true, (ap_q_mode)5, (ap_o_mode)3, 0>::operator=<32, 32, true, (ap_q_mode)5, (ap_o_mode)3, 0>(ap_fixed_base<32, 32, true, (ap_q_mode)5, (ap_o_mode)3, 0> const&)" off="0" region="0" recursive="0"/>
<pragma file="C:/Xilinx/Vitis_HLS/2022.1/common/technology/autopilot\ap_fixed_base.h" line="0" pragmaType="inline" parentfunction="report" off="0" region="0" recursive="0"/>
<pragma file="C:/Xilinx/Vitis_HLS/2022.1/common/technology/autopilot\ap_fixed_base.h" line="0" pragmaType="inline" parentfunction="ap_fixed_base<67, 19, true, (ap_q_mode)5, (ap_o_mode)3, 0>& ap_fixed_base<67, 19, true, (ap_q_mode)5, (ap_o_mode)3, 0>::operator=<51, 19, true, (ap_q_mode)5, (ap_o_mode)3, 0>(ap_fixed_base<51, 19, true, (ap_q_mode)5, (ap_o_mode)3, 0> const&)" off="0" region="0" recursive="0"/>
<pragma file="C:/Xilinx/Vitis_HLS/2022.1/common/technology/autopilot\ap_fixed_base.h" line="0" pragmaType="inline" parentfunction="ap_fixed_base<51, 19, true, (ap_q_mode)5, (ap_o_mode)3, 0>& ap_fixed_base<51, 19, true, (ap_q_mode)5, (ap_o_mode)3, 0>::operator=<50, 18, true, (ap_q_mode)5, (ap_o_mode)3, 0>(ap_fixed_base<50, 18, true, (ap_q_mode)5, (ap_o_mode)3, 0> const&)" off="0" region="0" recursive="0"/>
<pragma file="C:/Xilinx/Vitis_HLS/2022.1/common/technology/autopilot\ap_fixed_base.h" line="0" pragmaType="inline" parentfunction="report" off="0" region="0" recursive="0"/>
<pragma file="C:/Xilinx/Vitis_HLS/2022.1/common/technology/autopilot\ap_fixed_base.h" line="0" pragmaType="inline" parentfunction="ap_fixed_base<24, 8, true, (ap_q_mode)5, (ap_o_mode)3, 0>& ap_fixed_base<24, 8, true, (ap_q_mode)5, (ap_o_mode)3, 0>::operator=<66, 34, true, (ap_q_mode)5, (ap_o_mode)3, 0>(ap_fixed_base<66, 34, true, (ap_q_mode)5, (ap_o_mode)3, 0> const&)" off="0" region="0" recursive="0"/>
<pragma file="C:/Xilinx/Vitis_HLS/2022.1/common/technology/autopilot\ap_fixed_base.h" line="0" pragmaType="inline" parentfunction="report" off="0" region="0" recursive="0"/>
<pragma file="C:/Xilinx/Vitis_HLS/2022.1/common/technology/autopilot\ap_common.h" line="0" pragmaType="inline" parentfunction="ssdm_int<49, true>::ssdm_int()" off="0" region="0" recursive="0"/>
<pragma file="C:/Xilinx/Vitis_HLS/2022.1/common/technology/autopilot\ap_fixed_base.h" line="0" pragmaType="inline" parentfunction="report" off="0" region="0" recursive="0"/>
<pragma file="C:/Xilinx/Vitis_HLS/2022.1/common/technology/autopilot\ap_common.h" line="0" pragmaType="inline" parentfunction="ssdm_int<68, true>::ssdm_int()" off="0" region="0" recursive="0"/>
<pragma file="C:/Xilinx/Vitis_HLS/2022.1/common/technology/autopilot\ap_fixed_base.h" line="0" pragmaType="inline" parentfunction="ap_fixed_base<24, 8, true, (ap_q_mode)5, (ap_o_mode)3, 0>& ap_fixed_base<24, 8, true, (ap_q_mode)5, (ap_o_mode)3, 0>::operator=<67, 35, true, (ap_q_mode)5, (ap_o_mode)3, 0>(ap_fixed_base<67, 35, true, (ap_q_mode)5, (ap_o_mode)3, 0> const&)" off="0" region="0" recursive="0"/>
<pragma file="C:/Xilinx/Vitis_HLS/2022.1/common/technology/autopilot\ap_fixed_base.h" line="0" pragmaType="inline" parentfunction="ap_fixed_base<51, 19, true, (ap_q_mode)5, (ap_o_mode)3, 0>& ap_fixed_base<51, 19, true, (ap_q_mode)5, (ap_o_mode)3, 0>::operator=<32, 32, true, (ap_q_mode)5, (ap_o_mode)3, 0>(ap_fixed_base<32, 32, true, (ap_q_mode)5, (ap_o_mode)3, 0> const&)" off="0" region="0" recursive="0"/>
<pragma file="C:/Xilinx/Vitis_HLS/2022.1/common/technology/autopilot\ap_fixed_base.h" line="0" pragmaType="inline" parentfunction="ap_fixed_base<24, 8, true, (ap_q_mode)5, (ap_o_mode)3, 0>& ap_fixed_base<24, 8, true, (ap_q_mode)5, (ap_o_mode)3, 0>::operator=<41, 25, true, (ap_q_mode)5, (ap_o_mode)3, 0>(ap_fixed_base<41, 25, true, (ap_q_mode)5, (ap_o_mode)3, 0> const&)" off="0" region="0" recursive="0"/>
<pragma file="C:/Xilinx/Vitis_HLS/2022.1/common/technology/autopilot\ap_fixed_base.h" line="0" pragmaType="inline" parentfunction="ap_fixed_base<40, 8, true, (ap_q_mode)5, (ap_o_mode)3, 0>& ap_fixed_base<40, 8, true, (ap_q_mode)5, (ap_o_mode)3, 0>::operator=<24, 8, true, (ap_q_mode)5, (ap_o_mode)3, 0>(ap_fixed_base<24, 8, true, (ap_q_mode)5, (ap_o_mode)3, 0> const&)" off="0" region="0" recursive="0"/>
<pragma file="C:/Xilinx/Vitis_HLS/2022.1/common/technology/autopilot\ap_fixed_base.h" line="0" pragmaType="inline" parentfunction="ap_fixed_base<80, 48, true, (ap_q_mode)5, (ap_o_mode)3, 0>& ap_fixed_base<80, 48, true, (ap_q_mode)5, (ap_o_mode)3, 0>::operator=<32, 32, true, (ap_q_mode)5, (ap_o_mode)3, 0>(ap_fixed_base<32, 32, true, (ap_q_mode)5, (ap_o_mode)3, 0> const&)" off="0" region="0" recursive="0"/>
<pragma file="C:/Xilinx/Vitis_HLS/2022.1/common/technology/autopilot\ap_common.h" line="0" pragmaType="inline" parentfunction="ssdm_int<66, true>::ssdm_int()" off="0" region="0" recursive="0"/>
<pragma file="C:/Xilinx/Vitis_HLS/2022.1/common/technology/autopilot\ap_fixed_base.h" line="0" pragmaType="inline" parentfunction="report" off="0" region="0" recursive="0"/>
<pragma file="C:/Xilinx/Vitis_HLS/2022.1/common/technology/autopilot\ap_fixed_base.h" line="0" pragmaType="inline" parentfunction="ap_fixed_base<50, 18, true, (ap_q_mode)5, (ap_o_mode)3, 0>& ap_fixed_base<50, 18, true, (ap_q_mode)5, (ap_o_mode)3, 0>::operator=<49, 17, true, (ap_q_mode)5, (ap_o_mode)3, 0>(ap_fixed_base<49, 17, true, (ap_q_mode)5, (ap_o_mode)3, 0> const&)" off="0" region="0" recursive="0"/>
<pragma file="C:/Xilinx/Vitis_HLS/2022.1/common/technology/autopilot\ap_fixed_base.h" line="0" pragmaType="inline" parentfunction="ap_fixed_base<56, 40, true, (ap_q_mode)5, (ap_o_mode)3, 0>& ap_fixed_base<56, 40, true, (ap_q_mode)5, (ap_o_mode)3, 0>::operator=<32, 32, true, (ap_q_mode)5, (ap_o_mode)3, 0>(ap_fixed_base<32, 32, true, (ap_q_mode)5, (ap_o_mode)3, 0> const&)" off="0" region="0" recursive="0"/>
<pragma file="C:/Xilinx/Vitis_HLS/2022.1/common/technology/autopilot\ap_fixed_base.h" line="0" pragmaType="inline" parentfunction="ap_fixed_base<50, 18, true, (ap_q_mode)5, (ap_o_mode)3, 0>& ap_fixed_base<50, 18, true, (ap_q_mode)5, (ap_o_mode)3, 0>::operator=<32, 32, true, (ap_q_mode)5, (ap_o_mode)3, 0>(ap_fixed_base<32, 32, true, (ap_q_mode)5, (ap_o_mode)3, 0> const&)" off="0" region="0" recursive="0"/>
<pragma file="C:/Xilinx/Vitis_HLS/2022.1/common/technology/autopilot\ap_fixed_base.h" line="0" pragmaType="inline" parentfunction="ap_fixed_base<24, 8, true, (ap_q_mode)5, (ap_o_mode)3, 0>& ap_fixed_base<24, 8, true, (ap_q_mode)5, (ap_o_mode)3, 0>::operator=<49, 17, true, (ap_q_mode)5, (ap_o_mode)3, 0>(ap_fixed_base<49, 17, true, (ap_q_mode)5, (ap_o_mode)3, 0> const&)" off="0" region="0" recursive="0"/>
<pragma file="C:/Xilinx/Vitis_HLS/2022.1/common/technology/autopilot\ap_common.h" line="0" pragmaType="inline" parentfunction="ssdm_int<80, true>::ssdm_int()" off="0" region="0" recursive="0"/>
<pragma file="C:/Xilinx/Vitis_HLS/2022.1/common/technology/autopilot\ap_fixed_base.h" line="0" pragmaType="inline" parentfunction="report" off="0" region="0" recursive="0"/>
<pragma file="C:/Xilinx/Vitis_HLS/2022.1/common/technology/autopilot\ap_fixed_base.h" line="0" pragmaType="inline" parentfunction="ap_fixed_base<24, 8, true, (ap_q_mode)5, (ap_o_mode)3, 0>& ap_fixed_base<24, 8, true, (ap_q_mode)5, (ap_o_mode)3, 0>::operator=<48, 16, true, (ap_q_mode)5, (ap_o_mode)3, 0>(ap_fixed_base<48, 16, true, (ap_q_mode)5, (ap_o_mode)3, 0> const&)" off="0" region="0" recursive="0"/>
<pragma file="C:/Xilinx/Vitis_HLS/2022.1/common/technology/autopilot\ap_common.h" line="0" pragmaType="inline" parentfunction="ssdm_int<51, true>::ssdm_int()" off="0" region="0" recursive="0"/>
<pragma file="C:/Xilinx/Vitis_HLS/2022.1/common/technology/autopilot\ap_fixed_base.h" line="0" pragmaType="inline" parentfunction="ap_fixed_base<66, 18, true, (ap_q_mode)5, (ap_o_mode)3, 0>& ap_fixed_base<66, 18, true, (ap_q_mode)5, (ap_o_mode)3, 0>::operator=<50, 18, true, (ap_q_mode)5, (ap_o_mode)3, 0>(ap_fixed_base<50, 18, true, (ap_q_mode)5, (ap_o_mode)3, 0> const&)" off="0" region="0" recursive="0"/>
<pragma file="C:/Xilinx/Vitis_HLS/2022.1/common/technology/autopilot\ap_fixed_base.h" line="0" pragmaType="inline" parentfunction="report" off="0" region="0" recursive="0"/>
<pragma file="C:/Xilinx/Vitis_HLS/2022.1/common/technology/autopilot\ap_common.h" line="0" pragmaType="inline" parentfunction="ssdm_int<67, true>::ssdm_int()" off="0" region="0" recursive="0"/>
<pragma file="C:/Xilinx/Vitis_HLS/2022.1/common/technology/autopilot\ap_fixed_base.h" line="0" pragmaType="inline" parentfunction="ap_fixed_base<24, 8, true, (ap_q_mode)5, (ap_o_mode)3, 0>& ap_fixed_base<24, 8, true, (ap_q_mode)5, (ap_o_mode)3, 0>::operator=<68, 36, true, (ap_q_mode)5, (ap_o_mode)3, 0>(ap_fixed_base<68, 36, true, (ap_q_mode)5, (ap_o_mode)3, 0> const&)" off="0" region="0" recursive="0"/>
<pragma file="C:/Xilinx/Vitis_HLS/2022.1/common/technology/autopilot\ap_common.h" line="0" pragmaType="inline" parentfunction="ssdm_int<56, true>::ssdm_int()" off="0" region="0" recursive="0"/>
<pragma file="C:/Xilinx/Vitis_HLS/2022.1/common/technology/autopilot\ap_fixed_base.h" line="0" pragmaType="inline" parentfunction="ap_fixed_base<65, 17, true, (ap_q_mode)5, (ap_o_mode)3, 0>& ap_fixed_base<65, 17, true, (ap_q_mode)5, (ap_o_mode)3, 0>::operator=<49, 17, true, (ap_q_mode)5, (ap_o_mode)3, 0>(ap_fixed_base<49, 17, true, (ap_q_mode)5, (ap_o_mode)3, 0> const&)" off="0" region="0" recursive="0"/>
<pragma file="C:/Xilinx/Vitis_HLS/2022.1/common/technology/autopilot\ap_fixed_base.h" line="0" pragmaType="inline" parentfunction="ap_fixed_base<49, 17, true, (ap_q_mode)5, (ap_o_mode)3, 0>& ap_fixed_base<49, 17, true, (ap_q_mode)5, (ap_o_mode)3, 0>::operator=<48, 16, true, (ap_q_mode)5, (ap_o_mode)3, 0>(ap_fixed_base<48, 16, true, (ap_q_mode)5, (ap_o_mode)3, 0> const&)" off="0" region="0" recursive="0"/>
<pragma file="C:/Xilinx/Vitis_HLS/2022.1/common/technology/autopilot\ap_fixed_base.h" line="0" pragmaType="inline" parentfunction="ap_fixed_base<51, 19, true, (ap_q_mode)5, (ap_o_mode)3, 0>& ap_fixed_base<51, 19, true, (ap_q_mode)5, (ap_o_mode)3, 0>::operator=<48, 16, true, (ap_q_mode)5, (ap_o_mode)3, 0>(ap_fixed_base<48, 16, true, (ap_q_mode)5, (ap_o_mode)3, 0> const&)" off="0" region="0" recursive="0"/>
</pragmas>
