<stg><name>LinearSolver_Pipeline_VITIS_LOOP_78_1</name>


<trans_list>

<trans id="91" from="1" to="2">
<condition id="-1">
<or_exp><and_exp></and_exp></or_exp>
</condition>
</trans>

<trans id="128" from="2" to="3">
<condition id="-1">
<or_exp><and_exp></and_exp></or_exp>
</condition>
</trans>

<trans id="114" from="3" to="4">
<condition id="-1">
<or_exp><and_exp></and_exp></or_exp>
</condition>
</trans>

<trans id="115" from="4" to="5">
<condition id="-1">
<or_exp><and_exp></and_exp></or_exp>
</condition>
</trans>

<trans id="116" from="5" to="6">
<condition id="-1">
<or_exp><and_exp></and_exp></or_exp>
</condition>
</trans>

<trans id="117" from="6" to="7">
<condition id="-1">
<or_exp><and_exp></and_exp></or_exp>
</condition>
</trans>

<trans id="118" from="7" to="8">
<condition id="-1">
<or_exp><and_exp></and_exp></or_exp>
</condition>
</trans>

<trans id="119" from="8" to="9">
<condition id="-1">
<or_exp><and_exp></and_exp></or_exp>
</condition>
</trans>

<trans id="120" from="9" to="10">
<condition id="-1">
<or_exp><and_exp></and_exp></or_exp>
</condition>
</trans>

<trans id="121" from="10" to="11">
<condition id="-1">
<or_exp><and_exp></and_exp></or_exp>
</condition>
</trans>

<trans id="122" from="11" to="12">
<condition id="-1">
<or_exp><and_exp></and_exp></or_exp>
</condition>
</trans>

<trans id="123" from="12" to="13">
<condition id="-1">
<or_exp><and_exp></and_exp></or_exp>
</condition>
</trans>

<trans id="124" from="13" to="14">
<condition id="-1">
<or_exp><and_exp></and_exp></or_exp>
</condition>
</trans>

<trans id="125" from="14" to="15">
<condition id="-1">
<or_exp><and_exp></and_exp></or_exp>
</condition>
</trans>
</trans_list>



<state_list>

<state id="1" st_id="1">

<operation id="17" st_id="1" stage="1" lat="1">
<core>NULL</core>
<MemPortIdVec></MemPortIdVec>
<condition id="-1">
<or_exp><and_exp></and_exp></or_exp>
</condition>

<Node id="10" bw="64" op_0_bw="32">
<![CDATA[
newFuncRoot:0 %reuse_addr_reg = alloca i32 1

]]></Node>
<StgValue><ssdm name="reuse_addr_reg"/></StgValue>
</operation>

<operation id="18" st_id="1" stage="1" lat="1">
<core>NULL</core>
<MemPortIdVec></MemPortIdVec>
<condition id="-1">
<or_exp><and_exp></and_exp></or_exp>
</condition>

<Node id="11" bw="24" op_0_bw="32">
<![CDATA[
newFuncRoot:1 %reuse_reg = alloca i32 1

]]></Node>
<StgValue><ssdm name="reuse_reg"/></StgValue>
</operation>

<operation id="19" st_id="1" stage="1" lat="1">
<core>NULL</core>
<MemPortIdVec></MemPortIdVec>
<condition id="-1">
<or_exp><and_exp></and_exp></or_exp>
</condition>

<Node id="12" bw="3" op_0_bw="32">
<![CDATA[
newFuncRoot:2 %i = alloca i32 1

]]></Node>
<StgValue><ssdm name="i"/></StgValue>
</operation>

<operation id="20" st_id="1" stage="1" lat="1">
<core>NULL</core>
<MemPortIdVec></MemPortIdVec>
<condition id="-1">
<or_exp><and_exp></and_exp></or_exp>
</condition>

<Node id="13" bw="24" op_0_bw="32">
<![CDATA[
newFuncRoot:3 %PhaseV1_V_1 = alloca i32 1

]]></Node>
<StgValue><ssdm name="PhaseV1_V_1"/></StgValue>
</operation>

<operation id="21" st_id="1" stage="1" lat="1">
<core>NULL</core>
<MemPortIdVec></MemPortIdVec>
<condition id="-1">
<or_exp><and_exp></and_exp></or_exp>
</condition>

<Node id="14" bw="24" op_0_bw="32">
<![CDATA[
newFuncRoot:4 %PhaseV1_V_1_1 = alloca i32 1

]]></Node>
<StgValue><ssdm name="PhaseV1_V_1_1"/></StgValue>
</operation>

<operation id="22" st_id="1" stage="1" lat="1">
<core>NULL</core>
<MemPortIdVec></MemPortIdVec>
<condition id="-1">
<or_exp><and_exp></and_exp></or_exp>
</condition>

<Node id="15" bw="24" op_0_bw="32">
<![CDATA[
newFuncRoot:5 %PhaseV1_V_1_2 = alloca i32 1

]]></Node>
<StgValue><ssdm name="PhaseV1_V_1_2"/></StgValue>
</operation>

<operation id="23" st_id="1" stage="1" lat="1">
<core>NULL</core>
<MemPortIdVec></MemPortIdVec>
<condition id="-1">
<or_exp><and_exp></and_exp></or_exp>
</condition>

<Node id="16" bw="24" op_0_bw="32">
<![CDATA[
newFuncRoot:6 %PhaseV1_V_1_3 = alloca i32 1

]]></Node>
<StgValue><ssdm name="PhaseV1_V_1_3"/></StgValue>
</operation>

<operation id="24" st_id="1" stage="1" lat="1">
<core>NULL</core>
<MemPortIdVec></MemPortIdVec>
<condition id="-1">
<or_exp><and_exp></and_exp></or_exp>
</condition>

<Node id="17" bw="24" op_0_bw="24" op_1_bw="24">
<![CDATA[
newFuncRoot:7 %a41_read = read i24 @_ssdm_op_Read.ap_auto.i24, i24 %a41

]]></Node>
<StgValue><ssdm name="a41_read"/></StgValue>
</operation>

<operation id="25" st_id="1" stage="1" lat="1">
<core>NULL</core>
<MemPortIdVec></MemPortIdVec>
<condition id="-1">
<or_exp><and_exp></and_exp></or_exp>
</condition>

<Node id="18" bw="24" op_0_bw="24" op_1_bw="24">
<![CDATA[
newFuncRoot:8 %a31_read = read i24 @_ssdm_op_Read.ap_auto.i24, i24 %a31

]]></Node>
<StgValue><ssdm name="a31_read"/></StgValue>
</operation>

<operation id="26" st_id="1" stage="1" lat="1">
<core>NULL</core>
<MemPortIdVec></MemPortIdVec>
<condition id="-1">
<or_exp><and_exp></and_exp></or_exp>
</condition>

<Node id="19" bw="24" op_0_bw="24" op_1_bw="24">
<![CDATA[
newFuncRoot:9 %a21_read = read i24 @_ssdm_op_Read.ap_auto.i24, i24 %a21

]]></Node>
<StgValue><ssdm name="a21_read"/></StgValue>
</operation>

<operation id="27" st_id="1" stage="1" lat="1">
<core>NULL</core>
<MemPortIdVec></MemPortIdVec>
<condition id="-1">
<or_exp><and_exp></and_exp></or_exp>
</condition>

<Node id="20" bw="24" op_0_bw="24" op_1_bw="24">
<![CDATA[
newFuncRoot:10 %a11_read = read i24 @_ssdm_op_Read.ap_auto.i24, i24 %a11

]]></Node>
<StgValue><ssdm name="a11_read"/></StgValue>
</operation>

<operation id="28" st_id="1" stage="1" lat="1">
<core>NULL</core>
<MemPortIdVec></MemPortIdVec>
<condition id="-1">
<or_exp><and_exp></and_exp></or_exp>
</condition>

<Node id="21" bw="0" op_0_bw="24" op_1_bw="24">
<![CDATA[
newFuncRoot:11 %store_ln0 = store i24 0, i24 %PhaseV1_V_1

]]></Node>
<StgValue><ssdm name="store_ln0"/></StgValue>
</operation>

<operation id="29" st_id="1" stage="1" lat="1">
<core>NULL</core>
<MemPortIdVec></MemPortIdVec>
<condition id="-1">
<or_exp><and_exp></and_exp></or_exp>
</condition>

<Node id="22" bw="0" op_0_bw="3" op_1_bw="3">
<![CDATA[
newFuncRoot:12 %store_ln0 = store i3 0, i3 %i

]]></Node>
<StgValue><ssdm name="store_ln0"/></StgValue>
</operation>

<operation id="30" st_id="1" stage="1" lat="1">
<core>NULL</core>
<MemPortIdVec></MemPortIdVec>
<condition id="-1">
<or_exp><and_exp></and_exp></or_exp>
</condition>

<Node id="23" bw="0" op_0_bw="24" op_1_bw="24">
<![CDATA[
newFuncRoot:13 %store_ln0 = store i24 0, i24 %reuse_reg

]]></Node>
<StgValue><ssdm name="store_ln0"/></StgValue>
</operation>

<operation id="31" st_id="1" stage="1" lat="1">
<core>NULL</core>
<MemPortIdVec></MemPortIdVec>
<condition id="-1">
<or_exp><and_exp></and_exp></or_exp>
</condition>

<Node id="24" bw="0" op_0_bw="64" op_1_bw="64">
<![CDATA[
newFuncRoot:14 %store_ln0 = store i64 18446744073709551615, i64 %reuse_addr_reg

]]></Node>
<StgValue><ssdm name="store_ln0"/></StgValue>
</operation>

<operation id="32" st_id="1" stage="1" lat="1">
<core>NULL</core>
<MemPortIdVec></MemPortIdVec>
<condition id="-1">
<or_exp><and_exp></and_exp></or_exp>
</condition>

<Node id="25" bw="0" op_0_bw="0">
<![CDATA[
newFuncRoot:15 %br_ln0 = br void %for.body

]]></Node>
<StgValue><ssdm name="br_ln0"/></StgValue>
</operation>
</state>

<state id="2" st_id="2">

<operation id="33" st_id="2" stage="1" lat="1">
<core>NULL</core>
<MemPortIdVec></MemPortIdVec>
<condition id="-1">
<or_exp><and_exp></and_exp></or_exp>
</condition>

<Node id="27" bw="3" op_0_bw="3" op_1_bw="0">
<![CDATA[
for.body:0 %i_2 = load i3 %i

]]></Node>
<StgValue><ssdm name="i_2"/></StgValue>
</operation>

<operation id="34" st_id="2" stage="1" lat="1">
<core>NULL</core>
<MemPortIdVec></MemPortIdVec>
<condition id="-1">
<or_exp><and_exp></and_exp></or_exp>
</condition>

<Node id="28" bw="0" op_0_bw="0" op_1_bw="32" op_2_bw="32" op_3_bw="32" op_4_bw="32" op_5_bw="0">
<![CDATA[
for.body:1 %specpipeline_ln0 = specpipeline void @_ssdm_op_SpecPipeline, i32 4294967295, i32 0, i32 1, i32 0, void @p_str

]]></Node>
<StgValue><ssdm name="specpipeline_ln0"/></StgValue>
</operation>

<operation id="35" st_id="2" stage="1" lat="1">
<core>Cmp</core>
<MemPortIdVec></MemPortIdVec>
<condition id="-1">
<or_exp><and_exp></and_exp></or_exp>
</condition>

<Node id="29" bw="1" op_0_bw="3" op_1_bw="3">
<![CDATA[
for.body:2 %icmp_ln78 = icmp_eq  i3 %i_2, i3 4

]]></Node>
<StgValue><ssdm name="icmp_ln78"/></StgValue>
</operation>

<operation id="36" st_id="2" stage="1" lat="1">
<core>NULL</core>
<MemPortIdVec></MemPortIdVec>
<condition id="-1">
<or_exp><and_exp></and_exp></or_exp>
</condition>

<Node id="30" bw="32" op_0_bw="32" op_1_bw="64" op_2_bw="64" op_3_bw="64">
<![CDATA[
for.body:3 %empty = speclooptripcount i32 @_ssdm_op_SpecLoopTripCount, i64 4, i64 4, i64 4

]]></Node>
<StgValue><ssdm name="empty"/></StgValue>
</operation>

<operation id="37" st_id="2" stage="1" lat="1">
<core>Adder</core>
<MemPortIdVec></MemPortIdVec>
<condition id="-1">
<or_exp><and_exp></and_exp></or_exp>
</condition>

<Node id="31" bw="3" op_0_bw="3" op_1_bw="3">
<![CDATA[
for.body:4 %add_ln80 = add i3 %i_2, i3 1

]]></Node>
<StgValue><ssdm name="add_ln80"/></StgValue>
</operation>

<operation id="38" st_id="2" stage="1" lat="1">
<core>NULL</core>
<MemPortIdVec></MemPortIdVec>
<condition id="-1">
<or_exp><and_exp></and_exp></or_exp>
</condition>

<Node id="32" bw="0" op_0_bw="1" op_1_bw="0" op_2_bw="0">
<![CDATA[
for.body:5 %br_ln78 = br i1 %icmp_ln78, void %for.body.split, void %for.end.exitStub

]]></Node>
<StgValue><ssdm name="br_ln78"/></StgValue>
</operation>

<operation id="39" st_id="2" stage="1" lat="1">
<core>NULL</core>
<MemPortIdVec></MemPortIdVec>
<condition id="-1">
<or_exp><and_exp><literal name="icmp_ln78" val="0"/>
</and_exp></or_exp>
</condition>

<Node id="34" bw="64" op_0_bw="3">
<![CDATA[
for.body.split:0 %i_cast = zext i3 %i_2

]]></Node>
<StgValue><ssdm name="i_cast"/></StgValue>
</operation>

<operation id="40" st_id="2" stage="1" lat="1">
<core>NULL</core>
<MemPortIdVec></MemPortIdVec>
<condition id="-1">
<or_exp><and_exp><literal name="icmp_ln78" val="0"/>
</and_exp></or_exp>
</condition>

<Node id="36" bw="2" op_0_bw="3">
<![CDATA[
for.body.split:2 %trunc_ln80 = trunc i3 %i_2

]]></Node>
<StgValue><ssdm name="trunc_ln80"/></StgValue>
</operation>

<operation id="41" st_id="2" stage="1" lat="1">
<core>Multiplexer</core>
<MemPortIdVec></MemPortIdVec>
<condition id="-1">
<or_exp><and_exp><literal name="icmp_ln78" val="0"/>
</and_exp></or_exp>
</condition>

<Node id="37" bw="24" op_0_bw="24" op_1_bw="24" op_2_bw="24" op_3_bw="24" op_4_bw="24" op_5_bw="2">
<![CDATA[
for.body.split:3 %tmp = mux i24 @_ssdm_op_Mux.ap_auto.4i24.i2, i24 %a11_read, i24 %a21_read, i24 %a31_read, i24 %a41_read, i2 %trunc_ln80

]]></Node>
<StgValue><ssdm name="tmp"/></StgValue>
</operation>

<operation id="42" st_id="2" stage="1" lat="1">
<core>NULL</core>
<MemPortIdVec></MemPortIdVec>
<condition id="-1">
<or_exp><and_exp><literal name="icmp_ln78" val="0"/>
</and_exp></or_exp>
</condition>

<Node id="38" bw="3" op_0_bw="24" op_1_bw="64" op_2_bw="64">
<![CDATA[
for.body.split:4 %TempV1_V_addr = getelementptr i24 %TempV1_V, i64 0, i64 %i_cast

]]></Node>
<StgValue><ssdm name="TempV1_V_addr"/></StgValue>
</operation>

<operation id="43" st_id="2" stage="1" lat="1">
<core>NULL</core>
<MemPortIdVec></MemPortIdVec>
<condition id="-1">
<or_exp><and_exp><literal name="icmp_ln78" val="0"/>
</and_exp></or_exp>
</condition>

<Node id="40" bw="64" op_0_bw="64" op_1_bw="0">
<![CDATA[
for.body.split:6 %reuse_addr_reg_load = load i64 %reuse_addr_reg

]]></Node>
<StgValue><ssdm name="reuse_addr_reg_load"/></StgValue>
</operation>

<operation id="44" st_id="2" stage="2" lat="2">
<core>RAM</core>
<MemPortIdVec>0 </MemPortIdVec>
<condition id="-1">
<or_exp><and_exp><literal name="icmp_ln78" val="0"/>
</and_exp></or_exp>
</condition>

<Node id="41" bw="24" op_0_bw="3">
<![CDATA[
for.body.split:7 %TempV1_V_load = load i3 %TempV1_V_addr

]]></Node>
<StgValue><ssdm name="TempV1_V_load"/></StgValue>
</operation>

<operation id="45" st_id="2" stage="1" lat="1">
<core>Cmp</core>
<MemPortIdVec></MemPortIdVec>
<condition id="-1">
<or_exp><and_exp><literal name="icmp_ln78" val="0"/>
</and_exp></or_exp>
</condition>

<Node id="42" bw="1" op_0_bw="64" op_1_bw="64">
<![CDATA[
for.body.split:8 %addr_cmp = icmp_eq  i64 %reuse_addr_reg_load, i64 %i_cast

]]></Node>
<StgValue><ssdm name="addr_cmp"/></StgValue>
</operation>

<operation id="46" st_id="2" stage="1" lat="1">
<core>NULL</core>
<MemPortIdVec></MemPortIdVec>
<condition id="-1">
<or_exp><and_exp><literal name="icmp_ln78" val="0"/>
</and_exp></or_exp>
</condition>

<Node id="49" bw="0" op_0_bw="2" op_1_bw="0" op_2_bw="2" op_3_bw="0" op_4_bw="2" op_5_bw="0" op_6_bw="2" op_7_bw="0">
<![CDATA[
for.body.split:15 %switch_ln80 = switch i2 %trunc_ln80, void %branch3, i2 0, void %for.body.split.for.body.split426_crit_edge, i2 1, void %for.body.split.for.body.split426_crit_edge7, i2 2, void %branch2

]]></Node>
<StgValue><ssdm name="switch_ln80"/></StgValue>
</operation>
</state>

<state id="3" st_id="3">

<operation id="47" st_id="3" stage="1" lat="1">
<core>NULL</core>
<MemPortIdVec></MemPortIdVec>
<condition id="-1">
<or_exp><and_exp><literal name="icmp_ln78" val="0"/>
<literal name="addr_cmp" val="1"/>
</and_exp></or_exp>
</condition>

<Node id="39" bw="24" op_0_bw="24" op_1_bw="0">
<![CDATA[
for.body.split:5 %reuse_reg_load = load i24 %reuse_reg

]]></Node>
<StgValue><ssdm name="reuse_reg_load"/></StgValue>
</operation>

<operation id="48" st_id="3" stage="1" lat="2">
<core>RAM</core>
<MemPortIdVec>0 </MemPortIdVec>
<condition id="-1">
<or_exp><and_exp><literal name="icmp_ln78" val="0"/>
</and_exp></or_exp>
</condition>

<Node id="41" bw="24" op_0_bw="3">
<![CDATA[
for.body.split:7 %TempV1_V_load = load i3 %TempV1_V_addr

]]></Node>
<StgValue><ssdm name="TempV1_V_load"/></StgValue>
</operation>

<operation id="49" st_id="3" stage="1" lat="1">
<core>Sel</core>
<MemPortIdVec></MemPortIdVec>
<condition id="-1">
<or_exp><and_exp><literal name="icmp_ln78" val="0"/>
</and_exp></or_exp>
</condition>

<Node id="43" bw="24" op_0_bw="1" op_1_bw="24" op_2_bw="24">
<![CDATA[
for.body.split:9 %reuse_select = select i1 %addr_cmp, i24 %reuse_reg_load, i24 %TempV1_V_load

]]></Node>
<StgValue><ssdm name="reuse_select"/></StgValue>
</operation>

<operation id="82" st_id="3" stage="1" lat="1">
<core>NULL</core>
<MemPortIdVec></MemPortIdVec>
<condition id="-1">
<or_exp><and_exp><literal name="icmp_ln78" val="1"/>
</and_exp></or_exp>
</condition>

<Node id="72" bw="24" op_0_bw="24" op_1_bw="0">
<![CDATA[
for.end.exitStub:0 %PhaseV1_V_1_load = load i24 %PhaseV1_V_1

]]></Node>
<StgValue><ssdm name="PhaseV1_V_1_load"/></StgValue>
</operation>

<operation id="83" st_id="3" stage="1" lat="1">
<core>NULL</core>
<MemPortIdVec></MemPortIdVec>
<condition id="-1">
<or_exp><and_exp><literal name="icmp_ln78" val="1"/>
</and_exp></or_exp>
</condition>

<Node id="73" bw="24" op_0_bw="24">
<![CDATA[
for.end.exitStub:1 %PhaseV1_V_1_1_load = load i24 %PhaseV1_V_1_1

]]></Node>
<StgValue><ssdm name="PhaseV1_V_1_1_load"/></StgValue>
</operation>

<operation id="84" st_id="3" stage="1" lat="1">
<core>NULL</core>
<MemPortIdVec></MemPortIdVec>
<condition id="-1">
<or_exp><and_exp><literal name="icmp_ln78" val="1"/>
</and_exp></or_exp>
</condition>

<Node id="74" bw="24" op_0_bw="24">
<![CDATA[
for.end.exitStub:2 %PhaseV1_V_1_2_load = load i24 %PhaseV1_V_1_2

]]></Node>
<StgValue><ssdm name="PhaseV1_V_1_2_load"/></StgValue>
</operation>

<operation id="85" st_id="3" stage="1" lat="1">
<core>NULL</core>
<MemPortIdVec></MemPortIdVec>
<condition id="-1">
<or_exp><and_exp><literal name="icmp_ln78" val="1"/>
</and_exp></or_exp>
</condition>

<Node id="75" bw="24" op_0_bw="24">
<![CDATA[
for.end.exitStub:3 %PhaseV1_V_1_3_load = load i24 %PhaseV1_V_1_3

]]></Node>
<StgValue><ssdm name="PhaseV1_V_1_3_load"/></StgValue>
</operation>

<operation id="86" st_id="3" stage="1" lat="1">
<core>NULL</core>
<MemPortIdVec></MemPortIdVec>
<condition id="-1">
<or_exp><and_exp><literal name="icmp_ln78" val="1"/>
</and_exp></or_exp>
</condition>

<Node id="76" bw="0" op_0_bw="0" op_1_bw="24" op_2_bw="24">
<![CDATA[
for.end.exitStub:4 %write_ln0 = write void @_ssdm_op_Write.ap_auto.i24P0A, i24 %PhaseV1_V_3_015_out, i24 %PhaseV1_V_1_3_load

]]></Node>
<StgValue><ssdm name="write_ln0"/></StgValue>
</operation>

<operation id="87" st_id="3" stage="1" lat="1">
<core>NULL</core>
<MemPortIdVec></MemPortIdVec>
<condition id="-1">
<or_exp><and_exp><literal name="icmp_ln78" val="1"/>
</and_exp></or_exp>
</condition>

<Node id="77" bw="0" op_0_bw="0" op_1_bw="24" op_2_bw="24">
<![CDATA[
for.end.exitStub:5 %write_ln0 = write void @_ssdm_op_Write.ap_auto.i24P0A, i24 %PhaseV1_V_2_014_out, i24 %PhaseV1_V_1_2_load

]]></Node>
<StgValue><ssdm name="write_ln0"/></StgValue>
</operation>

<operation id="88" st_id="3" stage="1" lat="1">
<core>NULL</core>
<MemPortIdVec></MemPortIdVec>
<condition id="-1">
<or_exp><and_exp><literal name="icmp_ln78" val="1"/>
</and_exp></or_exp>
</condition>

<Node id="78" bw="0" op_0_bw="0" op_1_bw="24" op_2_bw="24">
<![CDATA[
for.end.exitStub:6 %write_ln0 = write void @_ssdm_op_Write.ap_auto.i24P0A, i24 %PhaseV1_V_1_013_out, i24 %PhaseV1_V_1_1_load

]]></Node>
<StgValue><ssdm name="write_ln0"/></StgValue>
</operation>

<operation id="89" st_id="3" stage="1" lat="1">
<core>NULL</core>
<MemPortIdVec></MemPortIdVec>
<condition id="-1">
<or_exp><and_exp><literal name="icmp_ln78" val="1"/>
</and_exp></or_exp>
</condition>

<Node id="79" bw="0" op_0_bw="0" op_1_bw="24" op_2_bw="24">
<![CDATA[
for.end.exitStub:7 %write_ln0 = write void @_ssdm_op_Write.ap_auto.i24P0A, i24 %PhaseV1_V_0_0_out, i24 %PhaseV1_V_1_load

]]></Node>
<StgValue><ssdm name="write_ln0"/></StgValue>
</operation>

<operation id="90" st_id="3" stage="1" lat="1">
<core>NULL</core>
<MemPortIdVec></MemPortIdVec>
<condition id="-1">
<or_exp><and_exp><literal name="icmp_ln78" val="1"/>
</and_exp></or_exp>
</condition>

<Node id="80" bw="0">
<![CDATA[
for.end.exitStub:8 %ret_ln0 = ret

]]></Node>
<StgValue><ssdm name="ret_ln0"/></StgValue>
</operation>
</state>

<state id="4" st_id="4">

<operation id="50" st_id="4" stage="8" lat="8">
<core></core>
<MemPortIdVec></MemPortIdVec>
<condition id="-1">
<or_exp><and_exp><literal name="icmp_ln78" val="0"/>
</and_exp></or_exp>
</condition>

<Node id="46" bw="48" op_0_bw="48" op_1_bw="24" op_2_bw="24">
<![CDATA[
for.body.split:12 %call_ret1 = call i48 @cordic.1, i24 %tmp, i24 %reuse_select

]]></Node>
<StgValue><ssdm name="call_ret1"/></StgValue>
</operation>
</state>

<state id="5" st_id="5">

<operation id="51" st_id="5" stage="7" lat="8">
<core></core>
<MemPortIdVec></MemPortIdVec>
<condition id="-1">
<or_exp><and_exp><literal name="icmp_ln78" val="0"/>
</and_exp></or_exp>
</condition>

<Node id="46" bw="48" op_0_bw="48" op_1_bw="24" op_2_bw="24">
<![CDATA[
for.body.split:12 %call_ret1 = call i48 @cordic.1, i24 %tmp, i24 %reuse_select

]]></Node>
<StgValue><ssdm name="call_ret1"/></StgValue>
</operation>
</state>

<state id="6" st_id="6">

<operation id="52" st_id="6" stage="6" lat="8">
<core></core>
<MemPortIdVec></MemPortIdVec>
<condition id="-1">
<or_exp><and_exp><literal name="icmp_ln78" val="0"/>
</and_exp></or_exp>
</condition>

<Node id="46" bw="48" op_0_bw="48" op_1_bw="24" op_2_bw="24">
<![CDATA[
for.body.split:12 %call_ret1 = call i48 @cordic.1, i24 %tmp, i24 %reuse_select

]]></Node>
<StgValue><ssdm name="call_ret1"/></StgValue>
</operation>
</state>

<state id="7" st_id="7">

<operation id="53" st_id="7" stage="5" lat="8">
<core></core>
<MemPortIdVec></MemPortIdVec>
<condition id="-1">
<or_exp><and_exp><literal name="icmp_ln78" val="0"/>
</and_exp></or_exp>
</condition>

<Node id="46" bw="48" op_0_bw="48" op_1_bw="24" op_2_bw="24">
<![CDATA[
for.body.split:12 %call_ret1 = call i48 @cordic.1, i24 %tmp, i24 %reuse_select

]]></Node>
<StgValue><ssdm name="call_ret1"/></StgValue>
</operation>
</state>

<state id="8" st_id="8">

<operation id="54" st_id="8" stage="4" lat="8">
<core></core>
<MemPortIdVec></MemPortIdVec>
<condition id="-1">
<or_exp><and_exp><literal name="icmp_ln78" val="0"/>
</and_exp></or_exp>
</condition>

<Node id="46" bw="48" op_0_bw="48" op_1_bw="24" op_2_bw="24">
<![CDATA[
for.body.split:12 %call_ret1 = call i48 @cordic.1, i24 %tmp, i24 %reuse_select

]]></Node>
<StgValue><ssdm name="call_ret1"/></StgValue>
</operation>
</state>

<state id="9" st_id="9">

<operation id="55" st_id="9" stage="3" lat="8">
<core></core>
<MemPortIdVec></MemPortIdVec>
<condition id="-1">
<or_exp><and_exp><literal name="icmp_ln78" val="0"/>
</and_exp></or_exp>
</condition>

<Node id="46" bw="48" op_0_bw="48" op_1_bw="24" op_2_bw="24">
<![CDATA[
for.body.split:12 %call_ret1 = call i48 @cordic.1, i24 %tmp, i24 %reuse_select

]]></Node>
<StgValue><ssdm name="call_ret1"/></StgValue>
</operation>
</state>

<state id="10" st_id="10">

<operation id="56" st_id="10" stage="2" lat="8">
<core></core>
<MemPortIdVec></MemPortIdVec>
<condition id="-1">
<or_exp><and_exp><literal name="icmp_ln78" val="0"/>
</and_exp></or_exp>
</condition>

<Node id="46" bw="48" op_0_bw="48" op_1_bw="24" op_2_bw="24">
<![CDATA[
for.body.split:12 %call_ret1 = call i48 @cordic.1, i24 %tmp, i24 %reuse_select

]]></Node>
<StgValue><ssdm name="call_ret1"/></StgValue>
</operation>
</state>

<state id="11" st_id="11">

<operation id="57" st_id="11" stage="1" lat="1">
<core>NULL</core>
<MemPortIdVec></MemPortIdVec>
<condition id="-1">
<or_exp><and_exp><literal name="icmp_ln78" val="0"/>
</and_exp></or_exp>
</condition>

<Node id="35" bw="0" op_0_bw="0" op_1_bw="0">
<![CDATA[
for.body.split:1 %specloopname_ln79 = specloopname void @_ssdm_op_SpecLoopName, void @empty_40

]]></Node>
<StgValue><ssdm name="specloopname_ln79"/></StgValue>
</operation>

<operation id="58" st_id="11" stage="1" lat="1">
<core>NULL</core>
<MemPortIdVec></MemPortIdVec>
<condition id="-1">
<or_exp><and_exp><literal name="icmp_ln78" val="0"/>
</and_exp></or_exp>
</condition>

<Node id="44" bw="64" op_0_bw="3">
<![CDATA[
for.body.split:10 %zext_ln80 = zext i3 %add_ln80

]]></Node>
<StgValue><ssdm name="zext_ln80"/></StgValue>
</operation>

<operation id="59" st_id="11" stage="1" lat="1">
<core>NULL</core>
<MemPortIdVec></MemPortIdVec>
<condition id="-1">
<or_exp><and_exp><literal name="icmp_ln78" val="0"/>
</and_exp></or_exp>
</condition>

<Node id="45" bw="3" op_0_bw="24" op_1_bw="64" op_2_bw="64">
<![CDATA[
for.body.split:11 %TempV1_V_addr_1 = getelementptr i24 %TempV1_V, i64 0, i64 %zext_ln80

]]></Node>
<StgValue><ssdm name="TempV1_V_addr_1"/></StgValue>
</operation>

<operation id="60" st_id="11" stage="1" lat="8">
<core></core>
<MemPortIdVec></MemPortIdVec>
<condition id="-1">
<or_exp><and_exp><literal name="icmp_ln78" val="0"/>
</and_exp></or_exp>
</condition>

<Node id="46" bw="48" op_0_bw="48" op_1_bw="24" op_2_bw="24">
<![CDATA[
for.body.split:12 %call_ret1 = call i48 @cordic.1, i24 %tmp, i24 %reuse_select

]]></Node>
<StgValue><ssdm name="call_ret1"/></StgValue>
</operation>

<operation id="61" st_id="11" stage="1" lat="1">
<core>NULL</core>
<MemPortIdVec></MemPortIdVec>
<condition id="-1">
<or_exp><and_exp><literal name="icmp_ln78" val="0"/>
</and_exp></or_exp>
</condition>

<Node id="47" bw="24" op_0_bw="48">
<![CDATA[
for.body.split:13 %r_V = extractvalue i48 %call_ret1

]]></Node>
<StgValue><ssdm name="r_V"/></StgValue>
</operation>

<operation id="62" st_id="11" stage="1" lat="1">
<core>NULL</core>
<MemPortIdVec></MemPortIdVec>
<condition id="-1">
<or_exp><and_exp><literal name="icmp_ln78" val="0"/>
</and_exp></or_exp>
</condition>

<Node id="48" bw="24" op_0_bw="48">
<![CDATA[
for.body.split:14 %PhaseV1_V_1_5 = extractvalue i48 %call_ret1

]]></Node>
<StgValue><ssdm name="PhaseV1_V_1_5"/></StgValue>
</operation>

<operation id="63" st_id="11" stage="1" lat="1">
<core>NULL</core>
<MemPortIdVec></MemPortIdVec>
<condition id="-1">
<or_exp><and_exp><literal name="icmp_ln78" val="0"/>
<literal name="trunc_ln80" val="-2"/>
</and_exp></or_exp>
</condition>

<Node id="51" bw="0" op_0_bw="24" op_1_bw="24">
<![CDATA[
branch2:0 %store_ln80 = store i24 %PhaseV1_V_1_5, i24 %PhaseV1_V_1_2

]]></Node>
<StgValue><ssdm name="store_ln80"/></StgValue>
</operation>

<operation id="64" st_id="11" stage="1" lat="1">
<core>NULL</core>
<MemPortIdVec></MemPortIdVec>
<condition id="-1">
<or_exp><and_exp><literal name="icmp_ln78" val="0"/>
<literal name="trunc_ln80" val="-2"/>
</and_exp></or_exp>
</condition>

<Node id="52" bw="0" op_0_bw="0">
<![CDATA[
branch2:1 %br_ln80 = br void %for.body.split426

]]></Node>
<StgValue><ssdm name="br_ln80"/></StgValue>
</operation>

<operation id="65" st_id="11" stage="1" lat="1">
<core>NULL</core>
<MemPortIdVec></MemPortIdVec>
<condition id="-1">
<or_exp><and_exp><literal name="icmp_ln78" val="0"/>
<literal name="trunc_ln80" val="1"/>
</and_exp></or_exp>
</condition>

<Node id="54" bw="0" op_0_bw="24" op_1_bw="24">
<![CDATA[
for.body.split.for.body.split426_crit_edge7:0 %store_ln80 = store i24 %PhaseV1_V_1_5, i24 %PhaseV1_V_1_1

]]></Node>
<StgValue><ssdm name="store_ln80"/></StgValue>
</operation>

<operation id="66" st_id="11" stage="1" lat="1">
<core>NULL</core>
<MemPortIdVec></MemPortIdVec>
<condition id="-1">
<or_exp><and_exp><literal name="icmp_ln78" val="0"/>
<literal name="trunc_ln80" val="1"/>
</and_exp></or_exp>
</condition>

<Node id="55" bw="0" op_0_bw="0">
<![CDATA[
for.body.split.for.body.split426_crit_edge7:1 %br_ln80 = br void %for.body.split426

]]></Node>
<StgValue><ssdm name="br_ln80"/></StgValue>
</operation>

<operation id="67" st_id="11" stage="1" lat="1">
<core>NULL</core>
<MemPortIdVec></MemPortIdVec>
<condition id="-1">
<or_exp><and_exp><literal name="icmp_ln78" val="0"/>
<literal name="trunc_ln80" val="-1"/>
</and_exp></or_exp>
</condition>

<Node id="60" bw="0" op_0_bw="24" op_1_bw="24">
<![CDATA[
branch3:0 %store_ln80 = store i24 %PhaseV1_V_1_5, i24 %PhaseV1_V_1_3

]]></Node>
<StgValue><ssdm name="store_ln80"/></StgValue>
</operation>

<operation id="68" st_id="11" stage="1" lat="1">
<core>NULL</core>
<MemPortIdVec></MemPortIdVec>
<condition id="-1">
<or_exp><and_exp><literal name="icmp_ln78" val="0"/>
<literal name="trunc_ln80" val="-1"/>
</and_exp></or_exp>
</condition>

<Node id="61" bw="0" op_0_bw="0">
<![CDATA[
branch3:1 %br_ln80 = br void %for.body.split426

]]></Node>
<StgValue><ssdm name="br_ln80"/></StgValue>
</operation>

<operation id="69" st_id="11" stage="1" lat="1">
<core>NULL</core>
<MemPortIdVec></MemPortIdVec>
<condition id="-1">
<or_exp><and_exp><literal name="icmp_ln78" val="0"/>
</and_exp></or_exp>
</condition>

<Node id="68" bw="0" op_0_bw="64" op_1_bw="64" op_2_bw="0" op_3_bw="0">
<![CDATA[
for.body.split426:5 %store_ln80 = store i64 %zext_ln80, i64 %reuse_addr_reg

]]></Node>
<StgValue><ssdm name="store_ln80"/></StgValue>
</operation>

<operation id="70" st_id="11" stage="1" lat="1">
<core>NULL</core>
<MemPortIdVec></MemPortIdVec>
<condition id="-1">
<or_exp><and_exp><literal name="icmp_ln78" val="0"/>
</and_exp></or_exp>
</condition>

<Node id="69" bw="0" op_0_bw="3" op_1_bw="3" op_2_bw="0" op_3_bw="0">
<![CDATA[
for.body.split426:6 %store_ln78 = store i3 %add_ln80, i3 %i

]]></Node>
<StgValue><ssdm name="store_ln78"/></StgValue>
</operation>
</state>

<state id="12" st_id="12">

<operation id="71" st_id="12" stage="1" lat="1">
<core>NULL</core>
<MemPortIdVec></MemPortIdVec>
<condition id="-1">
<or_exp><and_exp><literal name="icmp_ln78" val="0"/>
<literal name="trunc_ln80" val="0"/>
</and_exp></or_exp>
</condition>

<Node id="57" bw="0" op_0_bw="24" op_1_bw="24" op_2_bw="0">
<![CDATA[
for.body.split.for.body.split426_crit_edge:0 %store_ln80 = store i24 %PhaseV1_V_1_5, i24 %PhaseV1_V_1

]]></Node>
<StgValue><ssdm name="store_ln80"/></StgValue>
</operation>

<operation id="72" st_id="12" stage="1" lat="1">
<core>NULL</core>
<MemPortIdVec></MemPortIdVec>
<condition id="-1">
<or_exp><and_exp><literal name="icmp_ln78" val="0"/>
<literal name="trunc_ln80" val="0"/>
</and_exp></or_exp>
</condition>

<Node id="58" bw="0" op_0_bw="0">
<![CDATA[
for.body.split.for.body.split426_crit_edge:1 %br_ln80 = br void %for.body.split426

]]></Node>
<StgValue><ssdm name="br_ln80"/></StgValue>
</operation>

<operation id="73" st_id="12" stage="1" lat="1">
<core>NULL</core>
<MemPortIdVec></MemPortIdVec>
<condition id="-1">
<or_exp><and_exp><literal name="icmp_ln78" val="0"/>
</and_exp></or_exp>
</condition>

<Node id="63" bw="40" op_0_bw="24">
<![CDATA[
for.body.split426:0 %sext_ln1316 = sext i24 %r_V

]]></Node>
<StgValue><ssdm name="sext_ln1316"/></StgValue>
</operation>

<operation id="74" st_id="12" stage="4" lat="4">
<core>DSP48</core>
<MemPortIdVec></MemPortIdVec>
<condition id="-1">
<or_exp><and_exp><literal name="icmp_ln78" val="0"/>
</and_exp></or_exp>
</condition>

<Node id="64" bw="40" op_0_bw="40" op_1_bw="40">
<![CDATA[
for.body.split426:1 %mul_ln1316 = mul i40 %sext_ln1316, i40 39796

]]></Node>
<StgValue><ssdm name="mul_ln1316"/></StgValue>
</operation>
</state>

<state id="13" st_id="13">

<operation id="75" st_id="13" stage="3" lat="4">
<core>DSP48</core>
<MemPortIdVec></MemPortIdVec>
<condition id="-1">
<or_exp><and_exp><literal name="icmp_ln78" val="0"/>
</and_exp></or_exp>
</condition>

<Node id="64" bw="40" op_0_bw="40" op_1_bw="40">
<![CDATA[
for.body.split426:1 %mul_ln1316 = mul i40 %sext_ln1316, i40 39796

]]></Node>
<StgValue><ssdm name="mul_ln1316"/></StgValue>
</operation>
</state>

<state id="14" st_id="14">

<operation id="76" st_id="14" stage="2" lat="4">
<core>DSP48</core>
<MemPortIdVec></MemPortIdVec>
<condition id="-1">
<or_exp><and_exp></and_exp></or_exp>
</condition>

<Node id="64" bw="40" op_0_bw="40" op_1_bw="40">
<![CDATA[
for.body.split426:1 %mul_ln1316 = mul i40 %sext_ln1316, i40 39796

]]></Node>
<StgValue><ssdm name="mul_ln1316"/></StgValue>
</operation>
</state>

<state id="15" st_id="15">

<operation id="77" st_id="15" stage="1" lat="4">
<core>DSP48</core>
<MemPortIdVec></MemPortIdVec>
<condition id="-1">
<or_exp><and_exp></and_exp></or_exp>
</condition>

<Node id="64" bw="40" op_0_bw="40" op_1_bw="40">
<![CDATA[
for.body.split426:1 %mul_ln1316 = mul i40 %sext_ln1316, i40 39796

]]></Node>
<StgValue><ssdm name="mul_ln1316"/></StgValue>
</operation>

<operation id="78" st_id="15" stage="1" lat="1">
<core>NULL</core>
<MemPortIdVec></MemPortIdVec>
<condition id="-1">
<or_exp><and_exp></and_exp></or_exp>
</condition>

<Node id="65" bw="24" op_0_bw="24" op_1_bw="40" op_2_bw="32" op_3_bw="32">
<![CDATA[
for.body.split426:2 %trunc_ln2 = partselect i24 @_ssdm_op_PartSelect.i24.i40.i32.i32, i40 %mul_ln1316, i32 16, i32 39

]]></Node>
<StgValue><ssdm name="trunc_ln2"/></StgValue>
</operation>

<operation id="79" st_id="15" stage="1" lat="1">
<core>RAM</core>
<MemPortIdVec>0 </MemPortIdVec>
<condition id="-1">
<or_exp><and_exp></and_exp></or_exp>
</condition>

<Node id="66" bw="0" op_0_bw="24" op_1_bw="3">
<![CDATA[
for.body.split426:3 %store_ln81 = store i24 %trunc_ln2, i3 %TempV1_V_addr_1

]]></Node>
<StgValue><ssdm name="store_ln81"/></StgValue>
</operation>

<operation id="80" st_id="15" stage="1" lat="1">
<core>NULL</core>
<MemPortIdVec></MemPortIdVec>
<condition id="-1">
<or_exp><and_exp></and_exp></or_exp>
</condition>

<Node id="67" bw="0" op_0_bw="24" op_1_bw="24" op_2_bw="0" op_3_bw="0">
<![CDATA[
for.body.split426:4 %store_ln864 = store i24 %trunc_ln2, i24 %reuse_reg

]]></Node>
<StgValue><ssdm name="store_ln864"/></StgValue>
</operation>

<operation id="81" st_id="15" stage="1" lat="1">
<core>NULL</core>
<MemPortIdVec></MemPortIdVec>
<condition id="-1">
<or_exp><and_exp></and_exp></or_exp>
</condition>

<Node id="70" bw="0" op_0_bw="0">
<![CDATA[
for.body.split426:7 %br_ln78 = br void %for.body

]]></Node>
<StgValue><ssdm name="br_ln78"/></StgValue>
</operation>
</state>
</state_list>


<ports>
<port id="130" name="a11" dir="0" iftype="0">
<core>NULL</core><StgValue><ssdm name="a11"/></StgValue>
</port>
<port id="131" name="a21" dir="0" iftype="0">
<core>NULL</core><StgValue><ssdm name="a21"/></StgValue>
</port>
<port id="132" name="a31" dir="0" iftype="0">
<core>NULL</core><StgValue><ssdm name="a31"/></StgValue>
</port>
<port id="133" name="a41" dir="0" iftype="0">
<core>NULL</core><StgValue><ssdm name="a41"/></StgValue>
</port>
<port id="134" name="TempV1_V" dir="2" iftype="1">
<core>RAM</core><StgValue><ssdm name="TempV1_V"/><MemPortTyVec>2 3 </MemPortTyVec>
</StgValue>
</port>
<port id="135" name="PhaseV1_V_3_015_out" dir="1" iftype="0">
<core>NULL</core><StgValue><ssdm name="PhaseV1_V_3_015_out"/></StgValue>
</port>
<port id="136" name="PhaseV1_V_2_014_out" dir="1" iftype="0">
<core>NULL</core><StgValue><ssdm name="PhaseV1_V_2_014_out"/></StgValue>
</port>
<port id="137" name="PhaseV1_V_1_013_out" dir="1" iftype="0">
<core>NULL</core><StgValue><ssdm name="PhaseV1_V_1_013_out"/></StgValue>
</port>
<port id="138" name="PhaseV1_V_0_0_out" dir="1" iftype="0">
<core>NULL</core><StgValue><ssdm name="PhaseV1_V_0_0_out"/></StgValue>
</port>
</ports>


<dataflows>
<dataflow id="140" from="StgValue_139" to="reuse_addr_reg" fromId="139" toId="17">
</dataflow>
<dataflow id="141" from="StgValue_139" to="reuse_reg" fromId="139" toId="18">
</dataflow>
<dataflow id="142" from="StgValue_139" to="i" fromId="139" toId="19">
</dataflow>
<dataflow id="143" from="StgValue_139" to="PhaseV1_V_1" fromId="139" toId="20">
</dataflow>
<dataflow id="144" from="StgValue_139" to="PhaseV1_V_1_1" fromId="139" toId="21">
</dataflow>
<dataflow id="145" from="StgValue_139" to="PhaseV1_V_1_2" fromId="139" toId="22">
</dataflow>
<dataflow id="146" from="StgValue_139" to="PhaseV1_V_1_3" fromId="139" toId="23">
</dataflow>
<dataflow id="148" from="_ssdm_op_Read.ap_auto.i24" to="a41_read" fromId="147" toId="24">
</dataflow>
<dataflow id="149" from="a41" to="a41_read" fromId="133" toId="24">
</dataflow>
<dataflow id="150" from="_ssdm_op_Read.ap_auto.i24" to="a31_read" fromId="147" toId="25">
</dataflow>
<dataflow id="151" from="a31" to="a31_read" fromId="132" toId="25">
</dataflow>
<dataflow id="152" from="_ssdm_op_Read.ap_auto.i24" to="a21_read" fromId="147" toId="26">
</dataflow>
<dataflow id="153" from="a21" to="a21_read" fromId="131" toId="26">
</dataflow>
<dataflow id="154" from="_ssdm_op_Read.ap_auto.i24" to="a11_read" fromId="147" toId="27">
</dataflow>
<dataflow id="155" from="a11" to="a11_read" fromId="130" toId="27">
</dataflow>
<dataflow id="157" from="StgValue_156" to="store_ln0" fromId="156" toId="28">
</dataflow>
<dataflow id="158" from="PhaseV1_V_1" to="store_ln0" fromId="20" toId="28">
</dataflow>
<dataflow id="160" from="StgValue_159" to="store_ln0" fromId="159" toId="29">
</dataflow>
<dataflow id="161" from="i" to="store_ln0" fromId="19" toId="29">
</dataflow>
<dataflow id="162" from="StgValue_156" to="store_ln0" fromId="156" toId="30">
</dataflow>
<dataflow id="163" from="reuse_reg" to="store_ln0" fromId="18" toId="30">
</dataflow>
<dataflow id="165" from="StgValue_164" to="store_ln0" fromId="164" toId="31">
</dataflow>
<dataflow id="166" from="reuse_addr_reg" to="store_ln0" fromId="17" toId="31">
</dataflow>
<dataflow id="167" from="i" to="i_2" fromId="19" toId="33">
</dataflow>
<dataflow id="169" from="_ssdm_op_SpecPipeline" to="specpipeline_ln0" fromId="168" toId="34">
</dataflow>
<dataflow id="171" from="StgValue_170" to="specpipeline_ln0" fromId="170" toId="34">
</dataflow>
<dataflow id="173" from="StgValue_172" to="specpipeline_ln0" fromId="172" toId="34">
</dataflow>
<dataflow id="174" from="StgValue_139" to="specpipeline_ln0" fromId="139" toId="34">
</dataflow>
<dataflow id="175" from="StgValue_172" to="specpipeline_ln0" fromId="172" toId="34">
</dataflow>
<dataflow id="177" from="p_str" to="specpipeline_ln0" fromId="176" toId="34">
</dataflow>
<dataflow id="178" from="i_2" to="icmp_ln78" fromId="33" toId="35">
</dataflow>
<dataflow id="180" from="StgValue_179" to="icmp_ln78" fromId="179" toId="35">
</dataflow>
<dataflow id="182" from="_ssdm_op_SpecLoopTripCount" to="empty" fromId="181" toId="36">
</dataflow>
<dataflow id="184" from="StgValue_183" to="empty" fromId="183" toId="36">
</dataflow>
<dataflow id="185" from="StgValue_183" to="empty" fromId="183" toId="36">
</dataflow>
<dataflow id="186" from="StgValue_183" to="empty" fromId="183" toId="36">
</dataflow>
<dataflow id="187" from="i_2" to="add_ln80" fromId="33" toId="37">
</dataflow>
<dataflow id="189" from="StgValue_188" to="add_ln80" fromId="188" toId="37">
</dataflow>
<dataflow id="190" from="icmp_ln78" to="br_ln78" fromId="35" toId="38">
</dataflow>
<dataflow id="191" from="i_2" to="i_cast" fromId="33" toId="39">
</dataflow>
<dataflow id="192" from="i_2" to="trunc_ln80" fromId="33" toId="40">
</dataflow>
<dataflow id="194" from="_ssdm_op_Mux.ap_auto.4i24.i2" to="tmp" fromId="193" toId="41">
</dataflow>
<dataflow id="195" from="a11_read" to="tmp" fromId="27" toId="41">
</dataflow>
<dataflow id="196" from="a21_read" to="tmp" fromId="26" toId="41">
</dataflow>
<dataflow id="197" from="a31_read" to="tmp" fromId="25" toId="41">
</dataflow>
<dataflow id="198" from="a41_read" to="tmp" fromId="24" toId="41">
</dataflow>
<dataflow id="199" from="trunc_ln80" to="tmp" fromId="40" toId="41">
</dataflow>
<dataflow id="200" from="TempV1_V" to="TempV1_V_addr" fromId="134" toId="42">
</dataflow>
<dataflow id="202" from="StgValue_201" to="TempV1_V_addr" fromId="201" toId="42">
</dataflow>
<dataflow id="203" from="i_cast" to="TempV1_V_addr" fromId="39" toId="42">
</dataflow>
<dataflow id="204" from="reuse_addr_reg" to="reuse_addr_reg_load" fromId="17" toId="43">
</dataflow>
<dataflow id="205" from="TempV1_V_addr" to="TempV1_V_load" fromId="42" toId="44">
</dataflow>
<dataflow id="206" from="reuse_addr_reg_load" to="addr_cmp" fromId="43" toId="45">
</dataflow>
<dataflow id="207" from="i_cast" to="addr_cmp" fromId="39" toId="45">
</dataflow>
<dataflow id="208" from="trunc_ln80" to="switch_ln80" fromId="40" toId="46">
</dataflow>
<dataflow id="210" from="StgValue_209" to="switch_ln80" fromId="209" toId="46">
</dataflow>
<dataflow id="212" from="StgValue_211" to="switch_ln80" fromId="211" toId="46">
</dataflow>
<dataflow id="214" from="StgValue_213" to="switch_ln80" fromId="213" toId="46">
</dataflow>
<dataflow id="215" from="reuse_reg" to="reuse_reg_load" fromId="18" toId="47">
</dataflow>
<dataflow id="216" from="TempV1_V_addr" to="TempV1_V_load" fromId="42" toId="48">
</dataflow>
<dataflow id="217" from="addr_cmp" to="reuse_select" fromId="45" toId="49">
</dataflow>
<dataflow id="218" from="reuse_reg_load" to="reuse_select" fromId="47" toId="49">
</dataflow>
<dataflow id="219" from="TempV1_V_load" to="reuse_select" fromId="48" toId="49">
</dataflow>
<dataflow id="221" from="cordic.1" to="call_ret1" fromId="220" toId="50">
</dataflow>
<dataflow id="222" from="tmp" to="call_ret1" fromId="41" toId="50">
</dataflow>
<dataflow id="223" from="reuse_select" to="call_ret1" fromId="49" toId="50">
</dataflow>
<dataflow id="224" from="cordic.1" to="call_ret1" fromId="220" toId="51">
</dataflow>
<dataflow id="225" from="tmp" to="call_ret1" fromId="41" toId="51">
</dataflow>
<dataflow id="226" from="reuse_select" to="call_ret1" fromId="49" toId="51">
</dataflow>
<dataflow id="227" from="cordic.1" to="call_ret1" fromId="220" toId="52">
</dataflow>
<dataflow id="228" from="tmp" to="call_ret1" fromId="41" toId="52">
</dataflow>
<dataflow id="229" from="reuse_select" to="call_ret1" fromId="49" toId="52">
</dataflow>
<dataflow id="230" from="cordic.1" to="call_ret1" fromId="220" toId="53">
</dataflow>
<dataflow id="231" from="tmp" to="call_ret1" fromId="41" toId="53">
</dataflow>
<dataflow id="232" from="reuse_select" to="call_ret1" fromId="49" toId="53">
</dataflow>
<dataflow id="233" from="cordic.1" to="call_ret1" fromId="220" toId="54">
</dataflow>
<dataflow id="234" from="tmp" to="call_ret1" fromId="41" toId="54">
</dataflow>
<dataflow id="235" from="reuse_select" to="call_ret1" fromId="49" toId="54">
</dataflow>
<dataflow id="236" from="cordic.1" to="call_ret1" fromId="220" toId="55">
</dataflow>
<dataflow id="237" from="tmp" to="call_ret1" fromId="41" toId="55">
</dataflow>
<dataflow id="238" from="reuse_select" to="call_ret1" fromId="49" toId="55">
</dataflow>
<dataflow id="239" from="cordic.1" to="call_ret1" fromId="220" toId="56">
</dataflow>
<dataflow id="240" from="tmp" to="call_ret1" fromId="41" toId="56">
</dataflow>
<dataflow id="241" from="reuse_select" to="call_ret1" fromId="49" toId="56">
</dataflow>
<dataflow id="243" from="_ssdm_op_SpecLoopName" to="specloopname_ln79" fromId="242" toId="57">
</dataflow>
<dataflow id="245" from="empty_40" to="specloopname_ln79" fromId="244" toId="57">
</dataflow>
<dataflow id="246" from="add_ln80" to="zext_ln80" fromId="37" toId="58">
</dataflow>
<dataflow id="247" from="TempV1_V" to="TempV1_V_addr_1" fromId="134" toId="59">
</dataflow>
<dataflow id="248" from="StgValue_201" to="TempV1_V_addr_1" fromId="201" toId="59">
</dataflow>
<dataflow id="249" from="zext_ln80" to="TempV1_V_addr_1" fromId="58" toId="59">
</dataflow>
<dataflow id="250" from="cordic.1" to="call_ret1" fromId="220" toId="60">
</dataflow>
<dataflow id="251" from="tmp" to="call_ret1" fromId="41" toId="60">
</dataflow>
<dataflow id="252" from="reuse_select" to="call_ret1" fromId="49" toId="60">
</dataflow>
<dataflow id="253" from="call_ret1" to="r_V" fromId="60" toId="61">
</dataflow>
<dataflow id="254" from="call_ret1" to="PhaseV1_V_1_5" fromId="60" toId="62">
</dataflow>
<dataflow id="255" from="PhaseV1_V_1_5" to="store_ln80" fromId="62" toId="63">
</dataflow>
<dataflow id="256" from="PhaseV1_V_1_2" to="store_ln80" fromId="22" toId="63">
</dataflow>
<dataflow id="257" from="PhaseV1_V_1_5" to="store_ln80" fromId="62" toId="65">
</dataflow>
<dataflow id="258" from="PhaseV1_V_1_1" to="store_ln80" fromId="21" toId="65">
</dataflow>
<dataflow id="259" from="PhaseV1_V_1_5" to="store_ln80" fromId="62" toId="67">
</dataflow>
<dataflow id="260" from="PhaseV1_V_1_3" to="store_ln80" fromId="23" toId="67">
</dataflow>
<dataflow id="261" from="zext_ln80" to="store_ln80" fromId="58" toId="69">
</dataflow>
<dataflow id="262" from="reuse_addr_reg" to="store_ln80" fromId="17" toId="69">
</dataflow>
<dataflow id="263" from="add_ln80" to="store_ln78" fromId="37" toId="70">
</dataflow>
<dataflow id="264" from="i" to="store_ln78" fromId="19" toId="70">
</dataflow>
<dataflow id="265" from="PhaseV1_V_1_5" to="store_ln80" fromId="62" toId="71">
</dataflow>
<dataflow id="266" from="PhaseV1_V_1" to="store_ln80" fromId="20" toId="71">
</dataflow>
<dataflow id="267" from="r_V" to="sext_ln1316" fromId="61" toId="73">
</dataflow>
<dataflow id="268" from="sext_ln1316" to="mul_ln1316" fromId="73" toId="74">
</dataflow>
<dataflow id="270" from="StgValue_269" to="mul_ln1316" fromId="269" toId="74">
</dataflow>
<dataflow id="271" from="sext_ln1316" to="mul_ln1316" fromId="73" toId="75">
</dataflow>
<dataflow id="272" from="StgValue_269" to="mul_ln1316" fromId="269" toId="75">
</dataflow>
<dataflow id="273" from="sext_ln1316" to="mul_ln1316" fromId="73" toId="76">
</dataflow>
<dataflow id="274" from="StgValue_269" to="mul_ln1316" fromId="269" toId="76">
</dataflow>
<dataflow id="275" from="sext_ln1316" to="mul_ln1316" fromId="73" toId="77">
</dataflow>
<dataflow id="276" from="StgValue_269" to="mul_ln1316" fromId="269" toId="77">
</dataflow>
<dataflow id="278" from="_ssdm_op_PartSelect.i24.i40.i32.i32" to="trunc_ln2" fromId="277" toId="78">
</dataflow>
<dataflow id="279" from="mul_ln1316" to="trunc_ln2" fromId="77" toId="78">
</dataflow>
<dataflow id="281" from="StgValue_280" to="trunc_ln2" fromId="280" toId="78">
</dataflow>
<dataflow id="283" from="StgValue_282" to="trunc_ln2" fromId="282" toId="78">
</dataflow>
<dataflow id="284" from="trunc_ln2" to="store_ln81" fromId="78" toId="79">
</dataflow>
<dataflow id="285" from="TempV1_V_addr_1" to="store_ln81" fromId="59" toId="79">
</dataflow>
<dataflow id="286" from="trunc_ln2" to="store_ln864" fromId="78" toId="80">
</dataflow>
<dataflow id="287" from="reuse_reg" to="store_ln864" fromId="18" toId="80">
</dataflow>
<dataflow id="288" from="PhaseV1_V_1" to="PhaseV1_V_1_load" fromId="20" toId="82">
</dataflow>
<dataflow id="289" from="PhaseV1_V_1_1" to="PhaseV1_V_1_1_load" fromId="21" toId="83">
</dataflow>
<dataflow id="290" from="PhaseV1_V_1_2" to="PhaseV1_V_1_2_load" fromId="22" toId="84">
</dataflow>
<dataflow id="291" from="PhaseV1_V_1_3" to="PhaseV1_V_1_3_load" fromId="23" toId="85">
</dataflow>
<dataflow id="293" from="_ssdm_op_Write.ap_auto.i24P0A" to="write_ln0" fromId="292" toId="86">
</dataflow>
<dataflow id="294" from="PhaseV1_V_3_015_out" to="write_ln0" fromId="135" toId="86">
</dataflow>
<dataflow id="295" from="PhaseV1_V_1_3_load" to="write_ln0" fromId="85" toId="86">
</dataflow>
<dataflow id="296" from="_ssdm_op_Write.ap_auto.i24P0A" to="write_ln0" fromId="292" toId="87">
</dataflow>
<dataflow id="297" from="PhaseV1_V_2_014_out" to="write_ln0" fromId="136" toId="87">
</dataflow>
<dataflow id="298" from="PhaseV1_V_1_2_load" to="write_ln0" fromId="84" toId="87">
</dataflow>
<dataflow id="299" from="_ssdm_op_Write.ap_auto.i24P0A" to="write_ln0" fromId="292" toId="88">
</dataflow>
<dataflow id="300" from="PhaseV1_V_1_013_out" to="write_ln0" fromId="137" toId="88">
</dataflow>
<dataflow id="301" from="PhaseV1_V_1_1_load" to="write_ln0" fromId="83" toId="88">
</dataflow>
<dataflow id="302" from="_ssdm_op_Write.ap_auto.i24P0A" to="write_ln0" fromId="292" toId="89">
</dataflow>
<dataflow id="303" from="PhaseV1_V_0_0_out" to="write_ln0" fromId="138" toId="89">
</dataflow>
<dataflow id="304" from="PhaseV1_V_1_load" to="write_ln0" fromId="82" toId="89">
</dataflow>
<dataflow id="305" from="icmp_ln78" to="StgValue_2" fromId="35" toId="2">
</dataflow>
<dataflow id="306" from="icmp_ln78" to="StgValue_3" fromId="35" toId="3">
</dataflow>
<dataflow id="307" from="addr_cmp" to="StgValue_3" fromId="45" toId="3">
</dataflow>
<dataflow id="308" from="icmp_ln78" to="StgValue_4" fromId="35" toId="4">
</dataflow>
<dataflow id="309" from="icmp_ln78" to="StgValue_5" fromId="35" toId="5">
</dataflow>
<dataflow id="310" from="icmp_ln78" to="StgValue_6" fromId="35" toId="6">
</dataflow>
<dataflow id="311" from="icmp_ln78" to="StgValue_7" fromId="35" toId="7">
</dataflow>
<dataflow id="312" from="icmp_ln78" to="StgValue_8" fromId="35" toId="8">
</dataflow>
<dataflow id="313" from="icmp_ln78" to="StgValue_9" fromId="35" toId="9">
</dataflow>
<dataflow id="314" from="icmp_ln78" to="StgValue_10" fromId="35" toId="10">
</dataflow>
<dataflow id="315" from="icmp_ln78" to="StgValue_11" fromId="35" toId="11">
</dataflow>
<dataflow id="316" from="trunc_ln80" to="StgValue_11" fromId="40" toId="11">
</dataflow>
<dataflow id="317" from="icmp_ln78" to="StgValue_12" fromId="35" toId="12">
</dataflow>
<dataflow id="318" from="trunc_ln80" to="StgValue_12" fromId="40" toId="12">
</dataflow>
<dataflow id="319" from="icmp_ln78" to="StgValue_13" fromId="35" toId="13">
</dataflow>
</dataflows>


</stg>
