<profile>

<section name = "Vitis HLS Report for 'LinearSolver'" level="0">
<item name = "Date">Thu Dec  1 13:05:40 2022
</item>
<item name = "Version">2022.1 (Build 3526262 on Mon Apr 18 15:48:16 MDT 2022)</item>
<item name = "Project">A6HLS</item>
<item name = "Solution">solution1 (Vivado IP Flow Target)</item>
<item name = "Product family">zynq</item>
<item name = "Target device">xc7z020-clg484-1</item>
</section>

<section name = "Performance Estimates" level="0">
<item name = "Timing">
<section name = "" level="1">
<item name = "Summary"><table name="" hasTotal="0">
<keys size="4">Clock, Target, Estimated, Uncertainty</keys>
<column name="ap_clk">10.00 ns, 7.257 ns, 2.70 ns</column>
</table>
</item>
</section>
</item>
<item name = "Latency">
<section name = "" level="1">
<item name = "Summary"><table name="" hasTotal="0">
<keys size="8">, min, max, min, max, min, max, Type</keys>
<column name="">692, 692, 6.920 us, 6.920 us, 693, 693, no</column>
</table>
</item>
<item name = "Detail">
<section name = "" level="1">
<item name = "Instance"><table name="" hasTotal="0">
<keys size="9">Instance, Module, min, max, min, max, min, max, Type</keys>
<column name="grp_LinearSolver_Pipeline_VITIS_LOOP_78_1_fu_1416">LinearSolver_Pipeline_VITIS_LOOP_78_1, 51, 51, 0.510 us, 0.510 us, 51, 51, no</column>
<column name="grp_LinearSolver_Pipeline_VITIS_LOOP_87_2_fu_1433">LinearSolver_Pipeline_VITIS_LOOP_87_2, 51, 51, 0.510 us, 0.510 us, 51, 51, no</column>
<column name="grp_LinearSolver_Pipeline_VITIS_LOOP_95_3_fu_1450">LinearSolver_Pipeline_VITIS_LOOP_95_3, 51, 51, 0.510 us, 0.510 us, 51, 51, no</column>
<column name="grp_LinearSolver_Pipeline_VITIS_LOOP_103_4_fu_1467">LinearSolver_Pipeline_VITIS_LOOP_103_4, 51, 51, 0.510 us, 0.510 us, 51, 51, no</column>
<column name="grp_LinearSolver_Pipeline_VITIS_LOOP_195_11_fu_1484">LinearSolver_Pipeline_VITIS_LOOP_195_11, 51, 51, 0.510 us, 0.510 us, 51, 51, no</column>
<column name="grp_LinearSolver_Pipeline_VITIS_LOOP_203_12_fu_1497">LinearSolver_Pipeline_VITIS_LOOP_203_12, 51, 51, 0.510 us, 0.510 us, 51, 51, no</column>
<column name="grp_LinearSolver_Pipeline_VITIS_LOOP_211_13_fu_1510">LinearSolver_Pipeline_VITIS_LOOP_211_13, 51, 51, 0.510 us, 0.510 us, 51, 51, no</column>
<column name="grp_LinearSolver_Pipeline_VITIS_LOOP_219_14_fu_1523">LinearSolver_Pipeline_VITIS_LOOP_219_14, 51, 51, 0.510 us, 0.510 us, 51, 51, no</column>
<column name="grp_LinearSolver_Pipeline_VITIS_LOOP_112_5_fu_1536">LinearSolver_Pipeline_VITIS_LOOP_112_5, 51, 51, 0.510 us, 0.510 us, 51, 51, no</column>
<column name="grp_LinearSolver_Pipeline_VITIS_LOOP_121_6_fu_1549">LinearSolver_Pipeline_VITIS_LOOP_121_6, 51, 51, 0.510 us, 0.510 us, 51, 51, no</column>
<column name="grp_LinearSolver_Pipeline_VITIS_LOOP_129_7_fu_1566">LinearSolver_Pipeline_VITIS_LOOP_129_7, 51, 51, 0.510 us, 0.510 us, 51, 51, no</column>
<column name="grp_LinearSolver_Pipeline_VITIS_LOOP_228_15_fu_1583">LinearSolver_Pipeline_VITIS_LOOP_228_15, 51, 51, 0.510 us, 0.510 us, 51, 51, no</column>
<column name="grp_LinearSolver_Pipeline_VITIS_LOOP_236_16_fu_1600">LinearSolver_Pipeline_VITIS_LOOP_236_16, 51, 51, 0.510 us, 0.510 us, 51, 51, no</column>
<column name="grp_LinearSolver_Pipeline_VITIS_LOOP_244_17_fu_1617">LinearSolver_Pipeline_VITIS_LOOP_244_17, 51, 51, 0.510 us, 0.510 us, 51, 51, no</column>
<column name="grp_LinearSolver_Pipeline_VITIS_LOOP_252_18_fu_1634">LinearSolver_Pipeline_VITIS_LOOP_252_18, 51, 51, 0.510 us, 0.510 us, 51, 51, no</column>
<column name="grp_LinearSolver_Pipeline_VITIS_LOOP_138_8_fu_1651">LinearSolver_Pipeline_VITIS_LOOP_138_8, 51, 51, 0.510 us, 0.510 us, 51, 51, no</column>
<column name="grp_LinearSolver_Pipeline_VITIS_LOOP_148_9_fu_1664">LinearSolver_Pipeline_VITIS_LOOP_148_9, 51, 51, 0.510 us, 0.510 us, 51, 51, no</column>
<column name="grp_LinearSolver_Pipeline_VITIS_LOOP_261_19_fu_1681">LinearSolver_Pipeline_VITIS_LOOP_261_19, 51, 51, 0.510 us, 0.510 us, 51, 51, no</column>
<column name="grp_LinearSolver_Pipeline_VITIS_LOOP_269_20_fu_1698">LinearSolver_Pipeline_VITIS_LOOP_269_20, 51, 51, 0.510 us, 0.510 us, 51, 51, no</column>
<column name="grp_LinearSolver_Pipeline_VITIS_LOOP_277_21_fu_1715">LinearSolver_Pipeline_VITIS_LOOP_277_21, 51, 51, 0.510 us, 0.510 us, 51, 51, no</column>
<column name="grp_LinearSolver_Pipeline_VITIS_LOOP_285_22_fu_1732">LinearSolver_Pipeline_VITIS_LOOP_285_22, 51, 51, 0.510 us, 0.510 us, 51, 51, no</column>
<column name="grp_LinearSolver_Pipeline_VITIS_LOOP_158_10_fu_1749">LinearSolver_Pipeline_VITIS_LOOP_158_10, 51, 51, 0.510 us, 0.510 us, 51, 51, no</column>
<column name="grp_LinearSolver_Pipeline_VITIS_LOOP_295_23_fu_1762">LinearSolver_Pipeline_VITIS_LOOP_295_23, 51, 51, 0.510 us, 0.510 us, 51, 51, no</column>
<column name="grp_LinearSolver_Pipeline_VITIS_LOOP_303_24_fu_1775">LinearSolver_Pipeline_VITIS_LOOP_303_24, 51, 51, 0.510 us, 0.510 us, 51, 51, no</column>
<column name="grp_LinearSolver_Pipeline_VITIS_LOOP_311_25_fu_1788">LinearSolver_Pipeline_VITIS_LOOP_311_25, 51, 51, 0.510 us, 0.510 us, 51, 51, no</column>
<column name="grp_LinearSolver_Pipeline_VITIS_LOOP_319_26_fu_1801">LinearSolver_Pipeline_VITIS_LOOP_319_26, 51, 51, 0.510 us, 0.510 us, 51, 51, no</column>
<column name="grp_LinearSolver_Pipeline_VITIS_LOOP_357_27_fu_1814">LinearSolver_Pipeline_VITIS_LOOP_357_27, 8, 8, 80.000 ns, 80.000 ns, 8, 8, no</column>
</table>
</item>
<item name = "Loop"><table name="" hasTotal="0">
<keys size="8">Loop Name, min, max, Latency, achieved, target, Count, Pipelined</keys>
</table>
</item>
</section>
</item>
</section>
</item>
</section>
</profile>
