<profile>

<section name = "Vitis HLS Report for 'LinearSolver'" level="0">
<item name = "Date">Thu Dec  1 13:05:57 2022
</item>
<item name = "Version">2022.1 (Build 3526262 on Mon Apr 18 15:48:16 MDT 2022)</item>
<item name = "Project">A6HLS</item>
<item name = "Solution">solution1 (Vivado IP Flow Target)</item>
<item name = "Product family">zynq</item>
<item name = "Target device">xc7z020-clg484-1</item>
</section>

<section name = "Performance Estimates" level="0">
<item name = "Timing">
<section name = "" level="1">
<item name = "Summary"><table name="" hasTotal="0">
<keys size="4">Clock, Target, Estimated, Uncertainty</keys>
<column name="ap_clk">10.00 ns, 7.257 ns, 2.70 ns</column>
</table>
</item>
</section>
</item>
<item name = "Latency">
<section name = "" level="1">
<item name = "Summary"><table name="" hasTotal="0">
<keys size="8">, min, max, min, max, min, max, Type</keys>
<column name="">692, 692, 6.920 us, 6.920 us, 693, 693, no</column>
</table>
</item>
<item name = "Detail">
<section name = "" level="1">
<item name = "Instance"><table name="" hasTotal="0">
<keys size="9">Instance, Module, min, max, min, max, min, max, Type</keys>
<column name="grp_LinearSolver_Pipeline_VITIS_LOOP_78_1_fu_1416">LinearSolver_Pipeline_VITIS_LOOP_78_1, 51, 51, 0.510 us, 0.510 us, 51, 51, no</column>
<column name="grp_LinearSolver_Pipeline_VITIS_LOOP_87_2_fu_1433">LinearSolver_Pipeline_VITIS_LOOP_87_2, 51, 51, 0.510 us, 0.510 us, 51, 51, no</column>
<column name="grp_LinearSolver_Pipeline_VITIS_LOOP_95_3_fu_1450">LinearSolver_Pipeline_VITIS_LOOP_95_3, 51, 51, 0.510 us, 0.510 us, 51, 51, no</column>
<column name="grp_LinearSolver_Pipeline_VITIS_LOOP_103_4_fu_1467">LinearSolver_Pipeline_VITIS_LOOP_103_4, 51, 51, 0.510 us, 0.510 us, 51, 51, no</column>
<column name="grp_LinearSolver_Pipeline_VITIS_LOOP_195_11_fu_1484">LinearSolver_Pipeline_VITIS_LOOP_195_11, 51, 51, 0.510 us, 0.510 us, 51, 51, no</column>
<column name="grp_LinearSolver_Pipeline_VITIS_LOOP_203_12_fu_1497">LinearSolver_Pipeline_VITIS_LOOP_203_12, 51, 51, 0.510 us, 0.510 us, 51, 51, no</column>
<column name="grp_LinearSolver_Pipeline_VITIS_LOOP_211_13_fu_1510">LinearSolver_Pipeline_VITIS_LOOP_211_13, 51, 51, 0.510 us, 0.510 us, 51, 51, no</column>
<column name="grp_LinearSolver_Pipeline_VITIS_LOOP_219_14_fu_1523">LinearSolver_Pipeline_VITIS_LOOP_219_14, 51, 51, 0.510 us, 0.510 us, 51, 51, no</column>
<column name="grp_LinearSolver_Pipeline_VITIS_LOOP_112_5_fu_1536">LinearSolver_Pipeline_VITIS_LOOP_112_5, 51, 51, 0.510 us, 0.510 us, 51, 51, no</column>
<column name="grp_LinearSolver_Pipeline_VITIS_LOOP_121_6_fu_1549">LinearSolver_Pipeline_VITIS_LOOP_121_6, 51, 51, 0.510 us, 0.510 us, 51, 51, no</column>
<column name="grp_LinearSolver_Pipeline_VITIS_LOOP_129_7_fu_1566">LinearSolver_Pipeline_VITIS_LOOP_129_7, 51, 51, 0.510 us, 0.510 us, 51, 51, no</column>
<column name="grp_LinearSolver_Pipeline_VITIS_LOOP_228_15_fu_1583">LinearSolver_Pipeline_VITIS_LOOP_228_15, 51, 51, 0.510 us, 0.510 us, 51, 51, no</column>
<column name="grp_LinearSolver_Pipeline_VITIS_LOOP_236_16_fu_1600">LinearSolver_Pipeline_VITIS_LOOP_236_16, 51, 51, 0.510 us, 0.510 us, 51, 51, no</column>
<column name="grp_LinearSolver_Pipeline_VITIS_LOOP_244_17_fu_1617">LinearSolver_Pipeline_VITIS_LOOP_244_17, 51, 51, 0.510 us, 0.510 us, 51, 51, no</column>
<column name="grp_LinearSolver_Pipeline_VITIS_LOOP_252_18_fu_1634">LinearSolver_Pipeline_VITIS_LOOP_252_18, 51, 51, 0.510 us, 0.510 us, 51, 51, no</column>
<column name="grp_LinearSolver_Pipeline_VITIS_LOOP_138_8_fu_1651">LinearSolver_Pipeline_VITIS_LOOP_138_8, 51, 51, 0.510 us, 0.510 us, 51, 51, no</column>
<column name="grp_LinearSolver_Pipeline_VITIS_LOOP_148_9_fu_1664">LinearSolver_Pipeline_VITIS_LOOP_148_9, 51, 51, 0.510 us, 0.510 us, 51, 51, no</column>
<column name="grp_LinearSolver_Pipeline_VITIS_LOOP_261_19_fu_1681">LinearSolver_Pipeline_VITIS_LOOP_261_19, 51, 51, 0.510 us, 0.510 us, 51, 51, no</column>
<column name="grp_LinearSolver_Pipeline_VITIS_LOOP_269_20_fu_1698">LinearSolver_Pipeline_VITIS_LOOP_269_20, 51, 51, 0.510 us, 0.510 us, 51, 51, no</column>
<column name="grp_LinearSolver_Pipeline_VITIS_LOOP_277_21_fu_1715">LinearSolver_Pipeline_VITIS_LOOP_277_21, 51, 51, 0.510 us, 0.510 us, 51, 51, no</column>
<column name="grp_LinearSolver_Pipeline_VITIS_LOOP_285_22_fu_1732">LinearSolver_Pipeline_VITIS_LOOP_285_22, 51, 51, 0.510 us, 0.510 us, 51, 51, no</column>
<column name="grp_LinearSolver_Pipeline_VITIS_LOOP_158_10_fu_1749">LinearSolver_Pipeline_VITIS_LOOP_158_10, 51, 51, 0.510 us, 0.510 us, 51, 51, no</column>
<column name="grp_LinearSolver_Pipeline_VITIS_LOOP_295_23_fu_1762">LinearSolver_Pipeline_VITIS_LOOP_295_23, 51, 51, 0.510 us, 0.510 us, 51, 51, no</column>
<column name="grp_LinearSolver_Pipeline_VITIS_LOOP_303_24_fu_1775">LinearSolver_Pipeline_VITIS_LOOP_303_24, 51, 51, 0.510 us, 0.510 us, 51, 51, no</column>
<column name="grp_LinearSolver_Pipeline_VITIS_LOOP_311_25_fu_1788">LinearSolver_Pipeline_VITIS_LOOP_311_25, 51, 51, 0.510 us, 0.510 us, 51, 51, no</column>
<column name="grp_LinearSolver_Pipeline_VITIS_LOOP_319_26_fu_1801">LinearSolver_Pipeline_VITIS_LOOP_319_26, 51, 51, 0.510 us, 0.510 us, 51, 51, no</column>
<column name="grp_LinearSolver_Pipeline_VITIS_LOOP_357_27_fu_1814">LinearSolver_Pipeline_VITIS_LOOP_357_27, 8, 8, 80.000 ns, 80.000 ns, 8, 8, no</column>
</table>
</item>
<item name = "Loop"><table name="" hasTotal="0">
<keys size="8">Loop Name, min, max, Latency, achieved, target, Count, Pipelined</keys>
</table>
</item>
</section>
</item>
</section>
</item>
</section>

<section name = "Utilization Estimates" level="0">
<item name = "Summary"><table name="" hasTotal="1">
<keys size="6">Name, BRAM_18K, DSP, FF, LUT, URAM</keys>
<column name="DSP">-, -, -, -, -</column>
<column name="Expression">-, -, 0, 327, -</column>
<column name="FIFO">-, -, -, -, -</column>
<column name="Instance">0, 58, 19177, 28077, -</column>
<column name="Memory">0, -, 624, 52, 0</column>
<column name="Multiplexer">-, -, -, 3540, -</column>
<column name="Register">-, -, 2058, -, -</column>
<specialColumn name="Available">280, 220, 106400, 53200, 0</specialColumn>
<specialColumn name="Utilization (%)">0, 26, 20, 60, 0</specialColumn>
</table>
</item>
<item name = "Detail">
<section name = "" level="1">
<item name = "Instance"><table name="" hasTotal="1">
<keys size="7">Instance, Module, BRAM_18K, DSP, FF, LUT, URAM</keys>
<column name="HLS_TREEADD_PERIPH_BUS_s_axi_U">HLS_TREEADD_PERIPH_BUS_s_axi, 0, 0, 756, 1192, 0</column>
<column name="grp_LinearSolver_Pipeline_VITIS_LOOP_103_4_fu_1467">LinearSolver_Pipeline_VITIS_LOOP_103_4, 0, 2, 334, 275, 0</column>
<column name="grp_LinearSolver_Pipeline_VITIS_LOOP_112_5_fu_1536">LinearSolver_Pipeline_VITIS_LOOP_112_5, 0, 1, 308, 255, 0</column>
<column name="grp_LinearSolver_Pipeline_VITIS_LOOP_121_6_fu_1549">LinearSolver_Pipeline_VITIS_LOOP_121_6, 0, 2, 334, 275, 0</column>
<column name="grp_LinearSolver_Pipeline_VITIS_LOOP_129_7_fu_1566">LinearSolver_Pipeline_VITIS_LOOP_129_7, 0, 2, 334, 275, 0</column>
<column name="grp_LinearSolver_Pipeline_VITIS_LOOP_138_8_fu_1651">LinearSolver_Pipeline_VITIS_LOOP_138_8, 0, 1, 308, 255, 0</column>
<column name="grp_LinearSolver_Pipeline_VITIS_LOOP_148_9_fu_1664">LinearSolver_Pipeline_VITIS_LOOP_148_9, 0, 2, 334, 275, 0</column>
<column name="grp_LinearSolver_Pipeline_VITIS_LOOP_158_10_fu_1749">LinearSolver_Pipeline_VITIS_LOOP_158_10, 0, 1, 308, 255, 0</column>
<column name="grp_LinearSolver_Pipeline_VITIS_LOOP_195_11_fu_1484">LinearSolver_Pipeline_VITIS_LOOP_195_11, 0, 2, 334, 275, 0</column>
<column name="grp_LinearSolver_Pipeline_VITIS_LOOP_203_12_fu_1497">LinearSolver_Pipeline_VITIS_LOOP_203_12, 0, 2, 334, 275, 0</column>
<column name="grp_LinearSolver_Pipeline_VITIS_LOOP_211_13_fu_1510">LinearSolver_Pipeline_VITIS_LOOP_211_13, 0, 2, 334, 275, 0</column>
<column name="grp_LinearSolver_Pipeline_VITIS_LOOP_219_14_fu_1523">LinearSolver_Pipeline_VITIS_LOOP_219_14, 0, 2, 334, 275, 0</column>
<column name="grp_LinearSolver_Pipeline_VITIS_LOOP_228_15_fu_1583">LinearSolver_Pipeline_VITIS_LOOP_228_15, 0, 2, 334, 275, 0</column>
<column name="grp_LinearSolver_Pipeline_VITIS_LOOP_236_16_fu_1600">LinearSolver_Pipeline_VITIS_LOOP_236_16, 0, 2, 334, 275, 0</column>
<column name="grp_LinearSolver_Pipeline_VITIS_LOOP_244_17_fu_1617">LinearSolver_Pipeline_VITIS_LOOP_244_17, 0, 2, 334, 275, 0</column>
<column name="grp_LinearSolver_Pipeline_VITIS_LOOP_252_18_fu_1634">LinearSolver_Pipeline_VITIS_LOOP_252_18, 0, 2, 334, 275, 0</column>
<column name="grp_LinearSolver_Pipeline_VITIS_LOOP_261_19_fu_1681">LinearSolver_Pipeline_VITIS_LOOP_261_19, 0, 2, 334, 275, 0</column>
<column name="grp_LinearSolver_Pipeline_VITIS_LOOP_269_20_fu_1698">LinearSolver_Pipeline_VITIS_LOOP_269_20, 0, 2, 334, 275, 0</column>
<column name="grp_LinearSolver_Pipeline_VITIS_LOOP_277_21_fu_1715">LinearSolver_Pipeline_VITIS_LOOP_277_21, 0, 2, 334, 275, 0</column>
<column name="grp_LinearSolver_Pipeline_VITIS_LOOP_285_22_fu_1732">LinearSolver_Pipeline_VITIS_LOOP_285_22, 0, 2, 334, 275, 0</column>
<column name="grp_LinearSolver_Pipeline_VITIS_LOOP_295_23_fu_1762">LinearSolver_Pipeline_VITIS_LOOP_295_23, 0, 2, 212, 275, 0</column>
<column name="grp_LinearSolver_Pipeline_VITIS_LOOP_303_24_fu_1775">LinearSolver_Pipeline_VITIS_LOOP_303_24, 0, 2, 212, 275, 0</column>
<column name="grp_LinearSolver_Pipeline_VITIS_LOOP_311_25_fu_1788">LinearSolver_Pipeline_VITIS_LOOP_311_25, 0, 2, 212, 275, 0</column>
<column name="grp_LinearSolver_Pipeline_VITIS_LOOP_319_26_fu_1801">LinearSolver_Pipeline_VITIS_LOOP_319_26, 0, 2, 212, 275, 0</column>
<column name="grp_LinearSolver_Pipeline_VITIS_LOOP_357_27_fu_1814">LinearSolver_Pipeline_VITIS_LOOP_357_27, 0, 4, 598, 463, 0</column>
<column name="grp_LinearSolver_Pipeline_VITIS_LOOP_78_1_fu_1416">LinearSolver_Pipeline_VITIS_LOOP_78_1, 0, 1, 308, 255, 0</column>
<column name="grp_LinearSolver_Pipeline_VITIS_LOOP_87_2_fu_1433">LinearSolver_Pipeline_VITIS_LOOP_87_2, 0, 2, 334, 275, 0</column>
<column name="grp_LinearSolver_Pipeline_VITIS_LOOP_95_3_fu_1450">LinearSolver_Pipeline_VITIS_LOOP_95_3, 0, 2, 1224, 2497, 0</column>
<column name="grp_cordic_fu_3839">cordic, 0, 0, 890, 2222, 0</column>
<column name="grp_cordic_fu_3845">cordic, 0, 0, 890, 2222, 0</column>
<column name="grp_cordic_fu_3851">cordic, 0, 0, 890, 2222, 0</column>
<column name="grp_cordic_fu_3857">cordic, 0, 0, 890, 2222, 0</column>
<column name="grp_cordic_fu_3863">cordic, 0, 0, 890, 2222, 0</column>
<column name="grp_cordic_fu_3869">cordic, 0, 0, 890, 2222, 0</column>
<column name="grp_cordic_1_fu_3834">cordic_1, 0, 0, 674, 1867, 0</column>
<column name="mul_24s_24s_48_1_1_U429">mul_24s_24s_48_1_1, 0, 1, 0, 38, 0</column>
<column name="mul_24s_24s_48_1_1_U431">mul_24s_24s_48_1_1, 0, 1, 0, 38, 0</column>
<column name="mul_24s_24s_48_1_1_U432">mul_24s_24s_48_1_1, 0, 1, 0, 38, 0</column>
<column name="mul_24s_24s_48_1_1_U434">mul_24s_24s_48_1_1, 0, 1, 0, 38, 0</column>
<column name="mul_24s_24s_48_1_1_U435">mul_24s_24s_48_1_1, 0, 1, 0, 38, 0</column>
<column name="mul_24s_24s_48_1_1_U436">mul_24s_24s_48_1_1, 0, 1, 0, 38, 0</column>
<column name="sdiv_40ns_24s_24_44_seq_1_U428">sdiv_40ns_24s_24_44_seq_1, 0, 0, 490, 296, 0</column>
<column name="sdiv_64ns_24s_64_68_seq_1_U430">sdiv_64ns_24s_64_68_seq_1, 0, 0, 779, 469, 0</column>
<column name="sdiv_65ns_24s_65_69_seq_1_U433">sdiv_65ns_24s_65_69_seq_1, 0, 0, 779, 469, 0</column>
<column name="sdiv_65ns_24s_65_69_seq_1_U437">sdiv_65ns_24s_65_69_seq_1, 0, 0, 779, 469, 0</column>
</table>
</item>
<item name = "DSP"><table name="" hasTotal="0">
<keys size="3">Instance, Module, Expression</keys>
</table>
</item>
<item name = "Memory"><table name="" hasTotal="1">
<keys size="10">Memory, Module, BRAM_18K, FF, LUT, URAM, Words, Bits, Banks, W*Bits*Banks</keys>
<column name="TempV1_V_U">TempV1_V_RAM_AUTO_1R1W, 0, 24, 2, 0, 5, 24, 1, 120</column>
<column name="TempR1_1_V_U">TempV1_V_RAM_AUTO_1R1W, 0, 24, 2, 0, 5, 24, 1, 120</column>
<column name="TempR1_2_V_U">TempV1_V_RAM_AUTO_1R1W, 0, 24, 2, 0, 5, 24, 1, 120</column>
<column name="TempR1_3_V_U">TempV1_V_RAM_AUTO_1R1W, 0, 24, 2, 0, 5, 24, 1, 120</column>
<column name="TempV2_V_U">TempV1_V_RAM_AUTO_1R1W, 0, 24, 2, 0, 5, 24, 1, 120</column>
<column name="TempR2_2_V_U">TempV1_V_RAM_AUTO_1R1W, 0, 24, 2, 0, 5, 24, 1, 120</column>
<column name="TempR2_3_V_U">TempV1_V_RAM_AUTO_1R1W, 0, 24, 2, 0, 5, 24, 1, 120</column>
<column name="TempV3_V_U">TempV1_V_RAM_AUTO_1R1W, 0, 24, 2, 0, 5, 24, 1, 120</column>
<column name="TempR3_3_V_U">TempV1_V_RAM_AUTO_1R1W, 0, 24, 2, 0, 5, 24, 1, 120</column>
<column name="TempV4_V_U">TempV1_V_RAM_AUTO_1R1W, 0, 24, 2, 0, 5, 24, 1, 120</column>
<column name="TempQ1_1_V_U">TempV1_V_RAM_AUTO_1R1W, 0, 24, 2, 0, 5, 24, 1, 120</column>
<column name="TempQ1_2_V_U">TempV1_V_RAM_AUTO_1R1W, 0, 24, 2, 0, 5, 24, 1, 120</column>
<column name="TempQ1_3_V_U">TempV1_V_RAM_AUTO_1R1W, 0, 24, 2, 0, 5, 24, 1, 120</column>
<column name="TempQ1_4_V_U">TempV1_V_RAM_AUTO_1R1W, 0, 24, 2, 0, 5, 24, 1, 120</column>
<column name="TempQ2_1_V_U">TempV1_V_RAM_AUTO_1R1W, 0, 24, 2, 0, 5, 24, 1, 120</column>
<column name="TempQ2_2_V_U">TempV1_V_RAM_AUTO_1R1W, 0, 24, 2, 0, 5, 24, 1, 120</column>
<column name="TempQ2_3_V_U">TempV1_V_RAM_AUTO_1R1W, 0, 24, 2, 0, 5, 24, 1, 120</column>
<column name="TempQ2_4_V_U">TempV1_V_RAM_AUTO_1R1W, 0, 24, 2, 0, 5, 24, 1, 120</column>
<column name="TempQ3_1_V_U">TempV1_V_RAM_AUTO_1R1W, 0, 24, 2, 0, 5, 24, 1, 120</column>
<column name="TempQ3_2_V_U">TempV1_V_RAM_AUTO_1R1W, 0, 24, 2, 0, 5, 24, 1, 120</column>
<column name="TempQ3_3_V_U">TempV1_V_RAM_AUTO_1R1W, 0, 24, 2, 0, 5, 24, 1, 120</column>
<column name="TempQ3_4_V_U">TempV1_V_RAM_AUTO_1R1W, 0, 24, 2, 0, 5, 24, 1, 120</column>
<column name="TempQ4_1_V_U">TempV1_V_RAM_AUTO_1R1W, 0, 24, 2, 0, 5, 24, 1, 120</column>
<column name="TempQ4_2_V_U">TempV1_V_RAM_AUTO_1R1W, 0, 24, 2, 0, 5, 24, 1, 120</column>
<column name="TempQ4_3_V_U">TempV1_V_RAM_AUTO_1R1W, 0, 24, 2, 0, 5, 24, 1, 120</column>
<column name="TempQ4_4_V_U">TempV1_V_RAM_AUTO_1R1W, 0, 24, 2, 0, 5, 24, 1, 120</column>
</table>
</item>
<item name = "FIFO"><table name="" hasTotal="1">
<keys size="8">Name, BRAM_18K, FF, LUT, URAM, Depth, Bits, Size:D*B</keys>
</table>
</item>
<item name = "Expression"><table name="" hasTotal="1">
<keys size="7">Variable Name, Operation, DSP, FF, LUT, Bitwidth P0, Bitwidth P1</keys>
<column name="ret_V_2_fu_2412_p2">-, 0, 0, 56, 49, 49</column>
<column name="ret_V_5_fu_2507_p2">-, 0, 0, 49, 49, 49</column>
<column name="ret_V_6_fu_2400_p2">-, 0, 0, 55, 48, 48</column>
<column name="ret_V_7_fu_2471_p2">-, 0, 0, 55, 48, 48</column>
<column name="ret_V_8_fu_2498_p2">-, 0, 0, 49, 49, 49</column>
<column name="ret_V_fu_2334_p2">-, 0, 0, 55, 48, 48</column>
<column name="ap_block_state13_on_subcall_done">or, 0, 0, 2, 1, 1</column>
<column name="ap_block_state17_on_subcall_done">or, 0, 0, 2, 1, 1</column>
<column name="ap_block_state5_on_subcall_done">or, 0, 0, 2, 1, 1</column>
<column name="ap_block_state9_on_subcall_done">or, 0, 0, 2, 1, 1</column>
</table>
</item>
<item name = "Multiplexer"><table name="" hasTotal="1">
<keys size="5">Name, LUT, Input Size, Bits, Total Bits</keys>
<column name="TempQ1_1_V_address0">20, 4, 3, 12</column>
<column name="TempQ1_1_V_ce0">14, 3, 1, 3</column>
<column name="TempQ1_1_V_d0">14, 3, 24, 72</column>
<column name="TempQ1_1_V_we0">14, 3, 1, 3</column>
<column name="TempQ1_2_V_address0">20, 4, 3, 12</column>
<column name="TempQ1_2_V_ce0">14, 3, 1, 3</column>
<column name="TempQ1_2_V_d0">14, 3, 24, 72</column>
<column name="TempQ1_2_V_we0">14, 3, 1, 3</column>
<column name="TempQ1_3_V_address0">20, 4, 3, 12</column>
<column name="TempQ1_3_V_ce0">14, 3, 1, 3</column>
<column name="TempQ1_3_V_d0">14, 3, 24, 72</column>
<column name="TempQ1_3_V_we0">14, 3, 1, 3</column>
<column name="TempQ1_4_V_address0">20, 4, 3, 12</column>
<column name="TempQ1_4_V_ce0">14, 3, 1, 3</column>
<column name="TempQ1_4_V_d0">14, 3, 24, 72</column>
<column name="TempQ1_4_V_we0">14, 3, 1, 3</column>
<column name="TempQ2_1_V_address0">20, 4, 3, 12</column>
<column name="TempQ2_1_V_ce0">14, 3, 1, 3</column>
<column name="TempQ2_1_V_d0">14, 3, 24, 72</column>
<column name="TempQ2_1_V_we0">14, 3, 1, 3</column>
<column name="TempQ2_2_V_address0">20, 4, 3, 12</column>
<column name="TempQ2_2_V_ce0">14, 3, 1, 3</column>
<column name="TempQ2_2_V_d0">14, 3, 24, 72</column>
<column name="TempQ2_2_V_we0">14, 3, 1, 3</column>
<column name="TempQ2_3_V_address0">20, 4, 3, 12</column>
<column name="TempQ2_3_V_ce0">14, 3, 1, 3</column>
<column name="TempQ2_3_V_d0">14, 3, 24, 72</column>
<column name="TempQ2_3_V_we0">14, 3, 1, 3</column>
<column name="TempQ2_4_V_address0">20, 4, 3, 12</column>
<column name="TempQ2_4_V_ce0">14, 3, 1, 3</column>
<column name="TempQ2_4_V_d0">14, 3, 24, 72</column>
<column name="TempQ2_4_V_we0">14, 3, 1, 3</column>
<column name="TempQ3_1_V_address0">20, 4, 3, 12</column>
<column name="TempQ3_1_V_ce0">14, 3, 1, 3</column>
<column name="TempQ3_1_V_d0">14, 3, 24, 72</column>
<column name="TempQ3_1_V_we0">14, 3, 1, 3</column>
<column name="TempQ3_2_V_address0">20, 4, 3, 12</column>
<column name="TempQ3_2_V_ce0">14, 3, 1, 3</column>
<column name="TempQ3_2_V_d0">14, 3, 24, 72</column>
<column name="TempQ3_2_V_we0">14, 3, 1, 3</column>
<column name="TempQ3_3_V_address0">20, 4, 3, 12</column>
<column name="TempQ3_3_V_ce0">14, 3, 1, 3</column>
<column name="TempQ3_3_V_d0">14, 3, 24, 72</column>
<column name="TempQ3_3_V_we0">14, 3, 1, 3</column>
<column name="TempQ3_4_V_address0">20, 4, 3, 12</column>
<column name="TempQ3_4_V_ce0">14, 3, 1, 3</column>
<column name="TempQ3_4_V_d0">14, 3, 24, 72</column>
<column name="TempQ3_4_V_we0">14, 3, 1, 3</column>
<column name="TempQ4_1_V_address0">20, 4, 3, 12</column>
<column name="TempQ4_1_V_ce0">14, 3, 1, 3</column>
<column name="TempQ4_1_V_d0">14, 3, 24, 72</column>
<column name="TempQ4_1_V_we0">14, 3, 1, 3</column>
<column name="TempQ4_2_V_address0">20, 4, 3, 12</column>
<column name="TempQ4_2_V_ce0">14, 3, 1, 3</column>
<column name="TempQ4_2_V_d0">14, 3, 24, 72</column>
<column name="TempQ4_2_V_we0">14, 3, 1, 3</column>
<column name="TempQ4_3_V_address0">20, 4, 3, 12</column>
<column name="TempQ4_3_V_ce0">14, 3, 1, 3</column>
<column name="TempQ4_3_V_d0">14, 3, 24, 72</column>
<column name="TempQ4_3_V_we0">14, 3, 1, 3</column>
<column name="TempQ4_4_V_address0">20, 4, 3, 12</column>
<column name="TempQ4_4_V_ce0">14, 3, 1, 3</column>
<column name="TempQ4_4_V_d0">14, 3, 24, 72</column>
<column name="TempQ4_4_V_we0">14, 3, 1, 3</column>
<column name="TempR1_1_V_address0">20, 4, 3, 12</column>
<column name="TempR1_1_V_ce0">14, 3, 1, 3</column>
<column name="TempR1_1_V_d0">14, 3, 24, 72</column>
<column name="TempR1_1_V_we0">14, 3, 1, 3</column>
<column name="TempR1_2_V_address0">20, 4, 3, 12</column>
<column name="TempR1_2_V_ce0">14, 3, 1, 3</column>
<column name="TempR1_2_V_d0">14, 3, 24, 72</column>
<column name="TempR1_2_V_we0">14, 3, 1, 3</column>
<column name="TempR1_3_V_address0">20, 4, 3, 12</column>
<column name="TempR1_3_V_ce0">14, 3, 1, 3</column>
<column name="TempR1_3_V_d0">14, 3, 24, 72</column>
<column name="TempR1_3_V_we0">14, 3, 1, 3</column>
<column name="TempR2_2_V_address0">20, 4, 3, 12</column>
<column name="TempR2_2_V_ce0">14, 3, 1, 3</column>
<column name="TempR2_2_V_d0">14, 3, 24, 72</column>
<column name="TempR2_2_V_we0">14, 3, 1, 3</column>
<column name="TempR2_3_V_address0">20, 4, 3, 12</column>
<column name="TempR2_3_V_ce0">14, 3, 1, 3</column>
<column name="TempR2_3_V_d0">14, 3, 24, 72</column>
<column name="TempR2_3_V_we0">14, 3, 1, 3</column>
<column name="TempR3_3_V_address0">20, 4, 3, 12</column>
<column name="TempR3_3_V_ce0">14, 3, 1, 3</column>
<column name="TempR3_3_V_d0">14, 3, 24, 72</column>
<column name="TempR3_3_V_we0">14, 3, 1, 3</column>
<column name="TempV1_V_address0">20, 4, 3, 12</column>
<column name="TempV1_V_ce0">14, 3, 1, 3</column>
<column name="TempV1_V_d0">14, 3, 24, 72</column>
<column name="TempV1_V_we0">14, 3, 1, 3</column>
<column name="TempV2_V_address0">20, 4, 3, 12</column>
<column name="TempV2_V_ce0">14, 3, 1, 3</column>
<column name="TempV2_V_d0">14, 3, 24, 72</column>
<column name="TempV2_V_we0">14, 3, 1, 3</column>
<column name="TempV3_V_address0">20, 4, 3, 12</column>
<column name="TempV3_V_ce0">14, 3, 1, 3</column>
<column name="TempV3_V_d0">14, 3, 24, 72</column>
<column name="TempV3_V_we0">14, 3, 1, 3</column>
<column name="TempV4_V_address0">20, 4, 3, 12</column>
<column name="TempV4_V_ce0">14, 3, 1, 3</column>
<column name="TempV4_V_d0">14, 3, 24, 72</column>
<column name="TempV4_V_we0">14, 3, 1, 3</column>
<column name="ap_NS_fsm">1476, 278, 1, 278</column>
<column name="grp_cordic_1_fu_3834_xi">25, 5, 24, 120</column>
<column name="grp_cordic_1_fu_3834_yi">25, 5, 24, 120</column>
<column name="grp_cordic_fu_3839_ti">14, 3, 24, 72</column>
<column name="grp_cordic_fu_3839_xi">14, 3, 24, 72</column>
<column name="grp_cordic_fu_3839_yi">14, 3, 24, 72</column>
<column name="grp_cordic_fu_3845_ti">25, 5, 24, 120</column>
<column name="grp_cordic_fu_3845_xi">25, 5, 24, 120</column>
<column name="grp_cordic_fu_3845_yi">25, 5, 24, 120</column>
<column name="grp_cordic_fu_3851_ti">25, 5, 24, 120</column>
<column name="grp_cordic_fu_3851_xi">25, 5, 24, 120</column>
<column name="grp_cordic_fu_3851_yi">25, 5, 24, 120</column>
<column name="grp_cordic_fu_3857_ti">25, 5, 24, 120</column>
<column name="grp_cordic_fu_3857_xi">25, 5, 24, 120</column>
<column name="grp_cordic_fu_3857_yi">25, 5, 24, 120</column>
<column name="grp_cordic_fu_3863_ti">25, 5, 24, 120</column>
<column name="grp_cordic_fu_3863_xi">25, 5, 24, 120</column>
<column name="grp_cordic_fu_3863_yi">25, 5, 24, 120</column>
<column name="grp_cordic_fu_3869_ti">20, 4, 24, 96</column>
<column name="grp_cordic_fu_3869_xi">20, 4, 24, 96</column>
<column name="grp_cordic_fu_3869_yi">20, 4, 24, 96</column>
</table>
</item>
<item name = "Register"><table name="" hasTotal="1">
<keys size="5">Name, FF, LUT, Bits, Const Bits</keys>
<column name="a11_read_reg_3187">24, 0, 24, 0</column>
<column name="a12_read_reg_3182">24, 0, 24, 0</column>
<column name="a13_read_reg_3177">24, 0, 24, 0</column>
<column name="a14_read_reg_3172">24, 0, 24, 0</column>
<column name="a21_read_reg_3167">24, 0, 24, 0</column>
<column name="a22_read_reg_3162">24, 0, 24, 0</column>
<column name="a23_read_reg_3157">24, 0, 24, 0</column>
<column name="a24_read_reg_3152">24, 0, 24, 0</column>
<column name="a31_read_reg_3147">24, 0, 24, 0</column>
<column name="a32_read_reg_3142">24, 0, 24, 0</column>
<column name="a33_read_reg_3137">24, 0, 24, 0</column>
<column name="a34_read_reg_3132">24, 0, 24, 0</column>
<column name="a41_read_reg_3127">24, 0, 24, 0</column>
<column name="a42_read_reg_3122">24, 0, 24, 0</column>
<column name="a43_read_reg_3117">24, 0, 24, 0</column>
<column name="a44_read_reg_3112">24, 0, 24, 0</column>
<column name="ap_CS_fsm">277, 0, 277, 0</column>
<column name="b1_read_reg_3107">24, 0, 24, 0</column>
<column name="b2_read_reg_3102">24, 0, 24, 0</column>
<column name="b3_read_reg_3097">24, 0, 24, 0</column>
<column name="b4_read_reg_3092">24, 0, 24, 0</column>
<column name="grp_LinearSolver_Pipeline_VITIS_LOOP_103_4_fu_1467_ap_start_reg">1, 0, 1, 0</column>
<column name="grp_LinearSolver_Pipeline_VITIS_LOOP_112_5_fu_1536_ap_start_reg">1, 0, 1, 0</column>
<column name="grp_LinearSolver_Pipeline_VITIS_LOOP_121_6_fu_1549_ap_start_reg">1, 0, 1, 0</column>
<column name="grp_LinearSolver_Pipeline_VITIS_LOOP_129_7_fu_1566_ap_start_reg">1, 0, 1, 0</column>
<column name="grp_LinearSolver_Pipeline_VITIS_LOOP_138_8_fu_1651_ap_start_reg">1, 0, 1, 0</column>
<column name="grp_LinearSolver_Pipeline_VITIS_LOOP_148_9_fu_1664_ap_start_reg">1, 0, 1, 0</column>
<column name="grp_LinearSolver_Pipeline_VITIS_LOOP_158_10_fu_1749_ap_start_reg">1, 0, 1, 0</column>
<column name="grp_LinearSolver_Pipeline_VITIS_LOOP_195_11_fu_1484_ap_start_reg">1, 0, 1, 0</column>
<column name="grp_LinearSolver_Pipeline_VITIS_LOOP_203_12_fu_1497_ap_start_reg">1, 0, 1, 0</column>
<column name="grp_LinearSolver_Pipeline_VITIS_LOOP_211_13_fu_1510_ap_start_reg">1, 0, 1, 0</column>
<column name="grp_LinearSolver_Pipeline_VITIS_LOOP_219_14_fu_1523_ap_start_reg">1, 0, 1, 0</column>
<column name="grp_LinearSolver_Pipeline_VITIS_LOOP_228_15_fu_1583_ap_start_reg">1, 0, 1, 0</column>
<column name="grp_LinearSolver_Pipeline_VITIS_LOOP_236_16_fu_1600_ap_start_reg">1, 0, 1, 0</column>
<column name="grp_LinearSolver_Pipeline_VITIS_LOOP_244_17_fu_1617_ap_start_reg">1, 0, 1, 0</column>
<column name="grp_LinearSolver_Pipeline_VITIS_LOOP_252_18_fu_1634_ap_start_reg">1, 0, 1, 0</column>
<column name="grp_LinearSolver_Pipeline_VITIS_LOOP_261_19_fu_1681_ap_start_reg">1, 0, 1, 0</column>
<column name="grp_LinearSolver_Pipeline_VITIS_LOOP_269_20_fu_1698_ap_start_reg">1, 0, 1, 0</column>
<column name="grp_LinearSolver_Pipeline_VITIS_LOOP_277_21_fu_1715_ap_start_reg">1, 0, 1, 0</column>
<column name="grp_LinearSolver_Pipeline_VITIS_LOOP_285_22_fu_1732_ap_start_reg">1, 0, 1, 0</column>
<column name="grp_LinearSolver_Pipeline_VITIS_LOOP_295_23_fu_1762_ap_start_reg">1, 0, 1, 0</column>
<column name="grp_LinearSolver_Pipeline_VITIS_LOOP_303_24_fu_1775_ap_start_reg">1, 0, 1, 0</column>
<column name="grp_LinearSolver_Pipeline_VITIS_LOOP_311_25_fu_1788_ap_start_reg">1, 0, 1, 0</column>
<column name="grp_LinearSolver_Pipeline_VITIS_LOOP_319_26_fu_1801_ap_start_reg">1, 0, 1, 0</column>
<column name="grp_LinearSolver_Pipeline_VITIS_LOOP_357_27_fu_1814_ap_start_reg">1, 0, 1, 0</column>
<column name="grp_LinearSolver_Pipeline_VITIS_LOOP_78_1_fu_1416_ap_start_reg">1, 0, 1, 0</column>
<column name="grp_LinearSolver_Pipeline_VITIS_LOOP_87_2_fu_1433_ap_start_reg">1, 0, 1, 0</column>
<column name="grp_LinearSolver_Pipeline_VITIS_LOOP_95_3_fu_1450_ap_start_reg">1, 0, 1, 0</column>
<column name="q_V_0_0_reg_3536">24, 0, 24, 0</column>
<column name="q_V_0_1_reg_3556">24, 0, 24, 0</column>
<column name="q_V_0_2_reg_3576">24, 0, 24, 0</column>
<column name="q_V_0_3_reg_3596">24, 0, 24, 0</column>
<column name="q_V_1_0_reg_3541">24, 0, 24, 0</column>
<column name="q_V_1_1_reg_3561">24, 0, 24, 0</column>
<column name="q_V_1_2_reg_3581">24, 0, 24, 0</column>
<column name="q_V_1_3_reg_3601">24, 0, 24, 0</column>
<column name="q_V_2_0_reg_3546">24, 0, 24, 0</column>
<column name="q_V_2_1_reg_3566">24, 0, 24, 0</column>
<column name="q_V_2_2_reg_3586">24, 0, 24, 0</column>
<column name="q_V_2_3_reg_3606">24, 0, 24, 0</column>
<column name="q_V_3_0_reg_3551">24, 0, 24, 0</column>
<column name="q_V_3_1_reg_3571">24, 0, 24, 0</column>
<column name="q_V_3_2_reg_3591">24, 0, 24, 0</column>
<column name="q_V_3_3_reg_3611">24, 0, 24, 0</column>
<column name="r11_V_reg_3814">24, 0, 24, 0</column>
<column name="r12_V_reg_3758">24, 0, 24, 0</column>
<column name="r13_V_reg_3779">24, 0, 24, 0</column>
<column name="r14_V_reg_3784">24, 0, 24, 0</column>
<column name="r22_V_reg_3733">24, 0, 24, 0</column>
<column name="r23_V_reg_3697">24, 0, 24, 0</column>
<column name="r24_V_reg_3702">24, 0, 24, 0</column>
<column name="r33_V_reg_3667">24, 0, 24, 0</column>
<column name="r34_V_reg_3636">24, 0, 24, 0</column>
<column name="r_V_35_reg_3723">48, 0, 48, 0</column>
<column name="r_V_36_reg_3728">48, 0, 48, 0</column>
<column name="r_V_37_reg_3789">48, 0, 48, 0</column>
<column name="r_V_38_reg_3804">48, 0, 48, 0</column>
<column name="r_V_39_reg_3809">48, 0, 48, 0</column>
<column name="r_V_reg_3662">48, 0, 48, 0</column>
<column name="ret_V_2_reg_3738">49, 0, 49, 0</column>
<column name="ret_V_5_reg_3819">49, 0, 49, 0</column>
<column name="ret_V_7_reg_3799">48, 0, 48, 0</column>
<column name="ret_V_reg_3672">48, 0, 48, 0</column>
<column name="sdiv_ln1349_reg_3641">24, 0, 24, 0</column>
<column name="sext_ln1319_1_reg_3718">48, 0, 48, 0</column>
<column name="sext_ln1319_reg_3656">48, 0, 48, 0</column>
<column name="trunc_ln859_reg_3651">24, 0, 24, 0</column>
<column name="trunc_ln864_16_reg_3773">24, 0, 24, 0</column>
<column name="trunc_ln864_s_reg_3707">24, 0, 24, 0</column>
</table>
</item>
</section>
</item>
</section>

<section name = "Interface" level="0">
<item name = "Summary"><table name="" hasTotal="0">
<keys size="6">RTL Ports, Dir, Bits, Protocol, Source Object, C Type</keys>
<column name="s_axi_HLS_TREEADD_PERIPH_BUS_AWVALID">in, 1, s_axi, HLS_TREEADD_PERIPH_BUS, pointer</column>
<column name="s_axi_HLS_TREEADD_PERIPH_BUS_AWREADY">out, 1, s_axi, HLS_TREEADD_PERIPH_BUS, pointer</column>
<column name="s_axi_HLS_TREEADD_PERIPH_BUS_AWADDR">in, 8, s_axi, HLS_TREEADD_PERIPH_BUS, pointer</column>
<column name="s_axi_HLS_TREEADD_PERIPH_BUS_WVALID">in, 1, s_axi, HLS_TREEADD_PERIPH_BUS, pointer</column>
<column name="s_axi_HLS_TREEADD_PERIPH_BUS_WREADY">out, 1, s_axi, HLS_TREEADD_PERIPH_BUS, pointer</column>
<column name="s_axi_HLS_TREEADD_PERIPH_BUS_WDATA">in, 32, s_axi, HLS_TREEADD_PERIPH_BUS, pointer</column>
<column name="s_axi_HLS_TREEADD_PERIPH_BUS_WSTRB">in, 4, s_axi, HLS_TREEADD_PERIPH_BUS, pointer</column>
<column name="s_axi_HLS_TREEADD_PERIPH_BUS_ARVALID">in, 1, s_axi, HLS_TREEADD_PERIPH_BUS, pointer</column>
<column name="s_axi_HLS_TREEADD_PERIPH_BUS_ARREADY">out, 1, s_axi, HLS_TREEADD_PERIPH_BUS, pointer</column>
<column name="s_axi_HLS_TREEADD_PERIPH_BUS_ARADDR">in, 8, s_axi, HLS_TREEADD_PERIPH_BUS, pointer</column>
<column name="s_axi_HLS_TREEADD_PERIPH_BUS_RVALID">out, 1, s_axi, HLS_TREEADD_PERIPH_BUS, pointer</column>
<column name="s_axi_HLS_TREEADD_PERIPH_BUS_RREADY">in, 1, s_axi, HLS_TREEADD_PERIPH_BUS, pointer</column>
<column name="s_axi_HLS_TREEADD_PERIPH_BUS_RDATA">out, 32, s_axi, HLS_TREEADD_PERIPH_BUS, pointer</column>
<column name="s_axi_HLS_TREEADD_PERIPH_BUS_RRESP">out, 2, s_axi, HLS_TREEADD_PERIPH_BUS, pointer</column>
<column name="s_axi_HLS_TREEADD_PERIPH_BUS_BVALID">out, 1, s_axi, HLS_TREEADD_PERIPH_BUS, pointer</column>
<column name="s_axi_HLS_TREEADD_PERIPH_BUS_BREADY">in, 1, s_axi, HLS_TREEADD_PERIPH_BUS, pointer</column>
<column name="s_axi_HLS_TREEADD_PERIPH_BUS_BRESP">out, 2, s_axi, HLS_TREEADD_PERIPH_BUS, pointer</column>
<column name="ap_clk">in, 1, ap_ctrl_hs, LinearSolver, return value</column>
<column name="ap_rst_n">in, 1, ap_ctrl_hs, LinearSolver, return value</column>
<column name="interrupt">out, 1, ap_ctrl_hs, LinearSolver, return value</column>
</table>
</item>
</section>
</profile>
