<stg><name>LinearSolver_Pipeline_VITIS_LOOP_357_27</name>


<trans_list>

<trans id="100" from="1" to="2">
<condition id="-1">
<or_exp><and_exp></and_exp></or_exp>
</condition>
</trans>

<trans id="96" from="2" to="3">
<condition id="-1">
<or_exp><and_exp></and_exp></or_exp>
</condition>
</trans>

<trans id="97" from="3" to="4">
<condition id="-1">
<or_exp><and_exp></and_exp></or_exp>
</condition>
</trans>
</trans_list>



<state_list>

<state id="1" st_id="2">

<operation id="7" st_id="1" stage="1" lat="1">
<core>NULL</core>
<MemPortIdVec></MemPortIdVec>
<condition id="-1">
<or_exp><and_exp></and_exp></or_exp>
</condition>

<Node id="25" bw="3" op_0_bw="32">
<![CDATA[
newFuncRoot:0 %i = alloca i32 1

]]></Node>
<StgValue><ssdm name="i"/></StgValue>
</operation>

<operation id="8" st_id="1" stage="1" lat="1">
<core>NULL</core>
<MemPortIdVec></MemPortIdVec>
<condition id="-1">
<or_exp><and_exp></and_exp></or_exp>
</condition>

<Node id="26" bw="24" op_0_bw="32">
<![CDATA[
newFuncRoot:1 %QTb_V_1 = alloca i32 1

]]></Node>
<StgValue><ssdm name="QTb_V_1"/></StgValue>
</operation>

<operation id="9" st_id="1" stage="1" lat="1">
<core>NULL</core>
<MemPortIdVec></MemPortIdVec>
<condition id="-1">
<or_exp><and_exp></and_exp></or_exp>
</condition>

<Node id="27" bw="24" op_0_bw="32">
<![CDATA[
newFuncRoot:2 %QTb_V_1_1 = alloca i32 1

]]></Node>
<StgValue><ssdm name="QTb_V_1_1"/></StgValue>
</operation>

<operation id="10" st_id="1" stage="1" lat="1">
<core>NULL</core>
<MemPortIdVec></MemPortIdVec>
<condition id="-1">
<or_exp><and_exp></and_exp></or_exp>
</condition>

<Node id="28" bw="24" op_0_bw="32">
<![CDATA[
newFuncRoot:3 %QTb_V_1_2 = alloca i32 1

]]></Node>
<StgValue><ssdm name="QTb_V_1_2"/></StgValue>
</operation>

<operation id="11" st_id="1" stage="1" lat="1">
<core>NULL</core>
<MemPortIdVec></MemPortIdVec>
<condition id="-1">
<or_exp><and_exp></and_exp></or_exp>
</condition>

<Node id="29" bw="24" op_0_bw="32">
<![CDATA[
newFuncRoot:4 %QTb_V_1_3 = alloca i32 1

]]></Node>
<StgValue><ssdm name="QTb_V_1_3"/></StgValue>
</operation>

<operation id="12" st_id="1" stage="1" lat="1">
<core>NULL</core>
<MemPortIdVec></MemPortIdVec>
<condition id="-1">
<or_exp><and_exp></and_exp></or_exp>
</condition>

<Node id="30" bw="24" op_0_bw="24" op_1_bw="24">
<![CDATA[
newFuncRoot:5 %sext_ln1393_2_read = read i24 @_ssdm_op_Read.ap_auto.i24, i24 %sext_ln1393_2

]]></Node>
<StgValue><ssdm name="sext_ln1393_2_read"/></StgValue>
</operation>

<operation id="13" st_id="1" stage="1" lat="1">
<core>NULL</core>
<MemPortIdVec></MemPortIdVec>
<condition id="-1">
<or_exp><and_exp></and_exp></or_exp>
</condition>

<Node id="31" bw="24" op_0_bw="24" op_1_bw="24">
<![CDATA[
newFuncRoot:6 %q_V_3_3_read = read i24 @_ssdm_op_Read.ap_auto.i24, i24 %q_V_3_3

]]></Node>
<StgValue><ssdm name="q_V_3_3_read"/></StgValue>
</operation>

<operation id="14" st_id="1" stage="1" lat="1">
<core>NULL</core>
<MemPortIdVec></MemPortIdVec>
<condition id="-1">
<or_exp><and_exp></and_exp></or_exp>
</condition>

<Node id="32" bw="24" op_0_bw="24" op_1_bw="24">
<![CDATA[
newFuncRoot:7 %q_V_3_2_read = read i24 @_ssdm_op_Read.ap_auto.i24, i24 %q_V_3_2

]]></Node>
<StgValue><ssdm name="q_V_3_2_read"/></StgValue>
</operation>

<operation id="15" st_id="1" stage="1" lat="1">
<core>NULL</core>
<MemPortIdVec></MemPortIdVec>
<condition id="-1">
<or_exp><and_exp></and_exp></or_exp>
</condition>

<Node id="33" bw="24" op_0_bw="24" op_1_bw="24">
<![CDATA[
newFuncRoot:8 %q_V_3_1_read = read i24 @_ssdm_op_Read.ap_auto.i24, i24 %q_V_3_1

]]></Node>
<StgValue><ssdm name="q_V_3_1_read"/></StgValue>
</operation>

<operation id="16" st_id="1" stage="1" lat="1">
<core>NULL</core>
<MemPortIdVec></MemPortIdVec>
<condition id="-1">
<or_exp><and_exp></and_exp></or_exp>
</condition>

<Node id="34" bw="24" op_0_bw="24" op_1_bw="24">
<![CDATA[
newFuncRoot:9 %q_V_3_0_read = read i24 @_ssdm_op_Read.ap_auto.i24, i24 %q_V_3_0

]]></Node>
<StgValue><ssdm name="q_V_3_0_read"/></StgValue>
</operation>

<operation id="17" st_id="1" stage="1" lat="1">
<core>NULL</core>
<MemPortIdVec></MemPortIdVec>
<condition id="-1">
<or_exp><and_exp></and_exp></or_exp>
</condition>

<Node id="35" bw="24" op_0_bw="24" op_1_bw="24">
<![CDATA[
newFuncRoot:10 %sext_ln1393_1_read = read i24 @_ssdm_op_Read.ap_auto.i24, i24 %sext_ln1393_1

]]></Node>
<StgValue><ssdm name="sext_ln1393_1_read"/></StgValue>
</operation>

<operation id="18" st_id="1" stage="1" lat="1">
<core>NULL</core>
<MemPortIdVec></MemPortIdVec>
<condition id="-1">
<or_exp><and_exp></and_exp></or_exp>
</condition>

<Node id="36" bw="24" op_0_bw="24" op_1_bw="24">
<![CDATA[
newFuncRoot:11 %q_V_2_3_read = read i24 @_ssdm_op_Read.ap_auto.i24, i24 %q_V_2_3

]]></Node>
<StgValue><ssdm name="q_V_2_3_read"/></StgValue>
</operation>

<operation id="19" st_id="1" stage="1" lat="1">
<core>NULL</core>
<MemPortIdVec></MemPortIdVec>
<condition id="-1">
<or_exp><and_exp></and_exp></or_exp>
</condition>

<Node id="37" bw="24" op_0_bw="24" op_1_bw="24">
<![CDATA[
newFuncRoot:12 %q_V_2_2_read = read i24 @_ssdm_op_Read.ap_auto.i24, i24 %q_V_2_2

]]></Node>
<StgValue><ssdm name="q_V_2_2_read"/></StgValue>
</operation>

<operation id="20" st_id="1" stage="1" lat="1">
<core>NULL</core>
<MemPortIdVec></MemPortIdVec>
<condition id="-1">
<or_exp><and_exp></and_exp></or_exp>
</condition>

<Node id="38" bw="24" op_0_bw="24" op_1_bw="24">
<![CDATA[
newFuncRoot:13 %q_V_2_1_read = read i24 @_ssdm_op_Read.ap_auto.i24, i24 %q_V_2_1

]]></Node>
<StgValue><ssdm name="q_V_2_1_read"/></StgValue>
</operation>

<operation id="21" st_id="1" stage="1" lat="1">
<core>NULL</core>
<MemPortIdVec></MemPortIdVec>
<condition id="-1">
<or_exp><and_exp></and_exp></or_exp>
</condition>

<Node id="39" bw="24" op_0_bw="24" op_1_bw="24">
<![CDATA[
newFuncRoot:14 %q_V_2_0_read = read i24 @_ssdm_op_Read.ap_auto.i24, i24 %q_V_2_0

]]></Node>
<StgValue><ssdm name="q_V_2_0_read"/></StgValue>
</operation>

<operation id="22" st_id="1" stage="1" lat="1">
<core>NULL</core>
<MemPortIdVec></MemPortIdVec>
<condition id="-1">
<or_exp><and_exp></and_exp></or_exp>
</condition>

<Node id="40" bw="24" op_0_bw="24" op_1_bw="24">
<![CDATA[
newFuncRoot:15 %sext_ln1393_read = read i24 @_ssdm_op_Read.ap_auto.i24, i24 %sext_ln1393

]]></Node>
<StgValue><ssdm name="sext_ln1393_read"/></StgValue>
</operation>

<operation id="23" st_id="1" stage="1" lat="1">
<core>NULL</core>
<MemPortIdVec></MemPortIdVec>
<condition id="-1">
<or_exp><and_exp></and_exp></or_exp>
</condition>

<Node id="41" bw="24" op_0_bw="24" op_1_bw="24">
<![CDATA[
newFuncRoot:16 %q_V_1_3_read = read i24 @_ssdm_op_Read.ap_auto.i24, i24 %q_V_1_3

]]></Node>
<StgValue><ssdm name="q_V_1_3_read"/></StgValue>
</operation>

<operation id="24" st_id="1" stage="1" lat="1">
<core>NULL</core>
<MemPortIdVec></MemPortIdVec>
<condition id="-1">
<or_exp><and_exp></and_exp></or_exp>
</condition>

<Node id="42" bw="24" op_0_bw="24" op_1_bw="24">
<![CDATA[
newFuncRoot:17 %q_V_1_2_read = read i24 @_ssdm_op_Read.ap_auto.i24, i24 %q_V_1_2

]]></Node>
<StgValue><ssdm name="q_V_1_2_read"/></StgValue>
</operation>

<operation id="25" st_id="1" stage="1" lat="1">
<core>NULL</core>
<MemPortIdVec></MemPortIdVec>
<condition id="-1">
<or_exp><and_exp></and_exp></or_exp>
</condition>

<Node id="43" bw="24" op_0_bw="24" op_1_bw="24">
<![CDATA[
newFuncRoot:18 %q_V_1_1_read = read i24 @_ssdm_op_Read.ap_auto.i24, i24 %q_V_1_1

]]></Node>
<StgValue><ssdm name="q_V_1_1_read"/></StgValue>
</operation>

<operation id="26" st_id="1" stage="1" lat="1">
<core>NULL</core>
<MemPortIdVec></MemPortIdVec>
<condition id="-1">
<or_exp><and_exp></and_exp></or_exp>
</condition>

<Node id="44" bw="24" op_0_bw="24" op_1_bw="24">
<![CDATA[
newFuncRoot:19 %q_V_1_0_read = read i24 @_ssdm_op_Read.ap_auto.i24, i24 %q_V_1_0

]]></Node>
<StgValue><ssdm name="q_V_1_0_read"/></StgValue>
</operation>

<operation id="27" st_id="1" stage="1" lat="1">
<core>NULL</core>
<MemPortIdVec></MemPortIdVec>
<condition id="-1">
<or_exp><and_exp></and_exp></or_exp>
</condition>

<Node id="45" bw="24" op_0_bw="24" op_1_bw="24">
<![CDATA[
newFuncRoot:20 %sext_ln864_read = read i24 @_ssdm_op_Read.ap_auto.i24, i24 %sext_ln864

]]></Node>
<StgValue><ssdm name="sext_ln864_read"/></StgValue>
</operation>

<operation id="28" st_id="1" stage="1" lat="1">
<core>NULL</core>
<MemPortIdVec></MemPortIdVec>
<condition id="-1">
<or_exp><and_exp></and_exp></or_exp>
</condition>

<Node id="46" bw="24" op_0_bw="24" op_1_bw="24">
<![CDATA[
newFuncRoot:21 %q_V_0_3_read = read i24 @_ssdm_op_Read.ap_auto.i24, i24 %q_V_0_3

]]></Node>
<StgValue><ssdm name="q_V_0_3_read"/></StgValue>
</operation>

<operation id="29" st_id="1" stage="1" lat="1">
<core>NULL</core>
<MemPortIdVec></MemPortIdVec>
<condition id="-1">
<or_exp><and_exp></and_exp></or_exp>
</condition>

<Node id="47" bw="24" op_0_bw="24" op_1_bw="24">
<![CDATA[
newFuncRoot:22 %q_V_0_2_read = read i24 @_ssdm_op_Read.ap_auto.i24, i24 %q_V_0_2

]]></Node>
<StgValue><ssdm name="q_V_0_2_read"/></StgValue>
</operation>

<operation id="30" st_id="1" stage="1" lat="1">
<core>NULL</core>
<MemPortIdVec></MemPortIdVec>
<condition id="-1">
<or_exp><and_exp></and_exp></or_exp>
</condition>

<Node id="48" bw="24" op_0_bw="24" op_1_bw="24">
<![CDATA[
newFuncRoot:23 %q_V_0_1_read = read i24 @_ssdm_op_Read.ap_auto.i24, i24 %q_V_0_1

]]></Node>
<StgValue><ssdm name="q_V_0_1_read"/></StgValue>
</operation>

<operation id="31" st_id="1" stage="1" lat="1">
<core>NULL</core>
<MemPortIdVec></MemPortIdVec>
<condition id="-1">
<or_exp><and_exp></and_exp></or_exp>
</condition>

<Node id="49" bw="24" op_0_bw="24" op_1_bw="24">
<![CDATA[
newFuncRoot:24 %q_V_0_0_read = read i24 @_ssdm_op_Read.ap_auto.i24, i24 %q_V_0_0

]]></Node>
<StgValue><ssdm name="q_V_0_0_read"/></StgValue>
</operation>

<operation id="32" st_id="1" stage="1" lat="1">
<core>NULL</core>
<MemPortIdVec></MemPortIdVec>
<condition id="-1">
<or_exp><and_exp></and_exp></or_exp>
</condition>

<Node id="50" bw="40" op_0_bw="24">
<![CDATA[
newFuncRoot:25 %sext_ln1393_2_cast = sext i24 %sext_ln1393_2_read

]]></Node>
<StgValue><ssdm name="sext_ln1393_2_cast"/></StgValue>
</operation>

<operation id="33" st_id="1" stage="1" lat="1">
<core>NULL</core>
<MemPortIdVec></MemPortIdVec>
<condition id="-1">
<or_exp><and_exp></and_exp></or_exp>
</condition>

<Node id="51" bw="40" op_0_bw="24">
<![CDATA[
newFuncRoot:26 %sext_ln1393_1_cast = sext i24 %sext_ln1393_1_read

]]></Node>
<StgValue><ssdm name="sext_ln1393_1_cast"/></StgValue>
</operation>

<operation id="34" st_id="1" stage="1" lat="1">
<core>NULL</core>
<MemPortIdVec></MemPortIdVec>
<condition id="-1">
<or_exp><and_exp></and_exp></or_exp>
</condition>

<Node id="52" bw="40" op_0_bw="24">
<![CDATA[
newFuncRoot:27 %sext_ln1393_cast = sext i24 %sext_ln1393_read

]]></Node>
<StgValue><ssdm name="sext_ln1393_cast"/></StgValue>
</operation>

<operation id="35" st_id="1" stage="1" lat="1">
<core>NULL</core>
<MemPortIdVec></MemPortIdVec>
<condition id="-1">
<or_exp><and_exp></and_exp></or_exp>
</condition>

<Node id="53" bw="40" op_0_bw="24">
<![CDATA[
newFuncRoot:28 %sext_ln864_cast = sext i24 %sext_ln864_read

]]></Node>
<StgValue><ssdm name="sext_ln864_cast"/></StgValue>
</operation>

<operation id="36" st_id="1" stage="1" lat="1">
<core>NULL</core>
<MemPortIdVec></MemPortIdVec>
<condition id="-1">
<or_exp><and_exp></and_exp></or_exp>
</condition>

<Node id="54" bw="0" op_0_bw="3" op_1_bw="3">
<![CDATA[
newFuncRoot:29 %store_ln0 = store i3 0, i3 %i

]]></Node>
<StgValue><ssdm name="store_ln0"/></StgValue>
</operation>

<operation id="37" st_id="1" stage="1" lat="1">
<core>NULL</core>
<MemPortIdVec></MemPortIdVec>
<condition id="-1">
<or_exp><and_exp></and_exp></or_exp>
</condition>

<Node id="55" bw="0" op_0_bw="0">
<![CDATA[
newFuncRoot:30 %br_ln0 = br void %for.body1295

]]></Node>
<StgValue><ssdm name="br_ln0"/></StgValue>
</operation>

<operation id="38" st_id="1" stage="1" lat="1">
<core>NULL</core>
<MemPortIdVec></MemPortIdVec>
<condition id="-1">
<or_exp><and_exp></and_exp></or_exp>
</condition>

<Node id="57" bw="3" op_0_bw="3" op_1_bw="0">
<![CDATA[
for.body1295:0 %i_3 = load i3 %i

]]></Node>
<StgValue><ssdm name="i_3"/></StgValue>
</operation>

<operation id="39" st_id="1" stage="1" lat="1">
<core>NULL</core>
<MemPortIdVec></MemPortIdVec>
<condition id="-1">
<or_exp><and_exp></and_exp></or_exp>
</condition>

<Node id="58" bw="0" op_0_bw="0" op_1_bw="32" op_2_bw="32" op_3_bw="32" op_4_bw="32" op_5_bw="0">
<![CDATA[
for.body1295:1 %specpipeline_ln0 = specpipeline void @_ssdm_op_SpecPipeline, i32 4294967295, i32 0, i32 1, i32 0, void @p_str

]]></Node>
<StgValue><ssdm name="specpipeline_ln0"/></StgValue>
</operation>

<operation id="40" st_id="1" stage="1" lat="1">
<core>Cmp</core>
<MemPortIdVec></MemPortIdVec>
<condition id="-1">
<or_exp><and_exp></and_exp></or_exp>
</condition>

<Node id="59" bw="1" op_0_bw="3" op_1_bw="3">
<![CDATA[
for.body1295:2 %icmp_ln357 = icmp_eq  i3 %i_3, i3 4

]]></Node>
<StgValue><ssdm name="icmp_ln357"/></StgValue>
</operation>

<operation id="41" st_id="1" stage="1" lat="1">
<core>NULL</core>
<MemPortIdVec></MemPortIdVec>
<condition id="-1">
<or_exp><and_exp></and_exp></or_exp>
</condition>

<Node id="60" bw="32" op_0_bw="32" op_1_bw="64" op_2_bw="64" op_3_bw="64">
<![CDATA[
for.body1295:3 %empty = speclooptripcount i32 @_ssdm_op_SpecLoopTripCount, i64 4, i64 4, i64 4

]]></Node>
<StgValue><ssdm name="empty"/></StgValue>
</operation>

<operation id="42" st_id="1" stage="1" lat="1">
<core>Adder</core>
<MemPortIdVec></MemPortIdVec>
<condition id="-1">
<or_exp><and_exp></and_exp></or_exp>
</condition>

<Node id="61" bw="3" op_0_bw="3" op_1_bw="3">
<![CDATA[
for.body1295:4 %add_ln357 = add i3 %i_3, i3 1

]]></Node>
<StgValue><ssdm name="add_ln357"/></StgValue>
</operation>

<operation id="43" st_id="1" stage="1" lat="1">
<core>NULL</core>
<MemPortIdVec></MemPortIdVec>
<condition id="-1">
<or_exp><and_exp></and_exp></or_exp>
</condition>

<Node id="62" bw="0" op_0_bw="1" op_1_bw="0" op_2_bw="0">
<![CDATA[
for.body1295:5 %br_ln357 = br i1 %icmp_ln357, void %for.body1295.split, void %for.end1317.exitStub

]]></Node>
<StgValue><ssdm name="br_ln357"/></StgValue>
</operation>

<operation id="44" st_id="1" stage="1" lat="1">
<core>NULL</core>
<MemPortIdVec></MemPortIdVec>
<condition id="-1">
<or_exp><and_exp><literal name="icmp_ln357" val="0"/>
</and_exp></or_exp>
</condition>

<Node id="65" bw="2" op_0_bw="3">
<![CDATA[
for.body1295.split:1 %trunc_ln358 = trunc i3 %i_3

]]></Node>
<StgValue><ssdm name="trunc_ln358"/></StgValue>
</operation>

<operation id="45" st_id="1" stage="1" lat="1">
<core>Multiplexer</core>
<MemPortIdVec></MemPortIdVec>
<condition id="-1">
<or_exp><and_exp><literal name="icmp_ln357" val="0"/>
</and_exp></or_exp>
</condition>

<Node id="66" bw="24" op_0_bw="24" op_1_bw="24" op_2_bw="24" op_3_bw="24" op_4_bw="24" op_5_bw="2">
<![CDATA[
for.body1295.split:2 %tmp_25 = mux i24 @_ssdm_op_Mux.ap_auto.4i24.i2, i24 %q_V_0_0_read, i24 %q_V_0_1_read, i24 %q_V_0_2_read, i24 %q_V_0_3_read, i2 %trunc_ln358

]]></Node>
<StgValue><ssdm name="tmp_25"/></StgValue>
</operation>

<operation id="46" st_id="1" stage="1" lat="1">
<core>Multiplexer</core>
<MemPortIdVec></MemPortIdVec>
<condition id="-1">
<or_exp><and_exp><literal name="icmp_ln357" val="0"/>
</and_exp></or_exp>
</condition>

<Node id="69" bw="24" op_0_bw="24" op_1_bw="24" op_2_bw="24" op_3_bw="24" op_4_bw="24" op_5_bw="2">
<![CDATA[
for.body1295.split:5 %tmp_26 = mux i24 @_ssdm_op_Mux.ap_auto.4i24.i2, i24 %q_V_1_0_read, i24 %q_V_1_1_read, i24 %q_V_1_2_read, i24 %q_V_1_3_read, i2 %trunc_ln358

]]></Node>
<StgValue><ssdm name="tmp_26"/></StgValue>
</operation>

<operation id="47" st_id="1" stage="1" lat="1">
<core>Multiplexer</core>
<MemPortIdVec></MemPortIdVec>
<condition id="-1">
<or_exp><and_exp><literal name="icmp_ln357" val="0"/>
</and_exp></or_exp>
</condition>

<Node id="75" bw="24" op_0_bw="24" op_1_bw="24" op_2_bw="24" op_3_bw="24" op_4_bw="24" op_5_bw="2">
<![CDATA[
for.body1295.split:11 %tmp_27 = mux i24 @_ssdm_op_Mux.ap_auto.4i24.i2, i24 %q_V_2_0_read, i24 %q_V_2_1_read, i24 %q_V_2_2_read, i24 %q_V_2_3_read, i2 %trunc_ln358

]]></Node>
<StgValue><ssdm name="tmp_27"/></StgValue>
</operation>

<operation id="48" st_id="1" stage="1" lat="1">
<core>NULL</core>
<MemPortIdVec></MemPortIdVec>
<condition id="-1">
<or_exp><and_exp><literal name="icmp_ln357" val="0"/>
</and_exp></or_exp>
</condition>

<Node id="88" bw="0" op_0_bw="2" op_1_bw="0" op_2_bw="2" op_3_bw="0" op_4_bw="2" op_5_bw="0" op_6_bw="2" op_7_bw="0">
<![CDATA[
for.body1295.split:24 %switch_ln883 = switch i2 %trunc_ln358, void %branch91, i2 0, void %for.body1295.split.for.body1295.split934_crit_edge, i2 1, void %for.body1295.split.for.body1295.split934_crit_edge25, i2 2, void %branch90

]]></Node>
<StgValue><ssdm name="switch_ln883"/></StgValue>
</operation>

<operation id="49" st_id="1" stage="1" lat="1">
<core>NULL</core>
<MemPortIdVec></MemPortIdVec>
<condition id="-1">
<or_exp><and_exp><literal name="icmp_ln357" val="0"/>
</and_exp></or_exp>
</condition>

<Node id="102" bw="0" op_0_bw="3" op_1_bw="3" op_2_bw="0" op_3_bw="0">
<![CDATA[
for.body1295.split934:0 %store_ln357 = store i3 %add_ln357, i3 %i

]]></Node>
<StgValue><ssdm name="store_ln357"/></StgValue>
</operation>

<operation id="50" st_id="1" stage="1" lat="1">
<core>NULL</core>
<MemPortIdVec></MemPortIdVec>
<condition id="-1">
<or_exp><and_exp><literal name="icmp_ln357" val="0"/>
</and_exp></or_exp>
</condition>

<Node id="103" bw="0" op_0_bw="0">
<![CDATA[
for.body1295.split934:1 %br_ln357 = br void %for.body1295

]]></Node>
<StgValue><ssdm name="br_ln357"/></StgValue>
</operation>
</state>

<state id="2" st_id="3">

<operation id="51" st_id="2" stage="1" lat="1">
<core>NULL</core>
<MemPortIdVec></MemPortIdVec>
<condition id="-1">
<or_exp><and_exp></and_exp></or_exp>
</condition>

<Node id="67" bw="40" op_0_bw="24">
<![CDATA[
for.body1295.split:3 %sext_ln864_30 = sext i24 %tmp_25

]]></Node>
<StgValue><ssdm name="sext_ln864_30"/></StgValue>
</operation>

<operation id="52" st_id="2" stage="1" lat="1">
<core>Multiplier</core>
<MemPortIdVec></MemPortIdVec>
<condition id="-1">
<or_exp><and_exp></and_exp></or_exp>
</condition>

<Node id="68" bw="40" op_0_bw="40" op_1_bw="40">
<![CDATA[
for.body1295.split:4 %mul_ln864 = mul i40 %sext_ln864_cast, i40 %sext_ln864_30

]]></Node>
<StgValue><ssdm name="mul_ln864"/></StgValue>
</operation>

<operation id="53" st_id="2" stage="1" lat="1">
<core>NULL</core>
<MemPortIdVec></MemPortIdVec>
<condition id="-1">
<or_exp><and_exp></and_exp></or_exp>
</condition>

<Node id="70" bw="40" op_0_bw="24">
<![CDATA[
for.body1295.split:6 %sext_ln1393_3 = sext i24 %tmp_26

]]></Node>
<StgValue><ssdm name="sext_ln1393_3"/></StgValue>
</operation>

<operation id="54" st_id="2" stage="1" lat="1">
<core>Multiplier</core>
<MemPortIdVec></MemPortIdVec>
<condition id="-1">
<or_exp><and_exp></and_exp></or_exp>
</condition>

<Node id="71" bw="40" op_0_bw="40" op_1_bw="40">
<![CDATA[
for.body1295.split:7 %mul_ln1393 = mul i40 %sext_ln1393_cast, i40 %sext_ln1393_3

]]></Node>
<StgValue><ssdm name="mul_ln1393"/></StgValue>
</operation>

<operation id="55" st_id="2" stage="1" lat="1">
<core>NULL</core>
<MemPortIdVec></MemPortIdVec>
<condition id="-1">
<or_exp><and_exp></and_exp></or_exp>
</condition>

<Node id="72" bw="24" op_0_bw="24" op_1_bw="40" op_2_bw="32" op_3_bw="32">
<![CDATA[
for.body1295.split:8 %tmp_s = partselect i24 @_ssdm_op_PartSelect.i24.i40.i32.i32, i40 %mul_ln864, i32 16, i32 39

]]></Node>
<StgValue><ssdm name="tmp_s"/></StgValue>
</operation>

<operation id="56" st_id="2" stage="1" lat="1">
<core>NULL</core>
<MemPortIdVec></MemPortIdVec>
<condition id="-1">
<or_exp><and_exp></and_exp></or_exp>
</condition>

<Node id="76" bw="40" op_0_bw="24">
<![CDATA[
for.body1295.split:12 %sext_ln1393_4 = sext i24 %tmp_27

]]></Node>
<StgValue><ssdm name="sext_ln1393_4"/></StgValue>
</operation>

<operation id="57" st_id="2" stage="1" lat="1">
<core>Multiplier</core>
<MemPortIdVec></MemPortIdVec>
<condition id="-1">
<or_exp><and_exp></and_exp></or_exp>
</condition>

<Node id="77" bw="40" op_0_bw="40" op_1_bw="40">
<![CDATA[
for.body1295.split:13 %mul_ln1393_1 = mul i40 %sext_ln1393_1_cast, i40 %sext_ln1393_4

]]></Node>
<StgValue><ssdm name="mul_ln1393_1"/></StgValue>
</operation>

<operation id="58" st_id="2" stage="1" lat="1">
<core>Multiplexer</core>
<MemPortIdVec></MemPortIdVec>
<condition id="-1">
<or_exp><and_exp></and_exp></or_exp>
</condition>

<Node id="81" bw="24" op_0_bw="24" op_1_bw="24" op_2_bw="24" op_3_bw="24" op_4_bw="24" op_5_bw="2">
<![CDATA[
for.body1295.split:17 %tmp_28 = mux i24 @_ssdm_op_Mux.ap_auto.4i24.i2, i24 %q_V_3_0_read, i24 %q_V_3_1_read, i24 %q_V_3_2_read, i24 %q_V_3_3_read, i2 %trunc_ln358

]]></Node>
<StgValue><ssdm name="tmp_28"/></StgValue>
</operation>
</state>

<state id="3" st_id="4">

<operation id="59" st_id="3" stage="1" lat="1">
<core>NULL</core>
<MemPortIdVec></MemPortIdVec>
<condition id="-1">
<or_exp><and_exp></and_exp></or_exp>
</condition>

<Node id="73" bw="40" op_0_bw="40" op_1_bw="24" op_2_bw="16">
<![CDATA[
for.body1295.split:9 %shl_ln = bitconcatenate i40 @_ssdm_op_BitConcatenate.i40.i24.i16, i24 %tmp_s, i16 0

]]></Node>
<StgValue><ssdm name="shl_ln"/></StgValue>
</operation>

<operation id="60" st_id="3" stage="1" lat="1">
<core>Adder</core>
<MemPortIdVec></MemPortIdVec>
<condition id="-1">
<or_exp><and_exp></and_exp></or_exp>
</condition>

<Node id="74" bw="40" op_0_bw="40" op_1_bw="40">
<![CDATA[
for.body1295.split:10 %add_ln1393 = add i40 %shl_ln, i40 %mul_ln1393

]]></Node>
<StgValue><ssdm name="add_ln1393"/></StgValue>
</operation>

<operation id="61" st_id="3" stage="1" lat="1">
<core>NULL</core>
<MemPortIdVec></MemPortIdVec>
<condition id="-1">
<or_exp><and_exp></and_exp></or_exp>
</condition>

<Node id="78" bw="24" op_0_bw="24" op_1_bw="40" op_2_bw="32" op_3_bw="32">
<![CDATA[
for.body1295.split:14 %tmp_67 = partselect i24 @_ssdm_op_PartSelect.i24.i40.i32.i32, i40 %add_ln1393, i32 16, i32 39

]]></Node>
<StgValue><ssdm name="tmp_67"/></StgValue>
</operation>

<operation id="62" st_id="3" stage="1" lat="1">
<core>NULL</core>
<MemPortIdVec></MemPortIdVec>
<condition id="-1">
<or_exp><and_exp></and_exp></or_exp>
</condition>

<Node id="79" bw="40" op_0_bw="40" op_1_bw="24" op_2_bw="16">
<![CDATA[
for.body1295.split:15 %shl_ln884_1 = bitconcatenate i40 @_ssdm_op_BitConcatenate.i40.i24.i16, i24 %tmp_67, i16 0

]]></Node>
<StgValue><ssdm name="shl_ln884_1"/></StgValue>
</operation>

<operation id="63" st_id="3" stage="1" lat="1">
<core>Adder</core>
<MemPortIdVec></MemPortIdVec>
<condition id="-1">
<or_exp><and_exp></and_exp></or_exp>
</condition>

<Node id="80" bw="40" op_0_bw="40" op_1_bw="40">
<![CDATA[
for.body1295.split:16 %add_ln1393_1 = add i40 %shl_ln884_1, i40 %mul_ln1393_1

]]></Node>
<StgValue><ssdm name="add_ln1393_1"/></StgValue>
</operation>

<operation id="64" st_id="3" stage="1" lat="1">
<core>NULL</core>
<MemPortIdVec></MemPortIdVec>
<condition id="-1">
<or_exp><and_exp></and_exp></or_exp>
</condition>

<Node id="82" bw="40" op_0_bw="24">
<![CDATA[
for.body1295.split:18 %sext_ln1393_5 = sext i24 %tmp_28

]]></Node>
<StgValue><ssdm name="sext_ln1393_5"/></StgValue>
</operation>

<operation id="65" st_id="3" stage="1" lat="1">
<core>Multiplier</core>
<MemPortIdVec></MemPortIdVec>
<condition id="-1">
<or_exp><and_exp></and_exp></or_exp>
</condition>

<Node id="83" bw="40" op_0_bw="40" op_1_bw="40">
<![CDATA[
for.body1295.split:19 %mul_ln1393_2 = mul i40 %sext_ln1393_2_cast, i40 %sext_ln1393_5

]]></Node>
<StgValue><ssdm name="mul_ln1393_2"/></StgValue>
</operation>

<operation id="66" st_id="3" stage="1" lat="1">
<core>NULL</core>
<MemPortIdVec></MemPortIdVec>
<condition id="-1">
<or_exp><and_exp></and_exp></or_exp>
</condition>

<Node id="84" bw="24" op_0_bw="24" op_1_bw="40" op_2_bw="32" op_3_bw="32">
<![CDATA[
for.body1295.split:20 %tmp_68 = partselect i24 @_ssdm_op_PartSelect.i24.i40.i32.i32, i40 %add_ln1393_1, i32 16, i32 39

]]></Node>
<StgValue><ssdm name="tmp_68"/></StgValue>
</operation>

<operation id="79" st_id="3" stage="1" lat="1">
<core>NULL</core>
<MemPortIdVec></MemPortIdVec>
<condition id="-1">
<or_exp><and_exp><literal name="icmp_ln357" val="1"/>
</and_exp></or_exp>
</condition>

<Node id="105" bw="24" op_0_bw="24">
<![CDATA[
for.end1317.exitStub:0 %QTb_V_1_load = load i24 %QTb_V_1

]]></Node>
<StgValue><ssdm name="QTb_V_1_load"/></StgValue>
</operation>

<operation id="80" st_id="3" stage="1" lat="1">
<core>NULL</core>
<MemPortIdVec></MemPortIdVec>
<condition id="-1">
<or_exp><and_exp><literal name="icmp_ln357" val="1"/>
</and_exp></or_exp>
</condition>

<Node id="106" bw="24" op_0_bw="24">
<![CDATA[
for.end1317.exitStub:1 %QTb_V_1_1_load = load i24 %QTb_V_1_1

]]></Node>
<StgValue><ssdm name="QTb_V_1_1_load"/></StgValue>
</operation>

<operation id="81" st_id="3" stage="1" lat="1">
<core>NULL</core>
<MemPortIdVec></MemPortIdVec>
<condition id="-1">
<or_exp><and_exp><literal name="icmp_ln357" val="1"/>
</and_exp></or_exp>
</condition>

<Node id="107" bw="24" op_0_bw="24">
<![CDATA[
for.end1317.exitStub:2 %QTb_V_1_2_load = load i24 %QTb_V_1_2

]]></Node>
<StgValue><ssdm name="QTb_V_1_2_load"/></StgValue>
</operation>

<operation id="82" st_id="3" stage="1" lat="1">
<core>NULL</core>
<MemPortIdVec></MemPortIdVec>
<condition id="-1">
<or_exp><and_exp><literal name="icmp_ln357" val="1"/>
</and_exp></or_exp>
</condition>

<Node id="108" bw="24" op_0_bw="24">
<![CDATA[
for.end1317.exitStub:3 %QTb_V_1_3_load = load i24 %QTb_V_1_3

]]></Node>
<StgValue><ssdm name="QTb_V_1_3_load"/></StgValue>
</operation>

<operation id="83" st_id="3" stage="1" lat="1">
<core>NULL</core>
<MemPortIdVec></MemPortIdVec>
<condition id="-1">
<or_exp><and_exp><literal name="icmp_ln357" val="1"/>
</and_exp></or_exp>
</condition>

<Node id="109" bw="0" op_0_bw="0" op_1_bw="24" op_2_bw="24">
<![CDATA[
for.end1317.exitStub:4 %write_ln0 = write void @_ssdm_op_Write.ap_auto.i24P0A, i24 %QTb_V_3_01040_out, i24 %QTb_V_1_3_load

]]></Node>
<StgValue><ssdm name="write_ln0"/></StgValue>
</operation>

<operation id="84" st_id="3" stage="1" lat="1">
<core>NULL</core>
<MemPortIdVec></MemPortIdVec>
<condition id="-1">
<or_exp><and_exp><literal name="icmp_ln357" val="1"/>
</and_exp></or_exp>
</condition>

<Node id="110" bw="0" op_0_bw="0" op_1_bw="24" op_2_bw="24">
<![CDATA[
for.end1317.exitStub:5 %write_ln0 = write void @_ssdm_op_Write.ap_auto.i24P0A, i24 %lhs_V_out, i24 %QTb_V_1_2_load

]]></Node>
<StgValue><ssdm name="write_ln0"/></StgValue>
</operation>

<operation id="85" st_id="3" stage="1" lat="1">
<core>NULL</core>
<MemPortIdVec></MemPortIdVec>
<condition id="-1">
<or_exp><and_exp><literal name="icmp_ln357" val="1"/>
</and_exp></or_exp>
</condition>

<Node id="111" bw="0" op_0_bw="0" op_1_bw="24" op_2_bw="24">
<![CDATA[
for.end1317.exitStub:6 %write_ln0 = write void @_ssdm_op_Write.ap_auto.i24P0A, i24 %lhs_V_2_out, i24 %QTb_V_1_1_load

]]></Node>
<StgValue><ssdm name="write_ln0"/></StgValue>
</operation>

<operation id="86" st_id="3" stage="1" lat="1">
<core>NULL</core>
<MemPortIdVec></MemPortIdVec>
<condition id="-1">
<or_exp><and_exp><literal name="icmp_ln357" val="1"/>
</and_exp></or_exp>
</condition>

<Node id="112" bw="0" op_0_bw="0" op_1_bw="24" op_2_bw="24">
<![CDATA[
for.end1317.exitStub:7 %write_ln0 = write void @_ssdm_op_Write.ap_auto.i24P0A, i24 %lhs_V_5_out, i24 %QTb_V_1_load

]]></Node>
<StgValue><ssdm name="write_ln0"/></StgValue>
</operation>

<operation id="87" st_id="3" stage="1" lat="1">
<core>NULL</core>
<MemPortIdVec></MemPortIdVec>
<condition id="-1">
<or_exp><and_exp><literal name="icmp_ln357" val="1"/>
</and_exp></or_exp>
</condition>

<Node id="113" bw="0">
<![CDATA[
for.end1317.exitStub:8 %ret_ln0 = ret

]]></Node>
<StgValue><ssdm name="ret_ln0"/></StgValue>
</operation>
</state>

<state id="4" st_id="5">

<operation id="67" st_id="4" stage="1" lat="1">
<core>NULL</core>
<MemPortIdVec></MemPortIdVec>
<condition id="-1">
<or_exp><and_exp></and_exp></or_exp>
</condition>

<Node id="64" bw="0" op_0_bw="0" op_1_bw="0">
<![CDATA[
for.body1295.split:0 %specloopname_ln183 = specloopname void @_ssdm_op_SpecLoopName, void @empty_8

]]></Node>
<StgValue><ssdm name="specloopname_ln183"/></StgValue>
</operation>

<operation id="68" st_id="4" stage="1" lat="1">
<core>NULL</core>
<MemPortIdVec></MemPortIdVec>
<condition id="-1">
<or_exp><and_exp></and_exp></or_exp>
</condition>

<Node id="85" bw="40" op_0_bw="40" op_1_bw="24" op_2_bw="16">
<![CDATA[
for.body1295.split:21 %shl_ln884_2 = bitconcatenate i40 @_ssdm_op_BitConcatenate.i40.i24.i16, i24 %tmp_68, i16 0

]]></Node>
<StgValue><ssdm name="shl_ln884_2"/></StgValue>
</operation>

<operation id="69" st_id="4" stage="1" lat="1">
<core>Adder</core>
<MemPortIdVec></MemPortIdVec>
<condition id="-1">
<or_exp><and_exp></and_exp></or_exp>
</condition>

<Node id="86" bw="40" op_0_bw="40" op_1_bw="40">
<![CDATA[
for.body1295.split:22 %add_ln1393_2 = add i40 %shl_ln884_2, i40 %mul_ln1393_2

]]></Node>
<StgValue><ssdm name="add_ln1393_2"/></StgValue>
</operation>

<operation id="70" st_id="4" stage="1" lat="1">
<core>NULL</core>
<MemPortIdVec></MemPortIdVec>
<condition id="-1">
<or_exp><and_exp></and_exp></or_exp>
</condition>

<Node id="87" bw="24" op_0_bw="24" op_1_bw="40" op_2_bw="32" op_3_bw="32">
<![CDATA[
for.body1295.split:23 %QTb_V_1_5 = partselect i24 @_ssdm_op_PartSelect.i24.i40.i32.i32, i40 %add_ln1393_2, i32 16, i32 39

]]></Node>
<StgValue><ssdm name="QTb_V_1_5"/></StgValue>
</operation>

<operation id="71" st_id="4" stage="1" lat="1">
<core>NULL</core>
<MemPortIdVec></MemPortIdVec>
<condition id="-1">
<or_exp><and_exp><literal name="trunc_ln358" val="-2"/>
</and_exp></or_exp>
</condition>

<Node id="90" bw="0" op_0_bw="24" op_1_bw="24">
<![CDATA[
branch90:0 %store_ln883 = store i24 %QTb_V_1_5, i24 %QTb_V_1_2

]]></Node>
<StgValue><ssdm name="store_ln883"/></StgValue>
</operation>

<operation id="72" st_id="4" stage="1" lat="1">
<core>NULL</core>
<MemPortIdVec></MemPortIdVec>
<condition id="-1">
<or_exp><and_exp><literal name="trunc_ln358" val="-2"/>
</and_exp></or_exp>
</condition>

<Node id="91" bw="0" op_0_bw="0">
<![CDATA[
branch90:1 %br_ln883 = br void %for.body1295.split934

]]></Node>
<StgValue><ssdm name="br_ln883"/></StgValue>
</operation>

<operation id="73" st_id="4" stage="1" lat="1">
<core>NULL</core>
<MemPortIdVec></MemPortIdVec>
<condition id="-1">
<or_exp><and_exp><literal name="trunc_ln358" val="1"/>
</and_exp></or_exp>
</condition>

<Node id="93" bw="0" op_0_bw="24" op_1_bw="24">
<![CDATA[
for.body1295.split.for.body1295.split934_crit_edge25:0 %store_ln883 = store i24 %QTb_V_1_5, i24 %QTb_V_1_1

]]></Node>
<StgValue><ssdm name="store_ln883"/></StgValue>
</operation>

<operation id="74" st_id="4" stage="1" lat="1">
<core>NULL</core>
<MemPortIdVec></MemPortIdVec>
<condition id="-1">
<or_exp><and_exp><literal name="trunc_ln358" val="1"/>
</and_exp></or_exp>
</condition>

<Node id="94" bw="0" op_0_bw="0">
<![CDATA[
for.body1295.split.for.body1295.split934_crit_edge25:1 %br_ln883 = br void %for.body1295.split934

]]></Node>
<StgValue><ssdm name="br_ln883"/></StgValue>
</operation>

<operation id="75" st_id="4" stage="1" lat="1">
<core>NULL</core>
<MemPortIdVec></MemPortIdVec>
<condition id="-1">
<or_exp><and_exp><literal name="trunc_ln358" val="0"/>
</and_exp></or_exp>
</condition>

<Node id="96" bw="0" op_0_bw="24" op_1_bw="24">
<![CDATA[
for.body1295.split.for.body1295.split934_crit_edge:0 %store_ln883 = store i24 %QTb_V_1_5, i24 %QTb_V_1

]]></Node>
<StgValue><ssdm name="store_ln883"/></StgValue>
</operation>

<operation id="76" st_id="4" stage="1" lat="1">
<core>NULL</core>
<MemPortIdVec></MemPortIdVec>
<condition id="-1">
<or_exp><and_exp><literal name="trunc_ln358" val="0"/>
</and_exp></or_exp>
</condition>

<Node id="97" bw="0" op_0_bw="0">
<![CDATA[
for.body1295.split.for.body1295.split934_crit_edge:1 %br_ln883 = br void %for.body1295.split934

]]></Node>
<StgValue><ssdm name="br_ln883"/></StgValue>
</operation>

<operation id="77" st_id="4" stage="1" lat="1">
<core>NULL</core>
<MemPortIdVec></MemPortIdVec>
<condition id="-1">
<or_exp><and_exp><literal name="trunc_ln358" val="-1"/>
</and_exp></or_exp>
</condition>

<Node id="99" bw="0" op_0_bw="24" op_1_bw="24">
<![CDATA[
branch91:0 %store_ln883 = store i24 %QTb_V_1_5, i24 %QTb_V_1_3

]]></Node>
<StgValue><ssdm name="store_ln883"/></StgValue>
</operation>

<operation id="78" st_id="4" stage="1" lat="1">
<core>NULL</core>
<MemPortIdVec></MemPortIdVec>
<condition id="-1">
<or_exp><and_exp><literal name="trunc_ln358" val="-1"/>
</and_exp></or_exp>
</condition>

<Node id="100" bw="0" op_0_bw="0">
<![CDATA[
branch91:1 %br_ln883 = br void %for.body1295.split934

]]></Node>
<StgValue><ssdm name="br_ln883"/></StgValue>
</operation>
</state>
</state_list>


<ports>
</ports>


<dataflows>
</dataflows>


</stg>
