<stg><name>LinearSolver_Pipeline_VITIS_LOOP_319_26</name>


<trans_list>

<trans id="111" from="1" to="2">
<condition id="-1">
<or_exp><and_exp></and_exp></or_exp>
</condition>
</trans>

<trans id="97" from="2" to="3">
<condition id="-1">
<or_exp><and_exp></and_exp></or_exp>
</condition>
</trans>

<trans id="98" from="3" to="4">
<condition id="-1">
<or_exp><and_exp></and_exp></or_exp>
</condition>
</trans>

<trans id="99" from="4" to="5">
<condition id="-1">
<or_exp><and_exp></and_exp></or_exp>
</condition>
</trans>

<trans id="100" from="5" to="6">
<condition id="-1">
<or_exp><and_exp></and_exp></or_exp>
</condition>
</trans>

<trans id="101" from="6" to="7">
<condition id="-1">
<or_exp><and_exp></and_exp></or_exp>
</condition>
</trans>

<trans id="102" from="7" to="8">
<condition id="-1">
<or_exp><and_exp></and_exp></or_exp>
</condition>
</trans>

<trans id="103" from="8" to="9">
<condition id="-1">
<or_exp><and_exp></and_exp></or_exp>
</condition>
</trans>

<trans id="104" from="9" to="10">
<condition id="-1">
<or_exp><and_exp></and_exp></or_exp>
</condition>
</trans>

<trans id="105" from="10" to="11">
<condition id="-1">
<or_exp><and_exp></and_exp></or_exp>
</condition>
</trans>

<trans id="106" from="11" to="12">
<condition id="-1">
<or_exp><and_exp></and_exp></or_exp>
</condition>
</trans>

<trans id="107" from="12" to="13">
<condition id="-1">
<or_exp><and_exp></and_exp></or_exp>
</condition>
</trans>

<trans id="108" from="13" to="14">
<condition id="-1">
<or_exp><and_exp></and_exp></or_exp>
</condition>
</trans>
</trans_list>



<state_list>

<state id="1" st_id="2">

<operation id="17" st_id="1" stage="1" lat="1">
<core>NULL</core>
<MemPortIdVec></MemPortIdVec>
<condition id="-1">
<or_exp><and_exp></and_exp></or_exp>
</condition>

<Node id="10" bw="64" op_0_bw="32">
<![CDATA[
newFuncRoot:0 %reuse_addr_reg = alloca i32 1

]]></Node>
<StgValue><ssdm name="reuse_addr_reg"/></StgValue>
</operation>

<operation id="18" st_id="1" stage="1" lat="1">
<core>NULL</core>
<MemPortIdVec></MemPortIdVec>
<condition id="-1">
<or_exp><and_exp></and_exp></or_exp>
</condition>

<Node id="11" bw="24" op_0_bw="32">
<![CDATA[
newFuncRoot:1 %reuse_reg = alloca i32 1

]]></Node>
<StgValue><ssdm name="reuse_reg"/></StgValue>
</operation>

<operation id="19" st_id="1" stage="1" lat="1">
<core>NULL</core>
<MemPortIdVec></MemPortIdVec>
<condition id="-1">
<or_exp><and_exp></and_exp></or_exp>
</condition>

<Node id="12" bw="3" op_0_bw="32">
<![CDATA[
newFuncRoot:2 %i = alloca i32 1

]]></Node>
<StgValue><ssdm name="i"/></StgValue>
</operation>

<operation id="20" st_id="1" stage="1" lat="1">
<core>NULL</core>
<MemPortIdVec></MemPortIdVec>
<condition id="-1">
<or_exp><and_exp></and_exp></or_exp>
</condition>

<Node id="13" bw="24" op_0_bw="24" op_1_bw="24">
<![CDATA[
newFuncRoot:3 %PhaseV4_V_3_042_reload_read = read i24 @_ssdm_op_Read.ap_auto.i24, i24 %PhaseV4_V_3_042_reload

]]></Node>
<StgValue><ssdm name="PhaseV4_V_3_042_reload_read"/></StgValue>
</operation>

<operation id="21" st_id="1" stage="1" lat="1">
<core>NULL</core>
<MemPortIdVec></MemPortIdVec>
<condition id="-1">
<or_exp><and_exp></and_exp></or_exp>
</condition>

<Node id="14" bw="24" op_0_bw="24" op_1_bw="24">
<![CDATA[
newFuncRoot:4 %PhaseV4_V_2_041_reload_read = read i24 @_ssdm_op_Read.ap_auto.i24, i24 %PhaseV4_V_2_041_reload

]]></Node>
<StgValue><ssdm name="PhaseV4_V_2_041_reload_read"/></StgValue>
</operation>

<operation id="22" st_id="1" stage="1" lat="1">
<core>NULL</core>
<MemPortIdVec></MemPortIdVec>
<condition id="-1">
<or_exp><and_exp></and_exp></or_exp>
</condition>

<Node id="15" bw="24" op_0_bw="24" op_1_bw="24">
<![CDATA[
newFuncRoot:5 %PhaseV4_V_1_040_reload_read = read i24 @_ssdm_op_Read.ap_auto.i24, i24 %PhaseV4_V_1_040_reload

]]></Node>
<StgValue><ssdm name="PhaseV4_V_1_040_reload_read"/></StgValue>
</operation>

<operation id="23" st_id="1" stage="1" lat="1">
<core>NULL</core>
<MemPortIdVec></MemPortIdVec>
<condition id="-1">
<or_exp><and_exp></and_exp></or_exp>
</condition>

<Node id="16" bw="24" op_0_bw="24" op_1_bw="24">
<![CDATA[
newFuncRoot:6 %PhaseV4_V_0_0_reload_read = read i24 @_ssdm_op_Read.ap_auto.i24, i24 %PhaseV4_V_0_0_reload

]]></Node>
<StgValue><ssdm name="PhaseV4_V_0_0_reload_read"/></StgValue>
</operation>

<operation id="24" st_id="1" stage="1" lat="1">
<core>NULL</core>
<MemPortIdVec></MemPortIdVec>
<condition id="-1">
<or_exp><and_exp></and_exp></or_exp>
</condition>

<Node id="17" bw="24" op_0_bw="24" op_1_bw="24">
<![CDATA[
newFuncRoot:7 %XOQ3_4_V_3_066_reload_read = read i24 @_ssdm_op_Read.ap_auto.i24, i24 %XOQ3_4_V_3_066_reload

]]></Node>
<StgValue><ssdm name="XOQ3_4_V_3_066_reload_read"/></StgValue>
</operation>

<operation id="25" st_id="1" stage="1" lat="1">
<core>NULL</core>
<MemPortIdVec></MemPortIdVec>
<condition id="-1">
<or_exp><and_exp></and_exp></or_exp>
</condition>

<Node id="18" bw="24" op_0_bw="24" op_1_bw="24">
<![CDATA[
newFuncRoot:8 %XOQ3_4_V_2_065_reload_read = read i24 @_ssdm_op_Read.ap_auto.i24, i24 %XOQ3_4_V_2_065_reload

]]></Node>
<StgValue><ssdm name="XOQ3_4_V_2_065_reload_read"/></StgValue>
</operation>

<operation id="26" st_id="1" stage="1" lat="1">
<core>NULL</core>
<MemPortIdVec></MemPortIdVec>
<condition id="-1">
<or_exp><and_exp></and_exp></or_exp>
</condition>

<Node id="19" bw="24" op_0_bw="24" op_1_bw="24">
<![CDATA[
newFuncRoot:9 %XOQ3_4_V_1_064_reload_read = read i24 @_ssdm_op_Read.ap_auto.i24, i24 %XOQ3_4_V_1_064_reload

]]></Node>
<StgValue><ssdm name="XOQ3_4_V_1_064_reload_read"/></StgValue>
</operation>

<operation id="27" st_id="1" stage="1" lat="1">
<core>NULL</core>
<MemPortIdVec></MemPortIdVec>
<condition id="-1">
<or_exp><and_exp></and_exp></or_exp>
</condition>

<Node id="20" bw="24" op_0_bw="24" op_1_bw="24">
<![CDATA[
newFuncRoot:10 %XOQ3_4_V_0_0_reload_read = read i24 @_ssdm_op_Read.ap_auto.i24, i24 %XOQ3_4_V_0_0_reload

]]></Node>
<StgValue><ssdm name="XOQ3_4_V_0_0_reload_read"/></StgValue>
</operation>

<operation id="28" st_id="1" stage="1" lat="1">
<core>NULL</core>
<MemPortIdVec></MemPortIdVec>
<condition id="-1">
<or_exp><and_exp></and_exp></or_exp>
</condition>

<Node id="21" bw="0" op_0_bw="3" op_1_bw="3">
<![CDATA[
newFuncRoot:11 %store_ln0 = store i3 0, i3 %i

]]></Node>
<StgValue><ssdm name="store_ln0"/></StgValue>
</operation>

<operation id="29" st_id="1" stage="1" lat="1">
<core>NULL</core>
<MemPortIdVec></MemPortIdVec>
<condition id="-1">
<or_exp><and_exp></and_exp></or_exp>
</condition>

<Node id="22" bw="0" op_0_bw="24" op_1_bw="24">
<![CDATA[
newFuncRoot:12 %store_ln0 = store i24 0, i24 %reuse_reg

]]></Node>
<StgValue><ssdm name="store_ln0"/></StgValue>
</operation>

<operation id="30" st_id="1" stage="1" lat="1">
<core>NULL</core>
<MemPortIdVec></MemPortIdVec>
<condition id="-1">
<or_exp><and_exp></and_exp></or_exp>
</condition>

<Node id="23" bw="0" op_0_bw="64" op_1_bw="64">
<![CDATA[
newFuncRoot:13 %store_ln0 = store i64 18446744073709551615, i64 %reuse_addr_reg

]]></Node>
<StgValue><ssdm name="store_ln0"/></StgValue>
</operation>

<operation id="31" st_id="1" stage="1" lat="1">
<core>NULL</core>
<MemPortIdVec></MemPortIdVec>
<condition id="-1">
<or_exp><and_exp></and_exp></or_exp>
</condition>

<Node id="24" bw="0" op_0_bw="0">
<![CDATA[
newFuncRoot:14 %br_ln0 = br void %for.body1195

]]></Node>
<StgValue><ssdm name="br_ln0"/></StgValue>
</operation>

<operation id="32" st_id="1" stage="1" lat="1">
<core>NULL</core>
<MemPortIdVec></MemPortIdVec>
<condition id="-1">
<or_exp><and_exp></and_exp></or_exp>
</condition>

<Node id="26" bw="3" op_0_bw="3" op_1_bw="0">
<![CDATA[
for.body1195:0 %i_4 = load i3 %i

]]></Node>
<StgValue><ssdm name="i_4"/></StgValue>
</operation>

<operation id="33" st_id="1" stage="1" lat="1">
<core>NULL</core>
<MemPortIdVec></MemPortIdVec>
<condition id="-1">
<or_exp><and_exp></and_exp></or_exp>
</condition>

<Node id="27" bw="0" op_0_bw="0" op_1_bw="32" op_2_bw="32" op_3_bw="32" op_4_bw="32" op_5_bw="0">
<![CDATA[
for.body1195:1 %specpipeline_ln0 = specpipeline void @_ssdm_op_SpecPipeline, i32 4294967295, i32 0, i32 1, i32 0, void @p_str

]]></Node>
<StgValue><ssdm name="specpipeline_ln0"/></StgValue>
</operation>

<operation id="34" st_id="1" stage="1" lat="1">
<core>Cmp</core>
<MemPortIdVec></MemPortIdVec>
<condition id="-1">
<or_exp><and_exp></and_exp></or_exp>
</condition>

<Node id="28" bw="1" op_0_bw="3" op_1_bw="3">
<![CDATA[
for.body1195:2 %icmp_ln319 = icmp_eq  i3 %i_4, i3 4

]]></Node>
<StgValue><ssdm name="icmp_ln319"/></StgValue>
</operation>

<operation id="35" st_id="1" stage="1" lat="1">
<core>NULL</core>
<MemPortIdVec></MemPortIdVec>
<condition id="-1">
<or_exp><and_exp></and_exp></or_exp>
</condition>

<Node id="29" bw="32" op_0_bw="32" op_1_bw="64" op_2_bw="64" op_3_bw="64">
<![CDATA[
for.body1195:3 %empty = speclooptripcount i32 @_ssdm_op_SpecLoopTripCount, i64 4, i64 4, i64 4

]]></Node>
<StgValue><ssdm name="empty"/></StgValue>
</operation>

<operation id="36" st_id="1" stage="1" lat="1">
<core>Adder</core>
<MemPortIdVec></MemPortIdVec>
<condition id="-1">
<or_exp><and_exp></and_exp></or_exp>
</condition>

<Node id="30" bw="3" op_0_bw="3" op_1_bw="3">
<![CDATA[
for.body1195:4 %add_ln321 = add i3 %i_4, i3 1

]]></Node>
<StgValue><ssdm name="add_ln321"/></StgValue>
</operation>

<operation id="37" st_id="1" stage="1" lat="1">
<core>NULL</core>
<MemPortIdVec></MemPortIdVec>
<condition id="-1">
<or_exp><and_exp></and_exp></or_exp>
</condition>

<Node id="31" bw="0" op_0_bw="1" op_1_bw="0" op_2_bw="0">
<![CDATA[
for.body1195:5 %br_ln319 = br i1 %icmp_ln319, void %for.body1195.split, void %for.end1215.exitStub

]]></Node>
<StgValue><ssdm name="br_ln319"/></StgValue>
</operation>

<operation id="38" st_id="1" stage="1" lat="1">
<core>NULL</core>
<MemPortIdVec></MemPortIdVec>
<condition id="-1">
<or_exp><and_exp><literal name="icmp_ln319" val="0"/>
</and_exp></or_exp>
</condition>

<Node id="33" bw="64" op_0_bw="3">
<![CDATA[
for.body1195.split:0 %i_25_cast = zext i3 %i_4

]]></Node>
<StgValue><ssdm name="i_25_cast"/></StgValue>
</operation>

<operation id="39" st_id="1" stage="1" lat="1">
<core>NULL</core>
<MemPortIdVec></MemPortIdVec>
<condition id="-1">
<or_exp><and_exp><literal name="icmp_ln319" val="0"/>
</and_exp></or_exp>
</condition>

<Node id="35" bw="2" op_0_bw="3">
<![CDATA[
for.body1195.split:2 %trunc_ln1317 = trunc i3 %i_4

]]></Node>
<StgValue><ssdm name="trunc_ln1317"/></StgValue>
</operation>

<operation id="40" st_id="1" stage="1" lat="1">
<core>Multiplexer</core>
<MemPortIdVec></MemPortIdVec>
<condition id="-1">
<or_exp><and_exp><literal name="icmp_ln319" val="0"/>
</and_exp></or_exp>
</condition>

<Node id="36" bw="24" op_0_bw="24" op_1_bw="24" op_2_bw="24" op_3_bw="24" op_4_bw="24" op_5_bw="2">
<![CDATA[
for.body1195.split:3 %r_V = mux i24 @_ssdm_op_Mux.ap_auto.4i24.i2, i24 %XOQ3_4_V_0_0_reload_read, i24 %XOQ3_4_V_1_064_reload_read, i24 %XOQ3_4_V_2_065_reload_read, i24 %XOQ3_4_V_3_066_reload_read, i2 %trunc_ln1317

]]></Node>
<StgValue><ssdm name="r_V"/></StgValue>
</operation>

<operation id="41" st_id="1" stage="1" lat="1">
<core>NULL</core>
<MemPortIdVec></MemPortIdVec>
<condition id="-1">
<or_exp><and_exp><literal name="icmp_ln319" val="0"/>
</and_exp></or_exp>
</condition>

<Node id="37" bw="40" op_0_bw="24">
<![CDATA[
for.body1195.split:4 %sext_ln1316 = sext i24 %r_V

]]></Node>
<StgValue><ssdm name="sext_ln1316"/></StgValue>
</operation>

<operation id="42" st_id="1" stage="4" lat="4">
<core>DSP48</core>
<MemPortIdVec></MemPortIdVec>
<condition id="-1">
<or_exp><and_exp><literal name="icmp_ln319" val="0"/>
</and_exp></or_exp>
</condition>

<Node id="38" bw="40" op_0_bw="40" op_1_bw="40">
<![CDATA[
for.body1195.split:5 %mul_ln1316 = mul i40 %sext_ln1316, i40 39796

]]></Node>
<StgValue><ssdm name="mul_ln1316"/></StgValue>
</operation>

<operation id="43" st_id="1" stage="1" lat="1">
<core>NULL</core>
<MemPortIdVec></MemPortIdVec>
<condition id="-1">
<or_exp><and_exp><literal name="icmp_ln319" val="0"/>
</and_exp></or_exp>
</condition>

<Node id="40" bw="3" op_0_bw="24" op_1_bw="64" op_2_bw="64">
<![CDATA[
for.body1195.split:7 %TempQ4_4_V_addr = getelementptr i24 %TempQ4_4_V, i64 0, i64 %i_25_cast

]]></Node>
<StgValue><ssdm name="TempQ4_4_V_addr"/></StgValue>
</operation>

<operation id="44" st_id="1" stage="2" lat="2">
<core>RAM</core>
<MemPortIdVec>0 </MemPortIdVec>
<condition id="-1">
<or_exp><and_exp><literal name="icmp_ln319" val="0"/>
</and_exp></or_exp>
</condition>

<Node id="43" bw="24" op_0_bw="3">
<![CDATA[
for.body1195.split:10 %TempQ4_4_V_load = load i3 %TempQ4_4_V_addr

]]></Node>
<StgValue><ssdm name="TempQ4_4_V_load"/></StgValue>
</operation>

<operation id="45" st_id="1" stage="1" lat="1">
<core>Multiplexer</core>
<MemPortIdVec></MemPortIdVec>
<condition id="-1">
<or_exp><and_exp><literal name="icmp_ln319" val="0"/>
</and_exp></or_exp>
</condition>

<Node id="49" bw="24" op_0_bw="24" op_1_bw="24" op_2_bw="24" op_3_bw="24" op_4_bw="24" op_5_bw="2">
<![CDATA[
for.body1195.split:16 %tmp_24 = mux i24 @_ssdm_op_Mux.ap_auto.4i24.i2, i24 %PhaseV4_V_0_0_reload_read, i24 %PhaseV4_V_1_040_reload_read, i24 %PhaseV4_V_2_041_reload_read, i24 %PhaseV4_V_3_042_reload_read, i2 %trunc_ln1317

]]></Node>
<StgValue><ssdm name="tmp_24"/></StgValue>
</operation>

<operation id="46" st_id="1" stage="1" lat="1">
<core>NULL</core>
<MemPortIdVec></MemPortIdVec>
<condition id="-1">
<or_exp><and_exp><literal name="icmp_ln319" val="0"/>
</and_exp></or_exp>
</condition>

<Node id="57" bw="0" op_0_bw="3" op_1_bw="3" op_2_bw="0" op_3_bw="0">
<![CDATA[
for.body1195.split:24 %store_ln319 = store i3 %add_ln321, i3 %i

]]></Node>
<StgValue><ssdm name="store_ln319"/></StgValue>
</operation>
</state>

<state id="2" st_id="3">

<operation id="47" st_id="2" stage="3" lat="4">
<core>DSP48</core>
<MemPortIdVec></MemPortIdVec>
<condition id="-1">
<or_exp><and_exp><literal name="icmp_ln319" val="0"/>
</and_exp></or_exp>
</condition>

<Node id="38" bw="40" op_0_bw="40" op_1_bw="40">
<![CDATA[
for.body1195.split:5 %mul_ln1316 = mul i40 %sext_ln1316, i40 39796

]]></Node>
<StgValue><ssdm name="mul_ln1316"/></StgValue>
</operation>

<operation id="48" st_id="2" stage="1" lat="1">
<core>NULL</core>
<MemPortIdVec></MemPortIdVec>
<condition id="-1">
<or_exp><and_exp><literal name="icmp_ln319" val="0"/>
</and_exp></or_exp>
</condition>

<Node id="41" bw="24" op_0_bw="24" op_1_bw="0">
<![CDATA[
for.body1195.split:8 %reuse_reg_load = load i24 %reuse_reg

]]></Node>
<StgValue><ssdm name="reuse_reg_load"/></StgValue>
</operation>

<operation id="49" st_id="2" stage="1" lat="1">
<core>NULL</core>
<MemPortIdVec></MemPortIdVec>
<condition id="-1">
<or_exp><and_exp><literal name="icmp_ln319" val="0"/>
</and_exp></or_exp>
</condition>

<Node id="42" bw="64" op_0_bw="64" op_1_bw="0">
<![CDATA[
for.body1195.split:9 %reuse_addr_reg_load = load i64 %reuse_addr_reg

]]></Node>
<StgValue><ssdm name="reuse_addr_reg_load"/></StgValue>
</operation>

<operation id="50" st_id="2" stage="1" lat="2">
<core>RAM</core>
<MemPortIdVec>0 </MemPortIdVec>
<condition id="-1">
<or_exp><and_exp><literal name="icmp_ln319" val="0"/>
</and_exp></or_exp>
</condition>

<Node id="43" bw="24" op_0_bw="3">
<![CDATA[
for.body1195.split:10 %TempQ4_4_V_load = load i3 %TempQ4_4_V_addr

]]></Node>
<StgValue><ssdm name="TempQ4_4_V_load"/></StgValue>
</operation>

<operation id="51" st_id="2" stage="1" lat="1">
<core>Cmp</core>
<MemPortIdVec></MemPortIdVec>
<condition id="-1">
<or_exp><and_exp><literal name="icmp_ln319" val="0"/>
</and_exp></or_exp>
</condition>

<Node id="44" bw="1" op_0_bw="64" op_1_bw="64">
<![CDATA[
for.body1195.split:11 %addr_cmp = icmp_eq  i64 %reuse_addr_reg_load, i64 %i_25_cast

]]></Node>
<StgValue><ssdm name="addr_cmp"/></StgValue>
</operation>

<operation id="52" st_id="2" stage="1" lat="1">
<core>Sel</core>
<MemPortIdVec></MemPortIdVec>
<condition id="-1">
<or_exp><and_exp><literal name="icmp_ln319" val="0"/>
</and_exp></or_exp>
</condition>

<Node id="45" bw="24" op_0_bw="1" op_1_bw="24" op_2_bw="24">
<![CDATA[
for.body1195.split:12 %r_V_2 = select i1 %addr_cmp, i24 %reuse_reg_load, i24 %TempQ4_4_V_load

]]></Node>
<StgValue><ssdm name="r_V_2"/></StgValue>
</operation>

<operation id="53" st_id="2" stage="1" lat="1">
<core>NULL</core>
<MemPortIdVec></MemPortIdVec>
<condition id="-1">
<or_exp><and_exp><literal name="icmp_ln319" val="0"/>
</and_exp></or_exp>
</condition>

<Node id="46" bw="40" op_0_bw="24">
<![CDATA[
for.body1195.split:13 %sext_ln1316_2 = sext i24 %r_V_2

]]></Node>
<StgValue><ssdm name="sext_ln1316_2"/></StgValue>
</operation>

<operation id="54" st_id="2" stage="4" lat="4">
<core>DSP48</core>
<MemPortIdVec></MemPortIdVec>
<condition id="-1">
<or_exp><and_exp><literal name="icmp_ln319" val="0"/>
</and_exp></or_exp>
</condition>

<Node id="47" bw="40" op_0_bw="40" op_1_bw="40">
<![CDATA[
for.body1195.split:14 %mul_ln1316_2 = mul i40 %sext_ln1316_2, i40 39796

]]></Node>
<StgValue><ssdm name="mul_ln1316_2"/></StgValue>
</operation>

<operation id="78" st_id="2" stage="1" lat="1">
<core>NULL</core>
<MemPortIdVec></MemPortIdVec>
<condition id="-1">
<or_exp><and_exp><literal name="icmp_ln319" val="1"/>
</and_exp></or_exp>
</condition>

<Node id="60" bw="0">
<![CDATA[
for.end1215.exitStub:0 %ret_ln0 = ret

]]></Node>
<StgValue><ssdm name="ret_ln0"/></StgValue>
</operation>
</state>

<state id="3" st_id="4">

<operation id="55" st_id="3" stage="2" lat="4">
<core>DSP48</core>
<MemPortIdVec></MemPortIdVec>
<condition id="-1">
<or_exp><and_exp><literal name="icmp_ln319" val="0"/>
</and_exp></or_exp>
</condition>

<Node id="38" bw="40" op_0_bw="40" op_1_bw="40">
<![CDATA[
for.body1195.split:5 %mul_ln1316 = mul i40 %sext_ln1316, i40 39796

]]></Node>
<StgValue><ssdm name="mul_ln1316"/></StgValue>
</operation>

<operation id="56" st_id="3" stage="3" lat="4">
<core>DSP48</core>
<MemPortIdVec></MemPortIdVec>
<condition id="-1">
<or_exp><and_exp><literal name="icmp_ln319" val="0"/>
</and_exp></or_exp>
</condition>

<Node id="47" bw="40" op_0_bw="40" op_1_bw="40">
<![CDATA[
for.body1195.split:14 %mul_ln1316_2 = mul i40 %sext_ln1316_2, i40 39796

]]></Node>
<StgValue><ssdm name="mul_ln1316_2"/></StgValue>
</operation>
</state>

<state id="4" st_id="5">

<operation id="57" st_id="4" stage="1" lat="4">
<core>DSP48</core>
<MemPortIdVec></MemPortIdVec>
<condition id="-1">
<or_exp><and_exp><literal name="icmp_ln319" val="0"/>
</and_exp></or_exp>
</condition>

<Node id="38" bw="40" op_0_bw="40" op_1_bw="40">
<![CDATA[
for.body1195.split:5 %mul_ln1316 = mul i40 %sext_ln1316, i40 39796

]]></Node>
<StgValue><ssdm name="mul_ln1316"/></StgValue>
</operation>

<operation id="58" st_id="4" stage="1" lat="1">
<core>NULL</core>
<MemPortIdVec></MemPortIdVec>
<condition id="-1">
<or_exp><and_exp><literal name="icmp_ln319" val="0"/>
</and_exp></or_exp>
</condition>

<Node id="39" bw="24" op_0_bw="24" op_1_bw="40" op_2_bw="32" op_3_bw="32">
<![CDATA[
for.body1195.split:6 %trunc_ln864_s = partselect i24 @_ssdm_op_PartSelect.i24.i40.i32.i32, i40 %mul_ln1316, i32 16, i32 39

]]></Node>
<StgValue><ssdm name="trunc_ln864_s"/></StgValue>
</operation>

<operation id="59" st_id="4" stage="2" lat="4">
<core>DSP48</core>
<MemPortIdVec></MemPortIdVec>
<condition id="-1">
<or_exp><and_exp><literal name="icmp_ln319" val="0"/>
</and_exp></or_exp>
</condition>

<Node id="47" bw="40" op_0_bw="40" op_1_bw="40">
<![CDATA[
for.body1195.split:14 %mul_ln1316_2 = mul i40 %sext_ln1316_2, i40 39796

]]></Node>
<StgValue><ssdm name="mul_ln1316_2"/></StgValue>
</operation>
</state>

<state id="5" st_id="6">

<operation id="60" st_id="5" stage="1" lat="4">
<core>DSP48</core>
<MemPortIdVec></MemPortIdVec>
<condition id="-1">
<or_exp><and_exp><literal name="icmp_ln319" val="0"/>
</and_exp></or_exp>
</condition>

<Node id="47" bw="40" op_0_bw="40" op_1_bw="40">
<![CDATA[
for.body1195.split:14 %mul_ln1316_2 = mul i40 %sext_ln1316_2, i40 39796

]]></Node>
<StgValue><ssdm name="mul_ln1316_2"/></StgValue>
</operation>

<operation id="61" st_id="5" stage="1" lat="1">
<core>NULL</core>
<MemPortIdVec></MemPortIdVec>
<condition id="-1">
<or_exp><and_exp><literal name="icmp_ln319" val="0"/>
</and_exp></or_exp>
</condition>

<Node id="48" bw="24" op_0_bw="24" op_1_bw="40" op_2_bw="32" op_3_bw="32">
<![CDATA[
for.body1195.split:15 %trunc_ln864_1 = partselect i24 @_ssdm_op_PartSelect.i24.i40.i32.i32, i40 %mul_ln1316_2, i32 16, i32 39

]]></Node>
<StgValue><ssdm name="trunc_ln864_1"/></StgValue>
</operation>
</state>

<state id="6" st_id="7">

<operation id="62" st_id="6" stage="8" lat="8">
<core></core>
<MemPortIdVec></MemPortIdVec>
<condition id="-1">
<or_exp><and_exp><literal name="icmp_ln319" val="0"/>
</and_exp></or_exp>
</condition>

<Node id="52" bw="48" op_0_bw="48" op_1_bw="24" op_2_bw="24" op_3_bw="24">
<![CDATA[
for.body1195.split:19 %cordic_ret = call i48 @cordic, i24 %trunc_ln864_s, i24 %trunc_ln864_1, i24 %tmp_24

]]></Node>
<StgValue><ssdm name="cordic_ret"/></StgValue>
</operation>
</state>

<state id="7" st_id="8">

<operation id="63" st_id="7" stage="7" lat="8">
<core></core>
<MemPortIdVec></MemPortIdVec>
<condition id="-1">
<or_exp><and_exp><literal name="icmp_ln319" val="0"/>
</and_exp></or_exp>
</condition>

<Node id="52" bw="48" op_0_bw="48" op_1_bw="24" op_2_bw="24" op_3_bw="24">
<![CDATA[
for.body1195.split:19 %cordic_ret = call i48 @cordic, i24 %trunc_ln864_s, i24 %trunc_ln864_1, i24 %tmp_24

]]></Node>
<StgValue><ssdm name="cordic_ret"/></StgValue>
</operation>
</state>

<state id="8" st_id="9">

<operation id="64" st_id="8" stage="6" lat="8">
<core></core>
<MemPortIdVec></MemPortIdVec>
<condition id="-1">
<or_exp><and_exp><literal name="icmp_ln319" val="0"/>
</and_exp></or_exp>
</condition>

<Node id="52" bw="48" op_0_bw="48" op_1_bw="24" op_2_bw="24" op_3_bw="24">
<![CDATA[
for.body1195.split:19 %cordic_ret = call i48 @cordic, i24 %trunc_ln864_s, i24 %trunc_ln864_1, i24 %tmp_24

]]></Node>
<StgValue><ssdm name="cordic_ret"/></StgValue>
</operation>
</state>

<state id="9" st_id="10">

<operation id="65" st_id="9" stage="5" lat="8">
<core></core>
<MemPortIdVec></MemPortIdVec>
<condition id="-1">
<or_exp><and_exp><literal name="icmp_ln319" val="0"/>
</and_exp></or_exp>
</condition>

<Node id="52" bw="48" op_0_bw="48" op_1_bw="24" op_2_bw="24" op_3_bw="24">
<![CDATA[
for.body1195.split:19 %cordic_ret = call i48 @cordic, i24 %trunc_ln864_s, i24 %trunc_ln864_1, i24 %tmp_24

]]></Node>
<StgValue><ssdm name="cordic_ret"/></StgValue>
</operation>
</state>

<state id="10" st_id="11">

<operation id="66" st_id="10" stage="4" lat="8">
<core></core>
<MemPortIdVec></MemPortIdVec>
<condition id="-1">
<or_exp><and_exp><literal name="icmp_ln319" val="0"/>
</and_exp></or_exp>
</condition>

<Node id="52" bw="48" op_0_bw="48" op_1_bw="24" op_2_bw="24" op_3_bw="24">
<![CDATA[
for.body1195.split:19 %cordic_ret = call i48 @cordic, i24 %trunc_ln864_s, i24 %trunc_ln864_1, i24 %tmp_24

]]></Node>
<StgValue><ssdm name="cordic_ret"/></StgValue>
</operation>
</state>

<state id="11" st_id="12">

<operation id="67" st_id="11" stage="3" lat="8">
<core></core>
<MemPortIdVec></MemPortIdVec>
<condition id="-1">
<or_exp><and_exp><literal name="icmp_ln319" val="0"/>
</and_exp></or_exp>
</condition>

<Node id="52" bw="48" op_0_bw="48" op_1_bw="24" op_2_bw="24" op_3_bw="24">
<![CDATA[
for.body1195.split:19 %cordic_ret = call i48 @cordic, i24 %trunc_ln864_s, i24 %trunc_ln864_1, i24 %tmp_24

]]></Node>
<StgValue><ssdm name="cordic_ret"/></StgValue>
</operation>
</state>

<state id="12" st_id="13">

<operation id="68" st_id="12" stage="2" lat="8">
<core></core>
<MemPortIdVec></MemPortIdVec>
<condition id="-1">
<or_exp><and_exp><literal name="icmp_ln319" val="0"/>
</and_exp></or_exp>
</condition>

<Node id="52" bw="48" op_0_bw="48" op_1_bw="24" op_2_bw="24" op_3_bw="24">
<![CDATA[
for.body1195.split:19 %cordic_ret = call i48 @cordic, i24 %trunc_ln864_s, i24 %trunc_ln864_1, i24 %tmp_24

]]></Node>
<StgValue><ssdm name="cordic_ret"/></StgValue>
</operation>
</state>

<state id="13" st_id="14">

<operation id="69" st_id="13" stage="1" lat="1">
<core>NULL</core>
<MemPortIdVec></MemPortIdVec>
<condition id="-1">
<or_exp><and_exp></and_exp></or_exp>
</condition>

<Node id="50" bw="64" op_0_bw="3">
<![CDATA[
for.body1195.split:17 %zext_ln321 = zext i3 %add_ln321

]]></Node>
<StgValue><ssdm name="zext_ln321"/></StgValue>
</operation>

<operation id="70" st_id="13" stage="1" lat="8">
<core></core>
<MemPortIdVec></MemPortIdVec>
<condition id="-1">
<or_exp><and_exp></and_exp></or_exp>
</condition>

<Node id="52" bw="48" op_0_bw="48" op_1_bw="24" op_2_bw="24" op_3_bw="24">
<![CDATA[
for.body1195.split:19 %cordic_ret = call i48 @cordic, i24 %trunc_ln864_s, i24 %trunc_ln864_1, i24 %tmp_24

]]></Node>
<StgValue><ssdm name="cordic_ret"/></StgValue>
</operation>

<operation id="71" st_id="13" stage="1" lat="1">
<core>NULL</core>
<MemPortIdVec></MemPortIdVec>
<condition id="-1">
<or_exp><and_exp></and_exp></or_exp>
</condition>

<Node id="53" bw="24" op_0_bw="48">
<![CDATA[
for.body1195.split:20 %newret = extractvalue i48 %cordic_ret

]]></Node>
<StgValue><ssdm name="newret"/></StgValue>
</operation>

<operation id="72" st_id="13" stage="1" lat="1">
<core>NULL</core>
<MemPortIdVec></MemPortIdVec>
<condition id="-1">
<or_exp><and_exp></and_exp></or_exp>
</condition>

<Node id="56" bw="0" op_0_bw="64" op_1_bw="64" op_2_bw="0" op_3_bw="0">
<![CDATA[
for.body1195.split:23 %store_ln321 = store i64 %zext_ln321, i64 %reuse_addr_reg

]]></Node>
<StgValue><ssdm name="store_ln321"/></StgValue>
</operation>
</state>

<state id="14" st_id="15">

<operation id="73" st_id="14" stage="1" lat="1">
<core>NULL</core>
<MemPortIdVec></MemPortIdVec>
<condition id="-1">
<or_exp><and_exp></and_exp></or_exp>
</condition>

<Node id="34" bw="0" op_0_bw="0" op_1_bw="0">
<![CDATA[
for.body1195.split:1 %specloopname_ln320 = specloopname void @_ssdm_op_SpecLoopName, void @empty_9

]]></Node>
<StgValue><ssdm name="specloopname_ln320"/></StgValue>
</operation>

<operation id="74" st_id="14" stage="1" lat="1">
<core>NULL</core>
<MemPortIdVec></MemPortIdVec>
<condition id="-1">
<or_exp><and_exp></and_exp></or_exp>
</condition>

<Node id="51" bw="3" op_0_bw="24" op_1_bw="64" op_2_bw="64">
<![CDATA[
for.body1195.split:18 %TempQ4_4_V_addr_1 = getelementptr i24 %TempQ4_4_V, i64 0, i64 %zext_ln321

]]></Node>
<StgValue><ssdm name="TempQ4_4_V_addr_1"/></StgValue>
</operation>

<operation id="75" st_id="14" stage="1" lat="1">
<core>RAM</core>
<MemPortIdVec>0 </MemPortIdVec>
<condition id="-1">
<or_exp><and_exp></and_exp></or_exp>
</condition>

<Node id="54" bw="0" op_0_bw="24" op_1_bw="3">
<![CDATA[
for.body1195.split:21 %store_ln321 = store i24 %newret, i3 %TempQ4_4_V_addr_1

]]></Node>
<StgValue><ssdm name="store_ln321"/></StgValue>
</operation>

<operation id="76" st_id="14" stage="1" lat="1">
<core>NULL</core>
<MemPortIdVec></MemPortIdVec>
<condition id="-1">
<or_exp><and_exp></and_exp></or_exp>
</condition>

<Node id="55" bw="0" op_0_bw="24" op_1_bw="24" op_2_bw="0" op_3_bw="0">
<![CDATA[
for.body1195.split:22 %store_ln321 = store i24 %newret, i24 %reuse_reg

]]></Node>
<StgValue><ssdm name="store_ln321"/></StgValue>
</operation>

<operation id="77" st_id="14" stage="1" lat="1">
<core>NULL</core>
<MemPortIdVec></MemPortIdVec>
<condition id="-1">
<or_exp><and_exp></and_exp></or_exp>
</condition>

<Node id="58" bw="0" op_0_bw="0">
<![CDATA[
for.body1195.split:25 %br_ln319 = br void %for.body1195

]]></Node>
<StgValue><ssdm name="br_ln319"/></StgValue>
</operation>
</state>
</state_list>


<ports>
<port id="112" name="XOQ3_4_V_0_0_reload" dir="0" iftype="0">
<core>NULL</core><StgValue><ssdm name="XOQ3_4_V_0_0_reload"/></StgValue>
</port>
<port id="113" name="XOQ3_4_V_1_064_reload" dir="0" iftype="0">
<core>NULL</core><StgValue><ssdm name="XOQ3_4_V_1_064_reload"/></StgValue>
</port>
<port id="114" name="XOQ3_4_V_2_065_reload" dir="0" iftype="0">
<core>NULL</core><StgValue><ssdm name="XOQ3_4_V_2_065_reload"/></StgValue>
</port>
<port id="115" name="XOQ3_4_V_3_066_reload" dir="0" iftype="0">
<core>NULL</core><StgValue><ssdm name="XOQ3_4_V_3_066_reload"/></StgValue>
</port>
<port id="116" name="TempQ4_4_V" dir="2" iftype="1">
<core>RAM</core><StgValue><ssdm name="TempQ4_4_V"/><MemPortTyVec>2 3 </MemPortTyVec>
</StgValue>
</port>
<port id="117" name="PhaseV4_V_0_0_reload" dir="0" iftype="0">
<core>NULL</core><StgValue><ssdm name="PhaseV4_V_0_0_reload"/></StgValue>
</port>
<port id="118" name="PhaseV4_V_1_040_reload" dir="0" iftype="0">
<core>NULL</core><StgValue><ssdm name="PhaseV4_V_1_040_reload"/></StgValue>
</port>
<port id="119" name="PhaseV4_V_2_041_reload" dir="0" iftype="0">
<core>NULL</core><StgValue><ssdm name="PhaseV4_V_2_041_reload"/></StgValue>
</port>
<port id="120" name="PhaseV4_V_3_042_reload" dir="0" iftype="0">
<core>NULL</core><StgValue><ssdm name="PhaseV4_V_3_042_reload"/></StgValue>
</port>
</ports>


<dataflows>
<dataflow id="122" from="StgValue_121" to="reuse_addr_reg" fromId="121" toId="17">
</dataflow>
<dataflow id="123" from="StgValue_121" to="reuse_reg" fromId="121" toId="18">
</dataflow>
<dataflow id="124" from="StgValue_121" to="i" fromId="121" toId="19">
</dataflow>
<dataflow id="126" from="_ssdm_op_Read.ap_auto.i24" to="PhaseV4_V_3_042_reload_read" fromId="125" toId="20">
</dataflow>
<dataflow id="127" from="PhaseV4_V_3_042_reload" to="PhaseV4_V_3_042_reload_read" fromId="120" toId="20">
</dataflow>
<dataflow id="128" from="_ssdm_op_Read.ap_auto.i24" to="PhaseV4_V_2_041_reload_read" fromId="125" toId="21">
</dataflow>
<dataflow id="129" from="PhaseV4_V_2_041_reload" to="PhaseV4_V_2_041_reload_read" fromId="119" toId="21">
</dataflow>
<dataflow id="130" from="_ssdm_op_Read.ap_auto.i24" to="PhaseV4_V_1_040_reload_read" fromId="125" toId="22">
</dataflow>
<dataflow id="131" from="PhaseV4_V_1_040_reload" to="PhaseV4_V_1_040_reload_read" fromId="118" toId="22">
</dataflow>
<dataflow id="132" from="_ssdm_op_Read.ap_auto.i24" to="PhaseV4_V_0_0_reload_read" fromId="125" toId="23">
</dataflow>
<dataflow id="133" from="PhaseV4_V_0_0_reload" to="PhaseV4_V_0_0_reload_read" fromId="117" toId="23">
</dataflow>
<dataflow id="134" from="_ssdm_op_Read.ap_auto.i24" to="XOQ3_4_V_3_066_reload_read" fromId="125" toId="24">
</dataflow>
<dataflow id="135" from="XOQ3_4_V_3_066_reload" to="XOQ3_4_V_3_066_reload_read" fromId="115" toId="24">
</dataflow>
<dataflow id="136" from="_ssdm_op_Read.ap_auto.i24" to="XOQ3_4_V_2_065_reload_read" fromId="125" toId="25">
</dataflow>
<dataflow id="137" from="XOQ3_4_V_2_065_reload" to="XOQ3_4_V_2_065_reload_read" fromId="114" toId="25">
</dataflow>
<dataflow id="138" from="_ssdm_op_Read.ap_auto.i24" to="XOQ3_4_V_1_064_reload_read" fromId="125" toId="26">
</dataflow>
<dataflow id="139" from="XOQ3_4_V_1_064_reload" to="XOQ3_4_V_1_064_reload_read" fromId="113" toId="26">
</dataflow>
<dataflow id="140" from="_ssdm_op_Read.ap_auto.i24" to="XOQ3_4_V_0_0_reload_read" fromId="125" toId="27">
</dataflow>
<dataflow id="141" from="XOQ3_4_V_0_0_reload" to="XOQ3_4_V_0_0_reload_read" fromId="112" toId="27">
</dataflow>
<dataflow id="143" from="StgValue_142" to="store_ln0" fromId="142" toId="28">
</dataflow>
<dataflow id="144" from="i" to="store_ln0" fromId="19" toId="28">
</dataflow>
<dataflow id="146" from="StgValue_145" to="store_ln0" fromId="145" toId="29">
</dataflow>
<dataflow id="147" from="reuse_reg" to="store_ln0" fromId="18" toId="29">
</dataflow>
<dataflow id="149" from="StgValue_148" to="store_ln0" fromId="148" toId="30">
</dataflow>
<dataflow id="150" from="reuse_addr_reg" to="store_ln0" fromId="17" toId="30">
</dataflow>
<dataflow id="151" from="i" to="i_4" fromId="19" toId="32">
</dataflow>
<dataflow id="153" from="_ssdm_op_SpecPipeline" to="specpipeline_ln0" fromId="152" toId="33">
</dataflow>
<dataflow id="155" from="StgValue_154" to="specpipeline_ln0" fromId="154" toId="33">
</dataflow>
<dataflow id="157" from="StgValue_156" to="specpipeline_ln0" fromId="156" toId="33">
</dataflow>
<dataflow id="158" from="StgValue_121" to="specpipeline_ln0" fromId="121" toId="33">
</dataflow>
<dataflow id="159" from="StgValue_156" to="specpipeline_ln0" fromId="156" toId="33">
</dataflow>
<dataflow id="161" from="p_str" to="specpipeline_ln0" fromId="160" toId="33">
</dataflow>
<dataflow id="162" from="i_4" to="icmp_ln319" fromId="32" toId="34">
</dataflow>
<dataflow id="164" from="StgValue_163" to="icmp_ln319" fromId="163" toId="34">
</dataflow>
<dataflow id="166" from="_ssdm_op_SpecLoopTripCount" to="empty" fromId="165" toId="35">
</dataflow>
<dataflow id="168" from="StgValue_167" to="empty" fromId="167" toId="35">
</dataflow>
<dataflow id="169" from="StgValue_167" to="empty" fromId="167" toId="35">
</dataflow>
<dataflow id="170" from="StgValue_167" to="empty" fromId="167" toId="35">
</dataflow>
<dataflow id="171" from="i_4" to="add_ln321" fromId="32" toId="36">
</dataflow>
<dataflow id="173" from="StgValue_172" to="add_ln321" fromId="172" toId="36">
</dataflow>
<dataflow id="174" from="icmp_ln319" to="br_ln319" fromId="34" toId="37">
</dataflow>
<dataflow id="175" from="i_4" to="i_25_cast" fromId="32" toId="38">
</dataflow>
<dataflow id="176" from="i_4" to="trunc_ln1317" fromId="32" toId="39">
</dataflow>
<dataflow id="178" from="_ssdm_op_Mux.ap_auto.4i24.i2" to="r_V" fromId="177" toId="40">
</dataflow>
<dataflow id="179" from="XOQ3_4_V_0_0_reload_read" to="r_V" fromId="27" toId="40">
</dataflow>
<dataflow id="180" from="XOQ3_4_V_1_064_reload_read" to="r_V" fromId="26" toId="40">
</dataflow>
<dataflow id="181" from="XOQ3_4_V_2_065_reload_read" to="r_V" fromId="25" toId="40">
</dataflow>
<dataflow id="182" from="XOQ3_4_V_3_066_reload_read" to="r_V" fromId="24" toId="40">
</dataflow>
<dataflow id="183" from="trunc_ln1317" to="r_V" fromId="39" toId="40">
</dataflow>
<dataflow id="184" from="r_V" to="sext_ln1316" fromId="40" toId="41">
</dataflow>
<dataflow id="185" from="sext_ln1316" to="mul_ln1316" fromId="41" toId="42">
</dataflow>
<dataflow id="187" from="StgValue_186" to="mul_ln1316" fromId="186" toId="42">
</dataflow>
<dataflow id="188" from="TempQ4_4_V" to="TempQ4_4_V_addr" fromId="116" toId="43">
</dataflow>
<dataflow id="190" from="StgValue_189" to="TempQ4_4_V_addr" fromId="189" toId="43">
</dataflow>
<dataflow id="191" from="i_25_cast" to="TempQ4_4_V_addr" fromId="38" toId="43">
</dataflow>
<dataflow id="192" from="TempQ4_4_V_addr" to="TempQ4_4_V_load" fromId="43" toId="44">
</dataflow>
<dataflow id="193" from="_ssdm_op_Mux.ap_auto.4i24.i2" to="tmp_24" fromId="177" toId="45">
</dataflow>
<dataflow id="194" from="PhaseV4_V_0_0_reload_read" to="tmp_24" fromId="23" toId="45">
</dataflow>
<dataflow id="195" from="PhaseV4_V_1_040_reload_read" to="tmp_24" fromId="22" toId="45">
</dataflow>
<dataflow id="196" from="PhaseV4_V_2_041_reload_read" to="tmp_24" fromId="21" toId="45">
</dataflow>
<dataflow id="197" from="PhaseV4_V_3_042_reload_read" to="tmp_24" fromId="20" toId="45">
</dataflow>
<dataflow id="198" from="trunc_ln1317" to="tmp_24" fromId="39" toId="45">
</dataflow>
<dataflow id="199" from="add_ln321" to="store_ln319" fromId="36" toId="46">
</dataflow>
<dataflow id="200" from="i" to="store_ln319" fromId="19" toId="46">
</dataflow>
<dataflow id="201" from="sext_ln1316" to="mul_ln1316" fromId="41" toId="47">
</dataflow>
<dataflow id="202" from="StgValue_186" to="mul_ln1316" fromId="186" toId="47">
</dataflow>
<dataflow id="203" from="reuse_reg" to="reuse_reg_load" fromId="18" toId="48">
</dataflow>
<dataflow id="204" from="reuse_addr_reg" to="reuse_addr_reg_load" fromId="17" toId="49">
</dataflow>
<dataflow id="205" from="TempQ4_4_V_addr" to="TempQ4_4_V_load" fromId="43" toId="50">
</dataflow>
<dataflow id="206" from="reuse_addr_reg_load" to="addr_cmp" fromId="49" toId="51">
</dataflow>
<dataflow id="207" from="i_25_cast" to="addr_cmp" fromId="38" toId="51">
</dataflow>
<dataflow id="208" from="addr_cmp" to="r_V_2" fromId="51" toId="52">
</dataflow>
<dataflow id="209" from="reuse_reg_load" to="r_V_2" fromId="48" toId="52">
</dataflow>
<dataflow id="210" from="TempQ4_4_V_load" to="r_V_2" fromId="50" toId="52">
</dataflow>
<dataflow id="211" from="r_V_2" to="sext_ln1316_2" fromId="52" toId="53">
</dataflow>
<dataflow id="212" from="sext_ln1316_2" to="mul_ln1316_2" fromId="53" toId="54">
</dataflow>
<dataflow id="213" from="StgValue_186" to="mul_ln1316_2" fromId="186" toId="54">
</dataflow>
<dataflow id="214" from="sext_ln1316" to="mul_ln1316" fromId="41" toId="55">
</dataflow>
<dataflow id="215" from="StgValue_186" to="mul_ln1316" fromId="186" toId="55">
</dataflow>
<dataflow id="216" from="sext_ln1316_2" to="mul_ln1316_2" fromId="53" toId="56">
</dataflow>
<dataflow id="217" from="StgValue_186" to="mul_ln1316_2" fromId="186" toId="56">
</dataflow>
<dataflow id="218" from="sext_ln1316" to="mul_ln1316" fromId="41" toId="57">
</dataflow>
<dataflow id="219" from="StgValue_186" to="mul_ln1316" fromId="186" toId="57">
</dataflow>
<dataflow id="221" from="_ssdm_op_PartSelect.i24.i40.i32.i32" to="trunc_ln864_s" fromId="220" toId="58">
</dataflow>
<dataflow id="222" from="mul_ln1316" to="trunc_ln864_s" fromId="57" toId="58">
</dataflow>
<dataflow id="224" from="StgValue_223" to="trunc_ln864_s" fromId="223" toId="58">
</dataflow>
<dataflow id="226" from="StgValue_225" to="trunc_ln864_s" fromId="225" toId="58">
</dataflow>
<dataflow id="227" from="sext_ln1316_2" to="mul_ln1316_2" fromId="53" toId="59">
</dataflow>
<dataflow id="228" from="StgValue_186" to="mul_ln1316_2" fromId="186" toId="59">
</dataflow>
<dataflow id="229" from="sext_ln1316_2" to="mul_ln1316_2" fromId="53" toId="60">
</dataflow>
<dataflow id="230" from="StgValue_186" to="mul_ln1316_2" fromId="186" toId="60">
</dataflow>
<dataflow id="231" from="_ssdm_op_PartSelect.i24.i40.i32.i32" to="trunc_ln864_1" fromId="220" toId="61">
</dataflow>
<dataflow id="232" from="mul_ln1316_2" to="trunc_ln864_1" fromId="60" toId="61">
</dataflow>
<dataflow id="233" from="StgValue_223" to="trunc_ln864_1" fromId="223" toId="61">
</dataflow>
<dataflow id="234" from="StgValue_225" to="trunc_ln864_1" fromId="225" toId="61">
</dataflow>
<dataflow id="236" from="cordic" to="cordic_ret" fromId="235" toId="62">
</dataflow>
<dataflow id="237" from="trunc_ln864_s" to="cordic_ret" fromId="58" toId="62">
</dataflow>
<dataflow id="238" from="trunc_ln864_1" to="cordic_ret" fromId="61" toId="62">
</dataflow>
<dataflow id="239" from="tmp_24" to="cordic_ret" fromId="45" toId="62">
</dataflow>
<dataflow id="240" from="cordic" to="cordic_ret" fromId="235" toId="63">
</dataflow>
<dataflow id="241" from="trunc_ln864_s" to="cordic_ret" fromId="58" toId="63">
</dataflow>
<dataflow id="242" from="trunc_ln864_1" to="cordic_ret" fromId="61" toId="63">
</dataflow>
<dataflow id="243" from="tmp_24" to="cordic_ret" fromId="45" toId="63">
</dataflow>
<dataflow id="244" from="cordic" to="cordic_ret" fromId="235" toId="64">
</dataflow>
<dataflow id="245" from="trunc_ln864_s" to="cordic_ret" fromId="58" toId="64">
</dataflow>
<dataflow id="246" from="trunc_ln864_1" to="cordic_ret" fromId="61" toId="64">
</dataflow>
<dataflow id="247" from="tmp_24" to="cordic_ret" fromId="45" toId="64">
</dataflow>
<dataflow id="248" from="cordic" to="cordic_ret" fromId="235" toId="65">
</dataflow>
<dataflow id="249" from="trunc_ln864_s" to="cordic_ret" fromId="58" toId="65">
</dataflow>
<dataflow id="250" from="trunc_ln864_1" to="cordic_ret" fromId="61" toId="65">
</dataflow>
<dataflow id="251" from="tmp_24" to="cordic_ret" fromId="45" toId="65">
</dataflow>
<dataflow id="252" from="cordic" to="cordic_ret" fromId="235" toId="66">
</dataflow>
<dataflow id="253" from="trunc_ln864_s" to="cordic_ret" fromId="58" toId="66">
</dataflow>
<dataflow id="254" from="trunc_ln864_1" to="cordic_ret" fromId="61" toId="66">
</dataflow>
<dataflow id="255" from="tmp_24" to="cordic_ret" fromId="45" toId="66">
</dataflow>
<dataflow id="256" from="cordic" to="cordic_ret" fromId="235" toId="67">
</dataflow>
<dataflow id="257" from="trunc_ln864_s" to="cordic_ret" fromId="58" toId="67">
</dataflow>
<dataflow id="258" from="trunc_ln864_1" to="cordic_ret" fromId="61" toId="67">
</dataflow>
<dataflow id="259" from="tmp_24" to="cordic_ret" fromId="45" toId="67">
</dataflow>
<dataflow id="260" from="cordic" to="cordic_ret" fromId="235" toId="68">
</dataflow>
<dataflow id="261" from="trunc_ln864_s" to="cordic_ret" fromId="58" toId="68">
</dataflow>
<dataflow id="262" from="trunc_ln864_1" to="cordic_ret" fromId="61" toId="68">
</dataflow>
<dataflow id="263" from="tmp_24" to="cordic_ret" fromId="45" toId="68">
</dataflow>
<dataflow id="264" from="add_ln321" to="zext_ln321" fromId="36" toId="69">
</dataflow>
<dataflow id="265" from="cordic" to="cordic_ret" fromId="235" toId="70">
</dataflow>
<dataflow id="266" from="trunc_ln864_s" to="cordic_ret" fromId="58" toId="70">
</dataflow>
<dataflow id="267" from="trunc_ln864_1" to="cordic_ret" fromId="61" toId="70">
</dataflow>
<dataflow id="268" from="tmp_24" to="cordic_ret" fromId="45" toId="70">
</dataflow>
<dataflow id="269" from="cordic_ret" to="newret" fromId="70" toId="71">
</dataflow>
<dataflow id="270" from="zext_ln321" to="store_ln321" fromId="69" toId="72">
</dataflow>
<dataflow id="271" from="reuse_addr_reg" to="store_ln321" fromId="17" toId="72">
</dataflow>
<dataflow id="273" from="_ssdm_op_SpecLoopName" to="specloopname_ln320" fromId="272" toId="73">
</dataflow>
<dataflow id="275" from="empty_9" to="specloopname_ln320" fromId="274" toId="73">
</dataflow>
<dataflow id="276" from="TempQ4_4_V" to="TempQ4_4_V_addr_1" fromId="116" toId="74">
</dataflow>
<dataflow id="277" from="StgValue_189" to="TempQ4_4_V_addr_1" fromId="189" toId="74">
</dataflow>
<dataflow id="278" from="zext_ln321" to="TempQ4_4_V_addr_1" fromId="69" toId="74">
</dataflow>
<dataflow id="279" from="newret" to="store_ln321" fromId="71" toId="75">
</dataflow>
<dataflow id="280" from="TempQ4_4_V_addr_1" to="store_ln321" fromId="74" toId="75">
</dataflow>
<dataflow id="281" from="newret" to="store_ln321" fromId="71" toId="76">
</dataflow>
<dataflow id="282" from="reuse_reg" to="store_ln321" fromId="18" toId="76">
</dataflow>
<dataflow id="283" from="icmp_ln319" to="StgValue_2" fromId="34" toId="2">
</dataflow>
<dataflow id="284" from="icmp_ln319" to="StgValue_3" fromId="34" toId="3">
</dataflow>
<dataflow id="285" from="icmp_ln319" to="StgValue_4" fromId="34" toId="4">
</dataflow>
<dataflow id="286" from="icmp_ln319" to="StgValue_5" fromId="34" toId="5">
</dataflow>
<dataflow id="287" from="icmp_ln319" to="StgValue_6" fromId="34" toId="6">
</dataflow>
<dataflow id="288" from="icmp_ln319" to="StgValue_7" fromId="34" toId="7">
</dataflow>
<dataflow id="289" from="icmp_ln319" to="StgValue_8" fromId="34" toId="8">
</dataflow>
<dataflow id="290" from="icmp_ln319" to="StgValue_9" fromId="34" toId="9">
</dataflow>
<dataflow id="291" from="icmp_ln319" to="StgValue_10" fromId="34" toId="10">
</dataflow>
<dataflow id="292" from="icmp_ln319" to="StgValue_11" fromId="34" toId="11">
</dataflow>
<dataflow id="293" from="icmp_ln319" to="StgValue_12" fromId="34" toId="12">
</dataflow>
<dataflow id="294" from="icmp_ln319" to="StgValue_13" fromId="34" toId="13">
</dataflow>
</dataflows>


</stg>
