<stg><name>LinearSolver_Pipeline_VITIS_LOOP_158_10</name>


<trans_list>

<trans id="91" from="1" to="2">
<condition id="-1">
<or_exp><and_exp></and_exp></or_exp>
</condition>
</trans>

<trans id="128" from="2" to="3">
<condition id="-1">
<or_exp><and_exp></and_exp></or_exp>
</condition>
</trans>

<trans id="114" from="3" to="4">
<condition id="-1">
<or_exp><and_exp></and_exp></or_exp>
</condition>
</trans>

<trans id="115" from="4" to="5">
<condition id="-1">
<or_exp><and_exp></and_exp></or_exp>
</condition>
</trans>

<trans id="116" from="5" to="6">
<condition id="-1">
<or_exp><and_exp></and_exp></or_exp>
</condition>
</trans>

<trans id="117" from="6" to="7">
<condition id="-1">
<or_exp><and_exp></and_exp></or_exp>
</condition>
</trans>

<trans id="118" from="7" to="8">
<condition id="-1">
<or_exp><and_exp></and_exp></or_exp>
</condition>
</trans>

<trans id="119" from="8" to="9">
<condition id="-1">
<or_exp><and_exp></and_exp></or_exp>
</condition>
</trans>

<trans id="120" from="9" to="10">
<condition id="-1">
<or_exp><and_exp></and_exp></or_exp>
</condition>
</trans>

<trans id="121" from="10" to="11">
<condition id="-1">
<or_exp><and_exp></and_exp></or_exp>
</condition>
</trans>

<trans id="122" from="11" to="12">
<condition id="-1">
<or_exp><and_exp></and_exp></or_exp>
</condition>
</trans>

<trans id="123" from="12" to="13">
<condition id="-1">
<or_exp><and_exp></and_exp></or_exp>
</condition>
</trans>

<trans id="124" from="13" to="14">
<condition id="-1">
<or_exp><and_exp></and_exp></or_exp>
</condition>
</trans>

<trans id="125" from="14" to="15">
<condition id="-1">
<or_exp><and_exp></and_exp></or_exp>
</condition>
</trans>
</trans_list>



<state_list>

<state id="1" st_id="1">

<operation id="17" st_id="1" stage="1" lat="1">
<core>NULL</core>
<MemPortIdVec></MemPortIdVec>
<condition id="-1">
<or_exp><and_exp></and_exp></or_exp>
</condition>

<Node id="10" bw="64" op_0_bw="32">
<![CDATA[
newFuncRoot:0 %reuse_addr_reg = alloca i32 1

]]></Node>
<StgValue><ssdm name="reuse_addr_reg"/></StgValue>
</operation>

<operation id="18" st_id="1" stage="1" lat="1">
<core>NULL</core>
<MemPortIdVec></MemPortIdVec>
<condition id="-1">
<or_exp><and_exp></and_exp></or_exp>
</condition>

<Node id="11" bw="24" op_0_bw="32">
<![CDATA[
newFuncRoot:1 %reuse_reg = alloca i32 1

]]></Node>
<StgValue><ssdm name="reuse_reg"/></StgValue>
</operation>

<operation id="19" st_id="1" stage="1" lat="1">
<core>NULL</core>
<MemPortIdVec></MemPortIdVec>
<condition id="-1">
<or_exp><and_exp></and_exp></or_exp>
</condition>

<Node id="12" bw="3" op_0_bw="32">
<![CDATA[
newFuncRoot:2 %i_9 = alloca i32 1

]]></Node>
<StgValue><ssdm name="i_9"/></StgValue>
</operation>

<operation id="20" st_id="1" stage="1" lat="1">
<core>NULL</core>
<MemPortIdVec></MemPortIdVec>
<condition id="-1">
<or_exp><and_exp></and_exp></or_exp>
</condition>

<Node id="13" bw="24" op_0_bw="32">
<![CDATA[
newFuncRoot:3 %PhaseV4_V_1 = alloca i32 1

]]></Node>
<StgValue><ssdm name="PhaseV4_V_1"/></StgValue>
</operation>

<operation id="21" st_id="1" stage="1" lat="1">
<core>NULL</core>
<MemPortIdVec></MemPortIdVec>
<condition id="-1">
<or_exp><and_exp></and_exp></or_exp>
</condition>

<Node id="14" bw="24" op_0_bw="32">
<![CDATA[
newFuncRoot:4 %PhaseV4_V_1_1 = alloca i32 1

]]></Node>
<StgValue><ssdm name="PhaseV4_V_1_1"/></StgValue>
</operation>

<operation id="22" st_id="1" stage="1" lat="1">
<core>NULL</core>
<MemPortIdVec></MemPortIdVec>
<condition id="-1">
<or_exp><and_exp></and_exp></or_exp>
</condition>

<Node id="15" bw="24" op_0_bw="32">
<![CDATA[
newFuncRoot:5 %PhaseV4_V_1_2 = alloca i32 1

]]></Node>
<StgValue><ssdm name="PhaseV4_V_1_2"/></StgValue>
</operation>

<operation id="23" st_id="1" stage="1" lat="1">
<core>NULL</core>
<MemPortIdVec></MemPortIdVec>
<condition id="-1">
<or_exp><and_exp></and_exp></or_exp>
</condition>

<Node id="16" bw="24" op_0_bw="32">
<![CDATA[
newFuncRoot:6 %PhaseV4_V_1_3 = alloca i32 1

]]></Node>
<StgValue><ssdm name="PhaseV4_V_1_3"/></StgValue>
</operation>

<operation id="24" st_id="1" stage="1" lat="1">
<core>NULL</core>
<MemPortIdVec></MemPortIdVec>
<condition id="-1">
<or_exp><and_exp></and_exp></or_exp>
</condition>

<Node id="17" bw="24" op_0_bw="24" op_1_bw="24">
<![CDATA[
newFuncRoot:7 %XOR3_3_V_3_039_reload_read = read i24 @_ssdm_op_Read.ap_auto.i24, i24 %XOR3_3_V_3_039_reload

]]></Node>
<StgValue><ssdm name="XOR3_3_V_3_039_reload_read"/></StgValue>
</operation>

<operation id="25" st_id="1" stage="1" lat="1">
<core>NULL</core>
<MemPortIdVec></MemPortIdVec>
<condition id="-1">
<or_exp><and_exp></and_exp></or_exp>
</condition>

<Node id="18" bw="24" op_0_bw="24" op_1_bw="24">
<![CDATA[
newFuncRoot:8 %XOR3_3_V_2_038_reload_read = read i24 @_ssdm_op_Read.ap_auto.i24, i24 %XOR3_3_V_2_038_reload

]]></Node>
<StgValue><ssdm name="XOR3_3_V_2_038_reload_read"/></StgValue>
</operation>

<operation id="26" st_id="1" stage="1" lat="1">
<core>NULL</core>
<MemPortIdVec></MemPortIdVec>
<condition id="-1">
<or_exp><and_exp></and_exp></or_exp>
</condition>

<Node id="19" bw="24" op_0_bw="24" op_1_bw="24">
<![CDATA[
newFuncRoot:9 %XOR3_3_V_1_037_reload_read = read i24 @_ssdm_op_Read.ap_auto.i24, i24 %XOR3_3_V_1_037_reload

]]></Node>
<StgValue><ssdm name="XOR3_3_V_1_037_reload_read"/></StgValue>
</operation>

<operation id="27" st_id="1" stage="1" lat="1">
<core>NULL</core>
<MemPortIdVec></MemPortIdVec>
<condition id="-1">
<or_exp><and_exp></and_exp></or_exp>
</condition>

<Node id="20" bw="24" op_0_bw="24" op_1_bw="24">
<![CDATA[
newFuncRoot:10 %XOR3_3_V_0_0_reload_read = read i24 @_ssdm_op_Read.ap_auto.i24, i24 %XOR3_3_V_0_0_reload

]]></Node>
<StgValue><ssdm name="XOR3_3_V_0_0_reload_read"/></StgValue>
</operation>

<operation id="28" st_id="1" stage="1" lat="1">
<core>NULL</core>
<MemPortIdVec></MemPortIdVec>
<condition id="-1">
<or_exp><and_exp></and_exp></or_exp>
</condition>

<Node id="21" bw="0" op_0_bw="24" op_1_bw="24">
<![CDATA[
newFuncRoot:11 %store_ln0 = store i24 0, i24 %PhaseV4_V_1

]]></Node>
<StgValue><ssdm name="store_ln0"/></StgValue>
</operation>

<operation id="29" st_id="1" stage="1" lat="1">
<core>NULL</core>
<MemPortIdVec></MemPortIdVec>
<condition id="-1">
<or_exp><and_exp></and_exp></or_exp>
</condition>

<Node id="22" bw="0" op_0_bw="3" op_1_bw="3">
<![CDATA[
newFuncRoot:12 %store_ln0 = store i3 0, i3 %i_9

]]></Node>
<StgValue><ssdm name="store_ln0"/></StgValue>
</operation>

<operation id="30" st_id="1" stage="1" lat="1">
<core>NULL</core>
<MemPortIdVec></MemPortIdVec>
<condition id="-1">
<or_exp><and_exp></and_exp></or_exp>
</condition>

<Node id="23" bw="0" op_0_bw="24" op_1_bw="24">
<![CDATA[
newFuncRoot:13 %store_ln0 = store i24 0, i24 %reuse_reg

]]></Node>
<StgValue><ssdm name="store_ln0"/></StgValue>
</operation>

<operation id="31" st_id="1" stage="1" lat="1">
<core>NULL</core>
<MemPortIdVec></MemPortIdVec>
<condition id="-1">
<or_exp><and_exp></and_exp></or_exp>
</condition>

<Node id="24" bw="0" op_0_bw="64" op_1_bw="64">
<![CDATA[
newFuncRoot:14 %store_ln0 = store i64 18446744073709551615, i64 %reuse_addr_reg

]]></Node>
<StgValue><ssdm name="store_ln0"/></StgValue>
</operation>

<operation id="32" st_id="1" stage="1" lat="1">
<core>NULL</core>
<MemPortIdVec></MemPortIdVec>
<condition id="-1">
<or_exp><and_exp></and_exp></or_exp>
</condition>

<Node id="25" bw="0" op_0_bw="0">
<![CDATA[
newFuncRoot:15 %br_ln0 = br void %for.body454

]]></Node>
<StgValue><ssdm name="br_ln0"/></StgValue>
</operation>
</state>

<state id="2" st_id="2">

<operation id="33" st_id="2" stage="1" lat="1">
<core>NULL</core>
<MemPortIdVec></MemPortIdVec>
<condition id="-1">
<or_exp><and_exp></and_exp></or_exp>
</condition>

<Node id="27" bw="3" op_0_bw="3" op_1_bw="0">
<![CDATA[
for.body454:0 %i = load i3 %i_9

]]></Node>
<StgValue><ssdm name="i"/></StgValue>
</operation>

<operation id="34" st_id="2" stage="1" lat="1">
<core>NULL</core>
<MemPortIdVec></MemPortIdVec>
<condition id="-1">
<or_exp><and_exp></and_exp></or_exp>
</condition>

<Node id="28" bw="0" op_0_bw="0" op_1_bw="32" op_2_bw="32" op_3_bw="32" op_4_bw="32" op_5_bw="0">
<![CDATA[
for.body454:1 %specpipeline_ln0 = specpipeline void @_ssdm_op_SpecPipeline, i32 4294967295, i32 0, i32 1, i32 0, void @p_str

]]></Node>
<StgValue><ssdm name="specpipeline_ln0"/></StgValue>
</operation>

<operation id="35" st_id="2" stage="1" lat="1">
<core>Cmp</core>
<MemPortIdVec></MemPortIdVec>
<condition id="-1">
<or_exp><and_exp></and_exp></or_exp>
</condition>

<Node id="29" bw="1" op_0_bw="3" op_1_bw="3">
<![CDATA[
for.body454:2 %icmp_ln158 = icmp_eq  i3 %i, i3 4

]]></Node>
<StgValue><ssdm name="icmp_ln158"/></StgValue>
</operation>

<operation id="36" st_id="2" stage="1" lat="1">
<core>NULL</core>
<MemPortIdVec></MemPortIdVec>
<condition id="-1">
<or_exp><and_exp></and_exp></or_exp>
</condition>

<Node id="30" bw="32" op_0_bw="32" op_1_bw="64" op_2_bw="64" op_3_bw="64">
<![CDATA[
for.body454:3 %empty = speclooptripcount i32 @_ssdm_op_SpecLoopTripCount, i64 4, i64 4, i64 4

]]></Node>
<StgValue><ssdm name="empty"/></StgValue>
</operation>

<operation id="37" st_id="2" stage="1" lat="1">
<core>Adder</core>
<MemPortIdVec></MemPortIdVec>
<condition id="-1">
<or_exp><and_exp></and_exp></or_exp>
</condition>

<Node id="31" bw="3" op_0_bw="3" op_1_bw="3">
<![CDATA[
for.body454:4 %add_ln160 = add i3 %i, i3 1

]]></Node>
<StgValue><ssdm name="add_ln160"/></StgValue>
</operation>

<operation id="38" st_id="2" stage="1" lat="1">
<core>NULL</core>
<MemPortIdVec></MemPortIdVec>
<condition id="-1">
<or_exp><and_exp></and_exp></or_exp>
</condition>

<Node id="32" bw="0" op_0_bw="1" op_1_bw="0" op_2_bw="0">
<![CDATA[
for.body454:5 %br_ln158 = br i1 %icmp_ln158, void %for.body454.split, void %for.end478.exitStub

]]></Node>
<StgValue><ssdm name="br_ln158"/></StgValue>
</operation>

<operation id="39" st_id="2" stage="1" lat="1">
<core>NULL</core>
<MemPortIdVec></MemPortIdVec>
<condition id="-1">
<or_exp><and_exp><literal name="icmp_ln158" val="0"/>
</and_exp></or_exp>
</condition>

<Node id="34" bw="64" op_0_bw="3">
<![CDATA[
for.body454.split:0 %i_9_cast = zext i3 %i

]]></Node>
<StgValue><ssdm name="i_9_cast"/></StgValue>
</operation>

<operation id="40" st_id="2" stage="1" lat="1">
<core>NULL</core>
<MemPortIdVec></MemPortIdVec>
<condition id="-1">
<or_exp><and_exp><literal name="icmp_ln158" val="0"/>
</and_exp></or_exp>
</condition>

<Node id="36" bw="3" op_0_bw="24" op_1_bw="64" op_2_bw="64">
<![CDATA[
for.body454.split:2 %TempV4_V_addr = getelementptr i24 %TempV4_V, i64 0, i64 %i_9_cast

]]></Node>
<StgValue><ssdm name="TempV4_V_addr"/></StgValue>
</operation>

<operation id="41" st_id="2" stage="1" lat="1">
<core>NULL</core>
<MemPortIdVec></MemPortIdVec>
<condition id="-1">
<or_exp><and_exp><literal name="icmp_ln158" val="0"/>
</and_exp></or_exp>
</condition>

<Node id="38" bw="64" op_0_bw="64" op_1_bw="0">
<![CDATA[
for.body454.split:4 %reuse_addr_reg_load = load i64 %reuse_addr_reg

]]></Node>
<StgValue><ssdm name="reuse_addr_reg_load"/></StgValue>
</operation>

<operation id="42" st_id="2" stage="2" lat="2">
<core>RAM</core>
<MemPortIdVec></MemPortIdVec>
<condition id="-1">
<or_exp><and_exp><literal name="icmp_ln158" val="0"/>
</and_exp></or_exp>
</condition>

<Node id="39" bw="24" op_0_bw="3">
<![CDATA[
for.body454.split:5 %TempV4_V_load = load i3 %TempV4_V_addr

]]></Node>
<StgValue><ssdm name="TempV4_V_load"/></StgValue>
</operation>

<operation id="43" st_id="2" stage="1" lat="1">
<core>Cmp</core>
<MemPortIdVec></MemPortIdVec>
<condition id="-1">
<or_exp><and_exp><literal name="icmp_ln158" val="0"/>
</and_exp></or_exp>
</condition>

<Node id="40" bw="1" op_0_bw="64" op_1_bw="64">
<![CDATA[
for.body454.split:6 %addr_cmp = icmp_eq  i64 %reuse_addr_reg_load, i64 %i_9_cast

]]></Node>
<StgValue><ssdm name="addr_cmp"/></StgValue>
</operation>

<operation id="44" st_id="2" stage="1" lat="1">
<core>NULL</core>
<MemPortIdVec></MemPortIdVec>
<condition id="-1">
<or_exp><and_exp><literal name="icmp_ln158" val="0"/>
</and_exp></or_exp>
</condition>

<Node id="42" bw="2" op_0_bw="3">
<![CDATA[
for.body454.split:8 %trunc_ln160 = trunc i3 %i

]]></Node>
<StgValue><ssdm name="trunc_ln160"/></StgValue>
</operation>

<operation id="45" st_id="2" stage="1" lat="1">
<core>Multiplexer</core>
<MemPortIdVec></MemPortIdVec>
<condition id="-1">
<or_exp><and_exp><literal name="icmp_ln158" val="0"/>
</and_exp></or_exp>
</condition>

<Node id="43" bw="24" op_0_bw="24" op_1_bw="24" op_2_bw="24" op_3_bw="24" op_4_bw="24" op_5_bw="2">
<![CDATA[
for.body454.split:9 %tmp_5 = mux i24 @_ssdm_op_Mux.ap_auto.4i24.i2, i24 %XOR3_3_V_0_0_reload_read, i24 %XOR3_3_V_1_037_reload_read, i24 %XOR3_3_V_2_038_reload_read, i24 %XOR3_3_V_3_039_reload_read, i2 %trunc_ln160

]]></Node>
<StgValue><ssdm name="tmp_5"/></StgValue>
</operation>

<operation id="46" st_id="2" stage="1" lat="1">
<core>NULL</core>
<MemPortIdVec></MemPortIdVec>
<condition id="-1">
<or_exp><and_exp><literal name="icmp_ln158" val="0"/>
</and_exp></or_exp>
</condition>

<Node id="49" bw="0" op_0_bw="2" op_1_bw="0" op_2_bw="2" op_3_bw="0" op_4_bw="2" op_5_bw="0" op_6_bw="2" op_7_bw="0">
<![CDATA[
for.body454.split:15 %switch_ln160 = switch i2 %trunc_ln160, void %branch39, i2 0, void %for.body454.split.for.body454.split612_crit_edge, i2 1, void %for.body454.split.for.body454.split612_crit_edge7, i2 2, void %branch38

]]></Node>
<StgValue><ssdm name="switch_ln160"/></StgValue>
</operation>
</state>

<state id="3" st_id="3">

<operation id="47" st_id="3" stage="1" lat="1">
<core>NULL</core>
<MemPortIdVec></MemPortIdVec>
<condition id="-1">
<or_exp><and_exp><literal name="icmp_ln158" val="0"/>
<literal name="addr_cmp" val="1"/>
</and_exp></or_exp>
</condition>

<Node id="37" bw="24" op_0_bw="24" op_1_bw="0">
<![CDATA[
for.body454.split:3 %reuse_reg_load = load i24 %reuse_reg

]]></Node>
<StgValue><ssdm name="reuse_reg_load"/></StgValue>
</operation>

<operation id="48" st_id="3" stage="1" lat="2">
<core>RAM</core>
<MemPortIdVec></MemPortIdVec>
<condition id="-1">
<or_exp><and_exp><literal name="icmp_ln158" val="0"/>
</and_exp></or_exp>
</condition>

<Node id="39" bw="24" op_0_bw="3">
<![CDATA[
for.body454.split:5 %TempV4_V_load = load i3 %TempV4_V_addr

]]></Node>
<StgValue><ssdm name="TempV4_V_load"/></StgValue>
</operation>

<operation id="49" st_id="3" stage="1" lat="1">
<core>Sel</core>
<MemPortIdVec></MemPortIdVec>
<condition id="-1">
<or_exp><and_exp><literal name="icmp_ln158" val="0"/>
</and_exp></or_exp>
</condition>

<Node id="41" bw="24" op_0_bw="1" op_1_bw="24" op_2_bw="24">
<![CDATA[
for.body454.split:7 %reuse_select = select i1 %addr_cmp, i24 %reuse_reg_load, i24 %TempV4_V_load

]]></Node>
<StgValue><ssdm name="reuse_select"/></StgValue>
</operation>

<operation id="82" st_id="3" stage="1" lat="1">
<core>NULL</core>
<MemPortIdVec></MemPortIdVec>
<condition id="-1">
<or_exp><and_exp><literal name="icmp_ln158" val="1"/>
</and_exp></or_exp>
</condition>

<Node id="72" bw="24" op_0_bw="24" op_1_bw="0">
<![CDATA[
for.end478.exitStub:0 %PhaseV4_V_1_load = load i24 %PhaseV4_V_1

]]></Node>
<StgValue><ssdm name="PhaseV4_V_1_load"/></StgValue>
</operation>

<operation id="83" st_id="3" stage="1" lat="1">
<core>NULL</core>
<MemPortIdVec></MemPortIdVec>
<condition id="-1">
<or_exp><and_exp><literal name="icmp_ln158" val="1"/>
</and_exp></or_exp>
</condition>

<Node id="73" bw="24" op_0_bw="24">
<![CDATA[
for.end478.exitStub:1 %PhaseV4_V_1_1_load = load i24 %PhaseV4_V_1_1

]]></Node>
<StgValue><ssdm name="PhaseV4_V_1_1_load"/></StgValue>
</operation>

<operation id="84" st_id="3" stage="1" lat="1">
<core>NULL</core>
<MemPortIdVec></MemPortIdVec>
<condition id="-1">
<or_exp><and_exp><literal name="icmp_ln158" val="1"/>
</and_exp></or_exp>
</condition>

<Node id="74" bw="24" op_0_bw="24">
<![CDATA[
for.end478.exitStub:2 %PhaseV4_V_1_2_load = load i24 %PhaseV4_V_1_2

]]></Node>
<StgValue><ssdm name="PhaseV4_V_1_2_load"/></StgValue>
</operation>

<operation id="85" st_id="3" stage="1" lat="1">
<core>NULL</core>
<MemPortIdVec></MemPortIdVec>
<condition id="-1">
<or_exp><and_exp><literal name="icmp_ln158" val="1"/>
</and_exp></or_exp>
</condition>

<Node id="75" bw="24" op_0_bw="24">
<![CDATA[
for.end478.exitStub:3 %PhaseV4_V_1_3_load = load i24 %PhaseV4_V_1_3

]]></Node>
<StgValue><ssdm name="PhaseV4_V_1_3_load"/></StgValue>
</operation>

<operation id="86" st_id="3" stage="1" lat="1">
<core>NULL</core>
<MemPortIdVec></MemPortIdVec>
<condition id="-1">
<or_exp><and_exp><literal name="icmp_ln158" val="1"/>
</and_exp></or_exp>
</condition>

<Node id="76" bw="0" op_0_bw="0" op_1_bw="24" op_2_bw="24">
<![CDATA[
for.end478.exitStub:4 %write_ln0 = write void @_ssdm_op_Write.ap_auto.i24P0A, i24 %PhaseV4_V_3_042_out, i24 %PhaseV4_V_1_3_load

]]></Node>
<StgValue><ssdm name="write_ln0"/></StgValue>
</operation>

<operation id="87" st_id="3" stage="1" lat="1">
<core>NULL</core>
<MemPortIdVec></MemPortIdVec>
<condition id="-1">
<or_exp><and_exp><literal name="icmp_ln158" val="1"/>
</and_exp></or_exp>
</condition>

<Node id="77" bw="0" op_0_bw="0" op_1_bw="24" op_2_bw="24">
<![CDATA[
for.end478.exitStub:5 %write_ln0 = write void @_ssdm_op_Write.ap_auto.i24P0A, i24 %PhaseV4_V_2_041_out, i24 %PhaseV4_V_1_2_load

]]></Node>
<StgValue><ssdm name="write_ln0"/></StgValue>
</operation>

<operation id="88" st_id="3" stage="1" lat="1">
<core>NULL</core>
<MemPortIdVec></MemPortIdVec>
<condition id="-1">
<or_exp><and_exp><literal name="icmp_ln158" val="1"/>
</and_exp></or_exp>
</condition>

<Node id="78" bw="0" op_0_bw="0" op_1_bw="24" op_2_bw="24">
<![CDATA[
for.end478.exitStub:6 %write_ln0 = write void @_ssdm_op_Write.ap_auto.i24P0A, i24 %PhaseV4_V_1_040_out, i24 %PhaseV4_V_1_1_load

]]></Node>
<StgValue><ssdm name="write_ln0"/></StgValue>
</operation>

<operation id="89" st_id="3" stage="1" lat="1">
<core>NULL</core>
<MemPortIdVec></MemPortIdVec>
<condition id="-1">
<or_exp><and_exp><literal name="icmp_ln158" val="1"/>
</and_exp></or_exp>
</condition>

<Node id="79" bw="0" op_0_bw="0" op_1_bw="24" op_2_bw="24">
<![CDATA[
for.end478.exitStub:7 %write_ln0 = write void @_ssdm_op_Write.ap_auto.i24P0A, i24 %PhaseV4_V_0_0_out, i24 %PhaseV4_V_1_load

]]></Node>
<StgValue><ssdm name="write_ln0"/></StgValue>
</operation>

<operation id="90" st_id="3" stage="1" lat="1">
<core>NULL</core>
<MemPortIdVec></MemPortIdVec>
<condition id="-1">
<or_exp><and_exp><literal name="icmp_ln158" val="1"/>
</and_exp></or_exp>
</condition>

<Node id="80" bw="0">
<![CDATA[
for.end478.exitStub:8 %ret_ln0 = ret

]]></Node>
<StgValue><ssdm name="ret_ln0"/></StgValue>
</operation>
</state>

<state id="4" st_id="4">

<operation id="50" st_id="4" stage="8" lat="8">
<core></core>
<MemPortIdVec></MemPortIdVec>
<condition id="-1">
<or_exp><and_exp><literal name="icmp_ln158" val="0"/>
</and_exp></or_exp>
</condition>

<Node id="46" bw="48" op_0_bw="48" op_1_bw="24" op_2_bw="24">
<![CDATA[
for.body454.split:12 %call_ret = call i48 @cordic.1, i24 %reuse_select, i24 %tmp_5

]]></Node>
<StgValue><ssdm name="call_ret"/></StgValue>
</operation>
</state>

<state id="5" st_id="5">

<operation id="51" st_id="5" stage="7" lat="8">
<core></core>
<MemPortIdVec></MemPortIdVec>
<condition id="-1">
<or_exp><and_exp><literal name="icmp_ln158" val="0"/>
</and_exp></or_exp>
</condition>

<Node id="46" bw="48" op_0_bw="48" op_1_bw="24" op_2_bw="24">
<![CDATA[
for.body454.split:12 %call_ret = call i48 @cordic.1, i24 %reuse_select, i24 %tmp_5

]]></Node>
<StgValue><ssdm name="call_ret"/></StgValue>
</operation>
</state>

<state id="6" st_id="6">

<operation id="52" st_id="6" stage="6" lat="8">
<core></core>
<MemPortIdVec></MemPortIdVec>
<condition id="-1">
<or_exp><and_exp><literal name="icmp_ln158" val="0"/>
</and_exp></or_exp>
</condition>

<Node id="46" bw="48" op_0_bw="48" op_1_bw="24" op_2_bw="24">
<![CDATA[
for.body454.split:12 %call_ret = call i48 @cordic.1, i24 %reuse_select, i24 %tmp_5

]]></Node>
<StgValue><ssdm name="call_ret"/></StgValue>
</operation>
</state>

<state id="7" st_id="7">

<operation id="53" st_id="7" stage="5" lat="8">
<core></core>
<MemPortIdVec></MemPortIdVec>
<condition id="-1">
<or_exp><and_exp><literal name="icmp_ln158" val="0"/>
</and_exp></or_exp>
</condition>

<Node id="46" bw="48" op_0_bw="48" op_1_bw="24" op_2_bw="24">
<![CDATA[
for.body454.split:12 %call_ret = call i48 @cordic.1, i24 %reuse_select, i24 %tmp_5

]]></Node>
<StgValue><ssdm name="call_ret"/></StgValue>
</operation>
</state>

<state id="8" st_id="8">

<operation id="54" st_id="8" stage="4" lat="8">
<core></core>
<MemPortIdVec></MemPortIdVec>
<condition id="-1">
<or_exp><and_exp><literal name="icmp_ln158" val="0"/>
</and_exp></or_exp>
</condition>

<Node id="46" bw="48" op_0_bw="48" op_1_bw="24" op_2_bw="24">
<![CDATA[
for.body454.split:12 %call_ret = call i48 @cordic.1, i24 %reuse_select, i24 %tmp_5

]]></Node>
<StgValue><ssdm name="call_ret"/></StgValue>
</operation>
</state>

<state id="9" st_id="9">

<operation id="55" st_id="9" stage="3" lat="8">
<core></core>
<MemPortIdVec></MemPortIdVec>
<condition id="-1">
<or_exp><and_exp><literal name="icmp_ln158" val="0"/>
</and_exp></or_exp>
</condition>

<Node id="46" bw="48" op_0_bw="48" op_1_bw="24" op_2_bw="24">
<![CDATA[
for.body454.split:12 %call_ret = call i48 @cordic.1, i24 %reuse_select, i24 %tmp_5

]]></Node>
<StgValue><ssdm name="call_ret"/></StgValue>
</operation>
</state>

<state id="10" st_id="10">

<operation id="56" st_id="10" stage="2" lat="8">
<core></core>
<MemPortIdVec></MemPortIdVec>
<condition id="-1">
<or_exp><and_exp><literal name="icmp_ln158" val="0"/>
</and_exp></or_exp>
</condition>

<Node id="46" bw="48" op_0_bw="48" op_1_bw="24" op_2_bw="24">
<![CDATA[
for.body454.split:12 %call_ret = call i48 @cordic.1, i24 %reuse_select, i24 %tmp_5

]]></Node>
<StgValue><ssdm name="call_ret"/></StgValue>
</operation>
</state>

<state id="11" st_id="11">

<operation id="57" st_id="11" stage="1" lat="1">
<core>NULL</core>
<MemPortIdVec></MemPortIdVec>
<condition id="-1">
<or_exp><and_exp><literal name="icmp_ln158" val="0"/>
</and_exp></or_exp>
</condition>

<Node id="35" bw="0" op_0_bw="0" op_1_bw="0">
<![CDATA[
for.body454.split:1 %specloopname_ln159 = specloopname void @_ssdm_op_SpecLoopName, void @empty_25

]]></Node>
<StgValue><ssdm name="specloopname_ln159"/></StgValue>
</operation>

<operation id="58" st_id="11" stage="1" lat="1">
<core>NULL</core>
<MemPortIdVec></MemPortIdVec>
<condition id="-1">
<or_exp><and_exp><literal name="icmp_ln158" val="0"/>
</and_exp></or_exp>
</condition>

<Node id="44" bw="64" op_0_bw="3">
<![CDATA[
for.body454.split:10 %zext_ln160 = zext i3 %add_ln160

]]></Node>
<StgValue><ssdm name="zext_ln160"/></StgValue>
</operation>

<operation id="59" st_id="11" stage="1" lat="1">
<core>NULL</core>
<MemPortIdVec></MemPortIdVec>
<condition id="-1">
<or_exp><and_exp><literal name="icmp_ln158" val="0"/>
</and_exp></or_exp>
</condition>

<Node id="45" bw="3" op_0_bw="24" op_1_bw="64" op_2_bw="64">
<![CDATA[
for.body454.split:11 %TempV4_V_addr_1 = getelementptr i24 %TempV4_V, i64 0, i64 %zext_ln160

]]></Node>
<StgValue><ssdm name="TempV4_V_addr_1"/></StgValue>
</operation>

<operation id="60" st_id="11" stage="1" lat="8">
<core></core>
<MemPortIdVec></MemPortIdVec>
<condition id="-1">
<or_exp><and_exp><literal name="icmp_ln158" val="0"/>
</and_exp></or_exp>
</condition>

<Node id="46" bw="48" op_0_bw="48" op_1_bw="24" op_2_bw="24">
<![CDATA[
for.body454.split:12 %call_ret = call i48 @cordic.1, i24 %reuse_select, i24 %tmp_5

]]></Node>
<StgValue><ssdm name="call_ret"/></StgValue>
</operation>

<operation id="61" st_id="11" stage="1" lat="1">
<core>NULL</core>
<MemPortIdVec></MemPortIdVec>
<condition id="-1">
<or_exp><and_exp><literal name="icmp_ln158" val="0"/>
</and_exp></or_exp>
</condition>

<Node id="47" bw="24" op_0_bw="48">
<![CDATA[
for.body454.split:13 %r_V = extractvalue i48 %call_ret

]]></Node>
<StgValue><ssdm name="r_V"/></StgValue>
</operation>

<operation id="62" st_id="11" stage="1" lat="1">
<core>NULL</core>
<MemPortIdVec></MemPortIdVec>
<condition id="-1">
<or_exp><and_exp><literal name="icmp_ln158" val="0"/>
</and_exp></or_exp>
</condition>

<Node id="48" bw="24" op_0_bw="48">
<![CDATA[
for.body454.split:14 %PhaseV4_V_1_5 = extractvalue i48 %call_ret

]]></Node>
<StgValue><ssdm name="PhaseV4_V_1_5"/></StgValue>
</operation>

<operation id="63" st_id="11" stage="1" lat="1">
<core>NULL</core>
<MemPortIdVec></MemPortIdVec>
<condition id="-1">
<or_exp><and_exp><literal name="icmp_ln158" val="0"/>
<literal name="trunc_ln160" val="-2"/>
</and_exp></or_exp>
</condition>

<Node id="51" bw="0" op_0_bw="24" op_1_bw="24">
<![CDATA[
branch38:0 %store_ln160 = store i24 %PhaseV4_V_1_5, i24 %PhaseV4_V_1_2

]]></Node>
<StgValue><ssdm name="store_ln160"/></StgValue>
</operation>

<operation id="64" st_id="11" stage="1" lat="1">
<core>NULL</core>
<MemPortIdVec></MemPortIdVec>
<condition id="-1">
<or_exp><and_exp><literal name="icmp_ln158" val="0"/>
<literal name="trunc_ln160" val="-2"/>
</and_exp></or_exp>
</condition>

<Node id="52" bw="0" op_0_bw="0">
<![CDATA[
branch38:1 %br_ln160 = br void %for.body454.split612

]]></Node>
<StgValue><ssdm name="br_ln160"/></StgValue>
</operation>

<operation id="65" st_id="11" stage="1" lat="1">
<core>NULL</core>
<MemPortIdVec></MemPortIdVec>
<condition id="-1">
<or_exp><and_exp><literal name="icmp_ln158" val="0"/>
<literal name="trunc_ln160" val="1"/>
</and_exp></or_exp>
</condition>

<Node id="54" bw="0" op_0_bw="24" op_1_bw="24">
<![CDATA[
for.body454.split.for.body454.split612_crit_edge7:0 %store_ln160 = store i24 %PhaseV4_V_1_5, i24 %PhaseV4_V_1_1

]]></Node>
<StgValue><ssdm name="store_ln160"/></StgValue>
</operation>

<operation id="66" st_id="11" stage="1" lat="1">
<core>NULL</core>
<MemPortIdVec></MemPortIdVec>
<condition id="-1">
<or_exp><and_exp><literal name="icmp_ln158" val="0"/>
<literal name="trunc_ln160" val="1"/>
</and_exp></or_exp>
</condition>

<Node id="55" bw="0" op_0_bw="0">
<![CDATA[
for.body454.split.for.body454.split612_crit_edge7:1 %br_ln160 = br void %for.body454.split612

]]></Node>
<StgValue><ssdm name="br_ln160"/></StgValue>
</operation>

<operation id="67" st_id="11" stage="1" lat="1">
<core>NULL</core>
<MemPortIdVec></MemPortIdVec>
<condition id="-1">
<or_exp><and_exp><literal name="icmp_ln158" val="0"/>
<literal name="trunc_ln160" val="-1"/>
</and_exp></or_exp>
</condition>

<Node id="60" bw="0" op_0_bw="24" op_1_bw="24">
<![CDATA[
branch39:0 %store_ln160 = store i24 %PhaseV4_V_1_5, i24 %PhaseV4_V_1_3

]]></Node>
<StgValue><ssdm name="store_ln160"/></StgValue>
</operation>

<operation id="68" st_id="11" stage="1" lat="1">
<core>NULL</core>
<MemPortIdVec></MemPortIdVec>
<condition id="-1">
<or_exp><and_exp><literal name="icmp_ln158" val="0"/>
<literal name="trunc_ln160" val="-1"/>
</and_exp></or_exp>
</condition>

<Node id="61" bw="0" op_0_bw="0">
<![CDATA[
branch39:1 %br_ln160 = br void %for.body454.split612

]]></Node>
<StgValue><ssdm name="br_ln160"/></StgValue>
</operation>

<operation id="69" st_id="11" stage="1" lat="1">
<core>NULL</core>
<MemPortIdVec></MemPortIdVec>
<condition id="-1">
<or_exp><and_exp><literal name="icmp_ln158" val="0"/>
</and_exp></or_exp>
</condition>

<Node id="68" bw="0" op_0_bw="64" op_1_bw="64" op_2_bw="0" op_3_bw="0">
<![CDATA[
for.body454.split612:5 %store_ln160 = store i64 %zext_ln160, i64 %reuse_addr_reg

]]></Node>
<StgValue><ssdm name="store_ln160"/></StgValue>
</operation>

<operation id="70" st_id="11" stage="1" lat="1">
<core>NULL</core>
<MemPortIdVec></MemPortIdVec>
<condition id="-1">
<or_exp><and_exp><literal name="icmp_ln158" val="0"/>
</and_exp></or_exp>
</condition>

<Node id="69" bw="0" op_0_bw="3" op_1_bw="3" op_2_bw="0" op_3_bw="0">
<![CDATA[
for.body454.split612:6 %store_ln158 = store i3 %add_ln160, i3 %i_9

]]></Node>
<StgValue><ssdm name="store_ln158"/></StgValue>
</operation>
</state>

<state id="12" st_id="12">

<operation id="71" st_id="12" stage="1" lat="1">
<core>NULL</core>
<MemPortIdVec></MemPortIdVec>
<condition id="-1">
<or_exp><and_exp><literal name="icmp_ln158" val="0"/>
<literal name="trunc_ln160" val="0"/>
</and_exp></or_exp>
</condition>

<Node id="57" bw="0" op_0_bw="24" op_1_bw="24" op_2_bw="0">
<![CDATA[
for.body454.split.for.body454.split612_crit_edge:0 %store_ln160 = store i24 %PhaseV4_V_1_5, i24 %PhaseV4_V_1

]]></Node>
<StgValue><ssdm name="store_ln160"/></StgValue>
</operation>

<operation id="72" st_id="12" stage="1" lat="1">
<core>NULL</core>
<MemPortIdVec></MemPortIdVec>
<condition id="-1">
<or_exp><and_exp><literal name="icmp_ln158" val="0"/>
<literal name="trunc_ln160" val="0"/>
</and_exp></or_exp>
</condition>

<Node id="58" bw="0" op_0_bw="0">
<![CDATA[
for.body454.split.for.body454.split612_crit_edge:1 %br_ln160 = br void %for.body454.split612

]]></Node>
<StgValue><ssdm name="br_ln160"/></StgValue>
</operation>

<operation id="73" st_id="12" stage="1" lat="1">
<core>NULL</core>
<MemPortIdVec></MemPortIdVec>
<condition id="-1">
<or_exp><and_exp><literal name="icmp_ln158" val="0"/>
</and_exp></or_exp>
</condition>

<Node id="63" bw="40" op_0_bw="24">
<![CDATA[
for.body454.split612:0 %sext_ln1316 = sext i24 %r_V

]]></Node>
<StgValue><ssdm name="sext_ln1316"/></StgValue>
</operation>

<operation id="74" st_id="12" stage="4" lat="4">
<core>DSP48</core>
<MemPortIdVec></MemPortIdVec>
<condition id="-1">
<or_exp><and_exp><literal name="icmp_ln158" val="0"/>
</and_exp></or_exp>
</condition>

<Node id="64" bw="40" op_0_bw="40" op_1_bw="40">
<![CDATA[
for.body454.split612:1 %mul_ln1316 = mul i40 %sext_ln1316, i40 39796

]]></Node>
<StgValue><ssdm name="mul_ln1316"/></StgValue>
</operation>
</state>

<state id="13" st_id="13">

<operation id="75" st_id="13" stage="3" lat="4">
<core>DSP48</core>
<MemPortIdVec></MemPortIdVec>
<condition id="-1">
<or_exp><and_exp><literal name="icmp_ln158" val="0"/>
</and_exp></or_exp>
</condition>

<Node id="64" bw="40" op_0_bw="40" op_1_bw="40">
<![CDATA[
for.body454.split612:1 %mul_ln1316 = mul i40 %sext_ln1316, i40 39796

]]></Node>
<StgValue><ssdm name="mul_ln1316"/></StgValue>
</operation>
</state>

<state id="14" st_id="14">

<operation id="76" st_id="14" stage="2" lat="4">
<core>DSP48</core>
<MemPortIdVec></MemPortIdVec>
<condition id="-1">
<or_exp><and_exp></and_exp></or_exp>
</condition>

<Node id="64" bw="40" op_0_bw="40" op_1_bw="40">
<![CDATA[
for.body454.split612:1 %mul_ln1316 = mul i40 %sext_ln1316, i40 39796

]]></Node>
<StgValue><ssdm name="mul_ln1316"/></StgValue>
</operation>
</state>

<state id="15" st_id="15">

<operation id="77" st_id="15" stage="1" lat="4">
<core>DSP48</core>
<MemPortIdVec></MemPortIdVec>
<condition id="-1">
<or_exp><and_exp></and_exp></or_exp>
</condition>

<Node id="64" bw="40" op_0_bw="40" op_1_bw="40">
<![CDATA[
for.body454.split612:1 %mul_ln1316 = mul i40 %sext_ln1316, i40 39796

]]></Node>
<StgValue><ssdm name="mul_ln1316"/></StgValue>
</operation>

<operation id="78" st_id="15" stage="1" lat="1">
<core>NULL</core>
<MemPortIdVec></MemPortIdVec>
<condition id="-1">
<or_exp><and_exp></and_exp></or_exp>
</condition>

<Node id="65" bw="24" op_0_bw="24" op_1_bw="40" op_2_bw="32" op_3_bw="32">
<![CDATA[
for.body454.split612:2 %trunc_ln864_15 = partselect i24 @_ssdm_op_PartSelect.i24.i40.i32.i32, i40 %mul_ln1316, i32 16, i32 39

]]></Node>
<StgValue><ssdm name="trunc_ln864_15"/></StgValue>
</operation>

<operation id="79" st_id="15" stage="1" lat="1">
<core>RAM</core>
<MemPortIdVec></MemPortIdVec>
<condition id="-1">
<or_exp><and_exp></and_exp></or_exp>
</condition>

<Node id="66" bw="0" op_0_bw="24" op_1_bw="3">
<![CDATA[
for.body454.split612:3 %store_ln161 = store i24 %trunc_ln864_15, i3 %TempV4_V_addr_1

]]></Node>
<StgValue><ssdm name="store_ln161"/></StgValue>
</operation>

<operation id="80" st_id="15" stage="1" lat="1">
<core>NULL</core>
<MemPortIdVec></MemPortIdVec>
<condition id="-1">
<or_exp><and_exp></and_exp></or_exp>
</condition>

<Node id="67" bw="0" op_0_bw="24" op_1_bw="24" op_2_bw="0" op_3_bw="0">
<![CDATA[
for.body454.split612:4 %store_ln864 = store i24 %trunc_ln864_15, i24 %reuse_reg

]]></Node>
<StgValue><ssdm name="store_ln864"/></StgValue>
</operation>

<operation id="81" st_id="15" stage="1" lat="1">
<core>NULL</core>
<MemPortIdVec></MemPortIdVec>
<condition id="-1">
<or_exp><and_exp></and_exp></or_exp>
</condition>

<Node id="70" bw="0" op_0_bw="0">
<![CDATA[
for.body454.split612:7 %br_ln158 = br void %for.body454

]]></Node>
<StgValue><ssdm name="br_ln158"/></StgValue>
</operation>
</state>
</state_list>


<ports>
</ports>


<dataflows>
</dataflows>


</stg>
