<stg><name>LinearSolver_Pipeline_VITIS_LOOP_219_14</name>


<trans_list>

<trans id="98" from="1" to="2">
<condition id="-1">
<or_exp><and_exp></and_exp></or_exp>
</condition>
</trans>

<trans id="135" from="2" to="3">
<condition id="-1">
<or_exp><and_exp></and_exp></or_exp>
</condition>
</trans>

<trans id="121" from="3" to="4">
<condition id="-1">
<or_exp><and_exp></and_exp></or_exp>
</condition>
</trans>

<trans id="122" from="4" to="5">
<condition id="-1">
<or_exp><and_exp></and_exp></or_exp>
</condition>
</trans>

<trans id="123" from="5" to="6">
<condition id="-1">
<or_exp><and_exp></and_exp></or_exp>
</condition>
</trans>

<trans id="124" from="6" to="7">
<condition id="-1">
<or_exp><and_exp></and_exp></or_exp>
</condition>
</trans>

<trans id="125" from="7" to="8">
<condition id="-1">
<or_exp><and_exp></and_exp></or_exp>
</condition>
</trans>

<trans id="126" from="8" to="9">
<condition id="-1">
<or_exp><and_exp></and_exp></or_exp>
</condition>
</trans>

<trans id="127" from="9" to="10">
<condition id="-1">
<or_exp><and_exp></and_exp></or_exp>
</condition>
</trans>

<trans id="128" from="10" to="11">
<condition id="-1">
<or_exp><and_exp></and_exp></or_exp>
</condition>
</trans>

<trans id="129" from="11" to="12">
<condition id="-1">
<or_exp><and_exp></and_exp></or_exp>
</condition>
</trans>

<trans id="130" from="12" to="13">
<condition id="-1">
<or_exp><and_exp></and_exp></or_exp>
</condition>
</trans>

<trans id="131" from="13" to="14">
<condition id="-1">
<or_exp><and_exp></and_exp></or_exp>
</condition>
</trans>

<trans id="132" from="14" to="15">
<condition id="-1">
<or_exp><and_exp></and_exp></or_exp>
</condition>
</trans>
</trans_list>



<state_list>

<state id="1" st_id="1">

<operation id="17" st_id="1" stage="1" lat="1">
<core>NULL</core>
<MemPortIdVec></MemPortIdVec>
<condition id="-1">
<or_exp><and_exp></and_exp></or_exp>
</condition>

<Node id="10" bw="64" op_0_bw="32">
<![CDATA[
newFuncRoot:0 %reuse_addr_reg = alloca i32 1

]]></Node>
<StgValue><ssdm name="reuse_addr_reg"/></StgValue>
</operation>

<operation id="18" st_id="1" stage="1" lat="1">
<core>NULL</core>
<MemPortIdVec></MemPortIdVec>
<condition id="-1">
<or_exp><and_exp></and_exp></or_exp>
</condition>

<Node id="11" bw="24" op_0_bw="32">
<![CDATA[
newFuncRoot:1 %reuse_reg = alloca i32 1

]]></Node>
<StgValue><ssdm name="reuse_reg"/></StgValue>
</operation>

<operation id="19" st_id="1" stage="1" lat="1">
<core>NULL</core>
<MemPortIdVec></MemPortIdVec>
<condition id="-1">
<or_exp><and_exp></and_exp></or_exp>
</condition>

<Node id="12" bw="3" op_0_bw="32">
<![CDATA[
newFuncRoot:2 %i_13 = alloca i32 1

]]></Node>
<StgValue><ssdm name="i_13"/></StgValue>
</operation>

<operation id="20" st_id="1" stage="1" lat="1">
<core>NULL</core>
<MemPortIdVec></MemPortIdVec>
<condition id="-1">
<or_exp><and_exp></and_exp></or_exp>
</condition>

<Node id="13" bw="24" op_0_bw="32">
<![CDATA[
newFuncRoot:3 %XOQ1_4_V_1 = alloca i32 1

]]></Node>
<StgValue><ssdm name="XOQ1_4_V_1"/></StgValue>
</operation>

<operation id="21" st_id="1" stage="1" lat="1">
<core>NULL</core>
<MemPortIdVec></MemPortIdVec>
<condition id="-1">
<or_exp><and_exp></and_exp></or_exp>
</condition>

<Node id="14" bw="24" op_0_bw="32">
<![CDATA[
newFuncRoot:4 %XOQ1_4_V_1_1 = alloca i32 1

]]></Node>
<StgValue><ssdm name="XOQ1_4_V_1_1"/></StgValue>
</operation>

<operation id="22" st_id="1" stage="1" lat="1">
<core>NULL</core>
<MemPortIdVec></MemPortIdVec>
<condition id="-1">
<or_exp><and_exp></and_exp></or_exp>
</condition>

<Node id="15" bw="24" op_0_bw="32">
<![CDATA[
newFuncRoot:5 %XOQ1_4_V_1_2 = alloca i32 1

]]></Node>
<StgValue><ssdm name="XOQ1_4_V_1_2"/></StgValue>
</operation>

<operation id="23" st_id="1" stage="1" lat="1">
<core>NULL</core>
<MemPortIdVec></MemPortIdVec>
<condition id="-1">
<or_exp><and_exp></and_exp></or_exp>
</condition>

<Node id="16" bw="24" op_0_bw="32">
<![CDATA[
newFuncRoot:6 %XOQ1_4_V_1_3 = alloca i32 1

]]></Node>
<StgValue><ssdm name="XOQ1_4_V_1_3"/></StgValue>
</operation>

<operation id="24" st_id="1" stage="1" lat="1">
<core>NULL</core>
<MemPortIdVec></MemPortIdVec>
<condition id="-1">
<or_exp><and_exp></and_exp></or_exp>
</condition>

<Node id="17" bw="24" op_0_bw="24" op_1_bw="24">
<![CDATA[
newFuncRoot:7 %PhaseV1_V_3_015_reload_read = read i24 @_ssdm_op_Read.ap_auto.i24, i24 %PhaseV1_V_3_015_reload

]]></Node>
<StgValue><ssdm name="PhaseV1_V_3_015_reload_read"/></StgValue>
</operation>

<operation id="25" st_id="1" stage="1" lat="1">
<core>NULL</core>
<MemPortIdVec></MemPortIdVec>
<condition id="-1">
<or_exp><and_exp></and_exp></or_exp>
</condition>

<Node id="18" bw="24" op_0_bw="24" op_1_bw="24">
<![CDATA[
newFuncRoot:8 %PhaseV1_V_2_014_reload_read = read i24 @_ssdm_op_Read.ap_auto.i24, i24 %PhaseV1_V_2_014_reload

]]></Node>
<StgValue><ssdm name="PhaseV1_V_2_014_reload_read"/></StgValue>
</operation>

<operation id="26" st_id="1" stage="1" lat="1">
<core>NULL</core>
<MemPortIdVec></MemPortIdVec>
<condition id="-1">
<or_exp><and_exp></and_exp></or_exp>
</condition>

<Node id="19" bw="24" op_0_bw="24" op_1_bw="24">
<![CDATA[
newFuncRoot:9 %PhaseV1_V_1_013_reload_read = read i24 @_ssdm_op_Read.ap_auto.i24, i24 %PhaseV1_V_1_013_reload

]]></Node>
<StgValue><ssdm name="PhaseV1_V_1_013_reload_read"/></StgValue>
</operation>

<operation id="27" st_id="1" stage="1" lat="1">
<core>NULL</core>
<MemPortIdVec></MemPortIdVec>
<condition id="-1">
<or_exp><and_exp></and_exp></or_exp>
</condition>

<Node id="20" bw="24" op_0_bw="24" op_1_bw="24">
<![CDATA[
newFuncRoot:10 %PhaseV1_V_0_0_reload_read = read i24 @_ssdm_op_Read.ap_auto.i24, i24 %PhaseV1_V_0_0_reload

]]></Node>
<StgValue><ssdm name="PhaseV1_V_0_0_reload_read"/></StgValue>
</operation>

<operation id="28" st_id="1" stage="1" lat="1">
<core>NULL</core>
<MemPortIdVec></MemPortIdVec>
<condition id="-1">
<or_exp><and_exp></and_exp></or_exp>
</condition>

<Node id="21" bw="0" op_0_bw="24" op_1_bw="24">
<![CDATA[
newFuncRoot:11 %store_ln0 = store i24 0, i24 %XOQ1_4_V_1

]]></Node>
<StgValue><ssdm name="store_ln0"/></StgValue>
</operation>

<operation id="29" st_id="1" stage="1" lat="1">
<core>NULL</core>
<MemPortIdVec></MemPortIdVec>
<condition id="-1">
<or_exp><and_exp></and_exp></or_exp>
</condition>

<Node id="22" bw="0" op_0_bw="3" op_1_bw="3">
<![CDATA[
newFuncRoot:12 %store_ln0 = store i3 0, i3 %i_13

]]></Node>
<StgValue><ssdm name="store_ln0"/></StgValue>
</operation>

<operation id="30" st_id="1" stage="1" lat="1">
<core>NULL</core>
<MemPortIdVec></MemPortIdVec>
<condition id="-1">
<or_exp><and_exp></and_exp></or_exp>
</condition>

<Node id="23" bw="0" op_0_bw="24" op_1_bw="24">
<![CDATA[
newFuncRoot:13 %store_ln0 = store i24 0, i24 %reuse_reg

]]></Node>
<StgValue><ssdm name="store_ln0"/></StgValue>
</operation>

<operation id="31" st_id="1" stage="1" lat="1">
<core>NULL</core>
<MemPortIdVec></MemPortIdVec>
<condition id="-1">
<or_exp><and_exp></and_exp></or_exp>
</condition>

<Node id="24" bw="0" op_0_bw="64" op_1_bw="64">
<![CDATA[
newFuncRoot:14 %store_ln0 = store i64 18446744073709551615, i64 %reuse_addr_reg

]]></Node>
<StgValue><ssdm name="store_ln0"/></StgValue>
</operation>

<operation id="32" st_id="1" stage="1" lat="1">
<core>NULL</core>
<MemPortIdVec></MemPortIdVec>
<condition id="-1">
<or_exp><and_exp></and_exp></or_exp>
</condition>

<Node id="25" bw="0" op_0_bw="0">
<![CDATA[
newFuncRoot:15 %br_ln0 = br void %for.body690

]]></Node>
<StgValue><ssdm name="br_ln0"/></StgValue>
</operation>
</state>

<state id="2" st_id="2">

<operation id="33" st_id="2" stage="1" lat="1">
<core>NULL</core>
<MemPortIdVec></MemPortIdVec>
<condition id="-1">
<or_exp><and_exp></and_exp></or_exp>
</condition>

<Node id="27" bw="3" op_0_bw="3" op_1_bw="0">
<![CDATA[
for.body690:0 %i = load i3 %i_13

]]></Node>
<StgValue><ssdm name="i"/></StgValue>
</operation>

<operation id="34" st_id="2" stage="1" lat="1">
<core>NULL</core>
<MemPortIdVec></MemPortIdVec>
<condition id="-1">
<or_exp><and_exp></and_exp></or_exp>
</condition>

<Node id="28" bw="0" op_0_bw="0" op_1_bw="32" op_2_bw="32" op_3_bw="32" op_4_bw="32" op_5_bw="0">
<![CDATA[
for.body690:1 %specpipeline_ln0 = specpipeline void @_ssdm_op_SpecPipeline, i32 4294967295, i32 0, i32 1, i32 0, void @p_str

]]></Node>
<StgValue><ssdm name="specpipeline_ln0"/></StgValue>
</operation>

<operation id="35" st_id="2" stage="1" lat="1">
<core>Cmp</core>
<MemPortIdVec></MemPortIdVec>
<condition id="-1">
<or_exp><and_exp></and_exp></or_exp>
</condition>

<Node id="29" bw="1" op_0_bw="3" op_1_bw="3">
<![CDATA[
for.body690:2 %icmp_ln219 = icmp_eq  i3 %i, i3 4

]]></Node>
<StgValue><ssdm name="icmp_ln219"/></StgValue>
</operation>

<operation id="36" st_id="2" stage="1" lat="1">
<core>NULL</core>
<MemPortIdVec></MemPortIdVec>
<condition id="-1">
<or_exp><and_exp></and_exp></or_exp>
</condition>

<Node id="30" bw="32" op_0_bw="32" op_1_bw="64" op_2_bw="64" op_3_bw="64">
<![CDATA[
for.body690:3 %empty = speclooptripcount i32 @_ssdm_op_SpecLoopTripCount, i64 4, i64 4, i64 4

]]></Node>
<StgValue><ssdm name="empty"/></StgValue>
</operation>

<operation id="37" st_id="2" stage="1" lat="1">
<core>Adder</core>
<MemPortIdVec></MemPortIdVec>
<condition id="-1">
<or_exp><and_exp></and_exp></or_exp>
</condition>

<Node id="31" bw="3" op_0_bw="3" op_1_bw="3">
<![CDATA[
for.body690:4 %add_ln221 = add i3 %i, i3 1

]]></Node>
<StgValue><ssdm name="add_ln221"/></StgValue>
</operation>

<operation id="38" st_id="2" stage="1" lat="1">
<core>NULL</core>
<MemPortIdVec></MemPortIdVec>
<condition id="-1">
<or_exp><and_exp></and_exp></or_exp>
</condition>

<Node id="32" bw="0" op_0_bw="1" op_1_bw="0" op_2_bw="0">
<![CDATA[
for.body690:5 %br_ln219 = br i1 %icmp_ln219, void %for.body690.split, void %for.end711.exitStub

]]></Node>
<StgValue><ssdm name="br_ln219"/></StgValue>
</operation>

<operation id="39" st_id="2" stage="1" lat="1">
<core>NULL</core>
<MemPortIdVec></MemPortIdVec>
<condition id="-1">
<or_exp><and_exp><literal name="icmp_ln219" val="0"/>
</and_exp></or_exp>
</condition>

<Node id="34" bw="64" op_0_bw="3">
<![CDATA[
for.body690.split:0 %i_13_cast = zext i3 %i

]]></Node>
<StgValue><ssdm name="i_13_cast"/></StgValue>
</operation>

<operation id="40" st_id="2" stage="1" lat="1">
<core>NULL</core>
<MemPortIdVec></MemPortIdVec>
<condition id="-1">
<or_exp><and_exp><literal name="icmp_ln219" val="0"/>
</and_exp></or_exp>
</condition>

<Node id="36" bw="3" op_0_bw="24" op_1_bw="64" op_2_bw="64">
<![CDATA[
for.body690.split:2 %TempQ1_4_V_addr = getelementptr i24 %TempQ1_4_V, i64 0, i64 %i_13_cast

]]></Node>
<StgValue><ssdm name="TempQ1_4_V_addr"/></StgValue>
</operation>

<operation id="41" st_id="2" stage="1" lat="1">
<core>NULL</core>
<MemPortIdVec></MemPortIdVec>
<condition id="-1">
<or_exp><and_exp><literal name="icmp_ln219" val="0"/>
</and_exp></or_exp>
</condition>

<Node id="38" bw="64" op_0_bw="64" op_1_bw="0">
<![CDATA[
for.body690.split:4 %reuse_addr_reg_load = load i64 %reuse_addr_reg

]]></Node>
<StgValue><ssdm name="reuse_addr_reg_load"/></StgValue>
</operation>

<operation id="42" st_id="2" stage="2" lat="2">
<core>RAM</core>
<MemPortIdVec>0 </MemPortIdVec>
<condition id="-1">
<or_exp><and_exp><literal name="icmp_ln219" val="0"/>
</and_exp></or_exp>
</condition>

<Node id="39" bw="24" op_0_bw="3">
<![CDATA[
for.body690.split:5 %TempQ1_4_V_load = load i3 %TempQ1_4_V_addr

]]></Node>
<StgValue><ssdm name="TempQ1_4_V_load"/></StgValue>
</operation>

<operation id="43" st_id="2" stage="1" lat="1">
<core>Cmp</core>
<MemPortIdVec></MemPortIdVec>
<condition id="-1">
<or_exp><and_exp><literal name="icmp_ln219" val="0"/>
</and_exp></or_exp>
</condition>

<Node id="40" bw="1" op_0_bw="64" op_1_bw="64">
<![CDATA[
for.body690.split:6 %addr_cmp = icmp_eq  i64 %reuse_addr_reg_load, i64 %i_13_cast

]]></Node>
<StgValue><ssdm name="addr_cmp"/></StgValue>
</operation>

<operation id="44" st_id="2" stage="1" lat="1">
<core>NULL</core>
<MemPortIdVec></MemPortIdVec>
<condition id="-1">
<or_exp><and_exp><literal name="icmp_ln219" val="0"/>
</and_exp></or_exp>
</condition>

<Node id="45" bw="2" op_0_bw="3">
<![CDATA[
for.body690.split:11 %trunc_ln1317 = trunc i3 %i

]]></Node>
<StgValue><ssdm name="trunc_ln1317"/></StgValue>
</operation>

<operation id="45" st_id="2" stage="1" lat="1">
<core>Multiplexer</core>
<MemPortIdVec></MemPortIdVec>
<condition id="-1">
<or_exp><and_exp><literal name="icmp_ln219" val="0"/>
</and_exp></or_exp>
</condition>

<Node id="46" bw="24" op_0_bw="24" op_1_bw="24" op_2_bw="24" op_3_bw="24" op_4_bw="24" op_5_bw="2">
<![CDATA[
for.body690.split:12 %r_V_14 = mux i24 @_ssdm_op_Mux.ap_auto.4i24.i2, i24 0, i24 0, i24 0, i24 65536, i2 %trunc_ln1317

]]></Node>
<StgValue><ssdm name="r_V_14"/></StgValue>
</operation>

<operation id="46" st_id="2" stage="1" lat="1">
<core>NULL</core>
<MemPortIdVec></MemPortIdVec>
<condition id="-1">
<or_exp><and_exp><literal name="icmp_ln219" val="0"/>
</and_exp></or_exp>
</condition>

<Node id="47" bw="40" op_0_bw="24">
<![CDATA[
for.body690.split:13 %zext_ln1316 = zext i24 %r_V_14

]]></Node>
<StgValue><ssdm name="zext_ln1316"/></StgValue>
</operation>

<operation id="47" st_id="2" stage="4" lat="4">
<core>DSP48</core>
<MemPortIdVec></MemPortIdVec>
<condition id="-1">
<or_exp><and_exp><literal name="icmp_ln219" val="0"/>
</and_exp></or_exp>
</condition>

<Node id="48" bw="40" op_0_bw="40" op_1_bw="40">
<![CDATA[
for.body690.split:14 %r_V_15 = mul i40 %zext_ln1316, i40 39796

]]></Node>
<StgValue><ssdm name="r_V_15"/></StgValue>
</operation>

<operation id="48" st_id="2" stage="1" lat="1">
<core>Multiplexer</core>
<MemPortIdVec></MemPortIdVec>
<condition id="-1">
<or_exp><and_exp><literal name="icmp_ln219" val="0"/>
</and_exp></or_exp>
</condition>

<Node id="50" bw="24" op_0_bw="24" op_1_bw="24" op_2_bw="24" op_3_bw="24" op_4_bw="24" op_5_bw="2">
<![CDATA[
for.body690.split:16 %tmp_12 = mux i24 @_ssdm_op_Mux.ap_auto.4i24.i2, i24 %PhaseV1_V_0_0_reload_read, i24 %PhaseV1_V_1_013_reload_read, i24 %PhaseV1_V_2_014_reload_read, i24 %PhaseV1_V_3_015_reload_read, i2 %trunc_ln1317

]]></Node>
<StgValue><ssdm name="tmp_12"/></StgValue>
</operation>

<operation id="49" st_id="2" stage="1" lat="1">
<core>NULL</core>
<MemPortIdVec></MemPortIdVec>
<condition id="-1">
<or_exp><and_exp><literal name="icmp_ln219" val="0"/>
</and_exp></or_exp>
</condition>

<Node id="56" bw="0" op_0_bw="2" op_1_bw="0" op_2_bw="2" op_3_bw="0" op_4_bw="2" op_5_bw="0" op_6_bw="2" op_7_bw="0">
<![CDATA[
for.body690.split:22 %switch_ln221 = switch i2 %trunc_ln1317, void %branch55, i2 0, void %for.body690.split.for.body690.split676_crit_edge, i2 1, void %for.body690.split.for.body690.split676_crit_edge7, i2 2, void %branch54

]]></Node>
<StgValue><ssdm name="switch_ln221"/></StgValue>
</operation>
</state>

<state id="3" st_id="3">

<operation id="50" st_id="3" stage="1" lat="1">
<core>NULL</core>
<MemPortIdVec></MemPortIdVec>
<condition id="-1">
<or_exp><and_exp><literal name="icmp_ln219" val="0"/>
<literal name="addr_cmp" val="1"/>
</and_exp></or_exp>
</condition>

<Node id="37" bw="24" op_0_bw="24" op_1_bw="0">
<![CDATA[
for.body690.split:3 %reuse_reg_load = load i24 %reuse_reg

]]></Node>
<StgValue><ssdm name="reuse_reg_load"/></StgValue>
</operation>

<operation id="51" st_id="3" stage="1" lat="2">
<core>RAM</core>
<MemPortIdVec>0 </MemPortIdVec>
<condition id="-1">
<or_exp><and_exp><literal name="icmp_ln219" val="0"/>
</and_exp></or_exp>
</condition>

<Node id="39" bw="24" op_0_bw="3">
<![CDATA[
for.body690.split:5 %TempQ1_4_V_load = load i3 %TempQ1_4_V_addr

]]></Node>
<StgValue><ssdm name="TempQ1_4_V_load"/></StgValue>
</operation>

<operation id="52" st_id="3" stage="1" lat="1">
<core>Sel</core>
<MemPortIdVec></MemPortIdVec>
<condition id="-1">
<or_exp><and_exp><literal name="icmp_ln219" val="0"/>
</and_exp></or_exp>
</condition>

<Node id="41" bw="24" op_0_bw="1" op_1_bw="24" op_2_bw="24">
<![CDATA[
for.body690.split:7 %r_V = select i1 %addr_cmp, i24 %reuse_reg_load, i24 %TempQ1_4_V_load

]]></Node>
<StgValue><ssdm name="r_V"/></StgValue>
</operation>

<operation id="53" st_id="3" stage="1" lat="1">
<core>NULL</core>
<MemPortIdVec></MemPortIdVec>
<condition id="-1">
<or_exp><and_exp><literal name="icmp_ln219" val="0"/>
</and_exp></or_exp>
</condition>

<Node id="42" bw="40" op_0_bw="24">
<![CDATA[
for.body690.split:8 %sext_ln1316 = sext i24 %r_V

]]></Node>
<StgValue><ssdm name="sext_ln1316"/></StgValue>
</operation>

<operation id="54" st_id="3" stage="4" lat="4">
<core>DSP48</core>
<MemPortIdVec></MemPortIdVec>
<condition id="-1">
<or_exp><and_exp><literal name="icmp_ln219" val="0"/>
</and_exp></or_exp>
</condition>

<Node id="43" bw="40" op_0_bw="40" op_1_bw="40">
<![CDATA[
for.body690.split:9 %mul_ln1316 = mul i40 %sext_ln1316, i40 39796

]]></Node>
<StgValue><ssdm name="mul_ln1316"/></StgValue>
</operation>

<operation id="55" st_id="3" stage="3" lat="4">
<core>DSP48</core>
<MemPortIdVec></MemPortIdVec>
<condition id="-1">
<or_exp><and_exp><literal name="icmp_ln219" val="0"/>
</and_exp></or_exp>
</condition>

<Node id="48" bw="40" op_0_bw="40" op_1_bw="40">
<![CDATA[
for.body690.split:14 %r_V_15 = mul i40 %zext_ln1316, i40 39796

]]></Node>
<StgValue><ssdm name="r_V_15"/></StgValue>
</operation>

<operation id="89" st_id="3" stage="1" lat="1">
<core>NULL</core>
<MemPortIdVec></MemPortIdVec>
<condition id="-1">
<or_exp><and_exp><literal name="icmp_ln219" val="1"/>
</and_exp></or_exp>
</condition>

<Node id="76" bw="24" op_0_bw="24" op_1_bw="0">
<![CDATA[
for.end711.exitStub:0 %XOQ1_4_V_1_load = load i24 %XOQ1_4_V_1

]]></Node>
<StgValue><ssdm name="XOQ1_4_V_1_load"/></StgValue>
</operation>

<operation id="90" st_id="3" stage="1" lat="1">
<core>NULL</core>
<MemPortIdVec></MemPortIdVec>
<condition id="-1">
<or_exp><and_exp><literal name="icmp_ln219" val="1"/>
</and_exp></or_exp>
</condition>

<Node id="77" bw="24" op_0_bw="24">
<![CDATA[
for.end711.exitStub:1 %XOQ1_4_V_1_1_load = load i24 %XOQ1_4_V_1_1

]]></Node>
<StgValue><ssdm name="XOQ1_4_V_1_1_load"/></StgValue>
</operation>

<operation id="91" st_id="3" stage="1" lat="1">
<core>NULL</core>
<MemPortIdVec></MemPortIdVec>
<condition id="-1">
<or_exp><and_exp><literal name="icmp_ln219" val="1"/>
</and_exp></or_exp>
</condition>

<Node id="78" bw="24" op_0_bw="24">
<![CDATA[
for.end711.exitStub:2 %XOQ1_4_V_1_2_load = load i24 %XOQ1_4_V_1_2

]]></Node>
<StgValue><ssdm name="XOQ1_4_V_1_2_load"/></StgValue>
</operation>

<operation id="92" st_id="3" stage="1" lat="1">
<core>NULL</core>
<MemPortIdVec></MemPortIdVec>
<condition id="-1">
<or_exp><and_exp><literal name="icmp_ln219" val="1"/>
</and_exp></or_exp>
</condition>

<Node id="79" bw="24" op_0_bw="24">
<![CDATA[
for.end711.exitStub:3 %XOQ1_4_V_1_3_load = load i24 %XOQ1_4_V_1_3

]]></Node>
<StgValue><ssdm name="XOQ1_4_V_1_3_load"/></StgValue>
</operation>

<operation id="93" st_id="3" stage="1" lat="1">
<core>NULL</core>
<MemPortIdVec></MemPortIdVec>
<condition id="-1">
<or_exp><and_exp><literal name="icmp_ln219" val="1"/>
</and_exp></or_exp>
</condition>

<Node id="80" bw="0" op_0_bw="0" op_1_bw="24" op_2_bw="24">
<![CDATA[
for.end711.exitStub:4 %write_ln0 = write void @_ssdm_op_Write.ap_auto.i24P0A, i24 %XOQ1_4_V_3_054_out, i24 %XOQ1_4_V_1_3_load

]]></Node>
<StgValue><ssdm name="write_ln0"/></StgValue>
</operation>

<operation id="94" st_id="3" stage="1" lat="1">
<core>NULL</core>
<MemPortIdVec></MemPortIdVec>
<condition id="-1">
<or_exp><and_exp><literal name="icmp_ln219" val="1"/>
</and_exp></or_exp>
</condition>

<Node id="81" bw="0" op_0_bw="0" op_1_bw="24" op_2_bw="24">
<![CDATA[
for.end711.exitStub:5 %write_ln0 = write void @_ssdm_op_Write.ap_auto.i24P0A, i24 %XOQ1_4_V_2_053_out, i24 %XOQ1_4_V_1_2_load

]]></Node>
<StgValue><ssdm name="write_ln0"/></StgValue>
</operation>

<operation id="95" st_id="3" stage="1" lat="1">
<core>NULL</core>
<MemPortIdVec></MemPortIdVec>
<condition id="-1">
<or_exp><and_exp><literal name="icmp_ln219" val="1"/>
</and_exp></or_exp>
</condition>

<Node id="82" bw="0" op_0_bw="0" op_1_bw="24" op_2_bw="24">
<![CDATA[
for.end711.exitStub:6 %write_ln0 = write void @_ssdm_op_Write.ap_auto.i24P0A, i24 %XOQ1_4_V_1_052_out, i24 %XOQ1_4_V_1_1_load

]]></Node>
<StgValue><ssdm name="write_ln0"/></StgValue>
</operation>

<operation id="96" st_id="3" stage="1" lat="1">
<core>NULL</core>
<MemPortIdVec></MemPortIdVec>
<condition id="-1">
<or_exp><and_exp><literal name="icmp_ln219" val="1"/>
</and_exp></or_exp>
</condition>

<Node id="83" bw="0" op_0_bw="0" op_1_bw="24" op_2_bw="24">
<![CDATA[
for.end711.exitStub:7 %write_ln0 = write void @_ssdm_op_Write.ap_auto.i24P0A, i24 %XOQ1_4_V_0_0_out, i24 %XOQ1_4_V_1_load

]]></Node>
<StgValue><ssdm name="write_ln0"/></StgValue>
</operation>

<operation id="97" st_id="3" stage="1" lat="1">
<core>NULL</core>
<MemPortIdVec></MemPortIdVec>
<condition id="-1">
<or_exp><and_exp><literal name="icmp_ln219" val="1"/>
</and_exp></or_exp>
</condition>

<Node id="84" bw="0">
<![CDATA[
for.end711.exitStub:8 %ret_ln0 = ret

]]></Node>
<StgValue><ssdm name="ret_ln0"/></StgValue>
</operation>
</state>

<state id="4" st_id="4">

<operation id="56" st_id="4" stage="3" lat="4">
<core>DSP48</core>
<MemPortIdVec></MemPortIdVec>
<condition id="-1">
<or_exp><and_exp><literal name="icmp_ln219" val="0"/>
</and_exp></or_exp>
</condition>

<Node id="43" bw="40" op_0_bw="40" op_1_bw="40">
<![CDATA[
for.body690.split:9 %mul_ln1316 = mul i40 %sext_ln1316, i40 39796

]]></Node>
<StgValue><ssdm name="mul_ln1316"/></StgValue>
</operation>

<operation id="57" st_id="4" stage="2" lat="4">
<core>DSP48</core>
<MemPortIdVec></MemPortIdVec>
<condition id="-1">
<or_exp><and_exp><literal name="icmp_ln219" val="0"/>
</and_exp></or_exp>
</condition>

<Node id="48" bw="40" op_0_bw="40" op_1_bw="40">
<![CDATA[
for.body690.split:14 %r_V_15 = mul i40 %zext_ln1316, i40 39796

]]></Node>
<StgValue><ssdm name="r_V_15"/></StgValue>
</operation>
</state>

<state id="5" st_id="5">

<operation id="58" st_id="5" stage="2" lat="4">
<core>DSP48</core>
<MemPortIdVec></MemPortIdVec>
<condition id="-1">
<or_exp><and_exp><literal name="icmp_ln219" val="0"/>
</and_exp></or_exp>
</condition>

<Node id="43" bw="40" op_0_bw="40" op_1_bw="40">
<![CDATA[
for.body690.split:9 %mul_ln1316 = mul i40 %sext_ln1316, i40 39796

]]></Node>
<StgValue><ssdm name="mul_ln1316"/></StgValue>
</operation>

<operation id="59" st_id="5" stage="1" lat="4">
<core>DSP48</core>
<MemPortIdVec></MemPortIdVec>
<condition id="-1">
<or_exp><and_exp><literal name="icmp_ln219" val="0"/>
</and_exp></or_exp>
</condition>

<Node id="48" bw="40" op_0_bw="40" op_1_bw="40">
<![CDATA[
for.body690.split:14 %r_V_15 = mul i40 %zext_ln1316, i40 39796

]]></Node>
<StgValue><ssdm name="r_V_15"/></StgValue>
</operation>

<operation id="60" st_id="5" stage="1" lat="1">
<core>NULL</core>
<MemPortIdVec></MemPortIdVec>
<condition id="-1">
<or_exp><and_exp><literal name="icmp_ln219" val="0"/>
</and_exp></or_exp>
</condition>

<Node id="49" bw="24" op_0_bw="24" op_1_bw="40" op_2_bw="32" op_3_bw="32">
<![CDATA[
for.body690.split:15 %trunc_ln864_13 = partselect i24 @_ssdm_op_PartSelect.i24.i40.i32.i32, i40 %r_V_15, i32 16, i32 39

]]></Node>
<StgValue><ssdm name="trunc_ln864_13"/></StgValue>
</operation>
</state>

<state id="6" st_id="6">

<operation id="61" st_id="6" stage="1" lat="4">
<core>DSP48</core>
<MemPortIdVec></MemPortIdVec>
<condition id="-1">
<or_exp><and_exp><literal name="icmp_ln219" val="0"/>
</and_exp></or_exp>
</condition>

<Node id="43" bw="40" op_0_bw="40" op_1_bw="40">
<![CDATA[
for.body690.split:9 %mul_ln1316 = mul i40 %sext_ln1316, i40 39796

]]></Node>
<StgValue><ssdm name="mul_ln1316"/></StgValue>
</operation>

<operation id="62" st_id="6" stage="1" lat="1">
<core>NULL</core>
<MemPortIdVec></MemPortIdVec>
<condition id="-1">
<or_exp><and_exp><literal name="icmp_ln219" val="0"/>
</and_exp></or_exp>
</condition>

<Node id="44" bw="24" op_0_bw="24" op_1_bw="40" op_2_bw="32" op_3_bw="32">
<![CDATA[
for.body690.split:10 %trunc_ln864_s = partselect i24 @_ssdm_op_PartSelect.i24.i40.i32.i32, i40 %mul_ln1316, i32 16, i32 39

]]></Node>
<StgValue><ssdm name="trunc_ln864_s"/></StgValue>
</operation>
</state>

<state id="7" st_id="7">

<operation id="63" st_id="7" stage="8" lat="8">
<core></core>
<MemPortIdVec></MemPortIdVec>
<condition id="-1">
<or_exp><and_exp><literal name="icmp_ln219" val="0"/>
</and_exp></or_exp>
</condition>

<Node id="53" bw="48" op_0_bw="48" op_1_bw="24" op_2_bw="24" op_3_bw="24">
<![CDATA[
for.body690.split:19 %cordic_ret = call i48 @cordic, i24 %trunc_ln864_s, i24 %trunc_ln864_13, i24 %tmp_12

]]></Node>
<StgValue><ssdm name="cordic_ret"/></StgValue>
</operation>
</state>

<state id="8" st_id="8">

<operation id="64" st_id="8" stage="7" lat="8">
<core></core>
<MemPortIdVec></MemPortIdVec>
<condition id="-1">
<or_exp><and_exp><literal name="icmp_ln219" val="0"/>
</and_exp></or_exp>
</condition>

<Node id="53" bw="48" op_0_bw="48" op_1_bw="24" op_2_bw="24" op_3_bw="24">
<![CDATA[
for.body690.split:19 %cordic_ret = call i48 @cordic, i24 %trunc_ln864_s, i24 %trunc_ln864_13, i24 %tmp_12

]]></Node>
<StgValue><ssdm name="cordic_ret"/></StgValue>
</operation>
</state>

<state id="9" st_id="9">

<operation id="65" st_id="9" stage="6" lat="8">
<core></core>
<MemPortIdVec></MemPortIdVec>
<condition id="-1">
<or_exp><and_exp><literal name="icmp_ln219" val="0"/>
</and_exp></or_exp>
</condition>

<Node id="53" bw="48" op_0_bw="48" op_1_bw="24" op_2_bw="24" op_3_bw="24">
<![CDATA[
for.body690.split:19 %cordic_ret = call i48 @cordic, i24 %trunc_ln864_s, i24 %trunc_ln864_13, i24 %tmp_12

]]></Node>
<StgValue><ssdm name="cordic_ret"/></StgValue>
</operation>
</state>

<state id="10" st_id="10">

<operation id="66" st_id="10" stage="5" lat="8">
<core></core>
<MemPortIdVec></MemPortIdVec>
<condition id="-1">
<or_exp><and_exp><literal name="icmp_ln219" val="0"/>
</and_exp></or_exp>
</condition>

<Node id="53" bw="48" op_0_bw="48" op_1_bw="24" op_2_bw="24" op_3_bw="24">
<![CDATA[
for.body690.split:19 %cordic_ret = call i48 @cordic, i24 %trunc_ln864_s, i24 %trunc_ln864_13, i24 %tmp_12

]]></Node>
<StgValue><ssdm name="cordic_ret"/></StgValue>
</operation>
</state>

<state id="11" st_id="11">

<operation id="67" st_id="11" stage="4" lat="8">
<core></core>
<MemPortIdVec></MemPortIdVec>
<condition id="-1">
<or_exp><and_exp><literal name="icmp_ln219" val="0"/>
</and_exp></or_exp>
</condition>

<Node id="53" bw="48" op_0_bw="48" op_1_bw="24" op_2_bw="24" op_3_bw="24">
<![CDATA[
for.body690.split:19 %cordic_ret = call i48 @cordic, i24 %trunc_ln864_s, i24 %trunc_ln864_13, i24 %tmp_12

]]></Node>
<StgValue><ssdm name="cordic_ret"/></StgValue>
</operation>
</state>

<state id="12" st_id="12">

<operation id="68" st_id="12" stage="3" lat="8">
<core></core>
<MemPortIdVec></MemPortIdVec>
<condition id="-1">
<or_exp><and_exp><literal name="icmp_ln219" val="0"/>
</and_exp></or_exp>
</condition>

<Node id="53" bw="48" op_0_bw="48" op_1_bw="24" op_2_bw="24" op_3_bw="24">
<![CDATA[
for.body690.split:19 %cordic_ret = call i48 @cordic, i24 %trunc_ln864_s, i24 %trunc_ln864_13, i24 %tmp_12

]]></Node>
<StgValue><ssdm name="cordic_ret"/></StgValue>
</operation>
</state>

<state id="13" st_id="13">

<operation id="69" st_id="13" stage="1" lat="1">
<core>NULL</core>
<MemPortIdVec></MemPortIdVec>
<condition id="-1">
<or_exp><and_exp><literal name="icmp_ln219" val="0"/>
</and_exp></or_exp>
</condition>

<Node id="51" bw="64" op_0_bw="3">
<![CDATA[
for.body690.split:17 %zext_ln221 = zext i3 %add_ln221

]]></Node>
<StgValue><ssdm name="zext_ln221"/></StgValue>
</operation>

<operation id="70" st_id="13" stage="1" lat="1">
<core>NULL</core>
<MemPortIdVec></MemPortIdVec>
<condition id="-1">
<or_exp><and_exp><literal name="icmp_ln219" val="0"/>
</and_exp></or_exp>
</condition>

<Node id="52" bw="3" op_0_bw="24" op_1_bw="64" op_2_bw="64">
<![CDATA[
for.body690.split:18 %TempQ1_4_V_addr_1 = getelementptr i24 %TempQ1_4_V, i64 0, i64 %zext_ln221

]]></Node>
<StgValue><ssdm name="TempQ1_4_V_addr_1"/></StgValue>
</operation>

<operation id="71" st_id="13" stage="2" lat="8">
<core></core>
<MemPortIdVec></MemPortIdVec>
<condition id="-1">
<or_exp><and_exp><literal name="icmp_ln219" val="0"/>
</and_exp></or_exp>
</condition>

<Node id="53" bw="48" op_0_bw="48" op_1_bw="24" op_2_bw="24" op_3_bw="24">
<![CDATA[
for.body690.split:19 %cordic_ret = call i48 @cordic, i24 %trunc_ln864_s, i24 %trunc_ln864_13, i24 %tmp_12

]]></Node>
<StgValue><ssdm name="cordic_ret"/></StgValue>
</operation>

<operation id="72" st_id="13" stage="1" lat="1">
<core>NULL</core>
<MemPortIdVec></MemPortIdVec>
<condition id="-1">
<or_exp><and_exp><literal name="icmp_ln219" val="0"/>
</and_exp></or_exp>
</condition>

<Node id="72" bw="0" op_0_bw="64" op_1_bw="64" op_2_bw="0" op_3_bw="0">
<![CDATA[
for.body690.split676:2 %store_ln221 = store i64 %zext_ln221, i64 %reuse_addr_reg

]]></Node>
<StgValue><ssdm name="store_ln221"/></StgValue>
</operation>

<operation id="73" st_id="13" stage="1" lat="1">
<core>NULL</core>
<MemPortIdVec></MemPortIdVec>
<condition id="-1">
<or_exp><and_exp><literal name="icmp_ln219" val="0"/>
</and_exp></or_exp>
</condition>

<Node id="73" bw="0" op_0_bw="3" op_1_bw="3" op_2_bw="0" op_3_bw="0">
<![CDATA[
for.body690.split676:3 %store_ln219 = store i3 %add_ln221, i3 %i_13

]]></Node>
<StgValue><ssdm name="store_ln219"/></StgValue>
</operation>
</state>

<state id="14" st_id="14">

<operation id="74" st_id="14" stage="1" lat="1">
<core>NULL</core>
<MemPortIdVec></MemPortIdVec>
<condition id="-1">
<or_exp><and_exp></and_exp></or_exp>
</condition>

<Node id="35" bw="0" op_0_bw="0" op_1_bw="0">
<![CDATA[
for.body690.split:1 %specloopname_ln220 = specloopname void @_ssdm_op_SpecLoopName, void @empty_35

]]></Node>
<StgValue><ssdm name="specloopname_ln220"/></StgValue>
</operation>

<operation id="75" st_id="14" stage="1" lat="8">
<core></core>
<MemPortIdVec></MemPortIdVec>
<condition id="-1">
<or_exp><and_exp></and_exp></or_exp>
</condition>

<Node id="53" bw="48" op_0_bw="48" op_1_bw="24" op_2_bw="24" op_3_bw="24">
<![CDATA[
for.body690.split:19 %cordic_ret = call i48 @cordic, i24 %trunc_ln864_s, i24 %trunc_ln864_13, i24 %tmp_12

]]></Node>
<StgValue><ssdm name="cordic_ret"/></StgValue>
</operation>

<operation id="76" st_id="14" stage="1" lat="1">
<core>NULL</core>
<MemPortIdVec></MemPortIdVec>
<condition id="-1">
<or_exp><and_exp></and_exp></or_exp>
</condition>

<Node id="54" bw="24" op_0_bw="48">
<![CDATA[
for.body690.split:20 %XOQ1_4_V_1_5 = extractvalue i48 %cordic_ret

]]></Node>
<StgValue><ssdm name="XOQ1_4_V_1_5"/></StgValue>
</operation>

<operation id="77" st_id="14" stage="1" lat="1">
<core>NULL</core>
<MemPortIdVec></MemPortIdVec>
<condition id="-1">
<or_exp><and_exp></and_exp></or_exp>
</condition>

<Node id="55" bw="24" op_0_bw="48">
<![CDATA[
for.body690.split:21 %newret1 = extractvalue i48 %cordic_ret

]]></Node>
<StgValue><ssdm name="newret1"/></StgValue>
</operation>

<operation id="78" st_id="14" stage="1" lat="1">
<core>NULL</core>
<MemPortIdVec></MemPortIdVec>
<condition id="-1">
<or_exp><and_exp><literal name="trunc_ln1317" val="-2"/>
</and_exp></or_exp>
</condition>

<Node id="58" bw="0" op_0_bw="24" op_1_bw="24">
<![CDATA[
branch54:0 %store_ln221 = store i24 %XOQ1_4_V_1_5, i24 %XOQ1_4_V_1_2

]]></Node>
<StgValue><ssdm name="store_ln221"/></StgValue>
</operation>

<operation id="79" st_id="14" stage="1" lat="1">
<core>NULL</core>
<MemPortIdVec></MemPortIdVec>
<condition id="-1">
<or_exp><and_exp><literal name="trunc_ln1317" val="-2"/>
</and_exp></or_exp>
</condition>

<Node id="59" bw="0" op_0_bw="0">
<![CDATA[
branch54:1 %br_ln221 = br void %for.body690.split676

]]></Node>
<StgValue><ssdm name="br_ln221"/></StgValue>
</operation>

<operation id="80" st_id="14" stage="1" lat="1">
<core>NULL</core>
<MemPortIdVec></MemPortIdVec>
<condition id="-1">
<or_exp><and_exp><literal name="trunc_ln1317" val="1"/>
</and_exp></or_exp>
</condition>

<Node id="61" bw="0" op_0_bw="24" op_1_bw="24">
<![CDATA[
for.body690.split.for.body690.split676_crit_edge7:0 %store_ln221 = store i24 %XOQ1_4_V_1_5, i24 %XOQ1_4_V_1_1

]]></Node>
<StgValue><ssdm name="store_ln221"/></StgValue>
</operation>

<operation id="81" st_id="14" stage="1" lat="1">
<core>NULL</core>
<MemPortIdVec></MemPortIdVec>
<condition id="-1">
<or_exp><and_exp><literal name="trunc_ln1317" val="1"/>
</and_exp></or_exp>
</condition>

<Node id="62" bw="0" op_0_bw="0">
<![CDATA[
for.body690.split.for.body690.split676_crit_edge7:1 %br_ln221 = br void %for.body690.split676

]]></Node>
<StgValue><ssdm name="br_ln221"/></StgValue>
</operation>

<operation id="82" st_id="14" stage="1" lat="1">
<core>NULL</core>
<MemPortIdVec></MemPortIdVec>
<condition id="-1">
<or_exp><and_exp><literal name="trunc_ln1317" val="-1"/>
</and_exp></or_exp>
</condition>

<Node id="67" bw="0" op_0_bw="24" op_1_bw="24">
<![CDATA[
branch55:0 %store_ln221 = store i24 %XOQ1_4_V_1_5, i24 %XOQ1_4_V_1_3

]]></Node>
<StgValue><ssdm name="store_ln221"/></StgValue>
</operation>

<operation id="83" st_id="14" stage="1" lat="1">
<core>NULL</core>
<MemPortIdVec></MemPortIdVec>
<condition id="-1">
<or_exp><and_exp><literal name="trunc_ln1317" val="-1"/>
</and_exp></or_exp>
</condition>

<Node id="68" bw="0" op_0_bw="0">
<![CDATA[
branch55:1 %br_ln221 = br void %for.body690.split676

]]></Node>
<StgValue><ssdm name="br_ln221"/></StgValue>
</operation>
</state>

<state id="15" st_id="15">

<operation id="84" st_id="15" stage="1" lat="1">
<core>NULL</core>
<MemPortIdVec></MemPortIdVec>
<condition id="-1">
<or_exp><and_exp><literal name="trunc_ln1317" val="0"/>
</and_exp></or_exp>
</condition>

<Node id="64" bw="0" op_0_bw="24" op_1_bw="24" op_2_bw="0">
<![CDATA[
for.body690.split.for.body690.split676_crit_edge:0 %store_ln221 = store i24 %XOQ1_4_V_1_5, i24 %XOQ1_4_V_1

]]></Node>
<StgValue><ssdm name="store_ln221"/></StgValue>
</operation>

<operation id="85" st_id="15" stage="1" lat="1">
<core>NULL</core>
<MemPortIdVec></MemPortIdVec>
<condition id="-1">
<or_exp><and_exp><literal name="trunc_ln1317" val="0"/>
</and_exp></or_exp>
</condition>

<Node id="65" bw="0" op_0_bw="0">
<![CDATA[
for.body690.split.for.body690.split676_crit_edge:1 %br_ln221 = br void %for.body690.split676

]]></Node>
<StgValue><ssdm name="br_ln221"/></StgValue>
</operation>

<operation id="86" st_id="15" stage="1" lat="1">
<core>RAM</core>
<MemPortIdVec>0 </MemPortIdVec>
<condition id="-1">
<or_exp><and_exp></and_exp></or_exp>
</condition>

<Node id="70" bw="0" op_0_bw="24" op_1_bw="3">
<![CDATA[
for.body690.split676:0 %store_ln221 = store i24 %newret1, i3 %TempQ1_4_V_addr_1

]]></Node>
<StgValue><ssdm name="store_ln221"/></StgValue>
</operation>

<operation id="87" st_id="15" stage="1" lat="1">
<core>NULL</core>
<MemPortIdVec></MemPortIdVec>
<condition id="-1">
<or_exp><and_exp></and_exp></or_exp>
</condition>

<Node id="71" bw="0" op_0_bw="24" op_1_bw="24" op_2_bw="0" op_3_bw="0">
<![CDATA[
for.body690.split676:1 %store_ln221 = store i24 %newret1, i24 %reuse_reg

]]></Node>
<StgValue><ssdm name="store_ln221"/></StgValue>
</operation>

<operation id="88" st_id="15" stage="1" lat="1">
<core>NULL</core>
<MemPortIdVec></MemPortIdVec>
<condition id="-1">
<or_exp><and_exp></and_exp></or_exp>
</condition>

<Node id="74" bw="0" op_0_bw="0">
<![CDATA[
for.body690.split676:4 %br_ln219 = br void %for.body690

]]></Node>
<StgValue><ssdm name="br_ln219"/></StgValue>
</operation>
</state>
</state_list>


<ports>
<port id="137" name="TempQ1_4_V" dir="2" iftype="1">
<core>RAM</core><StgValue><ssdm name="TempQ1_4_V"/><MemPortTyVec>2 3 </MemPortTyVec>
</StgValue>
</port>
<port id="138" name="PhaseV1_V_0_0_reload" dir="0" iftype="0">
<core>NULL</core><StgValue><ssdm name="PhaseV1_V_0_0_reload"/></StgValue>
</port>
<port id="139" name="PhaseV1_V_1_013_reload" dir="0" iftype="0">
<core>NULL</core><StgValue><ssdm name="PhaseV1_V_1_013_reload"/></StgValue>
</port>
<port id="140" name="PhaseV1_V_2_014_reload" dir="0" iftype="0">
<core>NULL</core><StgValue><ssdm name="PhaseV1_V_2_014_reload"/></StgValue>
</port>
<port id="141" name="PhaseV1_V_3_015_reload" dir="0" iftype="0">
<core>NULL</core><StgValue><ssdm name="PhaseV1_V_3_015_reload"/></StgValue>
</port>
<port id="142" name="XOQ1_4_V_3_054_out" dir="1" iftype="0">
<core>NULL</core><StgValue><ssdm name="XOQ1_4_V_3_054_out"/></StgValue>
</port>
<port id="143" name="XOQ1_4_V_2_053_out" dir="1" iftype="0">
<core>NULL</core><StgValue><ssdm name="XOQ1_4_V_2_053_out"/></StgValue>
</port>
<port id="144" name="XOQ1_4_V_1_052_out" dir="1" iftype="0">
<core>NULL</core><StgValue><ssdm name="XOQ1_4_V_1_052_out"/></StgValue>
</port>
<port id="145" name="XOQ1_4_V_0_0_out" dir="1" iftype="0">
<core>NULL</core><StgValue><ssdm name="XOQ1_4_V_0_0_out"/></StgValue>
</port>
</ports>


<dataflows>
<dataflow id="147" from="StgValue_146" to="reuse_addr_reg" fromId="146" toId="17">
</dataflow>
<dataflow id="148" from="StgValue_146" to="reuse_reg" fromId="146" toId="18">
</dataflow>
<dataflow id="149" from="StgValue_146" to="i_13" fromId="146" toId="19">
</dataflow>
<dataflow id="150" from="StgValue_146" to="XOQ1_4_V_1" fromId="146" toId="20">
</dataflow>
<dataflow id="151" from="StgValue_146" to="XOQ1_4_V_1_1" fromId="146" toId="21">
</dataflow>
<dataflow id="152" from="StgValue_146" to="XOQ1_4_V_1_2" fromId="146" toId="22">
</dataflow>
<dataflow id="153" from="StgValue_146" to="XOQ1_4_V_1_3" fromId="146" toId="23">
</dataflow>
<dataflow id="155" from="_ssdm_op_Read.ap_auto.i24" to="PhaseV1_V_3_015_reload_read" fromId="154" toId="24">
</dataflow>
<dataflow id="156" from="PhaseV1_V_3_015_reload" to="PhaseV1_V_3_015_reload_read" fromId="141" toId="24">
</dataflow>
<dataflow id="157" from="_ssdm_op_Read.ap_auto.i24" to="PhaseV1_V_2_014_reload_read" fromId="154" toId="25">
</dataflow>
<dataflow id="158" from="PhaseV1_V_2_014_reload" to="PhaseV1_V_2_014_reload_read" fromId="140" toId="25">
</dataflow>
<dataflow id="159" from="_ssdm_op_Read.ap_auto.i24" to="PhaseV1_V_1_013_reload_read" fromId="154" toId="26">
</dataflow>
<dataflow id="160" from="PhaseV1_V_1_013_reload" to="PhaseV1_V_1_013_reload_read" fromId="139" toId="26">
</dataflow>
<dataflow id="161" from="_ssdm_op_Read.ap_auto.i24" to="PhaseV1_V_0_0_reload_read" fromId="154" toId="27">
</dataflow>
<dataflow id="162" from="PhaseV1_V_0_0_reload" to="PhaseV1_V_0_0_reload_read" fromId="138" toId="27">
</dataflow>
<dataflow id="164" from="StgValue_163" to="store_ln0" fromId="163" toId="28">
</dataflow>
<dataflow id="165" from="XOQ1_4_V_1" to="store_ln0" fromId="20" toId="28">
</dataflow>
<dataflow id="167" from="StgValue_166" to="store_ln0" fromId="166" toId="29">
</dataflow>
<dataflow id="168" from="i_13" to="store_ln0" fromId="19" toId="29">
</dataflow>
<dataflow id="169" from="StgValue_163" to="store_ln0" fromId="163" toId="30">
</dataflow>
<dataflow id="170" from="reuse_reg" to="store_ln0" fromId="18" toId="30">
</dataflow>
<dataflow id="172" from="StgValue_171" to="store_ln0" fromId="171" toId="31">
</dataflow>
<dataflow id="173" from="reuse_addr_reg" to="store_ln0" fromId="17" toId="31">
</dataflow>
<dataflow id="174" from="i_13" to="i" fromId="19" toId="33">
</dataflow>
<dataflow id="176" from="_ssdm_op_SpecPipeline" to="specpipeline_ln0" fromId="175" toId="34">
</dataflow>
<dataflow id="178" from="StgValue_177" to="specpipeline_ln0" fromId="177" toId="34">
</dataflow>
<dataflow id="180" from="StgValue_179" to="specpipeline_ln0" fromId="179" toId="34">
</dataflow>
<dataflow id="181" from="StgValue_146" to="specpipeline_ln0" fromId="146" toId="34">
</dataflow>
<dataflow id="182" from="StgValue_179" to="specpipeline_ln0" fromId="179" toId="34">
</dataflow>
<dataflow id="184" from="p_str" to="specpipeline_ln0" fromId="183" toId="34">
</dataflow>
<dataflow id="185" from="i" to="icmp_ln219" fromId="33" toId="35">
</dataflow>
<dataflow id="187" from="StgValue_186" to="icmp_ln219" fromId="186" toId="35">
</dataflow>
<dataflow id="189" from="_ssdm_op_SpecLoopTripCount" to="empty" fromId="188" toId="36">
</dataflow>
<dataflow id="191" from="StgValue_190" to="empty" fromId="190" toId="36">
</dataflow>
<dataflow id="192" from="StgValue_190" to="empty" fromId="190" toId="36">
</dataflow>
<dataflow id="193" from="StgValue_190" to="empty" fromId="190" toId="36">
</dataflow>
<dataflow id="194" from="i" to="add_ln221" fromId="33" toId="37">
</dataflow>
<dataflow id="196" from="StgValue_195" to="add_ln221" fromId="195" toId="37">
</dataflow>
<dataflow id="197" from="icmp_ln219" to="br_ln219" fromId="35" toId="38">
</dataflow>
<dataflow id="198" from="i" to="i_13_cast" fromId="33" toId="39">
</dataflow>
<dataflow id="199" from="TempQ1_4_V" to="TempQ1_4_V_addr" fromId="137" toId="40">
</dataflow>
<dataflow id="201" from="StgValue_200" to="TempQ1_4_V_addr" fromId="200" toId="40">
</dataflow>
<dataflow id="202" from="i_13_cast" to="TempQ1_4_V_addr" fromId="39" toId="40">
</dataflow>
<dataflow id="203" from="reuse_addr_reg" to="reuse_addr_reg_load" fromId="17" toId="41">
</dataflow>
<dataflow id="204" from="TempQ1_4_V_addr" to="TempQ1_4_V_load" fromId="40" toId="42">
</dataflow>
<dataflow id="205" from="reuse_addr_reg_load" to="addr_cmp" fromId="41" toId="43">
</dataflow>
<dataflow id="206" from="i_13_cast" to="addr_cmp" fromId="39" toId="43">
</dataflow>
<dataflow id="207" from="i" to="trunc_ln1317" fromId="33" toId="44">
</dataflow>
<dataflow id="209" from="_ssdm_op_Mux.ap_auto.4i24.i2" to="r_V_14" fromId="208" toId="45">
</dataflow>
<dataflow id="210" from="StgValue_163" to="r_V_14" fromId="163" toId="45">
</dataflow>
<dataflow id="211" from="StgValue_163" to="r_V_14" fromId="163" toId="45">
</dataflow>
<dataflow id="212" from="StgValue_163" to="r_V_14" fromId="163" toId="45">
</dataflow>
<dataflow id="214" from="StgValue_213" to="r_V_14" fromId="213" toId="45">
</dataflow>
<dataflow id="215" from="trunc_ln1317" to="r_V_14" fromId="44" toId="45">
</dataflow>
<dataflow id="216" from="r_V_14" to="zext_ln1316" fromId="45" toId="46">
</dataflow>
<dataflow id="217" from="zext_ln1316" to="r_V_15" fromId="46" toId="47">
</dataflow>
<dataflow id="219" from="StgValue_218" to="r_V_15" fromId="218" toId="47">
</dataflow>
<dataflow id="220" from="_ssdm_op_Mux.ap_auto.4i24.i2" to="tmp_12" fromId="208" toId="48">
</dataflow>
<dataflow id="221" from="PhaseV1_V_0_0_reload_read" to="tmp_12" fromId="27" toId="48">
</dataflow>
<dataflow id="222" from="PhaseV1_V_1_013_reload_read" to="tmp_12" fromId="26" toId="48">
</dataflow>
<dataflow id="223" from="PhaseV1_V_2_014_reload_read" to="tmp_12" fromId="25" toId="48">
</dataflow>
<dataflow id="224" from="PhaseV1_V_3_015_reload_read" to="tmp_12" fromId="24" toId="48">
</dataflow>
<dataflow id="225" from="trunc_ln1317" to="tmp_12" fromId="44" toId="48">
</dataflow>
<dataflow id="226" from="trunc_ln1317" to="switch_ln221" fromId="44" toId="49">
</dataflow>
<dataflow id="228" from="StgValue_227" to="switch_ln221" fromId="227" toId="49">
</dataflow>
<dataflow id="230" from="StgValue_229" to="switch_ln221" fromId="229" toId="49">
</dataflow>
<dataflow id="232" from="StgValue_231" to="switch_ln221" fromId="231" toId="49">
</dataflow>
<dataflow id="233" from="reuse_reg" to="reuse_reg_load" fromId="18" toId="50">
</dataflow>
<dataflow id="234" from="TempQ1_4_V_addr" to="TempQ1_4_V_load" fromId="40" toId="51">
</dataflow>
<dataflow id="235" from="addr_cmp" to="r_V" fromId="43" toId="52">
</dataflow>
<dataflow id="236" from="reuse_reg_load" to="r_V" fromId="50" toId="52">
</dataflow>
<dataflow id="237" from="TempQ1_4_V_load" to="r_V" fromId="51" toId="52">
</dataflow>
<dataflow id="238" from="r_V" to="sext_ln1316" fromId="52" toId="53">
</dataflow>
<dataflow id="239" from="sext_ln1316" to="mul_ln1316" fromId="53" toId="54">
</dataflow>
<dataflow id="240" from="StgValue_218" to="mul_ln1316" fromId="218" toId="54">
</dataflow>
<dataflow id="241" from="zext_ln1316" to="r_V_15" fromId="46" toId="55">
</dataflow>
<dataflow id="242" from="StgValue_218" to="r_V_15" fromId="218" toId="55">
</dataflow>
<dataflow id="243" from="sext_ln1316" to="mul_ln1316" fromId="53" toId="56">
</dataflow>
<dataflow id="244" from="StgValue_218" to="mul_ln1316" fromId="218" toId="56">
</dataflow>
<dataflow id="245" from="zext_ln1316" to="r_V_15" fromId="46" toId="57">
</dataflow>
<dataflow id="246" from="StgValue_218" to="r_V_15" fromId="218" toId="57">
</dataflow>
<dataflow id="247" from="sext_ln1316" to="mul_ln1316" fromId="53" toId="58">
</dataflow>
<dataflow id="248" from="StgValue_218" to="mul_ln1316" fromId="218" toId="58">
</dataflow>
<dataflow id="249" from="zext_ln1316" to="r_V_15" fromId="46" toId="59">
</dataflow>
<dataflow id="250" from="StgValue_218" to="r_V_15" fromId="218" toId="59">
</dataflow>
<dataflow id="252" from="_ssdm_op_PartSelect.i24.i40.i32.i32" to="trunc_ln864_13" fromId="251" toId="60">
</dataflow>
<dataflow id="253" from="r_V_15" to="trunc_ln864_13" fromId="59" toId="60">
</dataflow>
<dataflow id="255" from="StgValue_254" to="trunc_ln864_13" fromId="254" toId="60">
</dataflow>
<dataflow id="257" from="StgValue_256" to="trunc_ln864_13" fromId="256" toId="60">
</dataflow>
<dataflow id="258" from="sext_ln1316" to="mul_ln1316" fromId="53" toId="61">
</dataflow>
<dataflow id="259" from="StgValue_218" to="mul_ln1316" fromId="218" toId="61">
</dataflow>
<dataflow id="260" from="_ssdm_op_PartSelect.i24.i40.i32.i32" to="trunc_ln864_s" fromId="251" toId="62">
</dataflow>
<dataflow id="261" from="mul_ln1316" to="trunc_ln864_s" fromId="61" toId="62">
</dataflow>
<dataflow id="262" from="StgValue_254" to="trunc_ln864_s" fromId="254" toId="62">
</dataflow>
<dataflow id="263" from="StgValue_256" to="trunc_ln864_s" fromId="256" toId="62">
</dataflow>
<dataflow id="265" from="cordic" to="cordic_ret" fromId="264" toId="63">
</dataflow>
<dataflow id="266" from="trunc_ln864_s" to="cordic_ret" fromId="62" toId="63">
</dataflow>
<dataflow id="267" from="trunc_ln864_13" to="cordic_ret" fromId="60" toId="63">
</dataflow>
<dataflow id="268" from="tmp_12" to="cordic_ret" fromId="48" toId="63">
</dataflow>
<dataflow id="269" from="cordic" to="cordic_ret" fromId="264" toId="64">
</dataflow>
<dataflow id="270" from="trunc_ln864_s" to="cordic_ret" fromId="62" toId="64">
</dataflow>
<dataflow id="271" from="trunc_ln864_13" to="cordic_ret" fromId="60" toId="64">
</dataflow>
<dataflow id="272" from="tmp_12" to="cordic_ret" fromId="48" toId="64">
</dataflow>
<dataflow id="273" from="cordic" to="cordic_ret" fromId="264" toId="65">
</dataflow>
<dataflow id="274" from="trunc_ln864_s" to="cordic_ret" fromId="62" toId="65">
</dataflow>
<dataflow id="275" from="trunc_ln864_13" to="cordic_ret" fromId="60" toId="65">
</dataflow>
<dataflow id="276" from="tmp_12" to="cordic_ret" fromId="48" toId="65">
</dataflow>
<dataflow id="277" from="cordic" to="cordic_ret" fromId="264" toId="66">
</dataflow>
<dataflow id="278" from="trunc_ln864_s" to="cordic_ret" fromId="62" toId="66">
</dataflow>
<dataflow id="279" from="trunc_ln864_13" to="cordic_ret" fromId="60" toId="66">
</dataflow>
<dataflow id="280" from="tmp_12" to="cordic_ret" fromId="48" toId="66">
</dataflow>
<dataflow id="281" from="cordic" to="cordic_ret" fromId="264" toId="67">
</dataflow>
<dataflow id="282" from="trunc_ln864_s" to="cordic_ret" fromId="62" toId="67">
</dataflow>
<dataflow id="283" from="trunc_ln864_13" to="cordic_ret" fromId="60" toId="67">
</dataflow>
<dataflow id="284" from="tmp_12" to="cordic_ret" fromId="48" toId="67">
</dataflow>
<dataflow id="285" from="cordic" to="cordic_ret" fromId="264" toId="68">
</dataflow>
<dataflow id="286" from="trunc_ln864_s" to="cordic_ret" fromId="62" toId="68">
</dataflow>
<dataflow id="287" from="trunc_ln864_13" to="cordic_ret" fromId="60" toId="68">
</dataflow>
<dataflow id="288" from="tmp_12" to="cordic_ret" fromId="48" toId="68">
</dataflow>
<dataflow id="289" from="add_ln221" to="zext_ln221" fromId="37" toId="69">
</dataflow>
<dataflow id="290" from="TempQ1_4_V" to="TempQ1_4_V_addr_1" fromId="137" toId="70">
</dataflow>
<dataflow id="291" from="StgValue_200" to="TempQ1_4_V_addr_1" fromId="200" toId="70">
</dataflow>
<dataflow id="292" from="zext_ln221" to="TempQ1_4_V_addr_1" fromId="69" toId="70">
</dataflow>
<dataflow id="293" from="cordic" to="cordic_ret" fromId="264" toId="71">
</dataflow>
<dataflow id="294" from="trunc_ln864_s" to="cordic_ret" fromId="62" toId="71">
</dataflow>
<dataflow id="295" from="trunc_ln864_13" to="cordic_ret" fromId="60" toId="71">
</dataflow>
<dataflow id="296" from="tmp_12" to="cordic_ret" fromId="48" toId="71">
</dataflow>
<dataflow id="297" from="zext_ln221" to="store_ln221" fromId="69" toId="72">
</dataflow>
<dataflow id="298" from="reuse_addr_reg" to="store_ln221" fromId="17" toId="72">
</dataflow>
<dataflow id="299" from="add_ln221" to="store_ln219" fromId="37" toId="73">
</dataflow>
<dataflow id="300" from="i_13" to="store_ln219" fromId="19" toId="73">
</dataflow>
<dataflow id="302" from="_ssdm_op_SpecLoopName" to="specloopname_ln220" fromId="301" toId="74">
</dataflow>
<dataflow id="304" from="empty_35" to="specloopname_ln220" fromId="303" toId="74">
</dataflow>
<dataflow id="305" from="cordic" to="cordic_ret" fromId="264" toId="75">
</dataflow>
<dataflow id="306" from="trunc_ln864_s" to="cordic_ret" fromId="62" toId="75">
</dataflow>
<dataflow id="307" from="trunc_ln864_13" to="cordic_ret" fromId="60" toId="75">
</dataflow>
<dataflow id="308" from="tmp_12" to="cordic_ret" fromId="48" toId="75">
</dataflow>
<dataflow id="309" from="cordic_ret" to="XOQ1_4_V_1_5" fromId="75" toId="76">
</dataflow>
<dataflow id="310" from="cordic_ret" to="newret1" fromId="75" toId="77">
</dataflow>
<dataflow id="311" from="XOQ1_4_V_1_5" to="store_ln221" fromId="76" toId="78">
</dataflow>
<dataflow id="312" from="XOQ1_4_V_1_2" to="store_ln221" fromId="22" toId="78">
</dataflow>
<dataflow id="313" from="XOQ1_4_V_1_5" to="store_ln221" fromId="76" toId="80">
</dataflow>
<dataflow id="314" from="XOQ1_4_V_1_1" to="store_ln221" fromId="21" toId="80">
</dataflow>
<dataflow id="315" from="XOQ1_4_V_1_5" to="store_ln221" fromId="76" toId="82">
</dataflow>
<dataflow id="316" from="XOQ1_4_V_1_3" to="store_ln221" fromId="23" toId="82">
</dataflow>
<dataflow id="317" from="XOQ1_4_V_1_5" to="store_ln221" fromId="76" toId="84">
</dataflow>
<dataflow id="318" from="XOQ1_4_V_1" to="store_ln221" fromId="20" toId="84">
</dataflow>
<dataflow id="319" from="newret1" to="store_ln221" fromId="77" toId="86">
</dataflow>
<dataflow id="320" from="TempQ1_4_V_addr_1" to="store_ln221" fromId="70" toId="86">
</dataflow>
<dataflow id="321" from="newret1" to="store_ln221" fromId="77" toId="87">
</dataflow>
<dataflow id="322" from="reuse_reg" to="store_ln221" fromId="18" toId="87">
</dataflow>
<dataflow id="323" from="XOQ1_4_V_1" to="XOQ1_4_V_1_load" fromId="20" toId="89">
</dataflow>
<dataflow id="324" from="XOQ1_4_V_1_1" to="XOQ1_4_V_1_1_load" fromId="21" toId="90">
</dataflow>
<dataflow id="325" from="XOQ1_4_V_1_2" to="XOQ1_4_V_1_2_load" fromId="22" toId="91">
</dataflow>
<dataflow id="326" from="XOQ1_4_V_1_3" to="XOQ1_4_V_1_3_load" fromId="23" toId="92">
</dataflow>
<dataflow id="328" from="_ssdm_op_Write.ap_auto.i24P0A" to="write_ln0" fromId="327" toId="93">
</dataflow>
<dataflow id="329" from="XOQ1_4_V_3_054_out" to="write_ln0" fromId="142" toId="93">
</dataflow>
<dataflow id="330" from="XOQ1_4_V_1_3_load" to="write_ln0" fromId="92" toId="93">
</dataflow>
<dataflow id="331" from="_ssdm_op_Write.ap_auto.i24P0A" to="write_ln0" fromId="327" toId="94">
</dataflow>
<dataflow id="332" from="XOQ1_4_V_2_053_out" to="write_ln0" fromId="143" toId="94">
</dataflow>
<dataflow id="333" from="XOQ1_4_V_1_2_load" to="write_ln0" fromId="91" toId="94">
</dataflow>
<dataflow id="334" from="_ssdm_op_Write.ap_auto.i24P0A" to="write_ln0" fromId="327" toId="95">
</dataflow>
<dataflow id="335" from="XOQ1_4_V_1_052_out" to="write_ln0" fromId="144" toId="95">
</dataflow>
<dataflow id="336" from="XOQ1_4_V_1_1_load" to="write_ln0" fromId="90" toId="95">
</dataflow>
<dataflow id="337" from="_ssdm_op_Write.ap_auto.i24P0A" to="write_ln0" fromId="327" toId="96">
</dataflow>
<dataflow id="338" from="XOQ1_4_V_0_0_out" to="write_ln0" fromId="145" toId="96">
</dataflow>
<dataflow id="339" from="XOQ1_4_V_1_load" to="write_ln0" fromId="89" toId="96">
</dataflow>
<dataflow id="340" from="icmp_ln219" to="StgValue_2" fromId="35" toId="2">
</dataflow>
<dataflow id="341" from="icmp_ln219" to="StgValue_3" fromId="35" toId="3">
</dataflow>
<dataflow id="342" from="addr_cmp" to="StgValue_3" fromId="43" toId="3">
</dataflow>
<dataflow id="343" from="icmp_ln219" to="StgValue_4" fromId="35" toId="4">
</dataflow>
<dataflow id="344" from="icmp_ln219" to="StgValue_5" fromId="35" toId="5">
</dataflow>
<dataflow id="345" from="icmp_ln219" to="StgValue_6" fromId="35" toId="6">
</dataflow>
<dataflow id="346" from="icmp_ln219" to="StgValue_7" fromId="35" toId="7">
</dataflow>
<dataflow id="347" from="icmp_ln219" to="StgValue_8" fromId="35" toId="8">
</dataflow>
<dataflow id="348" from="icmp_ln219" to="StgValue_9" fromId="35" toId="9">
</dataflow>
<dataflow id="349" from="icmp_ln219" to="StgValue_10" fromId="35" toId="10">
</dataflow>
<dataflow id="350" from="icmp_ln219" to="StgValue_11" fromId="35" toId="11">
</dataflow>
<dataflow id="351" from="icmp_ln219" to="StgValue_12" fromId="35" toId="12">
</dataflow>
<dataflow id="352" from="icmp_ln219" to="StgValue_13" fromId="35" toId="13">
</dataflow>
<dataflow id="353" from="trunc_ln1317" to="StgValue_14" fromId="44" toId="14">
</dataflow>
<dataflow id="354" from="trunc_ln1317" to="StgValue_15" fromId="44" toId="15">
</dataflow>
</dataflows>


</stg>
