<profile>

<section name = "Vitis HLS Report for 'LinearSolver_Pipeline_VITIS_LOOP_357_27'" level="0">
<item name = "Date">Thu Dec  1 13:05:56 2022
</item>
<item name = "Version">2022.1 (Build 3526262 on Mon Apr 18 15:48:16 MDT 2022)</item>
<item name = "Project">A6HLS</item>
<item name = "Solution">solution1 (Vivado IP Flow Target)</item>
<item name = "Product family">zynq</item>
<item name = "Target device">xc7z020-clg484-1</item>
</section>

<section name = "Performance Estimates" level="0">
<item name = "Timing">
<section name = "" level="1">
<item name = "Summary"><table name="" hasTotal="0">
<keys size="4">Clock, Target, Estimated, Uncertainty</keys>
<column name="ap_clk">10.00 ns, 6.540 ns, 2.70 ns</column>
</table>
</item>
</section>
</item>
<item name = "Latency">
<section name = "" level="1">
<item name = "Summary"><table name="" hasTotal="0">
<keys size="8">, min, max, min, max, min, max, Type</keys>
<column name="">8, 8, 80.000 ns, 80.000 ns, 8, 8, no</column>
</table>
</item>
<item name = "Detail">
<section name = "" level="1">
<item name = "Instance"><table name="" hasTotal="0">
<keys size="9">Instance, Module, min, max, min, max, min, max, Type</keys>
</table>
</item>
<item name = "Loop"><table name="" hasTotal="0">
<keys size="8">Loop Name, min, max, Latency, achieved, target, Count, Pipelined</keys>
<column name="- VITIS_LOOP_357_27">6, 6, 4, 1, 1, 4, yes</column>
</table>
</item>
</section>
</item>
</section>
</item>
</section>

<section name = "Utilization Estimates" level="0">
<item name = "Summary"><table name="" hasTotal="1">
<keys size="6">Name, BRAM_18K, DSP, FF, LUT, URAM</keys>
<column name="DSP">-, -, -, -, -</column>
<column name="Expression">-, -, 0, 163, -</column>
<column name="FIFO">-, -, -, -, -</column>
<column name="Instance">-, 4, 0, 232, -</column>
<column name="Memory">-, -, -, -, -</column>
<column name="Multiplexer">-, -, -, 36, -</column>
<column name="Register">-, -, 598, 32, -</column>
<specialColumn name="Available">280, 220, 106400, 53200, 0</specialColumn>
<specialColumn name="Utilization (%)">0, 1, ~0, ~0, 0</specialColumn>
</table>
</item>
<item name = "Detail">
<section name = "" level="1">
<item name = "Instance"><table name="" hasTotal="1">
<keys size="7">Instance, Module, BRAM_18K, DSP, FF, LUT, URAM</keys>
<column name="mul_24s_24s_40_1_1_U398">mul_24s_24s_40_1_1, 0, 1, 0, 38, 0</column>
<column name="mul_24s_24s_40_1_1_U399">mul_24s_24s_40_1_1, 0, 1, 0, 38, 0</column>
<column name="mul_24s_24s_40_1_1_U400">mul_24s_24s_40_1_1, 0, 1, 0, 38, 0</column>
<column name="mul_24s_24s_40_1_1_U402">mul_24s_24s_40_1_1, 0, 1, 0, 38, 0</column>
<column name="mux_42_24_1_1_U395">mux_42_24_1_1, 0, 0, 0, 20, 0</column>
<column name="mux_42_24_1_1_U396">mux_42_24_1_1, 0, 0, 0, 20, 0</column>
<column name="mux_42_24_1_1_U397">mux_42_24_1_1, 0, 0, 0, 20, 0</column>
<column name="mux_42_24_1_1_U401">mux_42_24_1_1, 0, 0, 0, 20, 0</column>
</table>
</item>
<item name = "DSP"><table name="" hasTotal="0">
<keys size="3">Instance, Module, Expression</keys>
</table>
</item>
<item name = "Memory"><table name="" hasTotal="1">
<keys size="10">Memory, Module, BRAM_18K, FF, LUT, URAM, Words, Bits, Banks, W*Bits*Banks</keys>
</table>
</item>
<item name = "FIFO"><table name="" hasTotal="1">
<keys size="8">Name, BRAM_18K, FF, LUT, URAM, Depth, Bits, Size:D*B</keys>
</table>
</item>
<item name = "Expression"><table name="" hasTotal="1">
<keys size="7">Variable Name, Operation, DSP, FF, LUT, Bitwidth P0, Bitwidth P1</keys>
<column name="add_ln1393_1_fu_422_p2">+, 0, 0, 47, 40, 40</column>
<column name="add_ln1393_2_fu_452_p2">+, 0, 0, 47, 40, 40</column>
<column name="add_ln1393_fu_399_p2">+, 0, 0, 47, 40, 40</column>
<column name="add_ln357_fu_292_p2">+, 0, 0, 11, 3, 1</column>
<column name="icmp_ln357_fu_286_p2">icmp, 0, 0, 9, 3, 4</column>
<column name="ap_enable_pp0">xor, 0, 0, 2, 1, 2</column>
</table>
</item>
<item name = "Multiplexer"><table name="" hasTotal="1">
<keys size="5">Name, LUT, Input Size, Bits, Total Bits</keys>
<column name="ap_done_int">9, 2, 1, 2</column>
<column name="ap_enable_reg_pp0_iter1">9, 2, 1, 2</column>
<column name="ap_sig_allocacmp_i_3">9, 2, 3, 6</column>
<column name="i_fu_94">9, 2, 3, 6</column>
</table>
</item>
<item name = "Register"><table name="" hasTotal="1">
<keys size="5">Name, FF, LUT, Bits, Const Bits</keys>
<column name="QTb_V_1_1_fu_102">24, 0, 24, 0</column>
<column name="QTb_V_1_2_fu_106">24, 0, 24, 0</column>
<column name="QTb_V_1_3_fu_110">24, 0, 24, 0</column>
<column name="QTb_V_1_fu_98">24, 0, 24, 0</column>
<column name="ap_CS_fsm">1, 0, 1, 0</column>
<column name="ap_done_reg">1, 0, 1, 0</column>
<column name="ap_enable_reg_pp0_iter1">1, 0, 1, 0</column>
<column name="ap_enable_reg_pp0_iter2">1, 0, 1, 0</column>
<column name="ap_enable_reg_pp0_iter3">1, 0, 1, 0</column>
<column name="ap_loop_exit_ready_pp0_iter1_reg">1, 0, 1, 0</column>
<column name="ap_loop_exit_ready_pp0_iter2_reg">1, 0, 1, 0</column>
<column name="i_fu_94">3, 0, 3, 0</column>
<column name="icmp_ln357_reg_574">1, 0, 1, 0</column>
<column name="icmp_ln357_reg_574_pp0_iter1_reg">1, 0, 1, 0</column>
<column name="mul_ln1393_1_reg_608">40, 0, 40, 0</column>
<column name="mul_ln1393_2_reg_618">40, 0, 40, 0</column>
<column name="mul_ln1393_reg_598">40, 0, 40, 0</column>
<column name="sext_ln1393_1_cast_reg_559">40, 0, 40, 0</column>
<column name="sext_ln1393_2_cast_reg_554">40, 0, 40, 0</column>
<column name="sext_ln1393_cast_reg_564">40, 0, 40, 0</column>
<column name="sext_ln864_cast_reg_569">40, 0, 40, 0</column>
<column name="tmp_25_reg_583">24, 0, 24, 0</column>
<column name="tmp_26_reg_588">24, 0, 24, 0</column>
<column name="tmp_27_reg_593">24, 0, 24, 0</column>
<column name="tmp_28_reg_613">24, 0, 24, 0</column>
<column name="tmp_68_reg_623">24, 0, 24, 0</column>
<column name="tmp_s_reg_603">24, 0, 24, 0</column>
<column name="trunc_ln358_reg_578">2, 0, 2, 0</column>
<column name="trunc_ln358_reg_578">64, 32, 2, 0</column>
</table>
</item>
</section>
</item>
</section>

<section name = "Interface" level="0">
<item name = "Summary"><table name="" hasTotal="0">
<keys size="6">RTL Ports, Dir, Bits, Protocol, Source Object, C Type</keys>
<column name="ap_clk">in, 1, ap_ctrl_hs, LinearSolver_Pipeline_VITIS_LOOP_357_27, return value</column>
<column name="ap_rst">in, 1, ap_ctrl_hs, LinearSolver_Pipeline_VITIS_LOOP_357_27, return value</column>
<column name="ap_start">in, 1, ap_ctrl_hs, LinearSolver_Pipeline_VITIS_LOOP_357_27, return value</column>
<column name="ap_done">out, 1, ap_ctrl_hs, LinearSolver_Pipeline_VITIS_LOOP_357_27, return value</column>
<column name="ap_idle">out, 1, ap_ctrl_hs, LinearSolver_Pipeline_VITIS_LOOP_357_27, return value</column>
<column name="ap_ready">out, 1, ap_ctrl_hs, LinearSolver_Pipeline_VITIS_LOOP_357_27, return value</column>
<column name="q_V_0_0">in, 24, ap_none, q_V_0_0, scalar</column>
<column name="q_V_0_1">in, 24, ap_none, q_V_0_1, scalar</column>
<column name="q_V_0_2">in, 24, ap_none, q_V_0_2, scalar</column>
<column name="q_V_0_3">in, 24, ap_none, q_V_0_3, scalar</column>
<column name="sext_ln864">in, 24, ap_none, sext_ln864, scalar</column>
<column name="q_V_1_0">in, 24, ap_none, q_V_1_0, scalar</column>
<column name="q_V_1_1">in, 24, ap_none, q_V_1_1, scalar</column>
<column name="q_V_1_2">in, 24, ap_none, q_V_1_2, scalar</column>
<column name="q_V_1_3">in, 24, ap_none, q_V_1_3, scalar</column>
<column name="sext_ln1393">in, 24, ap_none, sext_ln1393, scalar</column>
<column name="q_V_2_0">in, 24, ap_none, q_V_2_0, scalar</column>
<column name="q_V_2_1">in, 24, ap_none, q_V_2_1, scalar</column>
<column name="q_V_2_2">in, 24, ap_none, q_V_2_2, scalar</column>
<column name="q_V_2_3">in, 24, ap_none, q_V_2_3, scalar</column>
<column name="sext_ln1393_1">in, 24, ap_none, sext_ln1393_1, scalar</column>
<column name="q_V_3_0">in, 24, ap_none, q_V_3_0, scalar</column>
<column name="q_V_3_1">in, 24, ap_none, q_V_3_1, scalar</column>
<column name="q_V_3_2">in, 24, ap_none, q_V_3_2, scalar</column>
<column name="q_V_3_3">in, 24, ap_none, q_V_3_3, scalar</column>
<column name="sext_ln1393_2">in, 24, ap_none, sext_ln1393_2, scalar</column>
<column name="QTb_V_3_01040_out">out, 24, ap_vld, QTb_V_3_01040_out, pointer</column>
<column name="QTb_V_3_01040_out_ap_vld">out, 1, ap_vld, QTb_V_3_01040_out, pointer</column>
<column name="lhs_V_out">out, 24, ap_vld, lhs_V_out, pointer</column>
<column name="lhs_V_out_ap_vld">out, 1, ap_vld, lhs_V_out, pointer</column>
<column name="lhs_V_2_out">out, 24, ap_vld, lhs_V_2_out, pointer</column>
<column name="lhs_V_2_out_ap_vld">out, 1, ap_vld, lhs_V_2_out, pointer</column>
<column name="lhs_V_5_out">out, 24, ap_vld, lhs_V_5_out, pointer</column>
<column name="lhs_V_5_out_ap_vld">out, 1, ap_vld, lhs_V_5_out, pointer</column>
</table>
</item>
</section>
</profile>
