<stg><name>LinearSolver_Pipeline_VITIS_LOOP_236_16</name>


<trans_list>

<trans id="102" from="1" to="2">
<condition id="-1">
<or_exp><and_exp></and_exp></or_exp>
</condition>
</trans>

<trans id="139" from="2" to="3">
<condition id="-1">
<or_exp><and_exp></and_exp></or_exp>
</condition>
</trans>

<trans id="125" from="3" to="4">
<condition id="-1">
<or_exp><and_exp></and_exp></or_exp>
</condition>
</trans>

<trans id="126" from="4" to="5">
<condition id="-1">
<or_exp><and_exp></and_exp></or_exp>
</condition>
</trans>

<trans id="127" from="5" to="6">
<condition id="-1">
<or_exp><and_exp></and_exp></or_exp>
</condition>
</trans>

<trans id="128" from="6" to="7">
<condition id="-1">
<or_exp><and_exp></and_exp></or_exp>
</condition>
</trans>

<trans id="129" from="7" to="8">
<condition id="-1">
<or_exp><and_exp></and_exp></or_exp>
</condition>
</trans>

<trans id="130" from="8" to="9">
<condition id="-1">
<or_exp><and_exp></and_exp></or_exp>
</condition>
</trans>

<trans id="131" from="9" to="10">
<condition id="-1">
<or_exp><and_exp></and_exp></or_exp>
</condition>
</trans>

<trans id="132" from="10" to="11">
<condition id="-1">
<or_exp><and_exp></and_exp></or_exp>
</condition>
</trans>

<trans id="133" from="11" to="12">
<condition id="-1">
<or_exp><and_exp></and_exp></or_exp>
</condition>
</trans>

<trans id="134" from="12" to="13">
<condition id="-1">
<or_exp><and_exp></and_exp></or_exp>
</condition>
</trans>

<trans id="135" from="13" to="14">
<condition id="-1">
<or_exp><and_exp></and_exp></or_exp>
</condition>
</trans>

<trans id="136" from="14" to="15">
<condition id="-1">
<or_exp><and_exp></and_exp></or_exp>
</condition>
</trans>
</trans_list>



<state_list>

<state id="1" st_id="1">

<operation id="17" st_id="1" stage="1" lat="1">
<core>NULL</core>
<MemPortIdVec></MemPortIdVec>
<condition id="-1">
<or_exp><and_exp></and_exp></or_exp>
</condition>

<Node id="14" bw="64" op_0_bw="32">
<![CDATA[
newFuncRoot:0 %reuse_addr_reg = alloca i32 1

]]></Node>
<StgValue><ssdm name="reuse_addr_reg"/></StgValue>
</operation>

<operation id="18" st_id="1" stage="1" lat="1">
<core>NULL</core>
<MemPortIdVec></MemPortIdVec>
<condition id="-1">
<or_exp><and_exp></and_exp></or_exp>
</condition>

<Node id="15" bw="24" op_0_bw="32">
<![CDATA[
newFuncRoot:1 %reuse_reg = alloca i32 1

]]></Node>
<StgValue><ssdm name="reuse_reg"/></StgValue>
</operation>

<operation id="19" st_id="1" stage="1" lat="1">
<core>NULL</core>
<MemPortIdVec></MemPortIdVec>
<condition id="-1">
<or_exp><and_exp></and_exp></or_exp>
</condition>

<Node id="16" bw="3" op_0_bw="32">
<![CDATA[
newFuncRoot:2 %i = alloca i32 1

]]></Node>
<StgValue><ssdm name="i"/></StgValue>
</operation>

<operation id="20" st_id="1" stage="1" lat="1">
<core>NULL</core>
<MemPortIdVec></MemPortIdVec>
<condition id="-1">
<or_exp><and_exp></and_exp></or_exp>
</condition>

<Node id="17" bw="24" op_0_bw="32">
<![CDATA[
newFuncRoot:3 %XOQ2_2_V_1 = alloca i32 1

]]></Node>
<StgValue><ssdm name="XOQ2_2_V_1"/></StgValue>
</operation>

<operation id="21" st_id="1" stage="1" lat="1">
<core>NULL</core>
<MemPortIdVec></MemPortIdVec>
<condition id="-1">
<or_exp><and_exp></and_exp></or_exp>
</condition>

<Node id="18" bw="24" op_0_bw="32">
<![CDATA[
newFuncRoot:4 %XOQ2_2_V_1_1 = alloca i32 1

]]></Node>
<StgValue><ssdm name="XOQ2_2_V_1_1"/></StgValue>
</operation>

<operation id="22" st_id="1" stage="1" lat="1">
<core>NULL</core>
<MemPortIdVec></MemPortIdVec>
<condition id="-1">
<or_exp><and_exp></and_exp></or_exp>
</condition>

<Node id="19" bw="24" op_0_bw="32">
<![CDATA[
newFuncRoot:5 %XOQ2_2_V_1_2 = alloca i32 1

]]></Node>
<StgValue><ssdm name="XOQ2_2_V_1_2"/></StgValue>
</operation>

<operation id="23" st_id="1" stage="1" lat="1">
<core>NULL</core>
<MemPortIdVec></MemPortIdVec>
<condition id="-1">
<or_exp><and_exp></and_exp></or_exp>
</condition>

<Node id="20" bw="24" op_0_bw="32">
<![CDATA[
newFuncRoot:6 %XOQ2_2_V_1_3 = alloca i32 1

]]></Node>
<StgValue><ssdm name="XOQ2_2_V_1_3"/></StgValue>
</operation>

<operation id="24" st_id="1" stage="1" lat="1">
<core>NULL</core>
<MemPortIdVec></MemPortIdVec>
<condition id="-1">
<or_exp><and_exp></and_exp></or_exp>
</condition>

<Node id="21" bw="24" op_0_bw="24" op_1_bw="24">
<![CDATA[
newFuncRoot:7 %PhaseV2_V_3_027_reload_read = read i24 @_ssdm_op_Read.ap_auto.i24, i24 %PhaseV2_V_3_027_reload

]]></Node>
<StgValue><ssdm name="PhaseV2_V_3_027_reload_read"/></StgValue>
</operation>

<operation id="25" st_id="1" stage="1" lat="1">
<core>NULL</core>
<MemPortIdVec></MemPortIdVec>
<condition id="-1">
<or_exp><and_exp></and_exp></or_exp>
</condition>

<Node id="22" bw="24" op_0_bw="24" op_1_bw="24">
<![CDATA[
newFuncRoot:8 %PhaseV2_V_2_026_reload_read = read i24 @_ssdm_op_Read.ap_auto.i24, i24 %PhaseV2_V_2_026_reload

]]></Node>
<StgValue><ssdm name="PhaseV2_V_2_026_reload_read"/></StgValue>
</operation>

<operation id="26" st_id="1" stage="1" lat="1">
<core>NULL</core>
<MemPortIdVec></MemPortIdVec>
<condition id="-1">
<or_exp><and_exp></and_exp></or_exp>
</condition>

<Node id="23" bw="24" op_0_bw="24" op_1_bw="24">
<![CDATA[
newFuncRoot:9 %PhaseV2_V_1_025_reload_read = read i24 @_ssdm_op_Read.ap_auto.i24, i24 %PhaseV2_V_1_025_reload

]]></Node>
<StgValue><ssdm name="PhaseV2_V_1_025_reload_read"/></StgValue>
</operation>

<operation id="27" st_id="1" stage="1" lat="1">
<core>NULL</core>
<MemPortIdVec></MemPortIdVec>
<condition id="-1">
<or_exp><and_exp></and_exp></or_exp>
</condition>

<Node id="24" bw="24" op_0_bw="24" op_1_bw="24">
<![CDATA[
newFuncRoot:10 %PhaseV2_V_0_0_reload_read = read i24 @_ssdm_op_Read.ap_auto.i24, i24 %PhaseV2_V_0_0_reload

]]></Node>
<StgValue><ssdm name="PhaseV2_V_0_0_reload_read"/></StgValue>
</operation>

<operation id="28" st_id="1" stage="1" lat="1">
<core>NULL</core>
<MemPortIdVec></MemPortIdVec>
<condition id="-1">
<or_exp><and_exp></and_exp></or_exp>
</condition>

<Node id="25" bw="24" op_0_bw="24" op_1_bw="24">
<![CDATA[
newFuncRoot:11 %XOQ1_2_V_3_048_reload_read = read i24 @_ssdm_op_Read.ap_auto.i24, i24 %XOQ1_2_V_3_048_reload

]]></Node>
<StgValue><ssdm name="XOQ1_2_V_3_048_reload_read"/></StgValue>
</operation>

<operation id="29" st_id="1" stage="1" lat="1">
<core>NULL</core>
<MemPortIdVec></MemPortIdVec>
<condition id="-1">
<or_exp><and_exp></and_exp></or_exp>
</condition>

<Node id="26" bw="24" op_0_bw="24" op_1_bw="24">
<![CDATA[
newFuncRoot:12 %XOQ1_2_V_2_047_reload_read = read i24 @_ssdm_op_Read.ap_auto.i24, i24 %XOQ1_2_V_2_047_reload

]]></Node>
<StgValue><ssdm name="XOQ1_2_V_2_047_reload_read"/></StgValue>
</operation>

<operation id="30" st_id="1" stage="1" lat="1">
<core>NULL</core>
<MemPortIdVec></MemPortIdVec>
<condition id="-1">
<or_exp><and_exp></and_exp></or_exp>
</condition>

<Node id="27" bw="24" op_0_bw="24" op_1_bw="24">
<![CDATA[
newFuncRoot:13 %XOQ1_2_V_1_046_reload_read = read i24 @_ssdm_op_Read.ap_auto.i24, i24 %XOQ1_2_V_1_046_reload

]]></Node>
<StgValue><ssdm name="XOQ1_2_V_1_046_reload_read"/></StgValue>
</operation>

<operation id="31" st_id="1" stage="1" lat="1">
<core>NULL</core>
<MemPortIdVec></MemPortIdVec>
<condition id="-1">
<or_exp><and_exp></and_exp></or_exp>
</condition>

<Node id="28" bw="24" op_0_bw="24" op_1_bw="24">
<![CDATA[
newFuncRoot:14 %XOQ1_2_V_0_0_reload_read = read i24 @_ssdm_op_Read.ap_auto.i24, i24 %XOQ1_2_V_0_0_reload

]]></Node>
<StgValue><ssdm name="XOQ1_2_V_0_0_reload_read"/></StgValue>
</operation>

<operation id="32" st_id="1" stage="1" lat="1">
<core>NULL</core>
<MemPortIdVec></MemPortIdVec>
<condition id="-1">
<or_exp><and_exp></and_exp></or_exp>
</condition>

<Node id="29" bw="0" op_0_bw="24" op_1_bw="24">
<![CDATA[
newFuncRoot:15 %store_ln0 = store i24 0, i24 %XOQ2_2_V_1

]]></Node>
<StgValue><ssdm name="store_ln0"/></StgValue>
</operation>

<operation id="33" st_id="1" stage="1" lat="1">
<core>NULL</core>
<MemPortIdVec></MemPortIdVec>
<condition id="-1">
<or_exp><and_exp></and_exp></or_exp>
</condition>

<Node id="30" bw="0" op_0_bw="3" op_1_bw="3">
<![CDATA[
newFuncRoot:16 %store_ln0 = store i3 0, i3 %i

]]></Node>
<StgValue><ssdm name="store_ln0"/></StgValue>
</operation>

<operation id="34" st_id="1" stage="1" lat="1">
<core>NULL</core>
<MemPortIdVec></MemPortIdVec>
<condition id="-1">
<or_exp><and_exp></and_exp></or_exp>
</condition>

<Node id="31" bw="0" op_0_bw="24" op_1_bw="24">
<![CDATA[
newFuncRoot:17 %store_ln0 = store i24 0, i24 %reuse_reg

]]></Node>
<StgValue><ssdm name="store_ln0"/></StgValue>
</operation>

<operation id="35" st_id="1" stage="1" lat="1">
<core>NULL</core>
<MemPortIdVec></MemPortIdVec>
<condition id="-1">
<or_exp><and_exp></and_exp></or_exp>
</condition>

<Node id="32" bw="0" op_0_bw="64" op_1_bw="64">
<![CDATA[
newFuncRoot:18 %store_ln0 = store i64 18446744073709551615, i64 %reuse_addr_reg

]]></Node>
<StgValue><ssdm name="store_ln0"/></StgValue>
</operation>

<operation id="36" st_id="1" stage="1" lat="1">
<core>NULL</core>
<MemPortIdVec></MemPortIdVec>
<condition id="-1">
<or_exp><and_exp></and_exp></or_exp>
</condition>

<Node id="33" bw="0" op_0_bw="0">
<![CDATA[
newFuncRoot:19 %br_ln0 = br void %for.body775

]]></Node>
<StgValue><ssdm name="br_ln0"/></StgValue>
</operation>
</state>

<state id="2" st_id="2">

<operation id="37" st_id="2" stage="1" lat="1">
<core>NULL</core>
<MemPortIdVec></MemPortIdVec>
<condition id="-1">
<or_exp><and_exp></and_exp></or_exp>
</condition>

<Node id="35" bw="3" op_0_bw="3" op_1_bw="0">
<![CDATA[
for.body775:0 %i_14 = load i3 %i

]]></Node>
<StgValue><ssdm name="i_14"/></StgValue>
</operation>

<operation id="38" st_id="2" stage="1" lat="1">
<core>NULL</core>
<MemPortIdVec></MemPortIdVec>
<condition id="-1">
<or_exp><and_exp></and_exp></or_exp>
</condition>

<Node id="36" bw="0" op_0_bw="0" op_1_bw="32" op_2_bw="32" op_3_bw="32" op_4_bw="32" op_5_bw="0">
<![CDATA[
for.body775:1 %specpipeline_ln0 = specpipeline void @_ssdm_op_SpecPipeline, i32 4294967295, i32 0, i32 1, i32 0, void @p_str

]]></Node>
<StgValue><ssdm name="specpipeline_ln0"/></StgValue>
</operation>

<operation id="39" st_id="2" stage="1" lat="1">
<core>Cmp</core>
<MemPortIdVec></MemPortIdVec>
<condition id="-1">
<or_exp><and_exp></and_exp></or_exp>
</condition>

<Node id="37" bw="1" op_0_bw="3" op_1_bw="3">
<![CDATA[
for.body775:2 %icmp_ln236 = icmp_eq  i3 %i_14, i3 4

]]></Node>
<StgValue><ssdm name="icmp_ln236"/></StgValue>
</operation>

<operation id="40" st_id="2" stage="1" lat="1">
<core>NULL</core>
<MemPortIdVec></MemPortIdVec>
<condition id="-1">
<or_exp><and_exp></and_exp></or_exp>
</condition>

<Node id="38" bw="32" op_0_bw="32" op_1_bw="64" op_2_bw="64" op_3_bw="64">
<![CDATA[
for.body775:3 %empty = speclooptripcount i32 @_ssdm_op_SpecLoopTripCount, i64 4, i64 4, i64 4

]]></Node>
<StgValue><ssdm name="empty"/></StgValue>
</operation>

<operation id="41" st_id="2" stage="1" lat="1">
<core>Adder</core>
<MemPortIdVec></MemPortIdVec>
<condition id="-1">
<or_exp><and_exp></and_exp></or_exp>
</condition>

<Node id="39" bw="3" op_0_bw="3" op_1_bw="3">
<![CDATA[
for.body775:4 %add_ln238 = add i3 %i_14, i3 1

]]></Node>
<StgValue><ssdm name="add_ln238"/></StgValue>
</operation>

<operation id="42" st_id="2" stage="1" lat="1">
<core>NULL</core>
<MemPortIdVec></MemPortIdVec>
<condition id="-1">
<or_exp><and_exp></and_exp></or_exp>
</condition>

<Node id="40" bw="0" op_0_bw="1" op_1_bw="0" op_2_bw="0">
<![CDATA[
for.body775:5 %br_ln236 = br i1 %icmp_ln236, void %for.body775.split, void %for.end795.exitStub

]]></Node>
<StgValue><ssdm name="br_ln236"/></StgValue>
</operation>

<operation id="43" st_id="2" stage="1" lat="1">
<core>NULL</core>
<MemPortIdVec></MemPortIdVec>
<condition id="-1">
<or_exp><and_exp><literal name="icmp_ln236" val="0"/>
</and_exp></or_exp>
</condition>

<Node id="42" bw="64" op_0_bw="3">
<![CDATA[
for.body775.split:0 %i_15_cast = zext i3 %i_14

]]></Node>
<StgValue><ssdm name="i_15_cast"/></StgValue>
</operation>

<operation id="44" st_id="2" stage="1" lat="1">
<core>NULL</core>
<MemPortIdVec></MemPortIdVec>
<condition id="-1">
<or_exp><and_exp><literal name="icmp_ln236" val="0"/>
</and_exp></or_exp>
</condition>

<Node id="44" bw="2" op_0_bw="3">
<![CDATA[
for.body775.split:2 %trunc_ln1317 = trunc i3 %i_14

]]></Node>
<StgValue><ssdm name="trunc_ln1317"/></StgValue>
</operation>

<operation id="45" st_id="2" stage="1" lat="1">
<core>Multiplexer</core>
<MemPortIdVec></MemPortIdVec>
<condition id="-1">
<or_exp><and_exp><literal name="icmp_ln236" val="0"/>
</and_exp></or_exp>
</condition>

<Node id="45" bw="24" op_0_bw="24" op_1_bw="24" op_2_bw="24" op_3_bw="24" op_4_bw="24" op_5_bw="2">
<![CDATA[
for.body775.split:3 %r_V = mux i24 @_ssdm_op_Mux.ap_auto.4i24.i2, i24 %XOQ1_2_V_0_0_reload_read, i24 %XOQ1_2_V_1_046_reload_read, i24 %XOQ1_2_V_2_047_reload_read, i24 %XOQ1_2_V_3_048_reload_read, i2 %trunc_ln1317

]]></Node>
<StgValue><ssdm name="r_V"/></StgValue>
</operation>

<operation id="46" st_id="2" stage="1" lat="1">
<core>NULL</core>
<MemPortIdVec></MemPortIdVec>
<condition id="-1">
<or_exp><and_exp><literal name="icmp_ln236" val="0"/>
</and_exp></or_exp>
</condition>

<Node id="46" bw="40" op_0_bw="24">
<![CDATA[
for.body775.split:4 %sext_ln1316 = sext i24 %r_V

]]></Node>
<StgValue><ssdm name="sext_ln1316"/></StgValue>
</operation>

<operation id="47" st_id="2" stage="4" lat="4">
<core>DSP48</core>
<MemPortIdVec></MemPortIdVec>
<condition id="-1">
<or_exp><and_exp><literal name="icmp_ln236" val="0"/>
</and_exp></or_exp>
</condition>

<Node id="47" bw="40" op_0_bw="40" op_1_bw="40">
<![CDATA[
for.body775.split:5 %mul_ln1316 = mul i40 %sext_ln1316, i40 39796

]]></Node>
<StgValue><ssdm name="mul_ln1316"/></StgValue>
</operation>

<operation id="48" st_id="2" stage="1" lat="1">
<core>NULL</core>
<MemPortIdVec></MemPortIdVec>
<condition id="-1">
<or_exp><and_exp><literal name="icmp_ln236" val="0"/>
</and_exp></or_exp>
</condition>

<Node id="49" bw="3" op_0_bw="24" op_1_bw="64" op_2_bw="64">
<![CDATA[
for.body775.split:7 %TempQ2_2_V_addr = getelementptr i24 %TempQ2_2_V, i64 0, i64 %i_15_cast

]]></Node>
<StgValue><ssdm name="TempQ2_2_V_addr"/></StgValue>
</operation>

<operation id="49" st_id="2" stage="1" lat="1">
<core>NULL</core>
<MemPortIdVec></MemPortIdVec>
<condition id="-1">
<or_exp><and_exp><literal name="icmp_ln236" val="0"/>
</and_exp></or_exp>
</condition>

<Node id="51" bw="64" op_0_bw="64" op_1_bw="0">
<![CDATA[
for.body775.split:9 %reuse_addr_reg_load = load i64 %reuse_addr_reg

]]></Node>
<StgValue><ssdm name="reuse_addr_reg_load"/></StgValue>
</operation>

<operation id="50" st_id="2" stage="2" lat="2">
<core>RAM</core>
<MemPortIdVec>0 </MemPortIdVec>
<condition id="-1">
<or_exp><and_exp><literal name="icmp_ln236" val="0"/>
</and_exp></or_exp>
</condition>

<Node id="52" bw="24" op_0_bw="3">
<![CDATA[
for.body775.split:10 %TempQ2_2_V_load = load i3 %TempQ2_2_V_addr

]]></Node>
<StgValue><ssdm name="TempQ2_2_V_load"/></StgValue>
</operation>

<operation id="51" st_id="2" stage="1" lat="1">
<core>Cmp</core>
<MemPortIdVec></MemPortIdVec>
<condition id="-1">
<or_exp><and_exp><literal name="icmp_ln236" val="0"/>
</and_exp></or_exp>
</condition>

<Node id="53" bw="1" op_0_bw="64" op_1_bw="64">
<![CDATA[
for.body775.split:11 %addr_cmp = icmp_eq  i64 %reuse_addr_reg_load, i64 %i_15_cast

]]></Node>
<StgValue><ssdm name="addr_cmp"/></StgValue>
</operation>

<operation id="52" st_id="2" stage="1" lat="1">
<core>Multiplexer</core>
<MemPortIdVec></MemPortIdVec>
<condition id="-1">
<or_exp><and_exp><literal name="icmp_ln236" val="0"/>
</and_exp></or_exp>
</condition>

<Node id="58" bw="24" op_0_bw="24" op_1_bw="24" op_2_bw="24" op_3_bw="24" op_4_bw="24" op_5_bw="2">
<![CDATA[
for.body775.split:16 %tmp_14 = mux i24 @_ssdm_op_Mux.ap_auto.4i24.i2, i24 %PhaseV2_V_0_0_reload_read, i24 %PhaseV2_V_1_025_reload_read, i24 %PhaseV2_V_2_026_reload_read, i24 %PhaseV2_V_3_027_reload_read, i2 %trunc_ln1317

]]></Node>
<StgValue><ssdm name="tmp_14"/></StgValue>
</operation>

<operation id="53" st_id="2" stage="1" lat="1">
<core>NULL</core>
<MemPortIdVec></MemPortIdVec>
<condition id="-1">
<or_exp><and_exp><literal name="icmp_ln236" val="0"/>
</and_exp></or_exp>
</condition>

<Node id="64" bw="0" op_0_bw="2" op_1_bw="0" op_2_bw="2" op_3_bw="0" op_4_bw="2" op_5_bw="0" op_6_bw="2" op_7_bw="0">
<![CDATA[
for.body775.split:22 %switch_ln238 = switch i2 %trunc_ln1317, void %branch63, i2 0, void %for.body775.split.for.body775.split708_crit_edge, i2 1, void %for.body775.split.for.body775.split708_crit_edge11, i2 2, void %branch62

]]></Node>
<StgValue><ssdm name="switch_ln238"/></StgValue>
</operation>
</state>

<state id="3" st_id="3">

<operation id="54" st_id="3" stage="3" lat="4">
<core>DSP48</core>
<MemPortIdVec></MemPortIdVec>
<condition id="-1">
<or_exp><and_exp><literal name="icmp_ln236" val="0"/>
</and_exp></or_exp>
</condition>

<Node id="47" bw="40" op_0_bw="40" op_1_bw="40">
<![CDATA[
for.body775.split:5 %mul_ln1316 = mul i40 %sext_ln1316, i40 39796

]]></Node>
<StgValue><ssdm name="mul_ln1316"/></StgValue>
</operation>

<operation id="55" st_id="3" stage="1" lat="1">
<core>NULL</core>
<MemPortIdVec></MemPortIdVec>
<condition id="-1">
<or_exp><and_exp><literal name="icmp_ln236" val="0"/>
<literal name="addr_cmp" val="1"/>
</and_exp></or_exp>
</condition>

<Node id="50" bw="24" op_0_bw="24" op_1_bw="0">
<![CDATA[
for.body775.split:8 %reuse_reg_load = load i24 %reuse_reg

]]></Node>
<StgValue><ssdm name="reuse_reg_load"/></StgValue>
</operation>

<operation id="56" st_id="3" stage="1" lat="2">
<core>RAM</core>
<MemPortIdVec>0 </MemPortIdVec>
<condition id="-1">
<or_exp><and_exp><literal name="icmp_ln236" val="0"/>
</and_exp></or_exp>
</condition>

<Node id="52" bw="24" op_0_bw="3">
<![CDATA[
for.body775.split:10 %TempQ2_2_V_load = load i3 %TempQ2_2_V_addr

]]></Node>
<StgValue><ssdm name="TempQ2_2_V_load"/></StgValue>
</operation>

<operation id="57" st_id="3" stage="1" lat="1">
<core>Sel</core>
<MemPortIdVec></MemPortIdVec>
<condition id="-1">
<or_exp><and_exp><literal name="icmp_ln236" val="0"/>
</and_exp></or_exp>
</condition>

<Node id="54" bw="24" op_0_bw="1" op_1_bw="24" op_2_bw="24">
<![CDATA[
for.body775.split:12 %r_V_12 = select i1 %addr_cmp, i24 %reuse_reg_load, i24 %TempQ2_2_V_load

]]></Node>
<StgValue><ssdm name="r_V_12"/></StgValue>
</operation>

<operation id="58" st_id="3" stage="1" lat="1">
<core>NULL</core>
<MemPortIdVec></MemPortIdVec>
<condition id="-1">
<or_exp><and_exp><literal name="icmp_ln236" val="0"/>
</and_exp></or_exp>
</condition>

<Node id="55" bw="40" op_0_bw="24">
<![CDATA[
for.body775.split:13 %sext_ln1316_12 = sext i24 %r_V_12

]]></Node>
<StgValue><ssdm name="sext_ln1316_12"/></StgValue>
</operation>

<operation id="59" st_id="3" stage="4" lat="4">
<core>DSP48</core>
<MemPortIdVec></MemPortIdVec>
<condition id="-1">
<or_exp><and_exp><literal name="icmp_ln236" val="0"/>
</and_exp></or_exp>
</condition>

<Node id="56" bw="40" op_0_bw="40" op_1_bw="40">
<![CDATA[
for.body775.split:14 %mul_ln1316_12 = mul i40 %sext_ln1316_12, i40 39796

]]></Node>
<StgValue><ssdm name="mul_ln1316_12"/></StgValue>
</operation>

<operation id="93" st_id="3" stage="1" lat="1">
<core>NULL</core>
<MemPortIdVec></MemPortIdVec>
<condition id="-1">
<or_exp><and_exp><literal name="icmp_ln236" val="1"/>
</and_exp></or_exp>
</condition>

<Node id="84" bw="24" op_0_bw="24" op_1_bw="0">
<![CDATA[
for.end795.exitStub:0 %XOQ2_2_V_1_load = load i24 %XOQ2_2_V_1

]]></Node>
<StgValue><ssdm name="XOQ2_2_V_1_load"/></StgValue>
</operation>

<operation id="94" st_id="3" stage="1" lat="1">
<core>NULL</core>
<MemPortIdVec></MemPortIdVec>
<condition id="-1">
<or_exp><and_exp><literal name="icmp_ln236" val="1"/>
</and_exp></or_exp>
</condition>

<Node id="85" bw="24" op_0_bw="24">
<![CDATA[
for.end795.exitStub:1 %XOQ2_2_V_1_1_load = load i24 %XOQ2_2_V_1_1

]]></Node>
<StgValue><ssdm name="XOQ2_2_V_1_1_load"/></StgValue>
</operation>

<operation id="95" st_id="3" stage="1" lat="1">
<core>NULL</core>
<MemPortIdVec></MemPortIdVec>
<condition id="-1">
<or_exp><and_exp><literal name="icmp_ln236" val="1"/>
</and_exp></or_exp>
</condition>

<Node id="86" bw="24" op_0_bw="24">
<![CDATA[
for.end795.exitStub:2 %XOQ2_2_V_1_2_load = load i24 %XOQ2_2_V_1_2

]]></Node>
<StgValue><ssdm name="XOQ2_2_V_1_2_load"/></StgValue>
</operation>

<operation id="96" st_id="3" stage="1" lat="1">
<core>NULL</core>
<MemPortIdVec></MemPortIdVec>
<condition id="-1">
<or_exp><and_exp><literal name="icmp_ln236" val="1"/>
</and_exp></or_exp>
</condition>

<Node id="87" bw="24" op_0_bw="24">
<![CDATA[
for.end795.exitStub:3 %XOQ2_2_V_1_3_load = load i24 %XOQ2_2_V_1_3

]]></Node>
<StgValue><ssdm name="XOQ2_2_V_1_3_load"/></StgValue>
</operation>

<operation id="97" st_id="3" stage="1" lat="1">
<core>NULL</core>
<MemPortIdVec></MemPortIdVec>
<condition id="-1">
<or_exp><and_exp><literal name="icmp_ln236" val="1"/>
</and_exp></or_exp>
</condition>

<Node id="88" bw="0" op_0_bw="0" op_1_bw="24" op_2_bw="24">
<![CDATA[
for.end795.exitStub:4 %write_ln0 = write void @_ssdm_op_Write.ap_auto.i24P0A, i24 %XOQ2_2_V_3_060_out, i24 %XOQ2_2_V_1_3_load

]]></Node>
<StgValue><ssdm name="write_ln0"/></StgValue>
</operation>

<operation id="98" st_id="3" stage="1" lat="1">
<core>NULL</core>
<MemPortIdVec></MemPortIdVec>
<condition id="-1">
<or_exp><and_exp><literal name="icmp_ln236" val="1"/>
</and_exp></or_exp>
</condition>

<Node id="89" bw="0" op_0_bw="0" op_1_bw="24" op_2_bw="24">
<![CDATA[
for.end795.exitStub:5 %write_ln0 = write void @_ssdm_op_Write.ap_auto.i24P0A, i24 %XOQ2_2_V_2_059_out, i24 %XOQ2_2_V_1_2_load

]]></Node>
<StgValue><ssdm name="write_ln0"/></StgValue>
</operation>

<operation id="99" st_id="3" stage="1" lat="1">
<core>NULL</core>
<MemPortIdVec></MemPortIdVec>
<condition id="-1">
<or_exp><and_exp><literal name="icmp_ln236" val="1"/>
</and_exp></or_exp>
</condition>

<Node id="90" bw="0" op_0_bw="0" op_1_bw="24" op_2_bw="24">
<![CDATA[
for.end795.exitStub:6 %write_ln0 = write void @_ssdm_op_Write.ap_auto.i24P0A, i24 %XOQ2_2_V_1_058_out, i24 %XOQ2_2_V_1_1_load

]]></Node>
<StgValue><ssdm name="write_ln0"/></StgValue>
</operation>

<operation id="100" st_id="3" stage="1" lat="1">
<core>NULL</core>
<MemPortIdVec></MemPortIdVec>
<condition id="-1">
<or_exp><and_exp><literal name="icmp_ln236" val="1"/>
</and_exp></or_exp>
</condition>

<Node id="91" bw="0" op_0_bw="0" op_1_bw="24" op_2_bw="24">
<![CDATA[
for.end795.exitStub:7 %write_ln0 = write void @_ssdm_op_Write.ap_auto.i24P0A, i24 %XOQ2_2_V_0_0_out, i24 %XOQ2_2_V_1_load

]]></Node>
<StgValue><ssdm name="write_ln0"/></StgValue>
</operation>

<operation id="101" st_id="3" stage="1" lat="1">
<core>NULL</core>
<MemPortIdVec></MemPortIdVec>
<condition id="-1">
<or_exp><and_exp><literal name="icmp_ln236" val="1"/>
</and_exp></or_exp>
</condition>

<Node id="92" bw="0">
<![CDATA[
for.end795.exitStub:8 %ret_ln0 = ret

]]></Node>
<StgValue><ssdm name="ret_ln0"/></StgValue>
</operation>
</state>

<state id="4" st_id="4">

<operation id="60" st_id="4" stage="2" lat="4">
<core>DSP48</core>
<MemPortIdVec></MemPortIdVec>
<condition id="-1">
<or_exp><and_exp><literal name="icmp_ln236" val="0"/>
</and_exp></or_exp>
</condition>

<Node id="47" bw="40" op_0_bw="40" op_1_bw="40">
<![CDATA[
for.body775.split:5 %mul_ln1316 = mul i40 %sext_ln1316, i40 39796

]]></Node>
<StgValue><ssdm name="mul_ln1316"/></StgValue>
</operation>

<operation id="61" st_id="4" stage="3" lat="4">
<core>DSP48</core>
<MemPortIdVec></MemPortIdVec>
<condition id="-1">
<or_exp><and_exp><literal name="icmp_ln236" val="0"/>
</and_exp></or_exp>
</condition>

<Node id="56" bw="40" op_0_bw="40" op_1_bw="40">
<![CDATA[
for.body775.split:14 %mul_ln1316_12 = mul i40 %sext_ln1316_12, i40 39796

]]></Node>
<StgValue><ssdm name="mul_ln1316_12"/></StgValue>
</operation>
</state>

<state id="5" st_id="5">

<operation id="62" st_id="5" stage="1" lat="4">
<core>DSP48</core>
<MemPortIdVec></MemPortIdVec>
<condition id="-1">
<or_exp><and_exp><literal name="icmp_ln236" val="0"/>
</and_exp></or_exp>
</condition>

<Node id="47" bw="40" op_0_bw="40" op_1_bw="40">
<![CDATA[
for.body775.split:5 %mul_ln1316 = mul i40 %sext_ln1316, i40 39796

]]></Node>
<StgValue><ssdm name="mul_ln1316"/></StgValue>
</operation>

<operation id="63" st_id="5" stage="1" lat="1">
<core>NULL</core>
<MemPortIdVec></MemPortIdVec>
<condition id="-1">
<or_exp><and_exp><literal name="icmp_ln236" val="0"/>
</and_exp></or_exp>
</condition>

<Node id="48" bw="24" op_0_bw="24" op_1_bw="40" op_2_bw="32" op_3_bw="32">
<![CDATA[
for.body775.split:6 %trunc_ln864_s = partselect i24 @_ssdm_op_PartSelect.i24.i40.i32.i32, i40 %mul_ln1316, i32 16, i32 39

]]></Node>
<StgValue><ssdm name="trunc_ln864_s"/></StgValue>
</operation>

<operation id="64" st_id="5" stage="2" lat="4">
<core>DSP48</core>
<MemPortIdVec></MemPortIdVec>
<condition id="-1">
<or_exp><and_exp><literal name="icmp_ln236" val="0"/>
</and_exp></or_exp>
</condition>

<Node id="56" bw="40" op_0_bw="40" op_1_bw="40">
<![CDATA[
for.body775.split:14 %mul_ln1316_12 = mul i40 %sext_ln1316_12, i40 39796

]]></Node>
<StgValue><ssdm name="mul_ln1316_12"/></StgValue>
</operation>
</state>

<state id="6" st_id="6">

<operation id="65" st_id="6" stage="1" lat="4">
<core>DSP48</core>
<MemPortIdVec></MemPortIdVec>
<condition id="-1">
<or_exp><and_exp><literal name="icmp_ln236" val="0"/>
</and_exp></or_exp>
</condition>

<Node id="56" bw="40" op_0_bw="40" op_1_bw="40">
<![CDATA[
for.body775.split:14 %mul_ln1316_12 = mul i40 %sext_ln1316_12, i40 39796

]]></Node>
<StgValue><ssdm name="mul_ln1316_12"/></StgValue>
</operation>

<operation id="66" st_id="6" stage="1" lat="1">
<core>NULL</core>
<MemPortIdVec></MemPortIdVec>
<condition id="-1">
<or_exp><and_exp><literal name="icmp_ln236" val="0"/>
</and_exp></or_exp>
</condition>

<Node id="57" bw="24" op_0_bw="24" op_1_bw="40" op_2_bw="32" op_3_bw="32">
<![CDATA[
for.body775.split:15 %trunc_ln864_11 = partselect i24 @_ssdm_op_PartSelect.i24.i40.i32.i32, i40 %mul_ln1316_12, i32 16, i32 39

]]></Node>
<StgValue><ssdm name="trunc_ln864_11"/></StgValue>
</operation>
</state>

<state id="7" st_id="7">

<operation id="67" st_id="7" stage="8" lat="8">
<core></core>
<MemPortIdVec></MemPortIdVec>
<condition id="-1">
<or_exp><and_exp><literal name="icmp_ln236" val="0"/>
</and_exp></or_exp>
</condition>

<Node id="61" bw="48" op_0_bw="48" op_1_bw="24" op_2_bw="24" op_3_bw="24">
<![CDATA[
for.body775.split:19 %cordic_ret = call i48 @cordic, i24 %trunc_ln864_s, i24 %trunc_ln864_11, i24 %tmp_14

]]></Node>
<StgValue><ssdm name="cordic_ret"/></StgValue>
</operation>
</state>

<state id="8" st_id="8">

<operation id="68" st_id="8" stage="7" lat="8">
<core></core>
<MemPortIdVec></MemPortIdVec>
<condition id="-1">
<or_exp><and_exp><literal name="icmp_ln236" val="0"/>
</and_exp></or_exp>
</condition>

<Node id="61" bw="48" op_0_bw="48" op_1_bw="24" op_2_bw="24" op_3_bw="24">
<![CDATA[
for.body775.split:19 %cordic_ret = call i48 @cordic, i24 %trunc_ln864_s, i24 %trunc_ln864_11, i24 %tmp_14

]]></Node>
<StgValue><ssdm name="cordic_ret"/></StgValue>
</operation>
</state>

<state id="9" st_id="9">

<operation id="69" st_id="9" stage="6" lat="8">
<core></core>
<MemPortIdVec></MemPortIdVec>
<condition id="-1">
<or_exp><and_exp><literal name="icmp_ln236" val="0"/>
</and_exp></or_exp>
</condition>

<Node id="61" bw="48" op_0_bw="48" op_1_bw="24" op_2_bw="24" op_3_bw="24">
<![CDATA[
for.body775.split:19 %cordic_ret = call i48 @cordic, i24 %trunc_ln864_s, i24 %trunc_ln864_11, i24 %tmp_14

]]></Node>
<StgValue><ssdm name="cordic_ret"/></StgValue>
</operation>
</state>

<state id="10" st_id="10">

<operation id="70" st_id="10" stage="5" lat="8">
<core></core>
<MemPortIdVec></MemPortIdVec>
<condition id="-1">
<or_exp><and_exp><literal name="icmp_ln236" val="0"/>
</and_exp></or_exp>
</condition>

<Node id="61" bw="48" op_0_bw="48" op_1_bw="24" op_2_bw="24" op_3_bw="24">
<![CDATA[
for.body775.split:19 %cordic_ret = call i48 @cordic, i24 %trunc_ln864_s, i24 %trunc_ln864_11, i24 %tmp_14

]]></Node>
<StgValue><ssdm name="cordic_ret"/></StgValue>
</operation>
</state>

<state id="11" st_id="11">

<operation id="71" st_id="11" stage="4" lat="8">
<core></core>
<MemPortIdVec></MemPortIdVec>
<condition id="-1">
<or_exp><and_exp><literal name="icmp_ln236" val="0"/>
</and_exp></or_exp>
</condition>

<Node id="61" bw="48" op_0_bw="48" op_1_bw="24" op_2_bw="24" op_3_bw="24">
<![CDATA[
for.body775.split:19 %cordic_ret = call i48 @cordic, i24 %trunc_ln864_s, i24 %trunc_ln864_11, i24 %tmp_14

]]></Node>
<StgValue><ssdm name="cordic_ret"/></StgValue>
</operation>
</state>

<state id="12" st_id="12">

<operation id="72" st_id="12" stage="3" lat="8">
<core></core>
<MemPortIdVec></MemPortIdVec>
<condition id="-1">
<or_exp><and_exp><literal name="icmp_ln236" val="0"/>
</and_exp></or_exp>
</condition>

<Node id="61" bw="48" op_0_bw="48" op_1_bw="24" op_2_bw="24" op_3_bw="24">
<![CDATA[
for.body775.split:19 %cordic_ret = call i48 @cordic, i24 %trunc_ln864_s, i24 %trunc_ln864_11, i24 %tmp_14

]]></Node>
<StgValue><ssdm name="cordic_ret"/></StgValue>
</operation>
</state>

<state id="13" st_id="13">

<operation id="73" st_id="13" stage="1" lat="1">
<core>NULL</core>
<MemPortIdVec></MemPortIdVec>
<condition id="-1">
<or_exp><and_exp><literal name="icmp_ln236" val="0"/>
</and_exp></or_exp>
</condition>

<Node id="59" bw="64" op_0_bw="3">
<![CDATA[
for.body775.split:17 %zext_ln238 = zext i3 %add_ln238

]]></Node>
<StgValue><ssdm name="zext_ln238"/></StgValue>
</operation>

<operation id="74" st_id="13" stage="1" lat="1">
<core>NULL</core>
<MemPortIdVec></MemPortIdVec>
<condition id="-1">
<or_exp><and_exp><literal name="icmp_ln236" val="0"/>
</and_exp></or_exp>
</condition>

<Node id="60" bw="3" op_0_bw="24" op_1_bw="64" op_2_bw="64">
<![CDATA[
for.body775.split:18 %TempQ2_2_V_addr_1 = getelementptr i24 %TempQ2_2_V, i64 0, i64 %zext_ln238

]]></Node>
<StgValue><ssdm name="TempQ2_2_V_addr_1"/></StgValue>
</operation>

<operation id="75" st_id="13" stage="2" lat="8">
<core></core>
<MemPortIdVec></MemPortIdVec>
<condition id="-1">
<or_exp><and_exp><literal name="icmp_ln236" val="0"/>
</and_exp></or_exp>
</condition>

<Node id="61" bw="48" op_0_bw="48" op_1_bw="24" op_2_bw="24" op_3_bw="24">
<![CDATA[
for.body775.split:19 %cordic_ret = call i48 @cordic, i24 %trunc_ln864_s, i24 %trunc_ln864_11, i24 %tmp_14

]]></Node>
<StgValue><ssdm name="cordic_ret"/></StgValue>
</operation>

<operation id="76" st_id="13" stage="1" lat="1">
<core>NULL</core>
<MemPortIdVec></MemPortIdVec>
<condition id="-1">
<or_exp><and_exp><literal name="icmp_ln236" val="0"/>
</and_exp></or_exp>
</condition>

<Node id="80" bw="0" op_0_bw="64" op_1_bw="64" op_2_bw="0" op_3_bw="0">
<![CDATA[
for.body775.split708:2 %store_ln238 = store i64 %zext_ln238, i64 %reuse_addr_reg

]]></Node>
<StgValue><ssdm name="store_ln238"/></StgValue>
</operation>

<operation id="77" st_id="13" stage="1" lat="1">
<core>NULL</core>
<MemPortIdVec></MemPortIdVec>
<condition id="-1">
<or_exp><and_exp><literal name="icmp_ln236" val="0"/>
</and_exp></or_exp>
</condition>

<Node id="81" bw="0" op_0_bw="3" op_1_bw="3" op_2_bw="0" op_3_bw="0">
<![CDATA[
for.body775.split708:3 %store_ln236 = store i3 %add_ln238, i3 %i

]]></Node>
<StgValue><ssdm name="store_ln236"/></StgValue>
</operation>
</state>

<state id="14" st_id="14">

<operation id="78" st_id="14" stage="1" lat="1">
<core>NULL</core>
<MemPortIdVec></MemPortIdVec>
<condition id="-1">
<or_exp><and_exp></and_exp></or_exp>
</condition>

<Node id="43" bw="0" op_0_bw="0" op_1_bw="0">
<![CDATA[
for.body775.split:1 %specloopname_ln237 = specloopname void @_ssdm_op_SpecLoopName, void @empty_19

]]></Node>
<StgValue><ssdm name="specloopname_ln237"/></StgValue>
</operation>

<operation id="79" st_id="14" stage="1" lat="8">
<core></core>
<MemPortIdVec></MemPortIdVec>
<condition id="-1">
<or_exp><and_exp></and_exp></or_exp>
</condition>

<Node id="61" bw="48" op_0_bw="48" op_1_bw="24" op_2_bw="24" op_3_bw="24">
<![CDATA[
for.body775.split:19 %cordic_ret = call i48 @cordic, i24 %trunc_ln864_s, i24 %trunc_ln864_11, i24 %tmp_14

]]></Node>
<StgValue><ssdm name="cordic_ret"/></StgValue>
</operation>

<operation id="80" st_id="14" stage="1" lat="1">
<core>NULL</core>
<MemPortIdVec></MemPortIdVec>
<condition id="-1">
<or_exp><and_exp></and_exp></or_exp>
</condition>

<Node id="62" bw="24" op_0_bw="48">
<![CDATA[
for.body775.split:20 %XOQ2_2_V_1_5 = extractvalue i48 %cordic_ret

]]></Node>
<StgValue><ssdm name="XOQ2_2_V_1_5"/></StgValue>
</operation>

<operation id="81" st_id="14" stage="1" lat="1">
<core>NULL</core>
<MemPortIdVec></MemPortIdVec>
<condition id="-1">
<or_exp><and_exp></and_exp></or_exp>
</condition>

<Node id="63" bw="24" op_0_bw="48">
<![CDATA[
for.body775.split:21 %newret = extractvalue i48 %cordic_ret

]]></Node>
<StgValue><ssdm name="newret"/></StgValue>
</operation>

<operation id="82" st_id="14" stage="1" lat="1">
<core>NULL</core>
<MemPortIdVec></MemPortIdVec>
<condition id="-1">
<or_exp><and_exp><literal name="trunc_ln1317" val="-2"/>
</and_exp></or_exp>
</condition>

<Node id="66" bw="0" op_0_bw="24" op_1_bw="24">
<![CDATA[
branch62:0 %store_ln238 = store i24 %XOQ2_2_V_1_5, i24 %XOQ2_2_V_1_2

]]></Node>
<StgValue><ssdm name="store_ln238"/></StgValue>
</operation>

<operation id="83" st_id="14" stage="1" lat="1">
<core>NULL</core>
<MemPortIdVec></MemPortIdVec>
<condition id="-1">
<or_exp><and_exp><literal name="trunc_ln1317" val="-2"/>
</and_exp></or_exp>
</condition>

<Node id="67" bw="0" op_0_bw="0">
<![CDATA[
branch62:1 %br_ln238 = br void %for.body775.split708

]]></Node>
<StgValue><ssdm name="br_ln238"/></StgValue>
</operation>

<operation id="84" st_id="14" stage="1" lat="1">
<core>NULL</core>
<MemPortIdVec></MemPortIdVec>
<condition id="-1">
<or_exp><and_exp><literal name="trunc_ln1317" val="1"/>
</and_exp></or_exp>
</condition>

<Node id="69" bw="0" op_0_bw="24" op_1_bw="24">
<![CDATA[
for.body775.split.for.body775.split708_crit_edge11:0 %store_ln238 = store i24 %XOQ2_2_V_1_5, i24 %XOQ2_2_V_1_1

]]></Node>
<StgValue><ssdm name="store_ln238"/></StgValue>
</operation>

<operation id="85" st_id="14" stage="1" lat="1">
<core>NULL</core>
<MemPortIdVec></MemPortIdVec>
<condition id="-1">
<or_exp><and_exp><literal name="trunc_ln1317" val="1"/>
</and_exp></or_exp>
</condition>

<Node id="70" bw="0" op_0_bw="0">
<![CDATA[
for.body775.split.for.body775.split708_crit_edge11:1 %br_ln238 = br void %for.body775.split708

]]></Node>
<StgValue><ssdm name="br_ln238"/></StgValue>
</operation>

<operation id="86" st_id="14" stage="1" lat="1">
<core>NULL</core>
<MemPortIdVec></MemPortIdVec>
<condition id="-1">
<or_exp><and_exp><literal name="trunc_ln1317" val="-1"/>
</and_exp></or_exp>
</condition>

<Node id="75" bw="0" op_0_bw="24" op_1_bw="24">
<![CDATA[
branch63:0 %store_ln238 = store i24 %XOQ2_2_V_1_5, i24 %XOQ2_2_V_1_3

]]></Node>
<StgValue><ssdm name="store_ln238"/></StgValue>
</operation>

<operation id="87" st_id="14" stage="1" lat="1">
<core>NULL</core>
<MemPortIdVec></MemPortIdVec>
<condition id="-1">
<or_exp><and_exp><literal name="trunc_ln1317" val="-1"/>
</and_exp></or_exp>
</condition>

<Node id="76" bw="0" op_0_bw="0">
<![CDATA[
branch63:1 %br_ln238 = br void %for.body775.split708

]]></Node>
<StgValue><ssdm name="br_ln238"/></StgValue>
</operation>
</state>

<state id="15" st_id="15">

<operation id="88" st_id="15" stage="1" lat="1">
<core>NULL</core>
<MemPortIdVec></MemPortIdVec>
<condition id="-1">
<or_exp><and_exp><literal name="trunc_ln1317" val="0"/>
</and_exp></or_exp>
</condition>

<Node id="72" bw="0" op_0_bw="24" op_1_bw="24" op_2_bw="0">
<![CDATA[
for.body775.split.for.body775.split708_crit_edge:0 %store_ln238 = store i24 %XOQ2_2_V_1_5, i24 %XOQ2_2_V_1

]]></Node>
<StgValue><ssdm name="store_ln238"/></StgValue>
</operation>

<operation id="89" st_id="15" stage="1" lat="1">
<core>NULL</core>
<MemPortIdVec></MemPortIdVec>
<condition id="-1">
<or_exp><and_exp><literal name="trunc_ln1317" val="0"/>
</and_exp></or_exp>
</condition>

<Node id="73" bw="0" op_0_bw="0">
<![CDATA[
for.body775.split.for.body775.split708_crit_edge:1 %br_ln238 = br void %for.body775.split708

]]></Node>
<StgValue><ssdm name="br_ln238"/></StgValue>
</operation>

<operation id="90" st_id="15" stage="1" lat="1">
<core>RAM</core>
<MemPortIdVec>0 </MemPortIdVec>
<condition id="-1">
<or_exp><and_exp></and_exp></or_exp>
</condition>

<Node id="78" bw="0" op_0_bw="24" op_1_bw="3">
<![CDATA[
for.body775.split708:0 %store_ln238 = store i24 %newret, i3 %TempQ2_2_V_addr_1

]]></Node>
<StgValue><ssdm name="store_ln238"/></StgValue>
</operation>

<operation id="91" st_id="15" stage="1" lat="1">
<core>NULL</core>
<MemPortIdVec></MemPortIdVec>
<condition id="-1">
<or_exp><and_exp></and_exp></or_exp>
</condition>

<Node id="79" bw="0" op_0_bw="24" op_1_bw="24" op_2_bw="0" op_3_bw="0">
<![CDATA[
for.body775.split708:1 %store_ln238 = store i24 %newret, i24 %reuse_reg

]]></Node>
<StgValue><ssdm name="store_ln238"/></StgValue>
</operation>

<operation id="92" st_id="15" stage="1" lat="1">
<core>NULL</core>
<MemPortIdVec></MemPortIdVec>
<condition id="-1">
<or_exp><and_exp></and_exp></or_exp>
</condition>

<Node id="82" bw="0" op_0_bw="0">
<![CDATA[
for.body775.split708:4 %br_ln236 = br void %for.body775

]]></Node>
<StgValue><ssdm name="br_ln236"/></StgValue>
</operation>
</state>
</state_list>


<ports>
<port id="141" name="XOQ1_2_V_0_0_reload" dir="0" iftype="0">
<core>NULL</core><StgValue><ssdm name="XOQ1_2_V_0_0_reload"/></StgValue>
</port>
<port id="142" name="XOQ1_2_V_1_046_reload" dir="0" iftype="0">
<core>NULL</core><StgValue><ssdm name="XOQ1_2_V_1_046_reload"/></StgValue>
</port>
<port id="143" name="XOQ1_2_V_2_047_reload" dir="0" iftype="0">
<core>NULL</core><StgValue><ssdm name="XOQ1_2_V_2_047_reload"/></StgValue>
</port>
<port id="144" name="XOQ1_2_V_3_048_reload" dir="0" iftype="0">
<core>NULL</core><StgValue><ssdm name="XOQ1_2_V_3_048_reload"/></StgValue>
</port>
<port id="145" name="TempQ2_2_V" dir="2" iftype="1">
<core>RAM</core><StgValue><ssdm name="TempQ2_2_V"/><MemPortTyVec>2 3 </MemPortTyVec>
</StgValue>
</port>
<port id="146" name="PhaseV2_V_0_0_reload" dir="0" iftype="0">
<core>NULL</core><StgValue><ssdm name="PhaseV2_V_0_0_reload"/></StgValue>
</port>
<port id="147" name="PhaseV2_V_1_025_reload" dir="0" iftype="0">
<core>NULL</core><StgValue><ssdm name="PhaseV2_V_1_025_reload"/></StgValue>
</port>
<port id="148" name="PhaseV2_V_2_026_reload" dir="0" iftype="0">
<core>NULL</core><StgValue><ssdm name="PhaseV2_V_2_026_reload"/></StgValue>
</port>
<port id="149" name="PhaseV2_V_3_027_reload" dir="0" iftype="0">
<core>NULL</core><StgValue><ssdm name="PhaseV2_V_3_027_reload"/></StgValue>
</port>
<port id="150" name="XOQ2_2_V_3_060_out" dir="1" iftype="0">
<core>NULL</core><StgValue><ssdm name="XOQ2_2_V_3_060_out"/></StgValue>
</port>
<port id="151" name="XOQ2_2_V_2_059_out" dir="1" iftype="0">
<core>NULL</core><StgValue><ssdm name="XOQ2_2_V_2_059_out"/></StgValue>
</port>
<port id="152" name="XOQ2_2_V_1_058_out" dir="1" iftype="0">
<core>NULL</core><StgValue><ssdm name="XOQ2_2_V_1_058_out"/></StgValue>
</port>
<port id="153" name="XOQ2_2_V_0_0_out" dir="1" iftype="0">
<core>NULL</core><StgValue><ssdm name="XOQ2_2_V_0_0_out"/></StgValue>
</port>
</ports>


<dataflows>
<dataflow id="155" from="StgValue_154" to="reuse_addr_reg" fromId="154" toId="17">
</dataflow>
<dataflow id="156" from="StgValue_154" to="reuse_reg" fromId="154" toId="18">
</dataflow>
<dataflow id="157" from="StgValue_154" to="i" fromId="154" toId="19">
</dataflow>
<dataflow id="158" from="StgValue_154" to="XOQ2_2_V_1" fromId="154" toId="20">
</dataflow>
<dataflow id="159" from="StgValue_154" to="XOQ2_2_V_1_1" fromId="154" toId="21">
</dataflow>
<dataflow id="160" from="StgValue_154" to="XOQ2_2_V_1_2" fromId="154" toId="22">
</dataflow>
<dataflow id="161" from="StgValue_154" to="XOQ2_2_V_1_3" fromId="154" toId="23">
</dataflow>
<dataflow id="163" from="_ssdm_op_Read.ap_auto.i24" to="PhaseV2_V_3_027_reload_read" fromId="162" toId="24">
</dataflow>
<dataflow id="164" from="PhaseV2_V_3_027_reload" to="PhaseV2_V_3_027_reload_read" fromId="149" toId="24">
</dataflow>
<dataflow id="165" from="_ssdm_op_Read.ap_auto.i24" to="PhaseV2_V_2_026_reload_read" fromId="162" toId="25">
</dataflow>
<dataflow id="166" from="PhaseV2_V_2_026_reload" to="PhaseV2_V_2_026_reload_read" fromId="148" toId="25">
</dataflow>
<dataflow id="167" from="_ssdm_op_Read.ap_auto.i24" to="PhaseV2_V_1_025_reload_read" fromId="162" toId="26">
</dataflow>
<dataflow id="168" from="PhaseV2_V_1_025_reload" to="PhaseV2_V_1_025_reload_read" fromId="147" toId="26">
</dataflow>
<dataflow id="169" from="_ssdm_op_Read.ap_auto.i24" to="PhaseV2_V_0_0_reload_read" fromId="162" toId="27">
</dataflow>
<dataflow id="170" from="PhaseV2_V_0_0_reload" to="PhaseV2_V_0_0_reload_read" fromId="146" toId="27">
</dataflow>
<dataflow id="171" from="_ssdm_op_Read.ap_auto.i24" to="XOQ1_2_V_3_048_reload_read" fromId="162" toId="28">
</dataflow>
<dataflow id="172" from="XOQ1_2_V_3_048_reload" to="XOQ1_2_V_3_048_reload_read" fromId="144" toId="28">
</dataflow>
<dataflow id="173" from="_ssdm_op_Read.ap_auto.i24" to="XOQ1_2_V_2_047_reload_read" fromId="162" toId="29">
</dataflow>
<dataflow id="174" from="XOQ1_2_V_2_047_reload" to="XOQ1_2_V_2_047_reload_read" fromId="143" toId="29">
</dataflow>
<dataflow id="175" from="_ssdm_op_Read.ap_auto.i24" to="XOQ1_2_V_1_046_reload_read" fromId="162" toId="30">
</dataflow>
<dataflow id="176" from="XOQ1_2_V_1_046_reload" to="XOQ1_2_V_1_046_reload_read" fromId="142" toId="30">
</dataflow>
<dataflow id="177" from="_ssdm_op_Read.ap_auto.i24" to="XOQ1_2_V_0_0_reload_read" fromId="162" toId="31">
</dataflow>
<dataflow id="178" from="XOQ1_2_V_0_0_reload" to="XOQ1_2_V_0_0_reload_read" fromId="141" toId="31">
</dataflow>
<dataflow id="180" from="StgValue_179" to="store_ln0" fromId="179" toId="32">
</dataflow>
<dataflow id="181" from="XOQ2_2_V_1" to="store_ln0" fromId="20" toId="32">
</dataflow>
<dataflow id="183" from="StgValue_182" to="store_ln0" fromId="182" toId="33">
</dataflow>
<dataflow id="184" from="i" to="store_ln0" fromId="19" toId="33">
</dataflow>
<dataflow id="185" from="StgValue_179" to="store_ln0" fromId="179" toId="34">
</dataflow>
<dataflow id="186" from="reuse_reg" to="store_ln0" fromId="18" toId="34">
</dataflow>
<dataflow id="188" from="StgValue_187" to="store_ln0" fromId="187" toId="35">
</dataflow>
<dataflow id="189" from="reuse_addr_reg" to="store_ln0" fromId="17" toId="35">
</dataflow>
<dataflow id="190" from="i" to="i_14" fromId="19" toId="37">
</dataflow>
<dataflow id="192" from="_ssdm_op_SpecPipeline" to="specpipeline_ln0" fromId="191" toId="38">
</dataflow>
<dataflow id="194" from="StgValue_193" to="specpipeline_ln0" fromId="193" toId="38">
</dataflow>
<dataflow id="196" from="StgValue_195" to="specpipeline_ln0" fromId="195" toId="38">
</dataflow>
<dataflow id="197" from="StgValue_154" to="specpipeline_ln0" fromId="154" toId="38">
</dataflow>
<dataflow id="198" from="StgValue_195" to="specpipeline_ln0" fromId="195" toId="38">
</dataflow>
<dataflow id="200" from="p_str" to="specpipeline_ln0" fromId="199" toId="38">
</dataflow>
<dataflow id="201" from="i_14" to="icmp_ln236" fromId="37" toId="39">
</dataflow>
<dataflow id="203" from="StgValue_202" to="icmp_ln236" fromId="202" toId="39">
</dataflow>
<dataflow id="205" from="_ssdm_op_SpecLoopTripCount" to="empty" fromId="204" toId="40">
</dataflow>
<dataflow id="207" from="StgValue_206" to="empty" fromId="206" toId="40">
</dataflow>
<dataflow id="208" from="StgValue_206" to="empty" fromId="206" toId="40">
</dataflow>
<dataflow id="209" from="StgValue_206" to="empty" fromId="206" toId="40">
</dataflow>
<dataflow id="210" from="i_14" to="add_ln238" fromId="37" toId="41">
</dataflow>
<dataflow id="212" from="StgValue_211" to="add_ln238" fromId="211" toId="41">
</dataflow>
<dataflow id="213" from="icmp_ln236" to="br_ln236" fromId="39" toId="42">
</dataflow>
<dataflow id="214" from="i_14" to="i_15_cast" fromId="37" toId="43">
</dataflow>
<dataflow id="215" from="i_14" to="trunc_ln1317" fromId="37" toId="44">
</dataflow>
<dataflow id="217" from="_ssdm_op_Mux.ap_auto.4i24.i2" to="r_V" fromId="216" toId="45">
</dataflow>
<dataflow id="218" from="XOQ1_2_V_0_0_reload_read" to="r_V" fromId="31" toId="45">
</dataflow>
<dataflow id="219" from="XOQ1_2_V_1_046_reload_read" to="r_V" fromId="30" toId="45">
</dataflow>
<dataflow id="220" from="XOQ1_2_V_2_047_reload_read" to="r_V" fromId="29" toId="45">
</dataflow>
<dataflow id="221" from="XOQ1_2_V_3_048_reload_read" to="r_V" fromId="28" toId="45">
</dataflow>
<dataflow id="222" from="trunc_ln1317" to="r_V" fromId="44" toId="45">
</dataflow>
<dataflow id="223" from="r_V" to="sext_ln1316" fromId="45" toId="46">
</dataflow>
<dataflow id="224" from="sext_ln1316" to="mul_ln1316" fromId="46" toId="47">
</dataflow>
<dataflow id="226" from="StgValue_225" to="mul_ln1316" fromId="225" toId="47">
</dataflow>
<dataflow id="227" from="TempQ2_2_V" to="TempQ2_2_V_addr" fromId="145" toId="48">
</dataflow>
<dataflow id="229" from="StgValue_228" to="TempQ2_2_V_addr" fromId="228" toId="48">
</dataflow>
<dataflow id="230" from="i_15_cast" to="TempQ2_2_V_addr" fromId="43" toId="48">
</dataflow>
<dataflow id="231" from="reuse_addr_reg" to="reuse_addr_reg_load" fromId="17" toId="49">
</dataflow>
<dataflow id="232" from="TempQ2_2_V_addr" to="TempQ2_2_V_load" fromId="48" toId="50">
</dataflow>
<dataflow id="233" from="reuse_addr_reg_load" to="addr_cmp" fromId="49" toId="51">
</dataflow>
<dataflow id="234" from="i_15_cast" to="addr_cmp" fromId="43" toId="51">
</dataflow>
<dataflow id="235" from="_ssdm_op_Mux.ap_auto.4i24.i2" to="tmp_14" fromId="216" toId="52">
</dataflow>
<dataflow id="236" from="PhaseV2_V_0_0_reload_read" to="tmp_14" fromId="27" toId="52">
</dataflow>
<dataflow id="237" from="PhaseV2_V_1_025_reload_read" to="tmp_14" fromId="26" toId="52">
</dataflow>
<dataflow id="238" from="PhaseV2_V_2_026_reload_read" to="tmp_14" fromId="25" toId="52">
</dataflow>
<dataflow id="239" from="PhaseV2_V_3_027_reload_read" to="tmp_14" fromId="24" toId="52">
</dataflow>
<dataflow id="240" from="trunc_ln1317" to="tmp_14" fromId="44" toId="52">
</dataflow>
<dataflow id="241" from="trunc_ln1317" to="switch_ln238" fromId="44" toId="53">
</dataflow>
<dataflow id="243" from="StgValue_242" to="switch_ln238" fromId="242" toId="53">
</dataflow>
<dataflow id="245" from="StgValue_244" to="switch_ln238" fromId="244" toId="53">
</dataflow>
<dataflow id="247" from="StgValue_246" to="switch_ln238" fromId="246" toId="53">
</dataflow>
<dataflow id="248" from="sext_ln1316" to="mul_ln1316" fromId="46" toId="54">
</dataflow>
<dataflow id="249" from="StgValue_225" to="mul_ln1316" fromId="225" toId="54">
</dataflow>
<dataflow id="250" from="reuse_reg" to="reuse_reg_load" fromId="18" toId="55">
</dataflow>
<dataflow id="251" from="TempQ2_2_V_addr" to="TempQ2_2_V_load" fromId="48" toId="56">
</dataflow>
<dataflow id="252" from="addr_cmp" to="r_V_12" fromId="51" toId="57">
</dataflow>
<dataflow id="253" from="reuse_reg_load" to="r_V_12" fromId="55" toId="57">
</dataflow>
<dataflow id="254" from="TempQ2_2_V_load" to="r_V_12" fromId="56" toId="57">
</dataflow>
<dataflow id="255" from="r_V_12" to="sext_ln1316_12" fromId="57" toId="58">
</dataflow>
<dataflow id="256" from="sext_ln1316_12" to="mul_ln1316_12" fromId="58" toId="59">
</dataflow>
<dataflow id="257" from="StgValue_225" to="mul_ln1316_12" fromId="225" toId="59">
</dataflow>
<dataflow id="258" from="sext_ln1316" to="mul_ln1316" fromId="46" toId="60">
</dataflow>
<dataflow id="259" from="StgValue_225" to="mul_ln1316" fromId="225" toId="60">
</dataflow>
<dataflow id="260" from="sext_ln1316_12" to="mul_ln1316_12" fromId="58" toId="61">
</dataflow>
<dataflow id="261" from="StgValue_225" to="mul_ln1316_12" fromId="225" toId="61">
</dataflow>
<dataflow id="262" from="sext_ln1316" to="mul_ln1316" fromId="46" toId="62">
</dataflow>
<dataflow id="263" from="StgValue_225" to="mul_ln1316" fromId="225" toId="62">
</dataflow>
<dataflow id="265" from="_ssdm_op_PartSelect.i24.i40.i32.i32" to="trunc_ln864_s" fromId="264" toId="63">
</dataflow>
<dataflow id="266" from="mul_ln1316" to="trunc_ln864_s" fromId="62" toId="63">
</dataflow>
<dataflow id="268" from="StgValue_267" to="trunc_ln864_s" fromId="267" toId="63">
</dataflow>
<dataflow id="270" from="StgValue_269" to="trunc_ln864_s" fromId="269" toId="63">
</dataflow>
<dataflow id="271" from="sext_ln1316_12" to="mul_ln1316_12" fromId="58" toId="64">
</dataflow>
<dataflow id="272" from="StgValue_225" to="mul_ln1316_12" fromId="225" toId="64">
</dataflow>
<dataflow id="273" from="sext_ln1316_12" to="mul_ln1316_12" fromId="58" toId="65">
</dataflow>
<dataflow id="274" from="StgValue_225" to="mul_ln1316_12" fromId="225" toId="65">
</dataflow>
<dataflow id="275" from="_ssdm_op_PartSelect.i24.i40.i32.i32" to="trunc_ln864_11" fromId="264" toId="66">
</dataflow>
<dataflow id="276" from="mul_ln1316_12" to="trunc_ln864_11" fromId="65" toId="66">
</dataflow>
<dataflow id="277" from="StgValue_267" to="trunc_ln864_11" fromId="267" toId="66">
</dataflow>
<dataflow id="278" from="StgValue_269" to="trunc_ln864_11" fromId="269" toId="66">
</dataflow>
<dataflow id="280" from="cordic" to="cordic_ret" fromId="279" toId="67">
</dataflow>
<dataflow id="281" from="trunc_ln864_s" to="cordic_ret" fromId="63" toId="67">
</dataflow>
<dataflow id="282" from="trunc_ln864_11" to="cordic_ret" fromId="66" toId="67">
</dataflow>
<dataflow id="283" from="tmp_14" to="cordic_ret" fromId="52" toId="67">
</dataflow>
<dataflow id="284" from="cordic" to="cordic_ret" fromId="279" toId="68">
</dataflow>
<dataflow id="285" from="trunc_ln864_s" to="cordic_ret" fromId="63" toId="68">
</dataflow>
<dataflow id="286" from="trunc_ln864_11" to="cordic_ret" fromId="66" toId="68">
</dataflow>
<dataflow id="287" from="tmp_14" to="cordic_ret" fromId="52" toId="68">
</dataflow>
<dataflow id="288" from="cordic" to="cordic_ret" fromId="279" toId="69">
</dataflow>
<dataflow id="289" from="trunc_ln864_s" to="cordic_ret" fromId="63" toId="69">
</dataflow>
<dataflow id="290" from="trunc_ln864_11" to="cordic_ret" fromId="66" toId="69">
</dataflow>
<dataflow id="291" from="tmp_14" to="cordic_ret" fromId="52" toId="69">
</dataflow>
<dataflow id="292" from="cordic" to="cordic_ret" fromId="279" toId="70">
</dataflow>
<dataflow id="293" from="trunc_ln864_s" to="cordic_ret" fromId="63" toId="70">
</dataflow>
<dataflow id="294" from="trunc_ln864_11" to="cordic_ret" fromId="66" toId="70">
</dataflow>
<dataflow id="295" from="tmp_14" to="cordic_ret" fromId="52" toId="70">
</dataflow>
<dataflow id="296" from="cordic" to="cordic_ret" fromId="279" toId="71">
</dataflow>
<dataflow id="297" from="trunc_ln864_s" to="cordic_ret" fromId="63" toId="71">
</dataflow>
<dataflow id="298" from="trunc_ln864_11" to="cordic_ret" fromId="66" toId="71">
</dataflow>
<dataflow id="299" from="tmp_14" to="cordic_ret" fromId="52" toId="71">
</dataflow>
<dataflow id="300" from="cordic" to="cordic_ret" fromId="279" toId="72">
</dataflow>
<dataflow id="301" from="trunc_ln864_s" to="cordic_ret" fromId="63" toId="72">
</dataflow>
<dataflow id="302" from="trunc_ln864_11" to="cordic_ret" fromId="66" toId="72">
</dataflow>
<dataflow id="303" from="tmp_14" to="cordic_ret" fromId="52" toId="72">
</dataflow>
<dataflow id="304" from="add_ln238" to="zext_ln238" fromId="41" toId="73">
</dataflow>
<dataflow id="305" from="TempQ2_2_V" to="TempQ2_2_V_addr_1" fromId="145" toId="74">
</dataflow>
<dataflow id="306" from="StgValue_228" to="TempQ2_2_V_addr_1" fromId="228" toId="74">
</dataflow>
<dataflow id="307" from="zext_ln238" to="TempQ2_2_V_addr_1" fromId="73" toId="74">
</dataflow>
<dataflow id="308" from="cordic" to="cordic_ret" fromId="279" toId="75">
</dataflow>
<dataflow id="309" from="trunc_ln864_s" to="cordic_ret" fromId="63" toId="75">
</dataflow>
<dataflow id="310" from="trunc_ln864_11" to="cordic_ret" fromId="66" toId="75">
</dataflow>
<dataflow id="311" from="tmp_14" to="cordic_ret" fromId="52" toId="75">
</dataflow>
<dataflow id="312" from="zext_ln238" to="store_ln238" fromId="73" toId="76">
</dataflow>
<dataflow id="313" from="reuse_addr_reg" to="store_ln238" fromId="17" toId="76">
</dataflow>
<dataflow id="314" from="add_ln238" to="store_ln236" fromId="41" toId="77">
</dataflow>
<dataflow id="315" from="i" to="store_ln236" fromId="19" toId="77">
</dataflow>
<dataflow id="317" from="_ssdm_op_SpecLoopName" to="specloopname_ln237" fromId="316" toId="78">
</dataflow>
<dataflow id="319" from="empty_19" to="specloopname_ln237" fromId="318" toId="78">
</dataflow>
<dataflow id="320" from="cordic" to="cordic_ret" fromId="279" toId="79">
</dataflow>
<dataflow id="321" from="trunc_ln864_s" to="cordic_ret" fromId="63" toId="79">
</dataflow>
<dataflow id="322" from="trunc_ln864_11" to="cordic_ret" fromId="66" toId="79">
</dataflow>
<dataflow id="323" from="tmp_14" to="cordic_ret" fromId="52" toId="79">
</dataflow>
<dataflow id="324" from="cordic_ret" to="XOQ2_2_V_1_5" fromId="79" toId="80">
</dataflow>
<dataflow id="325" from="cordic_ret" to="newret" fromId="79" toId="81">
</dataflow>
<dataflow id="326" from="XOQ2_2_V_1_5" to="store_ln238" fromId="80" toId="82">
</dataflow>
<dataflow id="327" from="XOQ2_2_V_1_2" to="store_ln238" fromId="22" toId="82">
</dataflow>
<dataflow id="328" from="XOQ2_2_V_1_5" to="store_ln238" fromId="80" toId="84">
</dataflow>
<dataflow id="329" from="XOQ2_2_V_1_1" to="store_ln238" fromId="21" toId="84">
</dataflow>
<dataflow id="330" from="XOQ2_2_V_1_5" to="store_ln238" fromId="80" toId="86">
</dataflow>
<dataflow id="331" from="XOQ2_2_V_1_3" to="store_ln238" fromId="23" toId="86">
</dataflow>
<dataflow id="332" from="XOQ2_2_V_1_5" to="store_ln238" fromId="80" toId="88">
</dataflow>
<dataflow id="333" from="XOQ2_2_V_1" to="store_ln238" fromId="20" toId="88">
</dataflow>
<dataflow id="334" from="newret" to="store_ln238" fromId="81" toId="90">
</dataflow>
<dataflow id="335" from="TempQ2_2_V_addr_1" to="store_ln238" fromId="74" toId="90">
</dataflow>
<dataflow id="336" from="newret" to="store_ln238" fromId="81" toId="91">
</dataflow>
<dataflow id="337" from="reuse_reg" to="store_ln238" fromId="18" toId="91">
</dataflow>
<dataflow id="338" from="XOQ2_2_V_1" to="XOQ2_2_V_1_load" fromId="20" toId="93">
</dataflow>
<dataflow id="339" from="XOQ2_2_V_1_1" to="XOQ2_2_V_1_1_load" fromId="21" toId="94">
</dataflow>
<dataflow id="340" from="XOQ2_2_V_1_2" to="XOQ2_2_V_1_2_load" fromId="22" toId="95">
</dataflow>
<dataflow id="341" from="XOQ2_2_V_1_3" to="XOQ2_2_V_1_3_load" fromId="23" toId="96">
</dataflow>
<dataflow id="343" from="_ssdm_op_Write.ap_auto.i24P0A" to="write_ln0" fromId="342" toId="97">
</dataflow>
<dataflow id="344" from="XOQ2_2_V_3_060_out" to="write_ln0" fromId="150" toId="97">
</dataflow>
<dataflow id="345" from="XOQ2_2_V_1_3_load" to="write_ln0" fromId="96" toId="97">
</dataflow>
<dataflow id="346" from="_ssdm_op_Write.ap_auto.i24P0A" to="write_ln0" fromId="342" toId="98">
</dataflow>
<dataflow id="347" from="XOQ2_2_V_2_059_out" to="write_ln0" fromId="151" toId="98">
</dataflow>
<dataflow id="348" from="XOQ2_2_V_1_2_load" to="write_ln0" fromId="95" toId="98">
</dataflow>
<dataflow id="349" from="_ssdm_op_Write.ap_auto.i24P0A" to="write_ln0" fromId="342" toId="99">
</dataflow>
<dataflow id="350" from="XOQ2_2_V_1_058_out" to="write_ln0" fromId="152" toId="99">
</dataflow>
<dataflow id="351" from="XOQ2_2_V_1_1_load" to="write_ln0" fromId="94" toId="99">
</dataflow>
<dataflow id="352" from="_ssdm_op_Write.ap_auto.i24P0A" to="write_ln0" fromId="342" toId="100">
</dataflow>
<dataflow id="353" from="XOQ2_2_V_0_0_out" to="write_ln0" fromId="153" toId="100">
</dataflow>
<dataflow id="354" from="XOQ2_2_V_1_load" to="write_ln0" fromId="93" toId="100">
</dataflow>
<dataflow id="355" from="icmp_ln236" to="StgValue_2" fromId="39" toId="2">
</dataflow>
<dataflow id="356" from="icmp_ln236" to="StgValue_3" fromId="39" toId="3">
</dataflow>
<dataflow id="357" from="addr_cmp" to="StgValue_3" fromId="51" toId="3">
</dataflow>
<dataflow id="358" from="icmp_ln236" to="StgValue_4" fromId="39" toId="4">
</dataflow>
<dataflow id="359" from="icmp_ln236" to="StgValue_5" fromId="39" toId="5">
</dataflow>
<dataflow id="360" from="icmp_ln236" to="StgValue_6" fromId="39" toId="6">
</dataflow>
<dataflow id="361" from="icmp_ln236" to="StgValue_7" fromId="39" toId="7">
</dataflow>
<dataflow id="362" from="icmp_ln236" to="StgValue_8" fromId="39" toId="8">
</dataflow>
<dataflow id="363" from="icmp_ln236" to="StgValue_9" fromId="39" toId="9">
</dataflow>
<dataflow id="364" from="icmp_ln236" to="StgValue_10" fromId="39" toId="10">
</dataflow>
<dataflow id="365" from="icmp_ln236" to="StgValue_11" fromId="39" toId="11">
</dataflow>
<dataflow id="366" from="icmp_ln236" to="StgValue_12" fromId="39" toId="12">
</dataflow>
<dataflow id="367" from="icmp_ln236" to="StgValue_13" fromId="39" toId="13">
</dataflow>
<dataflow id="368" from="trunc_ln1317" to="StgValue_14" fromId="44" toId="14">
</dataflow>
<dataflow id="369" from="trunc_ln1317" to="StgValue_15" fromId="44" toId="15">
</dataflow>
</dataflows>


</stg>
