<root versionMajor = "1" versionMinor = "5">
  <kernel src_name="LinearSolver" language="c" hwCtrl="ap_ctrl_hs" mem_layout="fpga64-xilinx-none">
    <args>
      <arg id="0" access_type="r" src_name="a11" src_type="ap_fixed&lt;24, 8, AP_TRN, AP_WRAP, 0&gt;" src_isptr="1" src_bitwidth="32" src_size_or_depth="1">
        <hw hw_usage="data" hw_interface="S_AXILite" hw_name="HLS_TREEADD_PERIPH_BUS" hw_bitwidth="24" hw_size_or_depth="1" hw_kernel_support="true">
          <constraint constraint_type="pragma interface" mode="s_axilite" register_option="0" offset="16"/>
        </hw>
      </arg>
      <arg id="1" access_type="r" src_name="a12" src_type="ap_fixed&lt;24, 8, AP_TRN, AP_WRAP, 0&gt;" src_isptr="1" src_bitwidth="32" src_size_or_depth="1">
        <hw hw_usage="data" hw_interface="S_AXILite" hw_name="HLS_TREEADD_PERIPH_BUS" hw_bitwidth="24" hw_size_or_depth="1" hw_kernel_support="true">
          <constraint constraint_type="pragma interface" mode="s_axilite" register_option="0" offset="24"/>
        </hw>
      </arg>
      <arg id="2" access_type="r" src_name="a13" src_type="ap_fixed&lt;24, 8, AP_TRN, AP_WRAP, 0&gt;" src_isptr="1" src_bitwidth="32" src_size_or_depth="1">
        <hw hw_usage="data" hw_interface="S_AXILite" hw_name="HLS_TREEADD_PERIPH_BUS" hw_bitwidth="24" hw_size_or_depth="1" hw_kernel_support="true">
          <constraint constraint_type="pragma interface" mode="s_axilite" register_option="0" offset="32"/>
        </hw>
      </arg>
      <arg id="3" access_type="r" src_name="a14" src_type="ap_fixed&lt;24, 8, AP_TRN, AP_WRAP, 0&gt;" src_isptr="1" src_bitwidth="32" src_size_or_depth="1">
        <hw hw_usage="data" hw_interface="S_AXILite" hw_name="HLS_TREEADD_PERIPH_BUS" hw_bitwidth="24" hw_size_or_depth="1" hw_kernel_support="true">
          <constraint constraint_type="pragma interface" mode="s_axilite" register_option="0" offset="40"/>
        </hw>
      </arg>
      <arg id="4" access_type="r" src_name="a21" src_type="ap_fixed&lt;24, 8, AP_TRN, AP_WRAP, 0&gt;" src_isptr="1" src_bitwidth="32" src_size_or_depth="1">
        <hw hw_usage="data" hw_interface="S_AXILite" hw_name="HLS_TREEADD_PERIPH_BUS" hw_bitwidth="24" hw_size_or_depth="1" hw_kernel_support="true">
          <constraint constraint_type="pragma interface" mode="s_axilite" register_option="0" offset="48"/>
        </hw>
      </arg>
      <arg id="5" access_type="r" src_name="a22" src_type="ap_fixed&lt;24, 8, AP_TRN, AP_WRAP, 0&gt;" src_isptr="1" src_bitwidth="32" src_size_or_depth="1">
        <hw hw_usage="data" hw_interface="S_AXILite" hw_name="HLS_TREEADD_PERIPH_BUS" hw_bitwidth="24" hw_size_or_depth="1" hw_kernel_support="true">
          <constraint constraint_type="pragma interface" mode="s_axilite" register_option="0" offset="56"/>
        </hw>
      </arg>
      <arg id="6" access_type="r" src_name="a23" src_type="ap_fixed&lt;24, 8, AP_TRN, AP_WRAP, 0&gt;" src_isptr="1" src_bitwidth="32" src_size_or_depth="1">
        <hw hw_usage="data" hw_interface="S_AXILite" hw_name="HLS_TREEADD_PERIPH_BUS" hw_bitwidth="24" hw_size_or_depth="1" hw_kernel_support="true">
          <constraint constraint_type="pragma interface" mode="s_axilite" register_option="0" offset="64"/>
        </hw>
      </arg>
      <arg id="7" access_type="r" src_name="a24" src_type="ap_fixed&lt;24, 8, AP_TRN, AP_WRAP, 0&gt;" src_isptr="1" src_bitwidth="32" src_size_or_depth="1">
        <hw hw_usage="data" hw_interface="S_AXILite" hw_name="HLS_TREEADD_PERIPH_BUS" hw_bitwidth="24" hw_size_or_depth="1" hw_kernel_support="true">
          <constraint constraint_type="pragma interface" mode="s_axilite" register_option="0" offset="72"/>
        </hw>
      </arg>
      <arg id="8" access_type="r" src_name="a31" src_type="ap_fixed&lt;24, 8, AP_TRN, AP_WRAP, 0&gt;" src_isptr="1" src_bitwidth="32" src_size_or_depth="1">
        <hw hw_usage="data" hw_interface="S_AXILite" hw_name="HLS_TREEADD_PERIPH_BUS" hw_bitwidth="24" hw_size_or_depth="1" hw_kernel_support="true">
          <constraint constraint_type="pragma interface" mode="s_axilite" register_option="0" offset="80"/>
        </hw>
      </arg>
      <arg id="9" access_type="r" src_name="a32" src_type="ap_fixed&lt;24, 8, AP_TRN, AP_WRAP, 0&gt;" src_isptr="1" src_bitwidth="32" src_size_or_depth="1">
        <hw hw_usage="data" hw_interface="S_AXILite" hw_name="HLS_TREEADD_PERIPH_BUS" hw_bitwidth="24" hw_size_or_depth="1" hw_kernel_support="true">
          <constraint constraint_type="pragma interface" mode="s_axilite" register_option="0" offset="88"/>
        </hw>
      </arg>
      <arg id="10" access_type="r" src_name="a33" src_type="ap_fixed&lt;24, 8, AP_TRN, AP_WRAP, 0&gt;" src_isptr="1" src_bitwidth="32" src_size_or_depth="1">
        <hw hw_usage="data" hw_interface="S_AXILite" hw_name="HLS_TREEADD_PERIPH_BUS" hw_bitwidth="24" hw_size_or_depth="1" hw_kernel_support="true">
          <constraint constraint_type="pragma interface" mode="s_axilite" register_option="0" offset="96"/>
        </hw>
      </arg>
      <arg id="11" access_type="r" src_name="a34" src_type="ap_fixed&lt;24, 8, AP_TRN, AP_WRAP, 0&gt;" src_isptr="1" src_bitwidth="32" src_size_or_depth="1">
        <hw hw_usage="data" hw_interface="S_AXILite" hw_name="HLS_TREEADD_PERIPH_BUS" hw_bitwidth="24" hw_size_or_depth="1" hw_kernel_support="true">
          <constraint constraint_type="pragma interface" mode="s_axilite" register_option="0" offset="104"/>
        </hw>
      </arg>
      <arg id="12" access_type="r" src_name="a41" src_type="ap_fixed&lt;24, 8, AP_TRN, AP_WRAP, 0&gt;" src_isptr="1" src_bitwidth="32" src_size_or_depth="1">
        <hw hw_usage="data" hw_interface="S_AXILite" hw_name="HLS_TREEADD_PERIPH_BUS" hw_bitwidth="24" hw_size_or_depth="1" hw_kernel_support="true">
          <constraint constraint_type="pragma interface" mode="s_axilite" register_option="0" offset="112"/>
        </hw>
      </arg>
      <arg id="13" access_type="r" src_name="a42" src_type="ap_fixed&lt;24, 8, AP_TRN, AP_WRAP, 0&gt;" src_isptr="1" src_bitwidth="32" src_size_or_depth="1">
        <hw hw_usage="data" hw_interface="S_AXILite" hw_name="HLS_TREEADD_PERIPH_BUS" hw_bitwidth="24" hw_size_or_depth="1" hw_kernel_support="true">
          <constraint constraint_type="pragma interface" mode="s_axilite" register_option="0" offset="120"/>
        </hw>
      </arg>
      <arg id="14" access_type="r" src_name="a43" src_type="ap_fixed&lt;24, 8, AP_TRN, AP_WRAP, 0&gt;" src_isptr="1" src_bitwidth="32" src_size_or_depth="1">
        <hw hw_usage="data" hw_interface="S_AXILite" hw_name="HLS_TREEADD_PERIPH_BUS" hw_bitwidth="24" hw_size_or_depth="1" hw_kernel_support="true">
          <constraint constraint_type="pragma interface" mode="s_axilite" register_option="0" offset="128"/>
        </hw>
      </arg>
      <arg id="15" access_type="r" src_name="a44" src_type="ap_fixed&lt;24, 8, AP_TRN, AP_WRAP, 0&gt;" src_isptr="1" src_bitwidth="32" src_size_or_depth="1">
        <hw hw_usage="data" hw_interface="S_AXILite" hw_name="HLS_TREEADD_PERIPH_BUS" hw_bitwidth="24" hw_size_or_depth="1" hw_kernel_support="true">
          <constraint constraint_type="pragma interface" mode="s_axilite" register_option="0" offset="136"/>
        </hw>
      </arg>
      <arg id="16" access_type="r" src_name="b1" src_type="ap_fixed&lt;24, 8, AP_TRN, AP_WRAP, 0&gt;" src_isptr="1" src_bitwidth="32" src_size_or_depth="1">
        <hw hw_usage="data" hw_interface="S_AXILite" hw_name="HLS_TREEADD_PERIPH_BUS" hw_bitwidth="24" hw_size_or_depth="1" hw_kernel_support="true">
          <constraint constraint_type="pragma interface" mode="s_axilite" register_option="0" offset="144"/>
        </hw>
      </arg>
      <arg id="17" access_type="r" src_name="b2" src_type="ap_fixed&lt;24, 8, AP_TRN, AP_WRAP, 0&gt;" src_isptr="1" src_bitwidth="32" src_size_or_depth="1">
        <hw hw_usage="data" hw_interface="S_AXILite" hw_name="HLS_TREEADD_PERIPH_BUS" hw_bitwidth="24" hw_size_or_depth="1" hw_kernel_support="true">
          <constraint constraint_type="pragma interface" mode="s_axilite" register_option="0" offset="152"/>
        </hw>
      </arg>
      <arg id="18" access_type="r" src_name="b3" src_type="ap_fixed&lt;24, 8, AP_TRN, AP_WRAP, 0&gt;" src_isptr="1" src_bitwidth="32" src_size_or_depth="1">
        <hw hw_usage="data" hw_interface="S_AXILite" hw_name="HLS_TREEADD_PERIPH_BUS" hw_bitwidth="24" hw_size_or_depth="1" hw_kernel_support="true">
          <constraint constraint_type="pragma interface" mode="s_axilite" register_option="0" offset="160"/>
        </hw>
      </arg>
      <arg id="19" access_type="r" src_name="b4" src_type="ap_fixed&lt;24, 8, AP_TRN, AP_WRAP, 0&gt;" src_isptr="1" src_bitwidth="32" src_size_or_depth="1">
        <hw hw_usage="data" hw_interface="S_AXILite" hw_name="HLS_TREEADD_PERIPH_BUS" hw_bitwidth="24" hw_size_or_depth="1" hw_kernel_support="true">
          <constraint constraint_type="pragma interface" mode="s_axilite" register_option="0" offset="168"/>
        </hw>
      </arg>
      <arg id="20" access_type="w" src_name="x1" src_type="ap_fixed&lt;24, 8, AP_TRN, AP_WRAP, 0&gt;&amp;" src_isptr="1" src_bitwidth="32" src_size_or_depth="1">
        <hw hw_usage="data" hw_interface="S_AXILite" hw_name="HLS_TREEADD_PERIPH_BUS" hw_bitwidth="24" hw_size_or_depth="1" hw_kernel_support="true">
          <constraint constraint_type="pragma interface" mode="s_axilite" register_option="0" offset="176"/>
        </hw>
      </arg>
      <arg id="21" access_type="w" src_name="x2" src_type="ap_fixed&lt;24, 8, AP_TRN, AP_WRAP, 0&gt;&amp;" src_isptr="1" src_bitwidth="32" src_size_or_depth="1">
        <hw hw_usage="data" hw_interface="S_AXILite" hw_name="HLS_TREEADD_PERIPH_BUS" hw_bitwidth="24" hw_size_or_depth="1" hw_kernel_support="true">
          <constraint constraint_type="pragma interface" mode="s_axilite" register_option="0" offset="192"/>
        </hw>
      </arg>
      <arg id="22" access_type="w" src_name="x3" src_type="ap_fixed&lt;24, 8, AP_TRN, AP_WRAP, 0&gt;&amp;" src_isptr="1" src_bitwidth="32" src_size_or_depth="1">
        <hw hw_usage="data" hw_interface="S_AXILite" hw_name="HLS_TREEADD_PERIPH_BUS" hw_bitwidth="24" hw_size_or_depth="1" hw_kernel_support="true">
          <constraint constraint_type="pragma interface" mode="s_axilite" register_option="0" offset="208"/>
        </hw>
      </arg>
      <arg id="23" access_type="w" src_name="x4" src_type="ap_fixed&lt;24, 8, AP_TRN, AP_WRAP, 0&gt;&amp;" src_isptr="1" src_bitwidth="32" src_size_or_depth="1">
        <hw hw_usage="data" hw_interface="S_AXILite" hw_name="HLS_TREEADD_PERIPH_BUS" hw_bitwidth="24" hw_size_or_depth="1" hw_kernel_support="true">
          <constraint constraint_type="pragma interface" mode="s_axilite" register_option="0" offset="224"/>
        </hw>
      </arg>
    </args>
    <return src_type="void" src_bitwidth="0" offset="0x0">
      <hw hw_usage="data" hw_interface="" hw_name="" hw_bitwidth="0" hw_kernel_support="true"/>
    </return>
  </kernel>
</root>
