{
  "Top": "qr",
  "RtlTop": "qr",
  "RtlPrefix": "",
  "RtlSubPrefix": "qr_",
  "SourceLanguage": "cpp",
  "HostMachineBits": "64",
  "FunctionProtocol": "ap_ctrl_hs",
  "ResetStyle": "control",
  "Target": {
    "Family": "zynq",
    "Device": "xc7z020",
    "Package": "-clg484",
    "Speed": "-1",
    "Triple": "fpga64-xilinx-none"
  },
  "Args": {
    "a11": {
      "index": "0",
      "direction": "in",
      "srcType": "ap_fixed<24, 8, AP_TRN, AP_WRAP, 0>",
      "srcSize": "32",
      "hwRefs": [{
          "type": "port",
          "interface": "a11",
          "name": "a11",
          "usage": "data",
          "direction": "in"
        }]
    },
    "a12": {
      "index": "1",
      "direction": "in",
      "srcType": "ap_fixed<24, 8, AP_TRN, AP_WRAP, 0>",
      "srcSize": "32",
      "hwRefs": [{
          "type": "port",
          "interface": "a12",
          "name": "a12",
          "usage": "data",
          "direction": "in"
        }]
    },
    "a13": {
      "index": "2",
      "direction": "in",
      "srcType": "ap_fixed<24, 8, AP_TRN, AP_WRAP, 0>",
      "srcSize": "32",
      "hwRefs": [{
          "type": "port",
          "interface": "a13",
          "name": "a13",
          "usage": "data",
          "direction": "in"
        }]
    },
    "a14": {
      "index": "3",
      "direction": "in",
      "srcType": "ap_fixed<24, 8, AP_TRN, AP_WRAP, 0>",
      "srcSize": "32",
      "hwRefs": [{
          "type": "port",
          "interface": "a14",
          "name": "a14",
          "usage": "data",
          "direction": "in"
        }]
    },
    "a21": {
      "index": "4",
      "direction": "in",
      "srcType": "ap_fixed<24, 8, AP_TRN, AP_WRAP, 0>",
      "srcSize": "32",
      "hwRefs": [{
          "type": "port",
          "interface": "a21",
          "name": "a21",
          "usage": "data",
          "direction": "in"
        }]
    },
    "a22": {
      "index": "5",
      "direction": "in",
      "srcType": "ap_fixed<24, 8, AP_TRN, AP_WRAP, 0>",
      "srcSize": "32",
      "hwRefs": [{
          "type": "port",
          "interface": "a22",
          "name": "a22",
          "usage": "data",
          "direction": "in"
        }]
    },
    "a23": {
      "index": "6",
      "direction": "in",
      "srcType": "ap_fixed<24, 8, AP_TRN, AP_WRAP, 0>",
      "srcSize": "32",
      "hwRefs": [{
          "type": "port",
          "interface": "a23",
          "name": "a23",
          "usage": "data",
          "direction": "in"
        }]
    },
    "a24": {
      "index": "7",
      "direction": "in",
      "srcType": "ap_fixed<24, 8, AP_TRN, AP_WRAP, 0>",
      "srcSize": "32",
      "hwRefs": [{
          "type": "port",
          "interface": "a24",
          "name": "a24",
          "usage": "data",
          "direction": "in"
        }]
    },
    "a31": {
      "index": "8",
      "direction": "in",
      "srcType": "ap_fixed<24, 8, AP_TRN, AP_WRAP, 0>",
      "srcSize": "32",
      "hwRefs": [{
          "type": "port",
          "interface": "a31",
          "name": "a31",
          "usage": "data",
          "direction": "in"
        }]
    },
    "a32": {
      "index": "9",
      "direction": "in",
      "srcType": "ap_fixed<24, 8, AP_TRN, AP_WRAP, 0>",
      "srcSize": "32",
      "hwRefs": [{
          "type": "port",
          "interface": "a32",
          "name": "a32",
          "usage": "data",
          "direction": "in"
        }]
    },
    "a33": {
      "index": "10",
      "direction": "in",
      "srcType": "ap_fixed<24, 8, AP_TRN, AP_WRAP, 0>",
      "srcSize": "32",
      "hwRefs": [{
          "type": "port",
          "interface": "a33",
          "name": "a33",
          "usage": "data",
          "direction": "in"
        }]
    },
    "a34": {
      "index": "11",
      "direction": "in",
      "srcType": "ap_fixed<24, 8, AP_TRN, AP_WRAP, 0>",
      "srcSize": "32",
      "hwRefs": [{
          "type": "port",
          "interface": "a34",
          "name": "a34",
          "usage": "data",
          "direction": "in"
        }]
    },
    "a41": {
      "index": "12",
      "direction": "in",
      "srcType": "ap_fixed<24, 8, AP_TRN, AP_WRAP, 0>",
      "srcSize": "32",
      "hwRefs": [{
          "type": "port",
          "interface": "a41",
          "name": "a41",
          "usage": "data",
          "direction": "in"
        }]
    },
    "a42": {
      "index": "13",
      "direction": "in",
      "srcType": "ap_fixed<24, 8, AP_TRN, AP_WRAP, 0>",
      "srcSize": "32",
      "hwRefs": [{
          "type": "port",
          "interface": "a42",
          "name": "a42",
          "usage": "data",
          "direction": "in"
        }]
    },
    "a43": {
      "index": "14",
      "direction": "in",
      "srcType": "ap_fixed<24, 8, AP_TRN, AP_WRAP, 0>",
      "srcSize": "32",
      "hwRefs": [{
          "type": "port",
          "interface": "a43",
          "name": "a43",
          "usage": "data",
          "direction": "in"
        }]
    },
    "a44": {
      "index": "15",
      "direction": "in",
      "srcType": "ap_fixed<24, 8, AP_TRN, AP_WRAP, 0>",
      "srcSize": "32",
      "hwRefs": [{
          "type": "port",
          "interface": "a44",
          "name": "a44",
          "usage": "data",
          "direction": "in"
        }]
    },
    "q11": {
      "index": "16",
      "direction": "out",
      "srcType": "ap_fixed<24, 8, AP_TRN, AP_WRAP, 0>&",
      "srcSize": "32",
      "hwRefs": [
        {
          "type": "port",
          "interface": "q11",
          "name": "q11",
          "usage": "data",
          "direction": "out"
        },
        {
          "type": "port",
          "interface": "q11_ap_vld",
          "name": "q11_ap_vld",
          "usage": "control",
          "direction": "out"
        }
      ]
    },
    "q12": {
      "index": "17",
      "direction": "out",
      "srcType": "ap_fixed<24, 8, AP_TRN, AP_WRAP, 0>&",
      "srcSize": "32",
      "hwRefs": [
        {
          "type": "port",
          "interface": "q12",
          "name": "q12",
          "usage": "data",
          "direction": "out"
        },
        {
          "type": "port",
          "interface": "q12_ap_vld",
          "name": "q12_ap_vld",
          "usage": "control",
          "direction": "out"
        }
      ]
    },
    "q13": {
      "index": "18",
      "direction": "out",
      "srcType": "ap_fixed<24, 8, AP_TRN, AP_WRAP, 0>&",
      "srcSize": "32",
      "hwRefs": [
        {
          "type": "port",
          "interface": "q13",
          "name": "q13",
          "usage": "data",
          "direction": "out"
        },
        {
          "type": "port",
          "interface": "q13_ap_vld",
          "name": "q13_ap_vld",
          "usage": "control",
          "direction": "out"
        }
      ]
    },
    "q14": {
      "index": "19",
      "direction": "out",
      "srcType": "ap_fixed<24, 8, AP_TRN, AP_WRAP, 0>&",
      "srcSize": "32",
      "hwRefs": [
        {
          "type": "port",
          "interface": "q14",
          "name": "q14",
          "usage": "data",
          "direction": "out"
        },
        {
          "type": "port",
          "interface": "q14_ap_vld",
          "name": "q14_ap_vld",
          "usage": "control",
          "direction": "out"
        }
      ]
    },
    "q21": {
      "index": "20",
      "direction": "out",
      "srcType": "ap_fixed<24, 8, AP_TRN, AP_WRAP, 0>&",
      "srcSize": "32",
      "hwRefs": [
        {
          "type": "port",
          "interface": "q21",
          "name": "q21",
          "usage": "data",
          "direction": "out"
        },
        {
          "type": "port",
          "interface": "q21_ap_vld",
          "name": "q21_ap_vld",
          "usage": "control",
          "direction": "out"
        }
      ]
    },
    "q22": {
      "index": "21",
      "direction": "out",
      "srcType": "ap_fixed<24, 8, AP_TRN, AP_WRAP, 0>&",
      "srcSize": "32",
      "hwRefs": [
        {
          "type": "port",
          "interface": "q22",
          "name": "q22",
          "usage": "data",
          "direction": "out"
        },
        {
          "type": "port",
          "interface": "q22_ap_vld",
          "name": "q22_ap_vld",
          "usage": "control",
          "direction": "out"
        }
      ]
    },
    "q23": {
      "index": "22",
      "direction": "out",
      "srcType": "ap_fixed<24, 8, AP_TRN, AP_WRAP, 0>&",
      "srcSize": "32",
      "hwRefs": [
        {
          "type": "port",
          "interface": "q23",
          "name": "q23",
          "usage": "data",
          "direction": "out"
        },
        {
          "type": "port",
          "interface": "q23_ap_vld",
          "name": "q23_ap_vld",
          "usage": "control",
          "direction": "out"
        }
      ]
    },
    "q24": {
      "index": "23",
      "direction": "out",
      "srcType": "ap_fixed<24, 8, AP_TRN, AP_WRAP, 0>&",
      "srcSize": "32",
      "hwRefs": [
        {
          "type": "port",
          "interface": "q24",
          "name": "q24",
          "usage": "data",
          "direction": "out"
        },
        {
          "type": "port",
          "interface": "q24_ap_vld",
          "name": "q24_ap_vld",
          "usage": "control",
          "direction": "out"
        }
      ]
    },
    "q31": {
      "index": "24",
      "direction": "out",
      "srcType": "ap_fixed<24, 8, AP_TRN, AP_WRAP, 0>&",
      "srcSize": "32",
      "hwRefs": [
        {
          "type": "port",
          "interface": "q31",
          "name": "q31",
          "usage": "data",
          "direction": "out"
        },
        {
          "type": "port",
          "interface": "q31_ap_vld",
          "name": "q31_ap_vld",
          "usage": "control",
          "direction": "out"
        }
      ]
    },
    "q32": {
      "index": "25",
      "direction": "out",
      "srcType": "ap_fixed<24, 8, AP_TRN, AP_WRAP, 0>&",
      "srcSize": "32",
      "hwRefs": [
        {
          "type": "port",
          "interface": "q32",
          "name": "q32",
          "usage": "data",
          "direction": "out"
        },
        {
          "type": "port",
          "interface": "q32_ap_vld",
          "name": "q32_ap_vld",
          "usage": "control",
          "direction": "out"
        }
      ]
    },
    "q33": {
      "index": "26",
      "direction": "out",
      "srcType": "ap_fixed<24, 8, AP_TRN, AP_WRAP, 0>&",
      "srcSize": "32",
      "hwRefs": [
        {
          "type": "port",
          "interface": "q33",
          "name": "q33",
          "usage": "data",
          "direction": "out"
        },
        {
          "type": "port",
          "interface": "q33_ap_vld",
          "name": "q33_ap_vld",
          "usage": "control",
          "direction": "out"
        }
      ]
    },
    "q34": {
      "index": "27",
      "direction": "out",
      "srcType": "ap_fixed<24, 8, AP_TRN, AP_WRAP, 0>&",
      "srcSize": "32",
      "hwRefs": [
        {
          "type": "port",
          "interface": "q34",
          "name": "q34",
          "usage": "data",
          "direction": "out"
        },
        {
          "type": "port",
          "interface": "q34_ap_vld",
          "name": "q34_ap_vld",
          "usage": "control",
          "direction": "out"
        }
      ]
    },
    "q41": {
      "index": "28",
      "direction": "out",
      "srcType": "ap_fixed<24, 8, AP_TRN, AP_WRAP, 0>&",
      "srcSize": "32",
      "hwRefs": [
        {
          "type": "port",
          "interface": "q41",
          "name": "q41",
          "usage": "data",
          "direction": "out"
        },
        {
          "type": "port",
          "interface": "q41_ap_vld",
          "name": "q41_ap_vld",
          "usage": "control",
          "direction": "out"
        }
      ]
    },
    "q42": {
      "index": "29",
      "direction": "out",
      "srcType": "ap_fixed<24, 8, AP_TRN, AP_WRAP, 0>&",
      "srcSize": "32",
      "hwRefs": [
        {
          "type": "port",
          "interface": "q42",
          "name": "q42",
          "usage": "data",
          "direction": "out"
        },
        {
          "type": "port",
          "interface": "q42_ap_vld",
          "name": "q42_ap_vld",
          "usage": "control",
          "direction": "out"
        }
      ]
    },
    "q43": {
      "index": "30",
      "direction": "out",
      "srcType": "ap_fixed<24, 8, AP_TRN, AP_WRAP, 0>&",
      "srcSize": "32",
      "hwRefs": [
        {
          "type": "port",
          "interface": "q43",
          "name": "q43",
          "usage": "data",
          "direction": "out"
        },
        {
          "type": "port",
          "interface": "q43_ap_vld",
          "name": "q43_ap_vld",
          "usage": "control",
          "direction": "out"
        }
      ]
    },
    "q44": {
      "index": "31",
      "direction": "out",
      "srcType": "ap_fixed<24, 8, AP_TRN, AP_WRAP, 0>&",
      "srcSize": "32",
      "hwRefs": [
        {
          "type": "port",
          "interface": "q44",
          "name": "q44",
          "usage": "data",
          "direction": "out"
        },
        {
          "type": "port",
          "interface": "q44_ap_vld",
          "name": "q44_ap_vld",
          "usage": "control",
          "direction": "out"
        }
      ]
    },
    "r11": {
      "index": "32",
      "direction": "out",
      "srcType": "ap_fixed<24, 8, AP_TRN, AP_WRAP, 0>&",
      "srcSize": "32",
      "hwRefs": [
        {
          "type": "port",
          "interface": "r11",
          "name": "r11",
          "usage": "data",
          "direction": "out"
        },
        {
          "type": "port",
          "interface": "r11_ap_vld",
          "name": "r11_ap_vld",
          "usage": "control",
          "direction": "out"
        }
      ]
    },
    "r12": {
      "index": "33",
      "direction": "out",
      "srcType": "ap_fixed<24, 8, AP_TRN, AP_WRAP, 0>&",
      "srcSize": "32",
      "hwRefs": [
        {
          "type": "port",
          "interface": "r12",
          "name": "r12",
          "usage": "data",
          "direction": "out"
        },
        {
          "type": "port",
          "interface": "r12_ap_vld",
          "name": "r12_ap_vld",
          "usage": "control",
          "direction": "out"
        }
      ]
    },
    "r13": {
      "index": "34",
      "direction": "out",
      "srcType": "ap_fixed<24, 8, AP_TRN, AP_WRAP, 0>&",
      "srcSize": "32",
      "hwRefs": [
        {
          "type": "port",
          "interface": "r13",
          "name": "r13",
          "usage": "data",
          "direction": "out"
        },
        {
          "type": "port",
          "interface": "r13_ap_vld",
          "name": "r13_ap_vld",
          "usage": "control",
          "direction": "out"
        }
      ]
    },
    "r14": {
      "index": "35",
      "direction": "out",
      "srcType": "ap_fixed<24, 8, AP_TRN, AP_WRAP, 0>&",
      "srcSize": "32",
      "hwRefs": [
        {
          "type": "port",
          "interface": "r14",
          "name": "r14",
          "usage": "data",
          "direction": "out"
        },
        {
          "type": "port",
          "interface": "r14_ap_vld",
          "name": "r14_ap_vld",
          "usage": "control",
          "direction": "out"
        }
      ]
    },
    "r22": {
      "index": "36",
      "direction": "out",
      "srcType": "ap_fixed<24, 8, AP_TRN, AP_WRAP, 0>&",
      "srcSize": "32",
      "hwRefs": [
        {
          "type": "port",
          "interface": "r22",
          "name": "r22",
          "usage": "data",
          "direction": "out"
        },
        {
          "type": "port",
          "interface": "r22_ap_vld",
          "name": "r22_ap_vld",
          "usage": "control",
          "direction": "out"
        }
      ]
    },
    "r23": {
      "index": "37",
      "direction": "out",
      "srcType": "ap_fixed<24, 8, AP_TRN, AP_WRAP, 0>&",
      "srcSize": "32",
      "hwRefs": [
        {
          "type": "port",
          "interface": "r23",
          "name": "r23",
          "usage": "data",
          "direction": "out"
        },
        {
          "type": "port",
          "interface": "r23_ap_vld",
          "name": "r23_ap_vld",
          "usage": "control",
          "direction": "out"
        }
      ]
    },
    "r24": {
      "index": "38",
      "direction": "out",
      "srcType": "ap_fixed<24, 8, AP_TRN, AP_WRAP, 0>&",
      "srcSize": "32",
      "hwRefs": [
        {
          "type": "port",
          "interface": "r24",
          "name": "r24",
          "usage": "data",
          "direction": "out"
        },
        {
          "type": "port",
          "interface": "r24_ap_vld",
          "name": "r24_ap_vld",
          "usage": "control",
          "direction": "out"
        }
      ]
    },
    "r33": {
      "index": "39",
      "direction": "out",
      "srcType": "ap_fixed<24, 8, AP_TRN, AP_WRAP, 0>&",
      "srcSize": "32",
      "hwRefs": [
        {
          "type": "port",
          "interface": "r33",
          "name": "r33",
          "usage": "data",
          "direction": "out"
        },
        {
          "type": "port",
          "interface": "r33_ap_vld",
          "name": "r33_ap_vld",
          "usage": "control",
          "direction": "out"
        }
      ]
    },
    "r34": {
      "index": "40",
      "direction": "out",
      "srcType": "ap_fixed<24, 8, AP_TRN, AP_WRAP, 0>&",
      "srcSize": "32",
      "hwRefs": [
        {
          "type": "port",
          "interface": "r34",
          "name": "r34",
          "usage": "data",
          "direction": "out"
        },
        {
          "type": "port",
          "interface": "r34_ap_vld",
          "name": "r34_ap_vld",
          "usage": "control",
          "direction": "out"
        }
      ]
    },
    "r44": {
      "index": "41",
      "direction": "out",
      "srcType": "ap_fixed<24, 8, AP_TRN, AP_WRAP, 0>&",
      "srcSize": "32",
      "hwRefs": [
        {
          "type": "port",
          "interface": "r44",
          "name": "r44",
          "usage": "data",
          "direction": "out"
        },
        {
          "type": "port",
          "interface": "r44_ap_vld",
          "name": "r44_ap_vld",
          "usage": "control",
          "direction": "out"
        }
      ]
    },
    "din": {
      "index": "42",
      "direction": "in",
      "srcType": "ap_fixed<24, 8, AP_TRN, AP_WRAP, 0>",
      "srcSize": "32",
      "hwRefs": [{
          "type": "port",
          "interface": "din",
          "name": "din",
          "usage": "data",
          "direction": "in"
        }]
    },
    "done": {
      "index": "43",
      "direction": "out",
      "srcType": "ap_fixed<24, 8, AP_TRN, AP_WRAP, 0>&",
      "srcSize": "32",
      "hwRefs": [
        {
          "type": "port",
          "interface": "done",
          "name": "done",
          "usage": "data",
          "direction": "out"
        },
        {
          "type": "port",
          "interface": "done_ap_vld",
          "name": "done_ap_vld",
          "usage": "control",
          "direction": "out"
        }
      ]
    }
  },
  "HlsSolution": {
    "FlowTarget": "vivado",
    "ConfigTcl": [
      "config_export -format=sysgen",
      "config_export -rtl=verilog",
      "config_export -vivado_clock=10"
    ],
    "DirectiveTcl": ["set_directive_top -name qr \"qr\""],
    "ProfileOption": "0",
    "ProfileType": "none",
    "KernelName": "qr"
  },
  "ClockInfo": {
    "ClockName": "ap_clk",
    "ClockPeriod": "10",
    "Uncertainty": "2.7",
    "IsCombinational": "0",
    "II": "427",
    "Latency": "426"
  },
  "Xdc": {"OocClocks": ["create_clock -name ap_clk -period 10.000 [get_ports ap_clk]"]},
  "Ipx": {
    "Vendor": "xilinx.com",
    "Library": "hls",
    "Name": "qr",
    "Version": "1.0",
    "DisplayName": "Qr",
    "Revision": "2112788127",
    "Description": "An IP generated by Vitis HLS",
    "Taxonomy": "\/VITIS_HLS_IP",
    "AutoFamilySupport": "",
    "ZipFile": "xilinx_com_hls_qr_1_0.zip"
  },
  "Files": {
    "CSource": [
      "..\/src\/cordic.cpp",
      "..\/src\/qr.cpp"
    ],
    "Vhdl": [
      "impl\/vhdl\/qr_cordic.vhd",
      "impl\/vhdl\/qr_cordic_1.vhd",
      "impl\/vhdl\/qr_flow_control_loop_pipe_sequential_init.vhd",
      "impl\/vhdl\/qr_mul_mul_24ns_16ns_40_4_1.vhd",
      "impl\/vhdl\/qr_mul_mul_24s_16ns_40_4_1.vhd",
      "impl\/vhdl\/qr_mux_42_24_1_1.vhd",
      "impl\/vhdl\/qr_qr_Pipeline_VITIS_LOOP_97_1.vhd",
      "impl\/vhdl\/qr_qr_Pipeline_VITIS_LOOP_106_2.vhd",
      "impl\/vhdl\/qr_qr_Pipeline_VITIS_LOOP_114_3.vhd",
      "impl\/vhdl\/qr_qr_Pipeline_VITIS_LOOP_122_4.vhd",
      "impl\/vhdl\/qr_qr_Pipeline_VITIS_LOOP_131_5.vhd",
      "impl\/vhdl\/qr_qr_Pipeline_VITIS_LOOP_140_6.vhd",
      "impl\/vhdl\/qr_qr_Pipeline_VITIS_LOOP_148_7.vhd",
      "impl\/vhdl\/qr_qr_Pipeline_VITIS_LOOP_157_8.vhd",
      "impl\/vhdl\/qr_qr_Pipeline_VITIS_LOOP_167_9.vhd",
      "impl\/vhdl\/qr_qr_Pipeline_VITIS_LOOP_177_10.vhd",
      "impl\/vhdl\/qr_qr_Pipeline_VITIS_LOOP_207_11.vhd",
      "impl\/vhdl\/qr_qr_Pipeline_VITIS_LOOP_215_12.vhd",
      "impl\/vhdl\/qr_qr_Pipeline_VITIS_LOOP_223_13.vhd",
      "impl\/vhdl\/qr_qr_Pipeline_VITIS_LOOP_231_14.vhd",
      "impl\/vhdl\/qr_qr_Pipeline_VITIS_LOOP_240_15.vhd",
      "impl\/vhdl\/qr_qr_Pipeline_VITIS_LOOP_248_16.vhd",
      "impl\/vhdl\/qr_qr_Pipeline_VITIS_LOOP_256_17.vhd",
      "impl\/vhdl\/qr_qr_Pipeline_VITIS_LOOP_264_18.vhd",
      "impl\/vhdl\/qr_qr_Pipeline_VITIS_LOOP_273_19.vhd",
      "impl\/vhdl\/qr_qr_Pipeline_VITIS_LOOP_281_20.vhd",
      "impl\/vhdl\/qr_qr_Pipeline_VITIS_LOOP_289_21.vhd",
      "impl\/vhdl\/qr_qr_Pipeline_VITIS_LOOP_297_22.vhd",
      "impl\/vhdl\/qr_qr_Pipeline_VITIS_LOOP_307_23.vhd",
      "impl\/vhdl\/qr_qr_Pipeline_VITIS_LOOP_315_24.vhd",
      "impl\/vhdl\/qr_qr_Pipeline_VITIS_LOOP_323_25.vhd",
      "impl\/vhdl\/qr_qr_Pipeline_VITIS_LOOP_331_26.vhd",
      "impl\/vhdl\/qr_TempV1_V_RAM_AUTO_1R1W.vhd",
      "impl\/vhdl\/qr.vhd"
    ],
    "Verilog": [
      "impl\/verilog\/qr_cordic.v",
      "impl\/verilog\/qr_cordic_1.v",
      "impl\/verilog\/qr_flow_control_loop_pipe_sequential_init.v",
      "impl\/verilog\/qr_mul_mul_24ns_16ns_40_4_1.v",
      "impl\/verilog\/qr_mul_mul_24s_16ns_40_4_1.v",
      "impl\/verilog\/qr_mux_42_24_1_1.v",
      "impl\/verilog\/qr_qr_Pipeline_VITIS_LOOP_97_1.v",
      "impl\/verilog\/qr_qr_Pipeline_VITIS_LOOP_106_2.v",
      "impl\/verilog\/qr_qr_Pipeline_VITIS_LOOP_114_3.v",
      "impl\/verilog\/qr_qr_Pipeline_VITIS_LOOP_122_4.v",
      "impl\/verilog\/qr_qr_Pipeline_VITIS_LOOP_131_5.v",
      "impl\/verilog\/qr_qr_Pipeline_VITIS_LOOP_140_6.v",
      "impl\/verilog\/qr_qr_Pipeline_VITIS_LOOP_148_7.v",
      "impl\/verilog\/qr_qr_Pipeline_VITIS_LOOP_157_8.v",
      "impl\/verilog\/qr_qr_Pipeline_VITIS_LOOP_167_9.v",
      "impl\/verilog\/qr_qr_Pipeline_VITIS_LOOP_177_10.v",
      "impl\/verilog\/qr_qr_Pipeline_VITIS_LOOP_207_11.v",
      "impl\/verilog\/qr_qr_Pipeline_VITIS_LOOP_215_12.v",
      "impl\/verilog\/qr_qr_Pipeline_VITIS_LOOP_223_13.v",
      "impl\/verilog\/qr_qr_Pipeline_VITIS_LOOP_231_14.v",
      "impl\/verilog\/qr_qr_Pipeline_VITIS_LOOP_240_15.v",
      "impl\/verilog\/qr_qr_Pipeline_VITIS_LOOP_248_16.v",
      "impl\/verilog\/qr_qr_Pipeline_VITIS_LOOP_256_17.v",
      "impl\/verilog\/qr_qr_Pipeline_VITIS_LOOP_264_18.v",
      "impl\/verilog\/qr_qr_Pipeline_VITIS_LOOP_273_19.v",
      "impl\/verilog\/qr_qr_Pipeline_VITIS_LOOP_281_20.v",
      "impl\/verilog\/qr_qr_Pipeline_VITIS_LOOP_289_21.v",
      "impl\/verilog\/qr_qr_Pipeline_VITIS_LOOP_297_22.v",
      "impl\/verilog\/qr_qr_Pipeline_VITIS_LOOP_307_23.v",
      "impl\/verilog\/qr_qr_Pipeline_VITIS_LOOP_315_24.v",
      "impl\/verilog\/qr_qr_Pipeline_VITIS_LOOP_323_25.v",
      "impl\/verilog\/qr_qr_Pipeline_VITIS_LOOP_331_26.v",
      "impl\/verilog\/qr_TempV1_V_RAM_AUTO_1R1W.v",
      "impl\/verilog\/qr.v"
    ],
    "IpMisc": ["impl\/misc\/logo.png"],
    "CsynthXml": "syn\/report\/csynth.xml",
    "DebugDir": ".debug",
    "KernelXml": ".autopilot\/db\/kernel.internal.xml",
    "Xo": "",
    "XoHlsDir": "",
    "ProtoInst": [".debug\/qr.protoinst"]
  },
  "SubcoreInfo": {
    "HasXpmMemory": false,
    "HasClockedDsp": false,
    "Ip": []
  },
  "Interfaces": {
    "ap_clk": {
      "type": "clock",
      "busTypeName": "clock",
      "mode": "slave",
      "busParams": {"ASSOCIATED_RESET": "ap_rst"},
      "portMap": {"ap_clk": "CLK"},
      "ports": ["ap_clk"]
    },
    "ap_rst": {
      "type": "reset",
      "busTypeName": "reset",
      "mode": "slave",
      "busParams": {"POLARITY": "ACTIVE_HIGH"},
      "portMap": {"ap_rst": "RST"},
      "ports": ["ap_rst"]
    },
    "ap_ctrl": {
      "type": "ap_ctrl",
      "busTypeName": "acc_handshake",
      "mode": "slave",
      "portMap": {
        "ap_start": "start",
        "ap_done": "done",
        "ap_idle": "idle",
        "ap_ready": "ready"
      },
      "ports": [
        "ap_done",
        "ap_idle",
        "ap_ready",
        "ap_start"
      ]
    },
    "a11": {
      "type": "data",
      "busTypeName": "data",
      "protocol": "ap_none",
      "mode": "slave",
      "dataWidth": "24",
      "portMap": {"a11": "DATA"},
      "ports": ["a11"],
      "constraints": [{
          "constraint_type": "pragma interface",
          "mode": "ap_none",
          "register_option": "0",
          "argName": "a11"
        }]
    },
    "a12": {
      "type": "data",
      "busTypeName": "data",
      "protocol": "ap_none",
      "mode": "slave",
      "dataWidth": "24",
      "portMap": {"a12": "DATA"},
      "ports": ["a12"],
      "constraints": [{
          "constraint_type": "pragma interface",
          "mode": "ap_none",
          "register_option": "0",
          "argName": "a12"
        }]
    },
    "a13": {
      "type": "data",
      "busTypeName": "data",
      "protocol": "ap_none",
      "mode": "slave",
      "dataWidth": "24",
      "portMap": {"a13": "DATA"},
      "ports": ["a13"],
      "constraints": [{
          "constraint_type": "pragma interface",
          "mode": "ap_none",
          "register_option": "0",
          "argName": "a13"
        }]
    },
    "a14": {
      "type": "data",
      "busTypeName": "data",
      "protocol": "ap_none",
      "mode": "slave",
      "dataWidth": "24",
      "portMap": {"a14": "DATA"},
      "ports": ["a14"],
      "constraints": [{
          "constraint_type": "pragma interface",
          "mode": "ap_none",
          "register_option": "0",
          "argName": "a14"
        }]
    },
    "a21": {
      "type": "data",
      "busTypeName": "data",
      "protocol": "ap_none",
      "mode": "slave",
      "dataWidth": "24",
      "portMap": {"a21": "DATA"},
      "ports": ["a21"],
      "constraints": [{
          "constraint_type": "pragma interface",
          "mode": "ap_none",
          "register_option": "0",
          "argName": "a21"
        }]
    },
    "a22": {
      "type": "data",
      "busTypeName": "data",
      "protocol": "ap_none",
      "mode": "slave",
      "dataWidth": "24",
      "portMap": {"a22": "DATA"},
      "ports": ["a22"],
      "constraints": [{
          "constraint_type": "pragma interface",
          "mode": "ap_none",
          "register_option": "0",
          "argName": "a22"
        }]
    },
    "a23": {
      "type": "data",
      "busTypeName": "data",
      "protocol": "ap_none",
      "mode": "slave",
      "dataWidth": "24",
      "portMap": {"a23": "DATA"},
      "ports": ["a23"],
      "constraints": [{
          "constraint_type": "pragma interface",
          "mode": "ap_none",
          "register_option": "0",
          "argName": "a23"
        }]
    },
    "a24": {
      "type": "data",
      "busTypeName": "data",
      "protocol": "ap_none",
      "mode": "slave",
      "dataWidth": "24",
      "portMap": {"a24": "DATA"},
      "ports": ["a24"],
      "constraints": [{
          "constraint_type": "pragma interface",
          "mode": "ap_none",
          "register_option": "0",
          "argName": "a24"
        }]
    },
    "a31": {
      "type": "data",
      "busTypeName": "data",
      "protocol": "ap_none",
      "mode": "slave",
      "dataWidth": "24",
      "portMap": {"a31": "DATA"},
      "ports": ["a31"],
      "constraints": [{
          "constraint_type": "pragma interface",
          "mode": "ap_none",
          "register_option": "0",
          "argName": "a31"
        }]
    },
    "a32": {
      "type": "data",
      "busTypeName": "data",
      "protocol": "ap_none",
      "mode": "slave",
      "dataWidth": "24",
      "portMap": {"a32": "DATA"},
      "ports": ["a32"],
      "constraints": [{
          "constraint_type": "pragma interface",
          "mode": "ap_none",
          "register_option": "0",
          "argName": "a32"
        }]
    },
    "a33": {
      "type": "data",
      "busTypeName": "data",
      "protocol": "ap_none",
      "mode": "slave",
      "dataWidth": "24",
      "portMap": {"a33": "DATA"},
      "ports": ["a33"],
      "constraints": [{
          "constraint_type": "pragma interface",
          "mode": "ap_none",
          "register_option": "0",
          "argName": "a33"
        }]
    },
    "a34": {
      "type": "data",
      "busTypeName": "data",
      "protocol": "ap_none",
      "mode": "slave",
      "dataWidth": "24",
      "portMap": {"a34": "DATA"},
      "ports": ["a34"],
      "constraints": [{
          "constraint_type": "pragma interface",
          "mode": "ap_none",
          "register_option": "0",
          "argName": "a34"
        }]
    },
    "a41": {
      "type": "data",
      "busTypeName": "data",
      "protocol": "ap_none",
      "mode": "slave",
      "dataWidth": "24",
      "portMap": {"a41": "DATA"},
      "ports": ["a41"],
      "constraints": [{
          "constraint_type": "pragma interface",
          "mode": "ap_none",
          "register_option": "0",
          "argName": "a41"
        }]
    },
    "a42": {
      "type": "data",
      "busTypeName": "data",
      "protocol": "ap_none",
      "mode": "slave",
      "dataWidth": "24",
      "portMap": {"a42": "DATA"},
      "ports": ["a42"],
      "constraints": [{
          "constraint_type": "pragma interface",
          "mode": "ap_none",
          "register_option": "0",
          "argName": "a42"
        }]
    },
    "a43": {
      "type": "data",
      "busTypeName": "data",
      "protocol": "ap_none",
      "mode": "slave",
      "dataWidth": "24",
      "portMap": {"a43": "DATA"},
      "ports": ["a43"],
      "constraints": [{
          "constraint_type": "pragma interface",
          "mode": "ap_none",
          "register_option": "0",
          "argName": "a43"
        }]
    },
    "a44": {
      "type": "data",
      "busTypeName": "data",
      "protocol": "ap_none",
      "mode": "slave",
      "dataWidth": "24",
      "portMap": {"a44": "DATA"},
      "ports": ["a44"],
      "constraints": [{
          "constraint_type": "pragma interface",
          "mode": "ap_none",
          "register_option": "0",
          "argName": "a44"
        }]
    },
    "q11": {
      "type": "data",
      "busTypeName": "data",
      "protocol": "ap_vld",
      "mode": "master",
      "dataWidth": "24",
      "portMap": {"q11": "DATA"},
      "ports": ["q11"],
      "constraints": [{
          "constraint_type": "pragma interface",
          "mode": "ap_none",
          "register_option": "0",
          "argName": "q11"
        }]
    },
    "q12": {
      "type": "data",
      "busTypeName": "data",
      "protocol": "ap_vld",
      "mode": "master",
      "dataWidth": "24",
      "portMap": {"q12": "DATA"},
      "ports": ["q12"],
      "constraints": [{
          "constraint_type": "pragma interface",
          "mode": "ap_none",
          "register_option": "0",
          "argName": "q12"
        }]
    },
    "q13": {
      "type": "data",
      "busTypeName": "data",
      "protocol": "ap_vld",
      "mode": "master",
      "dataWidth": "24",
      "portMap": {"q13": "DATA"},
      "ports": ["q13"],
      "constraints": [{
          "constraint_type": "pragma interface",
          "mode": "ap_none",
          "register_option": "0",
          "argName": "q13"
        }]
    },
    "q14": {
      "type": "data",
      "busTypeName": "data",
      "protocol": "ap_vld",
      "mode": "master",
      "dataWidth": "24",
      "portMap": {"q14": "DATA"},
      "ports": ["q14"],
      "constraints": [{
          "constraint_type": "pragma interface",
          "mode": "ap_none",
          "register_option": "0",
          "argName": "q14"
        }]
    },
    "q21": {
      "type": "data",
      "busTypeName": "data",
      "protocol": "ap_vld",
      "mode": "master",
      "dataWidth": "24",
      "portMap": {"q21": "DATA"},
      "ports": ["q21"],
      "constraints": [{
          "constraint_type": "pragma interface",
          "mode": "ap_none",
          "register_option": "0",
          "argName": "q21"
        }]
    },
    "q22": {
      "type": "data",
      "busTypeName": "data",
      "protocol": "ap_vld",
      "mode": "master",
      "dataWidth": "24",
      "portMap": {"q22": "DATA"},
      "ports": ["q22"],
      "constraints": [{
          "constraint_type": "pragma interface",
          "mode": "ap_none",
          "register_option": "0",
          "argName": "q22"
        }]
    },
    "q23": {
      "type": "data",
      "busTypeName": "data",
      "protocol": "ap_vld",
      "mode": "master",
      "dataWidth": "24",
      "portMap": {"q23": "DATA"},
      "ports": ["q23"],
      "constraints": [{
          "constraint_type": "pragma interface",
          "mode": "ap_none",
          "register_option": "0",
          "argName": "q23"
        }]
    },
    "q24": {
      "type": "data",
      "busTypeName": "data",
      "protocol": "ap_vld",
      "mode": "master",
      "dataWidth": "24",
      "portMap": {"q24": "DATA"},
      "ports": ["q24"],
      "constraints": [{
          "constraint_type": "pragma interface",
          "mode": "ap_none",
          "register_option": "0",
          "argName": "q24"
        }]
    },
    "q31": {
      "type": "data",
      "busTypeName": "data",
      "protocol": "ap_vld",
      "mode": "master",
      "dataWidth": "24",
      "portMap": {"q31": "DATA"},
      "ports": ["q31"],
      "constraints": [{
          "constraint_type": "pragma interface",
          "mode": "ap_none",
          "register_option": "0",
          "argName": "q31"
        }]
    },
    "q32": {
      "type": "data",
      "busTypeName": "data",
      "protocol": "ap_vld",
      "mode": "master",
      "dataWidth": "24",
      "portMap": {"q32": "DATA"},
      "ports": ["q32"],
      "constraints": [{
          "constraint_type": "pragma interface",
          "mode": "ap_none",
          "register_option": "0",
          "argName": "q32"
        }]
    },
    "q33": {
      "type": "data",
      "busTypeName": "data",
      "protocol": "ap_vld",
      "mode": "master",
      "dataWidth": "24",
      "portMap": {"q33": "DATA"},
      "ports": ["q33"],
      "constraints": [{
          "constraint_type": "pragma interface",
          "mode": "ap_none",
          "register_option": "0",
          "argName": "q33"
        }]
    },
    "q34": {
      "type": "data",
      "busTypeName": "data",
      "protocol": "ap_vld",
      "mode": "master",
      "dataWidth": "24",
      "portMap": {"q34": "DATA"},
      "ports": ["q34"],
      "constraints": [{
          "constraint_type": "pragma interface",
          "mode": "ap_none",
          "register_option": "0",
          "argName": "q34"
        }]
    },
    "q41": {
      "type": "data",
      "busTypeName": "data",
      "protocol": "ap_vld",
      "mode": "master",
      "dataWidth": "24",
      "portMap": {"q41": "DATA"},
      "ports": ["q41"],
      "constraints": [{
          "constraint_type": "pragma interface",
          "mode": "ap_none",
          "register_option": "0",
          "argName": "q41"
        }]
    },
    "q42": {
      "type": "data",
      "busTypeName": "data",
      "protocol": "ap_vld",
      "mode": "master",
      "dataWidth": "24",
      "portMap": {"q42": "DATA"},
      "ports": ["q42"],
      "constraints": [{
          "constraint_type": "pragma interface",
          "mode": "ap_none",
          "register_option": "0",
          "argName": "q42"
        }]
    },
    "q43": {
      "type": "data",
      "busTypeName": "data",
      "protocol": "ap_vld",
      "mode": "master",
      "dataWidth": "24",
      "portMap": {"q43": "DATA"},
      "ports": ["q43"],
      "constraints": [{
          "constraint_type": "pragma interface",
          "mode": "ap_none",
          "register_option": "0",
          "argName": "q43"
        }]
    },
    "q44": {
      "type": "data",
      "busTypeName": "data",
      "protocol": "ap_vld",
      "mode": "master",
      "dataWidth": "24",
      "portMap": {"q44": "DATA"},
      "ports": ["q44"],
      "constraints": [{
          "constraint_type": "pragma interface",
          "mode": "ap_none",
          "register_option": "0",
          "argName": "q44"
        }]
    },
    "r11": {
      "type": "data",
      "busTypeName": "data",
      "protocol": "ap_vld",
      "mode": "master",
      "dataWidth": "24",
      "portMap": {"r11": "DATA"},
      "ports": ["r11"],
      "constraints": [{
          "constraint_type": "pragma interface",
          "mode": "ap_none",
          "register_option": "0",
          "argName": "r11"
        }]
    },
    "r12": {
      "type": "data",
      "busTypeName": "data",
      "protocol": "ap_vld",
      "mode": "master",
      "dataWidth": "24",
      "portMap": {"r12": "DATA"},
      "ports": ["r12"],
      "constraints": [{
          "constraint_type": "pragma interface",
          "mode": "ap_none",
          "register_option": "0",
          "argName": "r12"
        }]
    },
    "r13": {
      "type": "data",
      "busTypeName": "data",
      "protocol": "ap_vld",
      "mode": "master",
      "dataWidth": "24",
      "portMap": {"r13": "DATA"},
      "ports": ["r13"],
      "constraints": [{
          "constraint_type": "pragma interface",
          "mode": "ap_none",
          "register_option": "0",
          "argName": "r13"
        }]
    },
    "r14": {
      "type": "data",
      "busTypeName": "data",
      "protocol": "ap_vld",
      "mode": "master",
      "dataWidth": "24",
      "portMap": {"r14": "DATA"},
      "ports": ["r14"],
      "constraints": [{
          "constraint_type": "pragma interface",
          "mode": "ap_none",
          "register_option": "0",
          "argName": "r14"
        }]
    },
    "r22": {
      "type": "data",
      "busTypeName": "data",
      "protocol": "ap_vld",
      "mode": "master",
      "dataWidth": "24",
      "portMap": {"r22": "DATA"},
      "ports": ["r22"],
      "constraints": [{
          "constraint_type": "pragma interface",
          "mode": "ap_none",
          "register_option": "0",
          "argName": "r22"
        }]
    },
    "r23": {
      "type": "data",
      "busTypeName": "data",
      "protocol": "ap_vld",
      "mode": "master",
      "dataWidth": "24",
      "portMap": {"r23": "DATA"},
      "ports": ["r23"],
      "constraints": [{
          "constraint_type": "pragma interface",
          "mode": "ap_none",
          "register_option": "0",
          "argName": "r23"
        }]
    },
    "r24": {
      "type": "data",
      "busTypeName": "data",
      "protocol": "ap_vld",
      "mode": "master",
      "dataWidth": "24",
      "portMap": {"r24": "DATA"},
      "ports": ["r24"],
      "constraints": [{
          "constraint_type": "pragma interface",
          "mode": "ap_none",
          "register_option": "0",
          "argName": "r24"
        }]
    },
    "r33": {
      "type": "data",
      "busTypeName": "data",
      "protocol": "ap_vld",
      "mode": "master",
      "dataWidth": "24",
      "portMap": {"r33": "DATA"},
      "ports": ["r33"],
      "constraints": [{
          "constraint_type": "pragma interface",
          "mode": "ap_none",
          "register_option": "0",
          "argName": "r33"
        }]
    },
    "r34": {
      "type": "data",
      "busTypeName": "data",
      "protocol": "ap_vld",
      "mode": "master",
      "dataWidth": "24",
      "portMap": {"r34": "DATA"},
      "ports": ["r34"],
      "constraints": [{
          "constraint_type": "pragma interface",
          "mode": "ap_none",
          "register_option": "0",
          "argName": "r34"
        }]
    },
    "r44": {
      "type": "data",
      "busTypeName": "data",
      "protocol": "ap_vld",
      "mode": "master",
      "dataWidth": "24",
      "portMap": {"r44": "DATA"},
      "ports": ["r44"],
      "constraints": [{
          "constraint_type": "pragma interface",
          "mode": "ap_none",
          "register_option": "0",
          "argName": "r44"
        }]
    },
    "din": {
      "type": "data",
      "busTypeName": "data",
      "protocol": "ap_none",
      "mode": "slave",
      "dataWidth": "24",
      "portMap": {"din": "DATA"},
      "ports": ["din"],
      "constraints": [{
          "constraint_type": "pragma interface",
          "mode": "ap_none",
          "register_option": "0",
          "argName": "din"
        }]
    },
    "done": {
      "type": "data",
      "busTypeName": "data",
      "protocol": "ap_vld",
      "mode": "master",
      "dataWidth": "24",
      "portMap": {"done": "DATA"},
      "ports": ["done"],
      "constraints": [{
          "constraint_type": "pragma interface",
          "mode": "ap_none",
          "register_option": "0",
          "argName": "done"
        }]
    }
  },
  "RtlPorts": {
    "ap_clk": {
      "dir": "in",
      "width": "1"
    },
    "ap_rst": {
      "dir": "in",
      "width": "1"
    },
    "ap_start": {
      "dir": "in",
      "width": "1"
    },
    "ap_done": {
      "dir": "out",
      "width": "1"
    },
    "ap_idle": {
      "dir": "out",
      "width": "1"
    },
    "ap_ready": {
      "dir": "out",
      "width": "1"
    },
    "a11": {
      "dir": "in",
      "width": "24"
    },
    "a12": {
      "dir": "in",
      "width": "24"
    },
    "a13": {
      "dir": "in",
      "width": "24"
    },
    "a14": {
      "dir": "in",
      "width": "24"
    },
    "a21": {
      "dir": "in",
      "width": "24"
    },
    "a22": {
      "dir": "in",
      "width": "24"
    },
    "a23": {
      "dir": "in",
      "width": "24"
    },
    "a24": {
      "dir": "in",
      "width": "24"
    },
    "a31": {
      "dir": "in",
      "width": "24"
    },
    "a32": {
      "dir": "in",
      "width": "24"
    },
    "a33": {
      "dir": "in",
      "width": "24"
    },
    "a34": {
      "dir": "in",
      "width": "24"
    },
    "a41": {
      "dir": "in",
      "width": "24"
    },
    "a42": {
      "dir": "in",
      "width": "24"
    },
    "a43": {
      "dir": "in",
      "width": "24"
    },
    "a44": {
      "dir": "in",
      "width": "24"
    },
    "q11": {
      "dir": "out",
      "width": "24"
    },
    "q11_ap_vld": {
      "dir": "out",
      "width": "1"
    },
    "q12": {
      "dir": "out",
      "width": "24"
    },
    "q12_ap_vld": {
      "dir": "out",
      "width": "1"
    },
    "q13": {
      "dir": "out",
      "width": "24"
    },
    "q13_ap_vld": {
      "dir": "out",
      "width": "1"
    },
    "q14": {
      "dir": "out",
      "width": "24"
    },
    "q14_ap_vld": {
      "dir": "out",
      "width": "1"
    },
    "q21": {
      "dir": "out",
      "width": "24"
    },
    "q21_ap_vld": {
      "dir": "out",
      "width": "1"
    },
    "q22": {
      "dir": "out",
      "width": "24"
    },
    "q22_ap_vld": {
      "dir": "out",
      "width": "1"
    },
    "q23": {
      "dir": "out",
      "width": "24"
    },
    "q23_ap_vld": {
      "dir": "out",
      "width": "1"
    },
    "q24": {
      "dir": "out",
      "width": "24"
    },
    "q24_ap_vld": {
      "dir": "out",
      "width": "1"
    },
    "q31": {
      "dir": "out",
      "width": "24"
    },
    "q31_ap_vld": {
      "dir": "out",
      "width": "1"
    },
    "q32": {
      "dir": "out",
      "width": "24"
    },
    "q32_ap_vld": {
      "dir": "out",
      "width": "1"
    },
    "q33": {
      "dir": "out",
      "width": "24"
    },
    "q33_ap_vld": {
      "dir": "out",
      "width": "1"
    },
    "q34": {
      "dir": "out",
      "width": "24"
    },
    "q34_ap_vld": {
      "dir": "out",
      "width": "1"
    },
    "q41": {
      "dir": "out",
      "width": "24"
    },
    "q41_ap_vld": {
      "dir": "out",
      "width": "1"
    },
    "q42": {
      "dir": "out",
      "width": "24"
    },
    "q42_ap_vld": {
      "dir": "out",
      "width": "1"
    },
    "q43": {
      "dir": "out",
      "width": "24"
    },
    "q43_ap_vld": {
      "dir": "out",
      "width": "1"
    },
    "q44": {
      "dir": "out",
      "width": "24"
    },
    "q44_ap_vld": {
      "dir": "out",
      "width": "1"
    },
    "r11": {
      "dir": "out",
      "width": "24"
    },
    "r11_ap_vld": {
      "dir": "out",
      "width": "1"
    },
    "r12": {
      "dir": "out",
      "width": "24"
    },
    "r12_ap_vld": {
      "dir": "out",
      "width": "1"
    },
    "r13": {
      "dir": "out",
      "width": "24"
    },
    "r13_ap_vld": {
      "dir": "out",
      "width": "1"
    },
    "r14": {
      "dir": "out",
      "width": "24"
    },
    "r14_ap_vld": {
      "dir": "out",
      "width": "1"
    },
    "r22": {
      "dir": "out",
      "width": "24"
    },
    "r22_ap_vld": {
      "dir": "out",
      "width": "1"
    },
    "r23": {
      "dir": "out",
      "width": "24"
    },
    "r23_ap_vld": {
      "dir": "out",
      "width": "1"
    },
    "r24": {
      "dir": "out",
      "width": "24"
    },
    "r24_ap_vld": {
      "dir": "out",
      "width": "1"
    },
    "r33": {
      "dir": "out",
      "width": "24"
    },
    "r33_ap_vld": {
      "dir": "out",
      "width": "1"
    },
    "r34": {
      "dir": "out",
      "width": "24"
    },
    "r34_ap_vld": {
      "dir": "out",
      "width": "1"
    },
    "r44": {
      "dir": "out",
      "width": "24"
    },
    "r44_ap_vld": {
      "dir": "out",
      "width": "1"
    },
    "din": {
      "dir": "in",
      "width": "24"
    },
    "done": {
      "dir": "out",
      "width": "24"
    },
    "done_ap_vld": {
      "dir": "out",
      "width": "1"
    }
  },
  "ModuleInfo": {
    "Hierarchy": {
      "ModuleName": "qr",
      "Instances": [
        {
          "ModuleName": "qr_Pipeline_VITIS_LOOP_97_1",
          "InstanceName": "grp_qr_Pipeline_VITIS_LOOP_97_1_fu_1536",
          "Instances": [{
              "ModuleName": "cordic_1",
              "InstanceName": "grp_cordic_1_fu_170"
            }]
        },
        {
          "ModuleName": "qr_Pipeline_VITIS_LOOP_106_2",
          "InstanceName": "grp_qr_Pipeline_VITIS_LOOP_106_2_fu_1553",
          "Instances": [{
              "ModuleName": "cordic",
              "InstanceName": "grp_cordic_fu_202"
            }]
        },
        {
          "ModuleName": "qr_Pipeline_VITIS_LOOP_114_3",
          "InstanceName": "grp_qr_Pipeline_VITIS_LOOP_114_3_fu_1574",
          "Instances": [{
              "ModuleName": "cordic",
              "InstanceName": "grp_cordic_fu_202"
            }]
        },
        {
          "ModuleName": "qr_Pipeline_VITIS_LOOP_122_4",
          "InstanceName": "grp_qr_Pipeline_VITIS_LOOP_122_4_fu_1595",
          "Instances": [{
              "ModuleName": "cordic",
              "InstanceName": "grp_cordic_fu_202"
            }]
        },
        {
          "ModuleName": "qr_Pipeline_VITIS_LOOP_207_11",
          "InstanceName": "grp_qr_Pipeline_VITIS_LOOP_207_11_fu_1616",
          "Instances": [{
              "ModuleName": "cordic",
              "InstanceName": "grp_cordic_fu_172"
            }]
        },
        {
          "ModuleName": "qr_Pipeline_VITIS_LOOP_215_12",
          "InstanceName": "grp_qr_Pipeline_VITIS_LOOP_215_12_fu_1629",
          "Instances": [{
              "ModuleName": "cordic",
              "InstanceName": "grp_cordic_fu_172"
            }]
        },
        {
          "ModuleName": "qr_Pipeline_VITIS_LOOP_223_13",
          "InstanceName": "grp_qr_Pipeline_VITIS_LOOP_223_13_fu_1642",
          "Instances": [{
              "ModuleName": "cordic",
              "InstanceName": "grp_cordic_fu_172"
            }]
        },
        {
          "ModuleName": "qr_Pipeline_VITIS_LOOP_231_14",
          "InstanceName": "grp_qr_Pipeline_VITIS_LOOP_231_14_fu_1655",
          "Instances": [{
              "ModuleName": "cordic",
              "InstanceName": "grp_cordic_fu_172"
            }]
        },
        {
          "ModuleName": "qr_Pipeline_VITIS_LOOP_131_5",
          "InstanceName": "grp_qr_Pipeline_VITIS_LOOP_131_5_fu_1668",
          "Instances": [{
              "ModuleName": "cordic_1",
              "InstanceName": "grp_cordic_1_fu_170"
            }]
        },
        {
          "ModuleName": "qr_Pipeline_VITIS_LOOP_140_6",
          "InstanceName": "grp_qr_Pipeline_VITIS_LOOP_140_6_fu_1681",
          "Instances": [{
              "ModuleName": "cordic",
              "InstanceName": "grp_cordic_fu_202"
            }]
        },
        {
          "ModuleName": "qr_Pipeline_VITIS_LOOP_148_7",
          "InstanceName": "grp_qr_Pipeline_VITIS_LOOP_148_7_fu_1698",
          "Instances": [{
              "ModuleName": "cordic",
              "InstanceName": "grp_cordic_fu_202"
            }]
        },
        {
          "ModuleName": "qr_Pipeline_VITIS_LOOP_240_15",
          "InstanceName": "grp_qr_Pipeline_VITIS_LOOP_240_15_fu_1715",
          "Instances": [{
              "ModuleName": "cordic",
              "InstanceName": "grp_cordic_fu_202"
            }]
        },
        {
          "ModuleName": "qr_Pipeline_VITIS_LOOP_248_16",
          "InstanceName": "grp_qr_Pipeline_VITIS_LOOP_248_16_fu_1732",
          "Instances": [{
              "ModuleName": "cordic",
              "InstanceName": "grp_cordic_fu_202"
            }]
        },
        {
          "ModuleName": "qr_Pipeline_VITIS_LOOP_256_17",
          "InstanceName": "grp_qr_Pipeline_VITIS_LOOP_256_17_fu_1749",
          "Instances": [{
              "ModuleName": "cordic",
              "InstanceName": "grp_cordic_fu_202"
            }]
        },
        {
          "ModuleName": "qr_Pipeline_VITIS_LOOP_264_18",
          "InstanceName": "grp_qr_Pipeline_VITIS_LOOP_264_18_fu_1766",
          "Instances": [{
              "ModuleName": "cordic",
              "InstanceName": "grp_cordic_fu_202"
            }]
        },
        {
          "ModuleName": "qr_Pipeline_VITIS_LOOP_157_8",
          "InstanceName": "grp_qr_Pipeline_VITIS_LOOP_157_8_fu_1783",
          "Instances": [{
              "ModuleName": "cordic_1",
              "InstanceName": "grp_cordic_1_fu_170"
            }]
        },
        {
          "ModuleName": "qr_Pipeline_VITIS_LOOP_167_9",
          "InstanceName": "grp_qr_Pipeline_VITIS_LOOP_167_9_fu_1796",
          "Instances": [{
              "ModuleName": "cordic",
              "InstanceName": "grp_cordic_fu_202"
            }]
        },
        {
          "ModuleName": "qr_Pipeline_VITIS_LOOP_273_19",
          "InstanceName": "grp_qr_Pipeline_VITIS_LOOP_273_19_fu_1813",
          "Instances": [{
              "ModuleName": "cordic",
              "InstanceName": "grp_cordic_fu_202"
            }]
        },
        {
          "ModuleName": "qr_Pipeline_VITIS_LOOP_281_20",
          "InstanceName": "grp_qr_Pipeline_VITIS_LOOP_281_20_fu_1830",
          "Instances": [{
              "ModuleName": "cordic",
              "InstanceName": "grp_cordic_fu_202"
            }]
        },
        {
          "ModuleName": "qr_Pipeline_VITIS_LOOP_289_21",
          "InstanceName": "grp_qr_Pipeline_VITIS_LOOP_289_21_fu_1847",
          "Instances": [{
              "ModuleName": "cordic",
              "InstanceName": "grp_cordic_fu_202"
            }]
        },
        {
          "ModuleName": "qr_Pipeline_VITIS_LOOP_297_22",
          "InstanceName": "grp_qr_Pipeline_VITIS_LOOP_297_22_fu_1864",
          "Instances": [{
              "ModuleName": "cordic",
              "InstanceName": "grp_cordic_fu_202"
            }]
        },
        {
          "ModuleName": "qr_Pipeline_VITIS_LOOP_177_10",
          "InstanceName": "grp_qr_Pipeline_VITIS_LOOP_177_10_fu_1881",
          "Instances": [{
              "ModuleName": "cordic_1",
              "InstanceName": "grp_cordic_1_fu_170"
            }]
        },
        {
          "ModuleName": "qr_Pipeline_VITIS_LOOP_307_23",
          "InstanceName": "grp_qr_Pipeline_VITIS_LOOP_307_23_fu_1894",
          "Instances": [{
              "ModuleName": "cordic",
              "InstanceName": "grp_cordic_fu_143"
            }]
        },
        {
          "ModuleName": "qr_Pipeline_VITIS_LOOP_315_24",
          "InstanceName": "grp_qr_Pipeline_VITIS_LOOP_315_24_fu_1907",
          "Instances": [{
              "ModuleName": "cordic",
              "InstanceName": "grp_cordic_fu_143"
            }]
        },
        {
          "ModuleName": "qr_Pipeline_VITIS_LOOP_323_25",
          "InstanceName": "grp_qr_Pipeline_VITIS_LOOP_323_25_fu_1920",
          "Instances": [{
              "ModuleName": "cordic",
              "InstanceName": "grp_cordic_fu_143"
            }]
        },
        {
          "ModuleName": "qr_Pipeline_VITIS_LOOP_331_26",
          "InstanceName": "grp_qr_Pipeline_VITIS_LOOP_331_26_fu_1933",
          "Instances": [{
              "ModuleName": "cordic",
              "InstanceName": "grp_cordic_fu_143"
            }]
        }
      ]
    },
    "Info": {
      "cordic_1": {
        "FunctionProtocol": "ap_ctrl_hs",
        "isTaskLevelControl": "0",
        "isPipelined": "1",
        "isCombinational": "0",
        "isOneStateSeq": "0"
      },
      "qr_Pipeline_VITIS_LOOP_97_1": {
        "FunctionProtocol": "ap_ctrl_hs",
        "isTaskLevelControl": "0",
        "isPipelined": "1",
        "isCombinational": "0",
        "isOneStateSeq": "0"
      },
      "cordic": {
        "FunctionProtocol": "ap_ctrl_hs",
        "isTaskLevelControl": "0",
        "isPipelined": "1",
        "isCombinational": "0",
        "isOneStateSeq": "0"
      },
      "qr_Pipeline_VITIS_LOOP_106_2": {
        "FunctionProtocol": "ap_ctrl_hs",
        "isTaskLevelControl": "0",
        "isPipelined": "1",
        "isCombinational": "0",
        "isOneStateSeq": "0"
      },
      "qr_Pipeline_VITIS_LOOP_114_3": {
        "FunctionProtocol": "ap_ctrl_hs",
        "isTaskLevelControl": "0",
        "isPipelined": "1",
        "isCombinational": "0",
        "isOneStateSeq": "0"
      },
      "qr_Pipeline_VITIS_LOOP_122_4": {
        "FunctionProtocol": "ap_ctrl_hs",
        "isTaskLevelControl": "0",
        "isPipelined": "1",
        "isCombinational": "0",
        "isOneStateSeq": "0"
      },
      "qr_Pipeline_VITIS_LOOP_131_5": {
        "FunctionProtocol": "ap_ctrl_hs",
        "isTaskLevelControl": "0",
        "isPipelined": "1",
        "isCombinational": "0",
        "isOneStateSeq": "0"
      },
      "qr_Pipeline_VITIS_LOOP_140_6": {
        "FunctionProtocol": "ap_ctrl_hs",
        "isTaskLevelControl": "0",
        "isPipelined": "1",
        "isCombinational": "0",
        "isOneStateSeq": "0"
      },
      "qr_Pipeline_VITIS_LOOP_148_7": {
        "FunctionProtocol": "ap_ctrl_hs",
        "isTaskLevelControl": "0",
        "isPipelined": "1",
        "isCombinational": "0",
        "isOneStateSeq": "0"
      },
      "qr_Pipeline_VITIS_LOOP_157_8": {
        "FunctionProtocol": "ap_ctrl_hs",
        "isTaskLevelControl": "0",
        "isPipelined": "1",
        "isCombinational": "0",
        "isOneStateSeq": "0"
      },
      "qr_Pipeline_VITIS_LOOP_167_9": {
        "FunctionProtocol": "ap_ctrl_hs",
        "isTaskLevelControl": "0",
        "isPipelined": "1",
        "isCombinational": "0",
        "isOneStateSeq": "0"
      },
      "qr_Pipeline_VITIS_LOOP_177_10": {
        "FunctionProtocol": "ap_ctrl_hs",
        "isTaskLevelControl": "0",
        "isPipelined": "1",
        "isCombinational": "0",
        "isOneStateSeq": "0"
      },
      "qr_Pipeline_VITIS_LOOP_207_11": {
        "FunctionProtocol": "ap_ctrl_hs",
        "isTaskLevelControl": "0",
        "isPipelined": "1",
        "isCombinational": "0",
        "isOneStateSeq": "0"
      },
      "qr_Pipeline_VITIS_LOOP_215_12": {
        "FunctionProtocol": "ap_ctrl_hs",
        "isTaskLevelControl": "0",
        "isPipelined": "1",
        "isCombinational": "0",
        "isOneStateSeq": "0"
      },
      "qr_Pipeline_VITIS_LOOP_223_13": {
        "FunctionProtocol": "ap_ctrl_hs",
        "isTaskLevelControl": "0",
        "isPipelined": "1",
        "isCombinational": "0",
        "isOneStateSeq": "0"
      },
      "qr_Pipeline_VITIS_LOOP_231_14": {
        "FunctionProtocol": "ap_ctrl_hs",
        "isTaskLevelControl": "0",
        "isPipelined": "1",
        "isCombinational": "0",
        "isOneStateSeq": "0"
      },
      "qr_Pipeline_VITIS_LOOP_240_15": {
        "FunctionProtocol": "ap_ctrl_hs",
        "isTaskLevelControl": "0",
        "isPipelined": "1",
        "isCombinational": "0",
        "isOneStateSeq": "0"
      },
      "qr_Pipeline_VITIS_LOOP_248_16": {
        "FunctionProtocol": "ap_ctrl_hs",
        "isTaskLevelControl": "0",
        "isPipelined": "1",
        "isCombinational": "0",
        "isOneStateSeq": "0"
      },
      "qr_Pipeline_VITIS_LOOP_256_17": {
        "FunctionProtocol": "ap_ctrl_hs",
        "isTaskLevelControl": "0",
        "isPipelined": "1",
        "isCombinational": "0",
        "isOneStateSeq": "0"
      },
      "qr_Pipeline_VITIS_LOOP_264_18": {
        "FunctionProtocol": "ap_ctrl_hs",
        "isTaskLevelControl": "0",
        "isPipelined": "1",
        "isCombinational": "0",
        "isOneStateSeq": "0"
      },
      "qr_Pipeline_VITIS_LOOP_273_19": {
        "FunctionProtocol": "ap_ctrl_hs",
        "isTaskLevelControl": "0",
        "isPipelined": "1",
        "isCombinational": "0",
        "isOneStateSeq": "0"
      },
      "qr_Pipeline_VITIS_LOOP_281_20": {
        "FunctionProtocol": "ap_ctrl_hs",
        "isTaskLevelControl": "0",
        "isPipelined": "1",
        "isCombinational": "0",
        "isOneStateSeq": "0"
      },
      "qr_Pipeline_VITIS_LOOP_289_21": {
        "FunctionProtocol": "ap_ctrl_hs",
        "isTaskLevelControl": "0",
        "isPipelined": "1",
        "isCombinational": "0",
        "isOneStateSeq": "0"
      },
      "qr_Pipeline_VITIS_LOOP_297_22": {
        "FunctionProtocol": "ap_ctrl_hs",
        "isTaskLevelControl": "0",
        "isPipelined": "1",
        "isCombinational": "0",
        "isOneStateSeq": "0"
      },
      "qr_Pipeline_VITIS_LOOP_307_23": {
        "FunctionProtocol": "ap_ctrl_hs",
        "isTaskLevelControl": "0",
        "isPipelined": "1",
        "isCombinational": "0",
        "isOneStateSeq": "0"
      },
      "qr_Pipeline_VITIS_LOOP_315_24": {
        "FunctionProtocol": "ap_ctrl_hs",
        "isTaskLevelControl": "0",
        "isPipelined": "1",
        "isCombinational": "0",
        "isOneStateSeq": "0"
      },
      "qr_Pipeline_VITIS_LOOP_323_25": {
        "FunctionProtocol": "ap_ctrl_hs",
        "isTaskLevelControl": "0",
        "isPipelined": "1",
        "isCombinational": "0",
        "isOneStateSeq": "0"
      },
      "qr_Pipeline_VITIS_LOOP_331_26": {
        "FunctionProtocol": "ap_ctrl_hs",
        "isTaskLevelControl": "0",
        "isPipelined": "1",
        "isCombinational": "0",
        "isOneStateSeq": "0"
      },
      "qr": {
        "FunctionProtocol": "ap_ctrl_hs",
        "isTaskLevelControl": "0",
        "isPipelined": "0",
        "isCombinational": "0",
        "isOneStateSeq": "0"
      }
    },
    "Metrics": {
      "cordic_1": {
        "Latency": {
          "LatencyBest": "6",
          "LatencyAvg": "6",
          "LatencyWorst": "6",
          "PipelineII": "1",
          "PipelineDepth": "7",
          "PipelineType": "yes"
        },
        "Timing": {
          "Target": "10.00",
          "Uncertainty": "2.70",
          "Estimate": "7.257"
        },
        "Area": {
          "FF": "674",
          "AVAIL_FF": "106400",
          "UTIL_FF": "~0",
          "LUT": "1867",
          "AVAIL_LUT": "53200",
          "UTIL_LUT": "3",
          "BRAM_18K": "0",
          "AVAIL_BRAM": "280",
          "UTIL_BRAM": "0",
          "DSP": "0",
          "AVAIL_DSP": "220",
          "UTIL_DSP": "0",
          "URAM": "0",
          "AVAIL_URAM": "0",
          "UTIL_URAM": "0"
        }
      },
      "qr_Pipeline_VITIS_LOOP_97_1": {
        "Latency": {
          "LatencyBest": "51",
          "LatencyAvg": "51",
          "LatencyWorst": "51",
          "PipelineII": "51",
          "PipelineDepth": "",
          "PipelineType": "no"
        },
        "Timing": {
          "Target": "10.00",
          "Uncertainty": "2.70",
          "Estimate": "7.257"
        },
        "Loops": [{
            "Name": "VITIS_LOOP_97_1",
            "TripCount": "4",
            "Latency": "49",
            "PipelineII": "12",
            "PipelineDepth": "14"
          }],
        "Area": {
          "DSP": "1",
          "AVAIL_DSP": "220",
          "UTIL_DSP": "~0",
          "FF": "308",
          "AVAIL_FF": "106400",
          "UTIL_FF": "~0",
          "LUT": "255",
          "AVAIL_LUT": "53200",
          "UTIL_LUT": "~0",
          "BRAM_18K": "0",
          "AVAIL_BRAM": "280",
          "UTIL_BRAM": "0",
          "URAM": "0",
          "AVAIL_URAM": "0",
          "UTIL_URAM": "0"
        }
      },
      "cordic": {
        "Latency": {
          "LatencyBest": "6",
          "LatencyAvg": "6",
          "LatencyWorst": "6",
          "PipelineII": "1",
          "PipelineDepth": "7",
          "PipelineType": "yes"
        },
        "Timing": {
          "Target": "10.00",
          "Uncertainty": "2.70",
          "Estimate": "6.943"
        },
        "Area": {
          "FF": "890",
          "AVAIL_FF": "106400",
          "UTIL_FF": "~0",
          "LUT": "2222",
          "AVAIL_LUT": "53200",
          "UTIL_LUT": "4",
          "BRAM_18K": "0",
          "AVAIL_BRAM": "280",
          "UTIL_BRAM": "0",
          "DSP": "0",
          "AVAIL_DSP": "220",
          "UTIL_DSP": "0",
          "URAM": "0",
          "AVAIL_URAM": "0",
          "UTIL_URAM": "0"
        }
      },
      "qr_Pipeline_VITIS_LOOP_106_2": {
        "Latency": {
          "LatencyBest": "51",
          "LatencyAvg": "51",
          "LatencyWorst": "51",
          "PipelineII": "51",
          "PipelineDepth": "",
          "PipelineType": "no"
        },
        "Timing": {
          "Target": "10.00",
          "Uncertainty": "2.70",
          "Estimate": "6.943"
        },
        "Loops": [{
            "Name": "VITIS_LOOP_106_2",
            "TripCount": "4",
            "Latency": "49",
            "PipelineII": "12",
            "PipelineDepth": "14"
          }],
        "Area": {
          "DSP": "2",
          "AVAIL_DSP": "220",
          "UTIL_DSP": "~0",
          "FF": "334",
          "AVAIL_FF": "106400",
          "UTIL_FF": "~0",
          "LUT": "275",
          "AVAIL_LUT": "53200",
          "UTIL_LUT": "~0",
          "BRAM_18K": "0",
          "AVAIL_BRAM": "280",
          "UTIL_BRAM": "0",
          "URAM": "0",
          "AVAIL_URAM": "0",
          "UTIL_URAM": "0"
        }
      },
      "qr_Pipeline_VITIS_LOOP_114_3": {
        "Latency": {
          "LatencyBest": "51",
          "LatencyAvg": "51",
          "LatencyWorst": "51",
          "PipelineII": "51",
          "PipelineDepth": "",
          "PipelineType": "no"
        },
        "Timing": {
          "Target": "10.00",
          "Uncertainty": "2.70",
          "Estimate": "6.943"
        },
        "Loops": [{
            "Name": "VITIS_LOOP_114_3",
            "TripCount": "4",
            "Latency": "49",
            "PipelineII": "12",
            "PipelineDepth": "14"
          }],
        "Area": {
          "DSP": "2",
          "AVAIL_DSP": "220",
          "UTIL_DSP": "~0",
          "FF": "334",
          "AVAIL_FF": "106400",
          "UTIL_FF": "~0",
          "LUT": "275",
          "AVAIL_LUT": "53200",
          "UTIL_LUT": "~0",
          "BRAM_18K": "0",
          "AVAIL_BRAM": "280",
          "UTIL_BRAM": "0",
          "URAM": "0",
          "AVAIL_URAM": "0",
          "UTIL_URAM": "0"
        }
      },
      "qr_Pipeline_VITIS_LOOP_122_4": {
        "Latency": {
          "LatencyBest": "51",
          "LatencyAvg": "51",
          "LatencyWorst": "51",
          "PipelineII": "51",
          "PipelineDepth": "",
          "PipelineType": "no"
        },
        "Timing": {
          "Target": "10.00",
          "Uncertainty": "2.70",
          "Estimate": "6.943"
        },
        "Loops": [{
            "Name": "VITIS_LOOP_122_4",
            "TripCount": "4",
            "Latency": "49",
            "PipelineII": "12",
            "PipelineDepth": "14"
          }],
        "Area": {
          "DSP": "2",
          "AVAIL_DSP": "220",
          "UTIL_DSP": "~0",
          "FF": "334",
          "AVAIL_FF": "106400",
          "UTIL_FF": "~0",
          "LUT": "275",
          "AVAIL_LUT": "53200",
          "UTIL_LUT": "~0",
          "BRAM_18K": "0",
          "AVAIL_BRAM": "280",
          "UTIL_BRAM": "0",
          "URAM": "0",
          "AVAIL_URAM": "0",
          "UTIL_URAM": "0"
        }
      },
      "qr_Pipeline_VITIS_LOOP_131_5": {
        "Latency": {
          "LatencyBest": "51",
          "LatencyAvg": "51",
          "LatencyWorst": "51",
          "PipelineII": "51",
          "PipelineDepth": "",
          "PipelineType": "no"
        },
        "Timing": {
          "Target": "10.00",
          "Uncertainty": "2.70",
          "Estimate": "7.257"
        },
        "Loops": [{
            "Name": "VITIS_LOOP_131_5",
            "TripCount": "4",
            "Latency": "49",
            "PipelineII": "12",
            "PipelineDepth": "14"
          }],
        "Area": {
          "DSP": "1",
          "AVAIL_DSP": "220",
          "UTIL_DSP": "~0",
          "FF": "308",
          "AVAIL_FF": "106400",
          "UTIL_FF": "~0",
          "LUT": "255",
          "AVAIL_LUT": "53200",
          "UTIL_LUT": "~0",
          "BRAM_18K": "0",
          "AVAIL_BRAM": "280",
          "UTIL_BRAM": "0",
          "URAM": "0",
          "AVAIL_URAM": "0",
          "UTIL_URAM": "0"
        }
      },
      "qr_Pipeline_VITIS_LOOP_140_6": {
        "Latency": {
          "LatencyBest": "51",
          "LatencyAvg": "51",
          "LatencyWorst": "51",
          "PipelineII": "51",
          "PipelineDepth": "",
          "PipelineType": "no"
        },
        "Timing": {
          "Target": "10.00",
          "Uncertainty": "2.70",
          "Estimate": "6.943"
        },
        "Loops": [{
            "Name": "VITIS_LOOP_140_6",
            "TripCount": "4",
            "Latency": "49",
            "PipelineII": "12",
            "PipelineDepth": "14"
          }],
        "Area": {
          "DSP": "2",
          "AVAIL_DSP": "220",
          "UTIL_DSP": "~0",
          "FF": "334",
          "AVAIL_FF": "106400",
          "UTIL_FF": "~0",
          "LUT": "275",
          "AVAIL_LUT": "53200",
          "UTIL_LUT": "~0",
          "BRAM_18K": "0",
          "AVAIL_BRAM": "280",
          "UTIL_BRAM": "0",
          "URAM": "0",
          "AVAIL_URAM": "0",
          "UTIL_URAM": "0"
        }
      },
      "qr_Pipeline_VITIS_LOOP_148_7": {
        "Latency": {
          "LatencyBest": "51",
          "LatencyAvg": "51",
          "LatencyWorst": "51",
          "PipelineII": "51",
          "PipelineDepth": "",
          "PipelineType": "no"
        },
        "Timing": {
          "Target": "10.00",
          "Uncertainty": "2.70",
          "Estimate": "6.943"
        },
        "Loops": [{
            "Name": "VITIS_LOOP_148_7",
            "TripCount": "4",
            "Latency": "49",
            "PipelineII": "12",
            "PipelineDepth": "14"
          }],
        "Area": {
          "DSP": "2",
          "AVAIL_DSP": "220",
          "UTIL_DSP": "~0",
          "FF": "334",
          "AVAIL_FF": "106400",
          "UTIL_FF": "~0",
          "LUT": "275",
          "AVAIL_LUT": "53200",
          "UTIL_LUT": "~0",
          "BRAM_18K": "0",
          "AVAIL_BRAM": "280",
          "UTIL_BRAM": "0",
          "URAM": "0",
          "AVAIL_URAM": "0",
          "UTIL_URAM": "0"
        }
      },
      "qr_Pipeline_VITIS_LOOP_157_8": {
        "Latency": {
          "LatencyBest": "51",
          "LatencyAvg": "51",
          "LatencyWorst": "51",
          "PipelineII": "51",
          "PipelineDepth": "",
          "PipelineType": "no"
        },
        "Timing": {
          "Target": "10.00",
          "Uncertainty": "2.70",
          "Estimate": "7.257"
        },
        "Loops": [{
            "Name": "VITIS_LOOP_157_8",
            "TripCount": "4",
            "Latency": "49",
            "PipelineII": "12",
            "PipelineDepth": "14"
          }],
        "Area": {
          "DSP": "1",
          "AVAIL_DSP": "220",
          "UTIL_DSP": "~0",
          "FF": "308",
          "AVAIL_FF": "106400",
          "UTIL_FF": "~0",
          "LUT": "255",
          "AVAIL_LUT": "53200",
          "UTIL_LUT": "~0",
          "BRAM_18K": "0",
          "AVAIL_BRAM": "280",
          "UTIL_BRAM": "0",
          "URAM": "0",
          "AVAIL_URAM": "0",
          "UTIL_URAM": "0"
        }
      },
      "qr_Pipeline_VITIS_LOOP_167_9": {
        "Latency": {
          "LatencyBest": "51",
          "LatencyAvg": "51",
          "LatencyWorst": "51",
          "PipelineII": "51",
          "PipelineDepth": "",
          "PipelineType": "no"
        },
        "Timing": {
          "Target": "10.00",
          "Uncertainty": "2.70",
          "Estimate": "6.943"
        },
        "Loops": [{
            "Name": "VITIS_LOOP_167_9",
            "TripCount": "4",
            "Latency": "49",
            "PipelineII": "12",
            "PipelineDepth": "14"
          }],
        "Area": {
          "DSP": "2",
          "AVAIL_DSP": "220",
          "UTIL_DSP": "~0",
          "FF": "334",
          "AVAIL_FF": "106400",
          "UTIL_FF": "~0",
          "LUT": "275",
          "AVAIL_LUT": "53200",
          "UTIL_LUT": "~0",
          "BRAM_18K": "0",
          "AVAIL_BRAM": "280",
          "UTIL_BRAM": "0",
          "URAM": "0",
          "AVAIL_URAM": "0",
          "UTIL_URAM": "0"
        }
      },
      "qr_Pipeline_VITIS_LOOP_177_10": {
        "Latency": {
          "LatencyBest": "51",
          "LatencyAvg": "51",
          "LatencyWorst": "51",
          "PipelineII": "51",
          "PipelineDepth": "",
          "PipelineType": "no"
        },
        "Timing": {
          "Target": "10.00",
          "Uncertainty": "2.70",
          "Estimate": "7.257"
        },
        "Loops": [{
            "Name": "VITIS_LOOP_177_10",
            "TripCount": "4",
            "Latency": "49",
            "PipelineII": "12",
            "PipelineDepth": "14"
          }],
        "Area": {
          "DSP": "1",
          "AVAIL_DSP": "220",
          "UTIL_DSP": "~0",
          "FF": "308",
          "AVAIL_FF": "106400",
          "UTIL_FF": "~0",
          "LUT": "255",
          "AVAIL_LUT": "53200",
          "UTIL_LUT": "~0",
          "BRAM_18K": "0",
          "AVAIL_BRAM": "280",
          "UTIL_BRAM": "0",
          "URAM": "0",
          "AVAIL_URAM": "0",
          "UTIL_URAM": "0"
        }
      },
      "qr_Pipeline_VITIS_LOOP_207_11": {
        "Latency": {
          "LatencyBest": "51",
          "LatencyAvg": "51",
          "LatencyWorst": "51",
          "PipelineII": "51",
          "PipelineDepth": "",
          "PipelineType": "no"
        },
        "Timing": {
          "Target": "10.00",
          "Uncertainty": "2.70",
          "Estimate": "6.943"
        },
        "Loops": [{
            "Name": "VITIS_LOOP_207_11",
            "TripCount": "4",
            "Latency": "49",
            "PipelineII": "12",
            "PipelineDepth": "14"
          }],
        "Area": {
          "DSP": "2",
          "AVAIL_DSP": "220",
          "UTIL_DSP": "~0",
          "FF": "334",
          "AVAIL_FF": "106400",
          "UTIL_FF": "~0",
          "LUT": "275",
          "AVAIL_LUT": "53200",
          "UTIL_LUT": "~0",
          "BRAM_18K": "0",
          "AVAIL_BRAM": "280",
          "UTIL_BRAM": "0",
          "URAM": "0",
          "AVAIL_URAM": "0",
          "UTIL_URAM": "0"
        }
      },
      "qr_Pipeline_VITIS_LOOP_215_12": {
        "Latency": {
          "LatencyBest": "51",
          "LatencyAvg": "51",
          "LatencyWorst": "51",
          "PipelineII": "51",
          "PipelineDepth": "",
          "PipelineType": "no"
        },
        "Timing": {
          "Target": "10.00",
          "Uncertainty": "2.70",
          "Estimate": "6.943"
        },
        "Loops": [{
            "Name": "VITIS_LOOP_215_12",
            "TripCount": "4",
            "Latency": "49",
            "PipelineII": "12",
            "PipelineDepth": "14"
          }],
        "Area": {
          "DSP": "2",
          "AVAIL_DSP": "220",
          "UTIL_DSP": "~0",
          "FF": "334",
          "AVAIL_FF": "106400",
          "UTIL_FF": "~0",
          "LUT": "275",
          "AVAIL_LUT": "53200",
          "UTIL_LUT": "~0",
          "BRAM_18K": "0",
          "AVAIL_BRAM": "280",
          "UTIL_BRAM": "0",
          "URAM": "0",
          "AVAIL_URAM": "0",
          "UTIL_URAM": "0"
        }
      },
      "qr_Pipeline_VITIS_LOOP_223_13": {
        "Latency": {
          "LatencyBest": "51",
          "LatencyAvg": "51",
          "LatencyWorst": "51",
          "PipelineII": "51",
          "PipelineDepth": "",
          "PipelineType": "no"
        },
        "Timing": {
          "Target": "10.00",
          "Uncertainty": "2.70",
          "Estimate": "6.943"
        },
        "Loops": [{
            "Name": "VITIS_LOOP_223_13",
            "TripCount": "4",
            "Latency": "49",
            "PipelineII": "12",
            "PipelineDepth": "14"
          }],
        "Area": {
          "DSP": "2",
          "AVAIL_DSP": "220",
          "UTIL_DSP": "~0",
          "FF": "334",
          "AVAIL_FF": "106400",
          "UTIL_FF": "~0",
          "LUT": "275",
          "AVAIL_LUT": "53200",
          "UTIL_LUT": "~0",
          "BRAM_18K": "0",
          "AVAIL_BRAM": "280",
          "UTIL_BRAM": "0",
          "URAM": "0",
          "AVAIL_URAM": "0",
          "UTIL_URAM": "0"
        }
      },
      "qr_Pipeline_VITIS_LOOP_231_14": {
        "Latency": {
          "LatencyBest": "51",
          "LatencyAvg": "51",
          "LatencyWorst": "51",
          "PipelineII": "51",
          "PipelineDepth": "",
          "PipelineType": "no"
        },
        "Timing": {
          "Target": "10.00",
          "Uncertainty": "2.70",
          "Estimate": "6.943"
        },
        "Loops": [{
            "Name": "VITIS_LOOP_231_14",
            "TripCount": "4",
            "Latency": "49",
            "PipelineII": "12",
            "PipelineDepth": "14"
          }],
        "Area": {
          "DSP": "2",
          "AVAIL_DSP": "220",
          "UTIL_DSP": "~0",
          "FF": "1224",
          "AVAIL_FF": "106400",
          "UTIL_FF": "1",
          "LUT": "2497",
          "AVAIL_LUT": "53200",
          "UTIL_LUT": "4",
          "BRAM_18K": "0",
          "AVAIL_BRAM": "280",
          "UTIL_BRAM": "0",
          "URAM": "0",
          "AVAIL_URAM": "0",
          "UTIL_URAM": "0"
        }
      },
      "qr_Pipeline_VITIS_LOOP_240_15": {
        "Latency": {
          "LatencyBest": "51",
          "LatencyAvg": "51",
          "LatencyWorst": "51",
          "PipelineII": "51",
          "PipelineDepth": "",
          "PipelineType": "no"
        },
        "Timing": {
          "Target": "10.00",
          "Uncertainty": "2.70",
          "Estimate": "6.943"
        },
        "Loops": [{
            "Name": "VITIS_LOOP_240_15",
            "TripCount": "4",
            "Latency": "49",
            "PipelineII": "12",
            "PipelineDepth": "14"
          }],
        "Area": {
          "DSP": "2",
          "AVAIL_DSP": "220",
          "UTIL_DSP": "~0",
          "FF": "334",
          "AVAIL_FF": "106400",
          "UTIL_FF": "~0",
          "LUT": "275",
          "AVAIL_LUT": "53200",
          "UTIL_LUT": "~0",
          "BRAM_18K": "0",
          "AVAIL_BRAM": "280",
          "UTIL_BRAM": "0",
          "URAM": "0",
          "AVAIL_URAM": "0",
          "UTIL_URAM": "0"
        }
      },
      "qr_Pipeline_VITIS_LOOP_248_16": {
        "Latency": {
          "LatencyBest": "51",
          "LatencyAvg": "51",
          "LatencyWorst": "51",
          "PipelineII": "51",
          "PipelineDepth": "",
          "PipelineType": "no"
        },
        "Timing": {
          "Target": "10.00",
          "Uncertainty": "2.70",
          "Estimate": "6.943"
        },
        "Loops": [{
            "Name": "VITIS_LOOP_248_16",
            "TripCount": "4",
            "Latency": "49",
            "PipelineII": "12",
            "PipelineDepth": "14"
          }],
        "Area": {
          "DSP": "2",
          "AVAIL_DSP": "220",
          "UTIL_DSP": "~0",
          "FF": "334",
          "AVAIL_FF": "106400",
          "UTIL_FF": "~0",
          "LUT": "275",
          "AVAIL_LUT": "53200",
          "UTIL_LUT": "~0",
          "BRAM_18K": "0",
          "AVAIL_BRAM": "280",
          "UTIL_BRAM": "0",
          "URAM": "0",
          "AVAIL_URAM": "0",
          "UTIL_URAM": "0"
        }
      },
      "qr_Pipeline_VITIS_LOOP_256_17": {
        "Latency": {
          "LatencyBest": "51",
          "LatencyAvg": "51",
          "LatencyWorst": "51",
          "PipelineII": "51",
          "PipelineDepth": "",
          "PipelineType": "no"
        },
        "Timing": {
          "Target": "10.00",
          "Uncertainty": "2.70",
          "Estimate": "6.943"
        },
        "Loops": [{
            "Name": "VITIS_LOOP_256_17",
            "TripCount": "4",
            "Latency": "49",
            "PipelineII": "12",
            "PipelineDepth": "14"
          }],
        "Area": {
          "DSP": "2",
          "AVAIL_DSP": "220",
          "UTIL_DSP": "~0",
          "FF": "334",
          "AVAIL_FF": "106400",
          "UTIL_FF": "~0",
          "LUT": "275",
          "AVAIL_LUT": "53200",
          "UTIL_LUT": "~0",
          "BRAM_18K": "0",
          "AVAIL_BRAM": "280",
          "UTIL_BRAM": "0",
          "URAM": "0",
          "AVAIL_URAM": "0",
          "UTIL_URAM": "0"
        }
      },
      "qr_Pipeline_VITIS_LOOP_264_18": {
        "Latency": {
          "LatencyBest": "51",
          "LatencyAvg": "51",
          "LatencyWorst": "51",
          "PipelineII": "51",
          "PipelineDepth": "",
          "PipelineType": "no"
        },
        "Timing": {
          "Target": "10.00",
          "Uncertainty": "2.70",
          "Estimate": "6.943"
        },
        "Loops": [{
            "Name": "VITIS_LOOP_264_18",
            "TripCount": "4",
            "Latency": "49",
            "PipelineII": "12",
            "PipelineDepth": "14"
          }],
        "Area": {
          "DSP": "2",
          "AVAIL_DSP": "220",
          "UTIL_DSP": "~0",
          "FF": "334",
          "AVAIL_FF": "106400",
          "UTIL_FF": "~0",
          "LUT": "275",
          "AVAIL_LUT": "53200",
          "UTIL_LUT": "~0",
          "BRAM_18K": "0",
          "AVAIL_BRAM": "280",
          "UTIL_BRAM": "0",
          "URAM": "0",
          "AVAIL_URAM": "0",
          "UTIL_URAM": "0"
        }
      },
      "qr_Pipeline_VITIS_LOOP_273_19": {
        "Latency": {
          "LatencyBest": "51",
          "LatencyAvg": "51",
          "LatencyWorst": "51",
          "PipelineII": "51",
          "PipelineDepth": "",
          "PipelineType": "no"
        },
        "Timing": {
          "Target": "10.00",
          "Uncertainty": "2.70",
          "Estimate": "6.943"
        },
        "Loops": [{
            "Name": "VITIS_LOOP_273_19",
            "TripCount": "4",
            "Latency": "49",
            "PipelineII": "12",
            "PipelineDepth": "14"
          }],
        "Area": {
          "DSP": "2",
          "AVAIL_DSP": "220",
          "UTIL_DSP": "~0",
          "FF": "334",
          "AVAIL_FF": "106400",
          "UTIL_FF": "~0",
          "LUT": "275",
          "AVAIL_LUT": "53200",
          "UTIL_LUT": "~0",
          "BRAM_18K": "0",
          "AVAIL_BRAM": "280",
          "UTIL_BRAM": "0",
          "URAM": "0",
          "AVAIL_URAM": "0",
          "UTIL_URAM": "0"
        }
      },
      "qr_Pipeline_VITIS_LOOP_281_20": {
        "Latency": {
          "LatencyBest": "51",
          "LatencyAvg": "51",
          "LatencyWorst": "51",
          "PipelineII": "51",
          "PipelineDepth": "",
          "PipelineType": "no"
        },
        "Timing": {
          "Target": "10.00",
          "Uncertainty": "2.70",
          "Estimate": "6.943"
        },
        "Loops": [{
            "Name": "VITIS_LOOP_281_20",
            "TripCount": "4",
            "Latency": "49",
            "PipelineII": "12",
            "PipelineDepth": "14"
          }],
        "Area": {
          "DSP": "2",
          "AVAIL_DSP": "220",
          "UTIL_DSP": "~0",
          "FF": "334",
          "AVAIL_FF": "106400",
          "UTIL_FF": "~0",
          "LUT": "275",
          "AVAIL_LUT": "53200",
          "UTIL_LUT": "~0",
          "BRAM_18K": "0",
          "AVAIL_BRAM": "280",
          "UTIL_BRAM": "0",
          "URAM": "0",
          "AVAIL_URAM": "0",
          "UTIL_URAM": "0"
        }
      },
      "qr_Pipeline_VITIS_LOOP_289_21": {
        "Latency": {
          "LatencyBest": "51",
          "LatencyAvg": "51",
          "LatencyWorst": "51",
          "PipelineII": "51",
          "PipelineDepth": "",
          "PipelineType": "no"
        },
        "Timing": {
          "Target": "10.00",
          "Uncertainty": "2.70",
          "Estimate": "6.943"
        },
        "Loops": [{
            "Name": "VITIS_LOOP_289_21",
            "TripCount": "4",
            "Latency": "49",
            "PipelineII": "12",
            "PipelineDepth": "14"
          }],
        "Area": {
          "DSP": "2",
          "AVAIL_DSP": "220",
          "UTIL_DSP": "~0",
          "FF": "334",
          "AVAIL_FF": "106400",
          "UTIL_FF": "~0",
          "LUT": "275",
          "AVAIL_LUT": "53200",
          "UTIL_LUT": "~0",
          "BRAM_18K": "0",
          "AVAIL_BRAM": "280",
          "UTIL_BRAM": "0",
          "URAM": "0",
          "AVAIL_URAM": "0",
          "UTIL_URAM": "0"
        }
      },
      "qr_Pipeline_VITIS_LOOP_297_22": {
        "Latency": {
          "LatencyBest": "51",
          "LatencyAvg": "51",
          "LatencyWorst": "51",
          "PipelineII": "51",
          "PipelineDepth": "",
          "PipelineType": "no"
        },
        "Timing": {
          "Target": "10.00",
          "Uncertainty": "2.70",
          "Estimate": "6.943"
        },
        "Loops": [{
            "Name": "VITIS_LOOP_297_22",
            "TripCount": "4",
            "Latency": "49",
            "PipelineII": "12",
            "PipelineDepth": "14"
          }],
        "Area": {
          "DSP": "2",
          "AVAIL_DSP": "220",
          "UTIL_DSP": "~0",
          "FF": "334",
          "AVAIL_FF": "106400",
          "UTIL_FF": "~0",
          "LUT": "275",
          "AVAIL_LUT": "53200",
          "UTIL_LUT": "~0",
          "BRAM_18K": "0",
          "AVAIL_BRAM": "280",
          "UTIL_BRAM": "0",
          "URAM": "0",
          "AVAIL_URAM": "0",
          "UTIL_URAM": "0"
        }
      },
      "qr_Pipeline_VITIS_LOOP_307_23": {
        "Latency": {
          "LatencyBest": "51",
          "LatencyAvg": "51",
          "LatencyWorst": "51",
          "PipelineII": "51",
          "PipelineDepth": "",
          "PipelineType": "no"
        },
        "Timing": {
          "Target": "10.00",
          "Uncertainty": "2.70",
          "Estimate": "6.943"
        },
        "Loops": [{
            "Name": "VITIS_LOOP_307_23",
            "TripCount": "4",
            "Latency": "49",
            "PipelineII": "12",
            "PipelineDepth": "14"
          }],
        "Area": {
          "DSP": "2",
          "AVAIL_DSP": "220",
          "UTIL_DSP": "~0",
          "FF": "212",
          "AVAIL_FF": "106400",
          "UTIL_FF": "~0",
          "LUT": "275",
          "AVAIL_LUT": "53200",
          "UTIL_LUT": "~0",
          "BRAM_18K": "0",
          "AVAIL_BRAM": "280",
          "UTIL_BRAM": "0",
          "URAM": "0",
          "AVAIL_URAM": "0",
          "UTIL_URAM": "0"
        }
      },
      "qr_Pipeline_VITIS_LOOP_315_24": {
        "Latency": {
          "LatencyBest": "51",
          "LatencyAvg": "51",
          "LatencyWorst": "51",
          "PipelineII": "51",
          "PipelineDepth": "",
          "PipelineType": "no"
        },
        "Timing": {
          "Target": "10.00",
          "Uncertainty": "2.70",
          "Estimate": "6.943"
        },
        "Loops": [{
            "Name": "VITIS_LOOP_315_24",
            "TripCount": "4",
            "Latency": "49",
            "PipelineII": "12",
            "PipelineDepth": "14"
          }],
        "Area": {
          "DSP": "2",
          "AVAIL_DSP": "220",
          "UTIL_DSP": "~0",
          "FF": "212",
          "AVAIL_FF": "106400",
          "UTIL_FF": "~0",
          "LUT": "275",
          "AVAIL_LUT": "53200",
          "UTIL_LUT": "~0",
          "BRAM_18K": "0",
          "AVAIL_BRAM": "280",
          "UTIL_BRAM": "0",
          "URAM": "0",
          "AVAIL_URAM": "0",
          "UTIL_URAM": "0"
        }
      },
      "qr_Pipeline_VITIS_LOOP_323_25": {
        "Latency": {
          "LatencyBest": "51",
          "LatencyAvg": "51",
          "LatencyWorst": "51",
          "PipelineII": "51",
          "PipelineDepth": "",
          "PipelineType": "no"
        },
        "Timing": {
          "Target": "10.00",
          "Uncertainty": "2.70",
          "Estimate": "6.943"
        },
        "Loops": [{
            "Name": "VITIS_LOOP_323_25",
            "TripCount": "4",
            "Latency": "49",
            "PipelineII": "12",
            "PipelineDepth": "14"
          }],
        "Area": {
          "DSP": "2",
          "AVAIL_DSP": "220",
          "UTIL_DSP": "~0",
          "FF": "212",
          "AVAIL_FF": "106400",
          "UTIL_FF": "~0",
          "LUT": "275",
          "AVAIL_LUT": "53200",
          "UTIL_LUT": "~0",
          "BRAM_18K": "0",
          "AVAIL_BRAM": "280",
          "UTIL_BRAM": "0",
          "URAM": "0",
          "AVAIL_URAM": "0",
          "UTIL_URAM": "0"
        }
      },
      "qr_Pipeline_VITIS_LOOP_331_26": {
        "Latency": {
          "LatencyBest": "51",
          "LatencyAvg": "51",
          "LatencyWorst": "51",
          "PipelineII": "51",
          "PipelineDepth": "",
          "PipelineType": "no"
        },
        "Timing": {
          "Target": "10.00",
          "Uncertainty": "2.70",
          "Estimate": "6.943"
        },
        "Loops": [{
            "Name": "VITIS_LOOP_331_26",
            "TripCount": "4",
            "Latency": "49",
            "PipelineII": "12",
            "PipelineDepth": "14"
          }],
        "Area": {
          "DSP": "2",
          "AVAIL_DSP": "220",
          "UTIL_DSP": "~0",
          "FF": "212",
          "AVAIL_FF": "106400",
          "UTIL_FF": "~0",
          "LUT": "275",
          "AVAIL_LUT": "53200",
          "UTIL_LUT": "~0",
          "BRAM_18K": "0",
          "AVAIL_BRAM": "280",
          "UTIL_BRAM": "0",
          "URAM": "0",
          "AVAIL_URAM": "0",
          "UTIL_URAM": "0"
        }
      },
      "qr": {
        "Latency": {
          "LatencyBest": "426",
          "LatencyAvg": "426",
          "LatencyWorst": "426",
          "PipelineII": "427",
          "PipelineDepth": "",
          "PipelineType": "no"
        },
        "Timing": {
          "Target": "10.00",
          "Uncertainty": "2.70",
          "Estimate": "7.257"
        },
        "Area": {
          "BRAM_18K": "0",
          "AVAIL_BRAM": "280",
          "UTIL_BRAM": "0",
          "DSP": "48",
          "AVAIL_DSP": "220",
          "UTIL_DSP": "21",
          "FF": "15665",
          "AVAIL_FF": "106400",
          "UTIL_FF": "14",
          "LUT": "26746",
          "AVAIL_LUT": "53200",
          "UTIL_LUT": "50",
          "URAM": "0",
          "AVAIL_URAM": "0",
          "UTIL_URAM": "0"
        }
      }
    }
  },
  "GenerateBdFiles": "0",
  "GenData": {
    "DataVersion": "0.2",
    "Time": "2022-11-27 09:27:53 -0600",
    "ToolName": "vitis_hls",
    "ToolVersion": "2022.1"
  }
}
