<profile>

<section name = "Vitis HLS Report for 'atan'" level="0">
<item name = "Date">Sun Dec 11 18:21:30 2022
</item>
<item name = "Version">2022.1 (Build 3526262 on Mon Apr 18 15:48:16 MDT 2022)</item>
<item name = "Project">atan</item>
<item name = "Solution">solution1 (Vivado IP Flow Target)</item>
<item name = "Product family">zynq</item>
<item name = "Target device">xc7z020-clg484-1</item>
</section>

<section name = "Performance Estimates" level="0">
<item name = "Timing">
<section name = "" level="1">
<item name = "Summary"><table name="" hasTotal="0">
<keys size="4">Clock, Target, Estimated, Uncertainty</keys>
<column name="ap_clk">10.00 ns, 7.295 ns, 2.70 ns</column>
</table>
</item>
</section>
</item>
<item name = "Latency">
<section name = "" level="1">
<item name = "Summary"><table name="" hasTotal="0">
<keys size="8">, min, max, min, max, min, max, Type</keys>
<column name="">19, 19, 0.190 us, 0.190 us, 1, 1, yes</column>
</table>
</item>
<item name = "Detail">
<section name = "" level="1">
<item name = "Instance"><table name="" hasTotal="0">
<keys size="9">Instance, Module, min, max, min, max, min, max, Type</keys>
</table>
</item>
<item name = "Loop"><table name="" hasTotal="0">
<keys size="8">Loop Name, min, max, Latency, achieved, target, Count, Pipelined</keys>
</table>
</item>
</section>
</item>
</section>
</item>
</section>

<section name = "Utilization Estimates" level="0">
<item name = "Summary"><table name="" hasTotal="1">
<keys size="6">Name, BRAM_18K, DSP, FF, LUT, URAM</keys>
<column name="DSP">-, -, -, -, -</column>
<column name="Expression">-, -, 0, 5386, -</column>
<column name="FIFO">-, -, -, -, -</column>
<column name="Instance">-, -, -, -, -</column>
<column name="Memory">-, -, -, -, -</column>
<column name="Multiplexer">-, -, -, -, -</column>
<column name="Register">-, -, 1851, 320, -</column>
<specialColumn name="Available">280, 220, 106400, 53200, 0</specialColumn>
<specialColumn name="Utilization (%)">0, 0, 1, 10, 0</specialColumn>
</table>
</item>
<item name = "Detail">
<section name = "" level="1">
<item name = "Instance"><table name="" hasTotal="1">
<keys size="7">Instance, Module, BRAM_18K, DSP, FF, LUT, URAM</keys>
</table>
</item>
<item name = "DSP"><table name="" hasTotal="0">
<keys size="3">Instance, Module, Expression</keys>
</table>
</item>
<item name = "Memory"><table name="" hasTotal="1">
<keys size="10">Memory, Module, BRAM_18K, FF, LUT, URAM, Words, Bits, Banks, W*Bits*Banks</keys>
</table>
</item>
<item name = "FIFO"><table name="" hasTotal="1">
<keys size="8">Name, BRAM_18K, FF, LUT, URAM, Depth, Bits, Size:D*B</keys>
</table>
</item>
<item name = "Expression"><table name="" hasTotal="1">
<keys size="7">Variable Name, Operation, DSP, FF, LUT, Bitwidth P0, Bitwidth P1</keys>
<column name="R">+, 0, 0, 27, 20, 20</column>
<column name="add_ln1697_1_fu_1199_p2">+, 0, 0, 12, 12, 12</column>
<column name="add_ln1697_2_fu_1205_p2">+, 0, 0, 12, 12, 12</column>
<column name="add_ln1697_3_fu_1211_p2">+, 0, 0, 9, 9, 9</column>
<column name="add_ln1697_4_fu_958_p2">+, 0, 0, 14, 7, 7</column>
<column name="add_ln1697_5_fu_1220_p2">+, 0, 0, 9, 9, 9</column>
<column name="add_ln1697_6_fu_1257_p2">+, 0, 0, 12, 12, 12</column>
<column name="add_ln1697_fu_1189_p2">+, 0, 0, 13, 10, 10</column>
<column name="x_V_100_fu_3011_p2">+, 0, 0, 27, 20, 20</column>
<column name="x_V_102_fu_3054_p2">+, 0, 0, 27, 20, 20</column>
<column name="x_V_105_fu_364_p2">+, 0, 0, 27, 20, 20</column>
<column name="x_V_12_fu_570_p2">+, 0, 0, 27, 20, 20</column>
<column name="x_V_15_fu_660_p2">+, 0, 0, 27, 20, 20</column>
<column name="x_V_18_fu_730_p2">+, 0, 0, 27, 20, 20</column>
<column name="x_V_21_fu_810_p2">+, 0, 0, 27, 20, 20</column>
<column name="x_V_24_fu_900_p2">+, 0, 0, 27, 20, 20</column>
<column name="x_V_27_fu_1051_p2">+, 0, 0, 27, 20, 20</column>
<column name="x_V_30_fu_1141_p2">+, 0, 0, 27, 20, 20</column>
<column name="x_V_33_fu_1281_p2">+, 0, 0, 27, 20, 20</column>
<column name="x_V_36_fu_1351_p2">+, 0, 0, 27, 20, 20</column>
<column name="x_V_39_fu_1472_p2">+, 0, 0, 27, 20, 20</column>
<column name="x_V_42_fu_1542_p2">+, 0, 0, 27, 20, 20</column>
<column name="x_V_45_fu_1709_p2">+, 0, 0, 27, 20, 20</column>
<column name="x_V_48_fu_1779_p2">+, 0, 0, 27, 20, 20</column>
<column name="x_V_51_fu_1853_p2">+, 0, 0, 27, 20, 20</column>
<column name="x_V_54_fu_1923_p2">+, 0, 0, 27, 20, 20</column>
<column name="x_V_57_fu_1997_p2">+, 0, 0, 27, 20, 20</column>
<column name="x_V_60_fu_2071_p2">+, 0, 0, 27, 20, 20</column>
<column name="x_V_63_fu_2149_p2">+, 0, 0, 27, 20, 20</column>
<column name="x_V_66_fu_2223_p2">+, 0, 0, 27, 20, 20</column>
<column name="x_V_69_fu_2297_p2">+, 0, 0, 27, 20, 20</column>
<column name="x_V_6_fu_426_p2">+, 0, 0, 27, 20, 20</column>
<column name="x_V_72_fu_2377_p2">+, 0, 0, 27, 20, 20</column>
<column name="x_V_75_fu_2447_p2">+, 0, 0, 27, 20, 20</column>
<column name="x_V_78_fu_2525_p2">+, 0, 0, 27, 20, 20</column>
<column name="x_V_81_fu_2611_p2">+, 0, 0, 27, 20, 20</column>
<column name="x_V_84_fu_2671_p2">+, 0, 0, 27, 20, 20</column>
<column name="x_V_87_fu_2750_p2">+, 0, 0, 27, 20, 20</column>
<column name="x_V_90_fu_2822_p2">+, 0, 0, 27, 20, 20</column>
<column name="x_V_93_fu_2898_p2">+, 0, 0, 27, 20, 20</column>
<column name="x_V_96_fu_2960_p2">+, 0, 0, 27, 20, 20</column>
<column name="x_V_9_fu_500_p2">+, 0, 0, 27, 20, 20</column>
<column name="y_V_10_fu_515_p2">+, 0, 0, 27, 20, 20</column>
<column name="y_V_13_fu_588_p2">+, 0, 0, 27, 20, 20</column>
<column name="y_V_16_fu_675_p2">+, 0, 0, 27, 20, 20</column>
<column name="y_V_19_fu_748_p2">+, 0, 0, 27, 20, 20</column>
<column name="y_V_22_fu_826_p2">+, 0, 0, 27, 20, 20</column>
<column name="y_V_25_fu_918_p2">+, 0, 0, 27, 20, 20</column>
<column name="y_V_28_fu_1067_p2">+, 0, 0, 27, 20, 20</column>
<column name="y_V_31_fu_1159_p2">+, 0, 0, 27, 20, 20</column>
<column name="y_V_34_fu_1296_p2">+, 0, 0, 27, 20, 20</column>
<column name="y_V_37_fu_1369_p2">+, 0, 0, 27, 20, 20</column>
<column name="y_V_40_fu_1487_p2">+, 0, 0, 27, 20, 20</column>
<column name="y_V_43_fu_1560_p2">+, 0, 0, 27, 20, 20</column>
<column name="y_V_46_fu_1724_p2">+, 0, 0, 27, 20, 20</column>
<column name="y_V_49_fu_1797_p2">+, 0, 0, 27, 20, 20</column>
<column name="y_V_52_fu_1868_p2">+, 0, 0, 27, 20, 20</column>
<column name="y_V_55_fu_1941_p2">+, 0, 0, 27, 20, 20</column>
<column name="y_V_58_fu_2012_p2">+, 0, 0, 27, 20, 20</column>
<column name="y_V_61_fu_2089_p2">+, 0, 0, 27, 20, 20</column>
<column name="y_V_64_fu_2164_p2">+, 0, 0, 27, 20, 20</column>
<column name="y_V_67_fu_2241_p2">+, 0, 0, 27, 20, 20</column>
<column name="y_V_70_fu_2315_p2">+, 0, 0, 27, 20, 20</column>
<column name="y_V_73_fu_2389_p2">+, 0, 0, 27, 20, 20</column>
<column name="y_V_76_fu_2465_p2">+, 0, 0, 27, 20, 20</column>
<column name="y_V_79_fu_2540_p2">+, 0, 0, 27, 20, 20</column>
<column name="y_V_7_fu_444_p2">+, 0, 0, 27, 20, 20</column>
<column name="y_V_82_fu_2605_p2">+, 0, 0, 27, 20, 20</column>
<column name="y_V_85_fu_2689_p2">+, 0, 0, 27, 20, 20</column>
<column name="y_V_88_fu_2764_p2">+, 0, 0, 27, 20, 20</column>
<column name="y_V_91_fu_2840_p2">+, 0, 0, 27, 20, 20</column>
<column name="y_V_94_fu_2914_p2">+, 0, 0, 27, 20, 20</column>
<column name="z_V_3_fu_1269_p2">+, 0, 0, 12, 12, 12</column>
<column name="z_V_5_fu_1616_p2">+, 0, 0, 14, 13, 12</column>
<column name="x_V_101_fu_3031_p2">-, 0, 0, 27, 20, 20</column>
<column name="x_V_10_fu_510_p2">-, 0, 0, 27, 20, 20</column>
<column name="x_V_13_fu_582_p2">-, 0, 0, 27, 20, 20</column>
<column name="x_V_16_fu_670_p2">-, 0, 0, 27, 20, 20</column>
<column name="x_V_19_fu_742_p2">-, 0, 0, 27, 20, 20</column>
<column name="x_V_22_fu_821_p2">-, 0, 0, 27, 20, 20</column>
<column name="x_V_25_fu_912_p2">-, 0, 0, 27, 20, 20</column>
<column name="x_V_28_fu_1062_p2">-, 0, 0, 27, 20, 20</column>
<column name="x_V_31_fu_1153_p2">-, 0, 0, 27, 20, 20</column>
<column name="x_V_34_fu_1291_p2">-, 0, 0, 27, 20, 20</column>
<column name="x_V_37_fu_1363_p2">-, 0, 0, 27, 20, 20</column>
<column name="x_V_40_fu_1482_p2">-, 0, 0, 27, 20, 20</column>
<column name="x_V_43_fu_1554_p2">-, 0, 0, 27, 20, 20</column>
<column name="x_V_46_fu_1719_p2">-, 0, 0, 27, 20, 20</column>
<column name="x_V_49_fu_1791_p2">-, 0, 0, 27, 20, 20</column>
<column name="x_V_4_fu_372_p2">-, 0, 0, 27, 20, 20</column>
<column name="x_V_52_fu_1863_p2">-, 0, 0, 27, 20, 20</column>
<column name="x_V_55_fu_1935_p2">-, 0, 0, 27, 20, 20</column>
<column name="x_V_58_fu_2007_p2">-, 0, 0, 27, 20, 20</column>
<column name="x_V_61_fu_2083_p2">-, 0, 0, 27, 20, 20</column>
<column name="x_V_64_fu_2159_p2">-, 0, 0, 27, 20, 20</column>
<column name="x_V_67_fu_2235_p2">-, 0, 0, 27, 20, 20</column>
<column name="x_V_70_fu_2309_p2">-, 0, 0, 27, 20, 20</column>
<column name="x_V_73_fu_2385_p2">-, 0, 0, 27, 20, 20</column>
<column name="x_V_76_fu_2459_p2">-, 0, 0, 27, 20, 20</column>
<column name="x_V_79_fu_2535_p2">-, 0, 0, 27, 20, 20</column>
<column name="x_V_7_fu_438_p2">-, 0, 0, 27, 20, 20</column>
<column name="x_V_82_fu_2615_p2">-, 0, 0, 27, 20, 20</column>
<column name="x_V_85_fu_2683_p2">-, 0, 0, 27, 20, 20</column>
<column name="x_V_88_fu_2759_p2">-, 0, 0, 27, 20, 20</column>
<column name="x_V_91_fu_2834_p2">-, 0, 0, 27, 20, 20</column>
<column name="x_V_94_fu_2909_p2">-, 0, 0, 27, 20, 20</column>
<column name="x_V_97_fu_2966_p2">-, 0, 0, 27, 20, 20</column>
<column name="x_V_99_fu_2991_p2">-, 0, 0, 27, 20, 20</column>
<column name="x_V_fu_210_p2">-, 0, 0, 27, 1, 20</column>
<column name="y_V_12_fu_576_p2">-, 0, 0, 27, 20, 20</column>
<column name="y_V_15_fu_665_p2">-, 0, 0, 27, 20, 20</column>
<column name="y_V_18_fu_736_p2">-, 0, 0, 27, 20, 20</column>
<column name="y_V_21_fu_815_p2">-, 0, 0, 27, 20, 20</column>
<column name="y_V_24_fu_906_p2">-, 0, 0, 27, 20, 20</column>
<column name="y_V_27_fu_1056_p2">-, 0, 0, 27, 20, 20</column>
<column name="y_V_30_fu_1147_p2">-, 0, 0, 27, 20, 20</column>
<column name="y_V_33_fu_1286_p2">-, 0, 0, 27, 20, 20</column>
<column name="y_V_36_fu_1357_p2">-, 0, 0, 27, 20, 20</column>
<column name="y_V_39_fu_1477_p2">-, 0, 0, 27, 20, 20</column>
<column name="y_V_3_fu_368_p2">-, 0, 0, 27, 20, 20</column>
<column name="y_V_42_fu_1548_p2">-, 0, 0, 27, 20, 20</column>
<column name="y_V_45_fu_1714_p2">-, 0, 0, 27, 20, 20</column>
<column name="y_V_48_fu_1785_p2">-, 0, 0, 27, 20, 20</column>
<column name="y_V_51_fu_1858_p2">-, 0, 0, 27, 20, 20</column>
<column name="y_V_54_fu_1929_p2">-, 0, 0, 27, 20, 20</column>
<column name="y_V_57_fu_2002_p2">-, 0, 0, 27, 20, 20</column>
<column name="y_V_60_fu_2077_p2">-, 0, 0, 27, 20, 20</column>
<column name="y_V_63_fu_2154_p2">-, 0, 0, 27, 20, 20</column>
<column name="y_V_66_fu_2229_p2">-, 0, 0, 27, 20, 20</column>
<column name="y_V_69_fu_2303_p2">-, 0, 0, 27, 20, 20</column>
<column name="y_V_6_fu_432_p2">-, 0, 0, 27, 20, 20</column>
<column name="y_V_72_fu_2381_p2">-, 0, 0, 27, 20, 20</column>
<column name="y_V_75_fu_2453_p2">-, 0, 0, 27, 20, 20</column>
<column name="y_V_78_fu_2530_p2">-, 0, 0, 27, 20, 20</column>
<column name="y_V_81_fu_2599_p2">-, 0, 0, 27, 20, 20</column>
<column name="y_V_84_fu_2677_p2">-, 0, 0, 27, 20, 20</column>
<column name="y_V_87_fu_2755_p2">-, 0, 0, 27, 20, 20</column>
<column name="y_V_90_fu_2828_p2">-, 0, 0, 27, 20, 20</column>
<column name="y_V_93_fu_2903_p2">-, 0, 0, 27, 20, 20</column>
<column name="y_V_9_fu_505_p2">-, 0, 0, 27, 20, 20</column>
<column name="y_V_fu_216_p2">-, 0, 0, 27, 1, 20</column>
<column name="z_V_4_fu_1610_p2">-, 0, 0, 14, 12, 13</column>
<column name="z_V_6_fu_1622_p2">-, 0, 0, 17, 13, 14</column>
<column name="and_ln28_1_fu_282_p2">and, 0, 0, 2, 1, 1</column>
<column name="and_ln28_fu_204_p2">and, 0, 0, 2, 1, 1</column>
<column name="and_ln33_1_fu_294_p2">and, 0, 0, 2, 1, 1</column>
<column name="and_ln33_fu_234_p2">and, 0, 0, 2, 1, 1</column>
<column name="and_ln38_1_fu_334_p2">and, 0, 0, 2, 1, 1</column>
<column name="and_ln38_fu_328_p2">and, 0, 0, 2, 1, 1</column>
<column name="icmp_ln1695_fu_228_p2">icmp, 0, 0, 14, 20, 1</column>
<column name="icmp_ln1698_1_fu_222_p2">icmp, 0, 0, 14, 20, 1</column>
<column name="icmp_ln1698_fu_198_p2">icmp, 0, 0, 14, 20, 1</column>
<column name="icmp_ln43_fu_268_p2">icmp, 0, 0, 14, 20, 1</column>
<column name="icmp_ln74_1_fu_1634_p2">icmp, 0, 0, 8, 3, 2</column>
<column name="icmp_ln74_2_fu_1640_p2">icmp, 0, 0, 9, 3, 4</column>
<column name="icmp_ln74_fu_1628_p2">icmp, 0, 0, 8, 3, 1</column>
<column name="or_ln28_fu_1426_p2">or, 0, 0, 2, 1, 1</column>
<column name="or_ln33_fu_316_p2">or, 0, 0, 2, 1, 1</column>
<column name="or_ln38_fu_1445_p2">or, 0, 0, 2, 1, 1</column>
<column name="or_ln43_fu_262_p2">or, 0, 0, 20, 20, 20</column>
<column name="or_ln74_1_fu_1671_p2">or, 0, 0, 2, 1, 1</column>
<column name="or_ln74_2_fu_1689_p2">or, 0, 0, 2, 1, 1</column>
<column name="or_ln74_fu_1654_p2">or, 0, 0, 2, 1, 1</column>
<column name="e_fu_1449_p3">select, 0, 0, 3, 1, 3</column>
<column name="select_ln1534_10_fu_2191_p3">select, 0, 0, 2, 1, 2</column>
<column name="select_ln1534_11_fu_2207_p3">select, 0, 0, 2, 1, 2</column>
<column name="select_ln1534_12_fu_2265_p3">select, 0, 0, 2, 1, 2</column>
<column name="select_ln1534_13_fu_2281_p3">select, 0, 0, 2, 1, 2</column>
<column name="select_ln1534_14_fu_2345_p3">select, 0, 0, 2, 1, 2</column>
<column name="select_ln1534_15_fu_2361_p3">select, 0, 0, 2, 1, 2</column>
<column name="select_ln1534_16_fu_2415_p3">select, 0, 0, 2, 1, 2</column>
<column name="select_ln1534_17_fu_2431_p3">select, 0, 0, 2, 1, 2</column>
<column name="select_ln1534_18_fu_2511_p3">select, 0, 0, 2, 1, 2</column>
<column name="select_ln1534_19_fu_2518_p3">select, 0, 0, 2, 1, 2</column>
<column name="select_ln1534_1_fu_1007_p3">select, 0, 0, 8, 1, 8</column>
<column name="select_ln1534_20_fu_2567_p3">select, 0, 0, 2, 1, 2</column>
<column name="select_ln1534_21_fu_2583_p3">select, 0, 0, 2, 1, 2</column>
<column name="select_ln1534_22_fu_2639_p3">select, 0, 0, 2, 1, 2</column>
<column name="select_ln1534_23_fu_2655_p3">select, 0, 0, 2, 1, 2</column>
<column name="select_ln1534_24_fu_2719_p3">select, 0, 0, 2, 1, 2</column>
<column name="select_ln1534_25_fu_2743_p3">select, 0, 0, 2, 1, 2</column>
<column name="select_ln1534_26_fu_2790_p3">select, 0, 0, 2, 1, 2</column>
<column name="select_ln1534_27_fu_2806_p3">select, 0, 0, 2, 1, 2</column>
<column name="select_ln1534_28_fu_2867_p3">select, 0, 0, 2, 1, 2</column>
<column name="select_ln1534_29_fu_2882_p3">select, 0, 0, 2, 1, 2</column>
<column name="select_ln1534_2_fu_1014_p3">select, 0, 0, 7, 1, 7</column>
<column name="select_ln1534_30_fu_2944_p3">select, 0, 0, 2, 1, 2</column>
<column name="select_ln1534_3_fu_856_p3">select, 0, 0, 6, 1, 6</column>
<column name="select_ln1534_4_fu_940_p3">select, 0, 0, 5, 1, 5</column>
<column name="select_ln1534_5_fu_1097_p3">select, 0, 0, 4, 1, 4</column>
<column name="select_ln1534_6_fu_2039_p3">select, 0, 0, 2, 1, 2</column>
<column name="select_ln1534_7_fu_2055_p3">select, 0, 0, 2, 1, 2</column>
<column name="select_ln1534_8_fu_2135_p3">select, 0, 0, 2, 1, 2</column>
<column name="select_ln1534_9_fu_2142_p3">select, 0, 0, 2, 1, 2</column>
<column name="select_ln1534_fu_1000_p3">select, 0, 0, 9, 1, 9</column>
<column name="select_ln1697_fu_1262_p3">select, 0, 0, 9, 1, 9</column>
<column name="select_ln28_1_fu_1430_p3">select, 0, 0, 3, 1, 3</column>
<column name="select_ln28_fu_1419_p3">select, 0, 0, 4, 1, 2</column>
<column name="select_ln38_fu_1438_p3">select, 0, 0, 2, 1, 2</column>
<column name="select_ln74_1_fu_1659_p3">select, 0, 0, 13, 1, 13</column>
<column name="select_ln74_2_fu_1677_p3">select, 0, 0, 14, 1, 14</column>
<column name="select_ln74_fu_1646_p3">select, 0, 0, 14, 1, 1</column>
<column name="select_ln9_fu_992_p3">select, 0, 0, 10, 1, 10</column>
<column name="x_V_104_fu_300_p3">select, 0, 0, 20, 1, 20</column>
<column name="x_V_11_fu_520_p3">select, 0, 0, 20, 1, 20</column>
<column name="x_V_14_fu_594_p3">select, 0, 0, 20, 1, 20</column>
<column name="x_V_17_fu_680_p3">select, 0, 0, 20, 1, 20</column>
<column name="x_V_1_fu_274_p3">select, 0, 0, 20, 1, 20</column>
<column name="x_V_20_fu_754_p3">select, 0, 0, 20, 1, 20</column>
<column name="x_V_23_fu_832_p3">select, 0, 0, 20, 1, 20</column>
<column name="x_V_26_fu_924_p3">select, 0, 0, 20, 1, 20</column>
<column name="x_V_29_fu_1073_p3">select, 0, 0, 20, 1, 20</column>
<column name="x_V_32_fu_1165_p3">select, 0, 0, 20, 1, 20</column>
<column name="x_V_35_fu_1301_p3">select, 0, 0, 20, 1, 20</column>
<column name="x_V_38_fu_1375_p3">select, 0, 0, 20, 1, 20</column>
<column name="x_V_41_fu_1492_p3">select, 0, 0, 20, 1, 20</column>
<column name="x_V_44_fu_1566_p3">select, 0, 0, 20, 1, 20</column>
<column name="x_V_47_fu_1729_p3">select, 0, 0, 20, 1, 20</column>
<column name="x_V_50_fu_1803_p3">select, 0, 0, 20, 1, 20</column>
<column name="x_V_53_fu_1873_p3">select, 0, 0, 20, 1, 20</column>
<column name="x_V_56_fu_1947_p3">select, 0, 0, 20, 1, 20</column>
<column name="x_V_59_fu_2017_p3">select, 0, 0, 20, 1, 20</column>
<column name="x_V_5_fu_376_p3">select, 0, 0, 20, 1, 20</column>
<column name="x_V_62_fu_2095_p3">select, 0, 0, 20, 1, 20</column>
<column name="x_V_65_fu_2169_p3">select, 0, 0, 20, 1, 20</column>
<column name="x_V_68_fu_2247_p3">select, 0, 0, 20, 1, 20</column>
<column name="x_V_71_fu_2321_p3">select, 0, 0, 20, 1, 20</column>
<column name="x_V_74_fu_2393_p3">select, 0, 0, 20, 1, 20</column>
<column name="x_V_77_fu_2471_p3">select, 0, 0, 20, 1, 20</column>
<column name="x_V_80_fu_2545_p3">select, 0, 0, 20, 1, 20</column>
<column name="x_V_83_fu_2619_p3">select, 0, 0, 20, 1, 20</column>
<column name="x_V_86_fu_2695_p3">select, 0, 0, 20, 1, 20</column>
<column name="x_V_89_fu_2768_p3">select, 0, 0, 20, 1, 20</column>
<column name="x_V_8_fu_450_p3">select, 0, 0, 20, 1, 20</column>
<column name="x_V_92_fu_2846_p3">select, 0, 0, 20, 1, 20</column>
<column name="x_V_95_fu_2920_p3">select, 0, 0, 20, 1, 20</column>
<column name="x_V_98_fu_2972_p3">select, 0, 0, 20, 1, 20</column>
<column name="y_V_11_fu_527_p3">select, 0, 0, 20, 1, 20</column>
<column name="y_V_14_fu_602_p3">select, 0, 0, 20, 1, 20</column>
<column name="y_V_17_fu_687_p3">select, 0, 0, 20, 1, 20</column>
<column name="y_V_1_fu_308_p3">select, 0, 0, 20, 1, 20</column>
<column name="y_V_20_fu_780_p3">select, 0, 0, 20, 1, 20</column>
<column name="y_V_23_fu_840_p3">select, 0, 0, 20, 1, 20</column>
<column name="y_V_26_fu_1021_p3">select, 0, 0, 20, 1, 20</column>
<column name="y_V_29_fu_1081_p3">select, 0, 0, 20, 1, 20</column>
<column name="y_V_32_fu_1173_p3">select, 0, 0, 20, 1, 20</column>
<column name="y_V_35_fu_1308_p3">select, 0, 0, 20, 1, 20</column>
<column name="y_V_38_fu_1383_p3">select, 0, 0, 20, 1, 20</column>
<column name="y_V_41_fu_1499_p3">select, 0, 0, 20, 1, 20</column>
<column name="y_V_44_fu_1574_p3">select, 0, 0, 20, 1, 20</column>
<column name="y_V_47_fu_1736_p3">select, 0, 0, 20, 1, 20</column>
<column name="y_V_50_fu_1811_p3">select, 0, 0, 20, 1, 20</column>
<column name="y_V_53_fu_1880_p3">select, 0, 0, 20, 1, 20</column>
<column name="y_V_56_fu_1955_p3">select, 0, 0, 20, 1, 20</column>
<column name="y_V_59_fu_2024_p3">select, 0, 0, 20, 1, 20</column>
<column name="y_V_5_fu_383_p3">select, 0, 0, 20, 1, 20</column>
<column name="y_V_62_fu_2103_p3">select, 0, 0, 20, 1, 20</column>
<column name="y_V_65_fu_2176_p3">select, 0, 0, 20, 1, 20</column>
<column name="y_V_68_fu_2252_p3">select, 0, 0, 20, 1, 20</column>
<column name="y_V_71_fu_2329_p3">select, 0, 0, 20, 1, 20</column>
<column name="y_V_74_fu_2400_p3">select, 0, 0, 20, 1, 20</column>
<column name="y_V_77_fu_2479_p3">select, 0, 0, 20, 1, 20</column>
<column name="y_V_80_fu_2552_p3">select, 0, 0, 20, 1, 20</column>
<column name="y_V_83_fu_2626_p3">select, 0, 0, 20, 1, 20</column>
<column name="y_V_86_fu_2703_p3">select, 0, 0, 20, 1, 20</column>
<column name="y_V_89_fu_2775_p3">select, 0, 0, 20, 1, 20</column>
<column name="y_V_8_fu_458_p3">select, 0, 0, 20, 1, 20</column>
<column name="y_V_92_fu_2862_p3">select, 0, 0, 20, 1, 20</column>
<column name="y_V_95_fu_2928_p3">select, 0, 0, 20, 1, 20</column>
<column name="y_V_96_fu_340_p3">select, 0, 0, 20, 1, 20</column>
<column name="z_V_1_fu_971_p3">select, 0, 0, 12, 1, 12</column>
<column name="z_V_2_fu_978_p3">select, 0, 0, 12, 1, 12</column>
<column name="z_V_7_fu_1695_p3">select, 0, 0, 15, 1, 15</column>
<column name="z_V_fu_964_p3">select, 0, 0, 11, 1, 10</column>
<column name="ap_enable_pp0">xor, 0, 0, 2, 1, 2</column>
<column name="xor_ln1697_fu_248_p2">xor, 0, 0, 2, 1, 2</column>
<column name="xor_ln28_fu_288_p2">xor, 0, 0, 2, 2, 1</column>
<column name="xor_ln33_fu_322_p2">xor, 0, 0, 2, 1, 2</column>
</table>
</item>
<item name = "Multiplexer"><table name="" hasTotal="1">
<keys size="5">Name, LUT, Input Size, Bits, Total Bits</keys>
</table>
</item>
<item name = "Register"><table name="" hasTotal="1">
<keys size="5">Name, FF, LUT, Bits, Const Bits</keys>
<column name="add_ln1697_2_reg_3280">11, 0, 12, 1</column>
<column name="add_ln1697_4_reg_3258">6, 0, 7, 1</column>
<column name="add_ln1697_5_reg_3285">8, 0, 9, 1</column>
<column name="and_ln28_reg_3080">1, 0, 1, 0</column>
<column name="and_ln33_1_reg_3091">1, 0, 1, 0</column>
<column name="and_ln38_1_reg_3103">1, 0, 1, 0</column>
<column name="ap_CS_fsm">1, 0, 1, 0</column>
<column name="ap_enable_reg_pp0_iter1">1, 0, 1, 0</column>
<column name="ap_enable_reg_pp0_iter10">1, 0, 1, 0</column>
<column name="ap_enable_reg_pp0_iter11">1, 0, 1, 0</column>
<column name="ap_enable_reg_pp0_iter12">1, 0, 1, 0</column>
<column name="ap_enable_reg_pp0_iter13">1, 0, 1, 0</column>
<column name="ap_enable_reg_pp0_iter14">1, 0, 1, 0</column>
<column name="ap_enable_reg_pp0_iter15">1, 0, 1, 0</column>
<column name="ap_enable_reg_pp0_iter16">1, 0, 1, 0</column>
<column name="ap_enable_reg_pp0_iter17">1, 0, 1, 0</column>
<column name="ap_enable_reg_pp0_iter18">1, 0, 1, 0</column>
<column name="ap_enable_reg_pp0_iter19">1, 0, 1, 0</column>
<column name="ap_enable_reg_pp0_iter2">1, 0, 1, 0</column>
<column name="ap_enable_reg_pp0_iter3">1, 0, 1, 0</column>
<column name="ap_enable_reg_pp0_iter4">1, 0, 1, 0</column>
<column name="ap_enable_reg_pp0_iter5">1, 0, 1, 0</column>
<column name="ap_enable_reg_pp0_iter6">1, 0, 1, 0</column>
<column name="ap_enable_reg_pp0_iter7">1, 0, 1, 0</column>
<column name="ap_enable_reg_pp0_iter8">1, 0, 1, 0</column>
<column name="ap_enable_reg_pp0_iter9">1, 0, 1, 0</column>
<column name="icmp_ln43_reg_3086">1, 0, 1, 0</column>
<column name="r_V_100_reg_3414">2, 0, 2, 0</column>
<column name="r_V_101_reg_3419">2, 0, 2, 0</column>
<column name="r_V_104_reg_3442">1, 0, 1, 0</column>
<column name="r_V_105_reg_3447">1, 0, 1, 0</column>
<column name="r_V_114_reg_3526">1, 0, 1, 0</column>
<column name="r_V_115_reg_3531">1, 0, 1, 0</column>
<column name="r_V_121_reg_3588">1, 0, 1, 0</column>
<column name="r_V_124_reg_3620">1, 0, 1, 0</column>
<column name="r_V_64_reg_3645">11, 0, 11, 0</column>
<column name="r_V_68_reg_3147">18, 0, 18, 0</column>
<column name="r_V_69_reg_3152">18, 0, 18, 0</column>
<column name="r_V_72_reg_3180">16, 0, 16, 0</column>
<column name="r_V_73_reg_3185">16, 0, 16, 0</column>
<column name="r_V_76_reg_3227">14, 0, 14, 0</column>
<column name="r_V_80_reg_3253">12, 0, 12, 0</column>
<column name="r_V_84_reg_3290">10, 0, 10, 0</column>
<column name="r_V_85_reg_3295">10, 0, 10, 0</column>
<column name="r_V_88_reg_3325">8, 0, 8, 0</column>
<column name="r_V_89_reg_3330">8, 0, 8, 0</column>
<column name="r_V_92_reg_3353">6, 0, 6, 0</column>
<column name="r_V_93_reg_3358">6, 0, 6, 0</column>
<column name="r_V_96_reg_3386">4, 0, 4, 0</column>
<column name="r_V_97_reg_3391">4, 0, 4, 0</column>
<column name="select_ln1534_14_reg_3496">20, 0, 20, 0</column>
<column name="select_ln1534_15_reg_3502">20, 0, 20, 0</column>
<column name="select_ln1534_21_reg_3548">20, 0, 20, 0</column>
<column name="select_ln1534_24_reg_3582">20, 0, 20, 0</column>
<column name="tmp_10_reg_3190">1, 0, 1, 0</column>
<column name="tmp_11_reg_3196">1, 0, 1, 0</column>
<column name="tmp_12_reg_3201">1, 0, 1, 0</column>
<column name="tmp_13_reg_3222">1, 0, 1, 0</column>
<column name="tmp_13_reg_3222_pp0_iter4_reg">1, 0, 1, 0</column>
<column name="tmp_16_reg_3232">1, 0, 1, 0</column>
<column name="tmp_21_reg_3275">1, 0, 1, 0</column>
<column name="tmp_22_reg_3300">1, 0, 1, 0</column>
<column name="tmp_24_reg_3335">1, 0, 1, 0</column>
<column name="tmp_26_reg_3363">1, 0, 1, 0</column>
<column name="tmp_28_reg_3396">1, 0, 1, 0</column>
<column name="tmp_30_reg_3424">1, 0, 1, 0</column>
<column name="tmp_36_reg_3452">1, 0, 1, 0</column>
<column name="tmp_39_reg_3458">1, 0, 1, 0</column>
<column name="tmp_3_reg_3117">1, 0, 1, 0</column>
<column name="tmp_45_reg_3508">1, 0, 1, 0</column>
<column name="tmp_4_reg_3123">1, 0, 1, 0</column>
<column name="tmp_51_reg_3536">1, 0, 1, 0</column>
<column name="tmp_54_reg_3554">1, 0, 1, 0</column>
<column name="tmp_5_reg_3129">1, 0, 1, 0</column>
<column name="tmp_60_reg_3593">1, 0, 1, 0</column>
<column name="tmp_63_reg_3599">1, 0, 1, 0</column>
<column name="tmp_68_reg_3625">1, 0, 1, 0</column>
<column name="tmp_6_reg_3157">1, 0, 1, 0</column>
<column name="tmp_9_reg_3175">1, 0, 1, 0</column>
<column name="x_V_101_reg_3640">20, 0, 20, 0</column>
<column name="x_V_104_reg_3096">20, 0, 20, 0</column>
<column name="x_V_14_reg_3163">20, 0, 20, 0</column>
<column name="x_V_20_reg_3216">20, 0, 20, 0</column>
<column name="x_V_26_reg_3247">20, 0, 20, 0</column>
<column name="x_V_32_reg_3263">20, 0, 20, 0</column>
<column name="x_V_38_reg_3313">20, 0, 20, 0</column>
<column name="x_V_44_reg_3341">20, 0, 20, 0</column>
<column name="x_V_50_reg_3374">20, 0, 20, 0</column>
<column name="x_V_56_reg_3402">20, 0, 20, 0</column>
<column name="x_V_62_reg_3430">20, 0, 20, 0</column>
<column name="x_V_66_reg_3464">20, 0, 20, 0</column>
<column name="x_V_67_reg_3474">20, 0, 20, 0</column>
<column name="x_V_71_reg_3484">20, 0, 20, 0</column>
<column name="x_V_77_reg_3514">20, 0, 20, 0</column>
<column name="x_V_80_reg_3542">20, 0, 20, 0</column>
<column name="x_V_86_reg_3570">20, 0, 20, 0</column>
<column name="x_V_8_reg_3134">20, 0, 20, 0</column>
<column name="x_V_92_reg_3614">20, 0, 20, 0</column>
<column name="x_V_96_reg_3630">20, 0, 20, 0</column>
<column name="x_V_97_reg_3635">20, 0, 20, 0</column>
<column name="y_V_14_reg_3169">20, 0, 20, 0</column>
<column name="y_V_18_reg_3206">20, 0, 20, 0</column>
<column name="y_V_19_reg_3211">20, 0, 20, 0</column>
<column name="y_V_24_reg_3237">20, 0, 20, 0</column>
<column name="y_V_25_reg_3242">20, 0, 20, 0</column>
<column name="y_V_32_reg_3269">20, 0, 20, 0</column>
<column name="y_V_38_reg_3319">20, 0, 20, 0</column>
<column name="y_V_44_reg_3347">20, 0, 20, 0</column>
<column name="y_V_50_reg_3380">20, 0, 20, 0</column>
<column name="y_V_56_reg_3408">20, 0, 20, 0</column>
<column name="y_V_62_reg_3436">20, 0, 20, 0</column>
<column name="y_V_66_reg_3469">20, 0, 20, 0</column>
<column name="y_V_67_reg_3479">20, 0, 20, 0</column>
<column name="y_V_71_reg_3490">20, 0, 20, 0</column>
<column name="y_V_77_reg_3520">20, 0, 20, 0</column>
<column name="y_V_81_reg_3560">20, 0, 20, 0</column>
<column name="y_V_82_reg_3565">20, 0, 20, 0</column>
<column name="y_V_86_reg_3576">20, 0, 20, 0</column>
<column name="y_V_8_reg_3140">20, 0, 20, 0</column>
<column name="y_V_90_reg_3604">20, 0, 20, 0</column>
<column name="y_V_91_reg_3609">20, 0, 20, 0</column>
<column name="y_V_96_reg_3110">20, 0, 20, 0</column>
<column name="z_V_3_reg_3306">11, 0, 12, 1</column>
<column name="z_V_7_reg_3369">15, 0, 15, 0</column>
<column name="and_ln28_reg_3080">64, 32, 1, 0</column>
<column name="and_ln33_1_reg_3091">64, 32, 1, 0</column>
<column name="and_ln38_1_reg_3103">64, 32, 1, 0</column>
<column name="icmp_ln43_reg_3086">64, 32, 1, 0</column>
<column name="tmp_11_reg_3196">64, 32, 1, 0</column>
<column name="tmp_4_reg_3123">64, 32, 1, 0</column>
<column name="tmp_5_reg_3129">64, 32, 1, 0</column>
<column name="tmp_9_reg_3175">64, 32, 1, 0</column>
<column name="y_V_8_reg_3140">64, 32, 20, 0</column>
<column name="z_V_7_reg_3369">64, 32, 15, 0</column>
</table>
</item>
</section>
</item>
</section>

<section name = "Interface" level="0">
<item name = "Summary"><table name="" hasTotal="0">
<keys size="6">RTL Ports, Dir, Bits, Protocol, Source Object, C Type</keys>
<column name="ap_clk">in, 1, ap_ctrl_hs, atan, return value</column>
<column name="ap_rst">in, 1, ap_ctrl_hs, atan, return value</column>
<column name="ap_start">in, 1, ap_ctrl_hs, atan, return value</column>
<column name="ap_done">out, 1, ap_ctrl_hs, atan, return value</column>
<column name="ap_idle">out, 1, ap_ctrl_hs, atan, return value</column>
<column name="ap_ready">out, 1, ap_ctrl_hs, atan, return value</column>
<column name="x">in, 20, ap_none, x, scalar</column>
<column name="y">in, 20, ap_none, y, scalar</column>
<column name="atan_r">out, 20, ap_vld, atan_r, pointer</column>
<column name="atan_r_ap_vld">out, 1, ap_vld, atan_r, pointer</column>
<column name="R">out, 20, ap_vld, R, pointer</column>
<column name="R_ap_vld">out, 1, ap_vld, R, pointer</column>
</table>
</item>
</section>
</profile>
