<?xml version="1.0" encoding="utf-8"?>
<BindInfo>
	<BindNode BINDTYPE="op" DISPLAY="bind_op icmp" ID="" IMPL="auto" LATENCY="0" OPTYPE="icmp" PRAGMA="" RTLNAME="icmp_ln1698_fu_198_p2" SOURCE="C:/Xilinx/Vitis_HLS/2022.1/common/technology/autopilot\ap_fixed_base.h:1698" VARIABLE="icmp_ln1698" MODULE="atan" LOOP="" BUNDLEDNAME="" DSP="0" BRAM="0" URAM="0"/>
	<BindNode BINDTYPE="op" DISPLAY="bind_op and" ID="" IMPL="auto" LATENCY="0" OPTYPE="and" PRAGMA="" RTLNAME="and_ln28_fu_204_p2" SOURCE="cordic_fixed.cpp:28" VARIABLE="and_ln28" MODULE="atan" LOOP="" BUNDLEDNAME="" DSP="0" BRAM="0" URAM="0"/>
	<BindNode BINDTYPE="op" DISPLAY="bind_op sub" ID="" IMPL="fabric" LATENCY="0" OPTYPE="sub" PRAGMA="" RTLNAME="x_V_fu_210_p2" SOURCE="C:/Xilinx/Vitis_HLS/2022.1/common/technology/autopilot\ap_fixed_base.h:859" VARIABLE="x_V" MODULE="atan" LOOP="" BUNDLEDNAME="" DSP="0" BRAM="0" URAM="0"/>
	<BindNode BINDTYPE="op" DISPLAY="bind_op sub" ID="" IMPL="fabric" LATENCY="0" OPTYPE="sub" PRAGMA="" RTLNAME="y_V_fu_216_p2" SOURCE="C:/Xilinx/Vitis_HLS/2022.1/common/technology/autopilot\ap_fixed_base.h:859" VARIABLE="y_V" MODULE="atan" LOOP="" BUNDLEDNAME="" DSP="0" BRAM="0" URAM="0"/>
	<BindNode BINDTYPE="op" DISPLAY="bind_op icmp" ID="" IMPL="auto" LATENCY="0" OPTYPE="icmp" PRAGMA="" RTLNAME="icmp_ln1698_1_fu_222_p2" SOURCE="C:/Xilinx/Vitis_HLS/2022.1/common/technology/autopilot\ap_fixed_base.h:1698" VARIABLE="icmp_ln1698_1" MODULE="atan" LOOP="" BUNDLEDNAME="" DSP="0" BRAM="0" URAM="0"/>
	<BindNode BINDTYPE="op" DISPLAY="bind_op icmp" ID="" IMPL="auto" LATENCY="0" OPTYPE="icmp" PRAGMA="" RTLNAME="icmp_ln1695_fu_228_p2" SOURCE="C:/Xilinx/Vitis_HLS/2022.1/common/technology/autopilot\ap_fixed_base.h:1695" VARIABLE="icmp_ln1695" MODULE="atan" LOOP="" BUNDLEDNAME="" DSP="0" BRAM="0" URAM="0"/>
	<BindNode BINDTYPE="op" DISPLAY="bind_op and" ID="" IMPL="auto" LATENCY="0" OPTYPE="and" PRAGMA="" RTLNAME="and_ln33_fu_234_p2" SOURCE="cordic_fixed.cpp:33" VARIABLE="and_ln33" MODULE="atan" LOOP="" BUNDLEDNAME="" DSP="0" BRAM="0" URAM="0"/>
	<BindNode BINDTYPE="op" DISPLAY="bind_op xor" ID="" IMPL="auto" LATENCY="0" OPTYPE="xor" PRAGMA="" RTLNAME="xor_ln1697_fu_248_p2" SOURCE="C:/Xilinx/Vitis_HLS/2022.1/common/technology/autopilot\ap_fixed_base.h:1697" VARIABLE="xor_ln1697" MODULE="atan" LOOP="" BUNDLEDNAME="" DSP="0" BRAM="0" URAM="0"/>
	<BindNode BINDTYPE="op" DISPLAY="bind_op or" ID="" IMPL="auto" LATENCY="0" OPTYPE="or" PRAGMA="" RTLNAME="or_ln43_fu_262_p2" SOURCE="cordic_fixed.cpp:43" VARIABLE="or_ln43" MODULE="atan" LOOP="" BUNDLEDNAME="" DSP="0" BRAM="0" URAM="0"/>
	<BindNode BINDTYPE="op" DISPLAY="bind_op icmp" ID="" IMPL="auto" LATENCY="0" OPTYPE="icmp" PRAGMA="" RTLNAME="icmp_ln43_fu_268_p2" SOURCE="cordic_fixed.cpp:43" VARIABLE="icmp_ln43" MODULE="atan" LOOP="" BUNDLEDNAME="" DSP="0" BRAM="0" URAM="0"/>
	<BindNode BINDTYPE="op" DISPLAY="bind_op select" ID="" IMPL="auto_sel" LATENCY="0" OPTYPE="select" PRAGMA="" RTLNAME="x_V_1_fu_274_p3" SOURCE="cordic_fixed.cpp:28" VARIABLE="x_V_1" MODULE="atan" LOOP="" BUNDLEDNAME="" DSP="0" BRAM="0" URAM="0"/>
	<BindNode BINDTYPE="op" DISPLAY="bind_op and" ID="" IMPL="auto" LATENCY="0" OPTYPE="and" PRAGMA="" RTLNAME="and_ln28_1_fu_282_p2" SOURCE="cordic_fixed.cpp:28" VARIABLE="and_ln28_1" MODULE="atan" LOOP="" BUNDLEDNAME="" DSP="0" BRAM="0" URAM="0"/>
	<BindNode BINDTYPE="op" DISPLAY="bind_op xor" ID="" IMPL="auto" LATENCY="0" OPTYPE="xor" PRAGMA="" RTLNAME="xor_ln28_fu_288_p2" SOURCE="cordic_fixed.cpp:28" VARIABLE="xor_ln28" MODULE="atan" LOOP="" BUNDLEDNAME="" DSP="0" BRAM="0" URAM="0"/>
	<BindNode BINDTYPE="op" DISPLAY="bind_op and" ID="" IMPL="auto" LATENCY="0" OPTYPE="and" PRAGMA="" RTLNAME="and_ln33_1_fu_294_p2" SOURCE="cordic_fixed.cpp:33" VARIABLE="and_ln33_1" MODULE="atan" LOOP="" BUNDLEDNAME="" DSP="0" BRAM="0" URAM="0"/>
	<BindNode BINDTYPE="op" DISPLAY="bind_op select" ID="" IMPL="auto_sel" LATENCY="0" OPTYPE="select" PRAGMA="" RTLNAME="x_V_104_fu_300_p3" SOURCE="cordic_fixed.cpp:33" VARIABLE="x_V_104" MODULE="atan" LOOP="" BUNDLEDNAME="" DSP="0" BRAM="0" URAM="0"/>
	<BindNode BINDTYPE="op" DISPLAY="bind_op select" ID="" IMPL="auto_sel" LATENCY="0" OPTYPE="select" PRAGMA="" RTLNAME="y_V_1_fu_308_p3" SOURCE="cordic_fixed.cpp:28" VARIABLE="y_V_1" MODULE="atan" LOOP="" BUNDLEDNAME="" DSP="0" BRAM="0" URAM="0"/>
	<BindNode BINDTYPE="op" DISPLAY="bind_op or" ID="" IMPL="auto" LATENCY="0" OPTYPE="or" PRAGMA="" RTLNAME="or_ln33_fu_316_p2" SOURCE="cordic_fixed.cpp:33" VARIABLE="or_ln33" MODULE="atan" LOOP="" BUNDLEDNAME="" DSP="0" BRAM="0" URAM="0"/>
	<BindNode BINDTYPE="op" DISPLAY="bind_op xor" ID="" IMPL="auto" LATENCY="0" OPTYPE="xor" PRAGMA="" RTLNAME="xor_ln33_fu_322_p2" SOURCE="cordic_fixed.cpp:33" VARIABLE="xor_ln33" MODULE="atan" LOOP="" BUNDLEDNAME="" DSP="0" BRAM="0" URAM="0"/>
	<BindNode BINDTYPE="op" DISPLAY="bind_op and" ID="" IMPL="auto" LATENCY="0" OPTYPE="and" PRAGMA="" RTLNAME="and_ln38_fu_328_p2" SOURCE="cordic_fixed.cpp:38" VARIABLE="and_ln38" MODULE="atan" LOOP="" BUNDLEDNAME="" DSP="0" BRAM="0" URAM="0"/>
	<BindNode BINDTYPE="op" DISPLAY="bind_op and" ID="" IMPL="auto" LATENCY="0" OPTYPE="and" PRAGMA="" RTLNAME="and_ln38_1_fu_334_p2" SOURCE="cordic_fixed.cpp:38" VARIABLE="and_ln38_1" MODULE="atan" LOOP="" BUNDLEDNAME="" DSP="0" BRAM="0" URAM="0"/>
	<BindNode BINDTYPE="op" DISPLAY="bind_op select" ID="" IMPL="auto_sel" LATENCY="0" OPTYPE="select" PRAGMA="" RTLNAME="y_V_96_fu_340_p3" SOURCE="cordic_fixed.cpp:38" VARIABLE="y_V_96" MODULE="atan" LOOP="" BUNDLEDNAME="" DSP="0" BRAM="0" URAM="0"/>
	<BindNode BINDTYPE="op" DISPLAY="bind_op select" ID="" IMPL="auto_sel" LATENCY="0" OPTYPE="select" PRAGMA="" RTLNAME="select_ln28_fu_1419_p3" SOURCE="cordic_fixed.cpp:28" VARIABLE="select_ln28" MODULE="atan" LOOP="" BUNDLEDNAME="" DSP="0" BRAM="0" URAM="0"/>
	<BindNode BINDTYPE="op" DISPLAY="bind_op or" ID="" IMPL="auto" LATENCY="0" OPTYPE="or" PRAGMA="" RTLNAME="or_ln28_fu_1426_p2" SOURCE="cordic_fixed.cpp:28" VARIABLE="or_ln28" MODULE="atan" LOOP="" BUNDLEDNAME="" DSP="0" BRAM="0" URAM="0"/>
	<BindNode BINDTYPE="op" DISPLAY="bind_op select" ID="" IMPL="auto_sel" LATENCY="0" OPTYPE="select" PRAGMA="" RTLNAME="select_ln28_1_fu_1430_p3" SOURCE="cordic_fixed.cpp:28" VARIABLE="select_ln28_1" MODULE="atan" LOOP="" BUNDLEDNAME="" DSP="0" BRAM="0" URAM="0"/>
	<BindNode BINDTYPE="op" DISPLAY="bind_op select" ID="" IMPL="auto_sel" LATENCY="0" OPTYPE="select" PRAGMA="" RTLNAME="select_ln38_fu_1438_p3" SOURCE="cordic_fixed.cpp:38" VARIABLE="select_ln38" MODULE="atan" LOOP="" BUNDLEDNAME="" DSP="0" BRAM="0" URAM="0"/>
	<BindNode BINDTYPE="op" DISPLAY="bind_op or" ID="" IMPL="auto" LATENCY="0" OPTYPE="or" PRAGMA="" RTLNAME="or_ln38_fu_1445_p2" SOURCE="cordic_fixed.cpp:38" VARIABLE="or_ln38" MODULE="atan" LOOP="" BUNDLEDNAME="" DSP="0" BRAM="0" URAM="0"/>
	<BindNode BINDTYPE="op" DISPLAY="bind_op select" ID="" IMPL="auto_sel" LATENCY="0" OPTYPE="select" PRAGMA="" RTLNAME="e_fu_1449_p3" SOURCE="cordic_fixed.cpp:38" VARIABLE="e" MODULE="atan" LOOP="" BUNDLEDNAME="" DSP="0" BRAM="0" URAM="0"/>
	<BindNode BINDTYPE="op" DISPLAY="bind_op add" ID="" IMPL="fabric" LATENCY="0" OPTYPE="add" PRAGMA="" RTLNAME="x_V_105_fu_364_p2" SOURCE="C:/Xilinx/Vitis_HLS/2022.1/common/technology/autopilot\ap_fixed_base.h:859" VARIABLE="x_V_105" MODULE="atan" LOOP="" BUNDLEDNAME="" DSP="0" BRAM="0" URAM="0"/>
	<BindNode BINDTYPE="op" DISPLAY="bind_op sub" ID="" IMPL="fabric" LATENCY="0" OPTYPE="sub" PRAGMA="" RTLNAME="y_V_3_fu_368_p2" SOURCE="C:/Xilinx/Vitis_HLS/2022.1/common/technology/autopilot\ap_fixed_base.h:859" VARIABLE="y_V_3" MODULE="atan" LOOP="" BUNDLEDNAME="" DSP="0" BRAM="0" URAM="0"/>
	<BindNode BINDTYPE="op" DISPLAY="bind_op sub" ID="" IMPL="fabric" LATENCY="0" OPTYPE="sub" PRAGMA="" RTLNAME="x_V_4_fu_372_p2" SOURCE="C:/Xilinx/Vitis_HLS/2022.1/common/technology/autopilot\ap_fixed_base.h:859" VARIABLE="x_V_4" MODULE="atan" LOOP="" BUNDLEDNAME="" DSP="0" BRAM="0" URAM="0"/>
	<BindNode BINDTYPE="op" DISPLAY="bind_op select" ID="" IMPL="auto_sel" LATENCY="0" OPTYPE="select" PRAGMA="" RTLNAME="x_V_5_fu_376_p3" SOURCE="cordic_fixed.cpp:57" VARIABLE="x_V_5" MODULE="atan" LOOP="" BUNDLEDNAME="" DSP="0" BRAM="0" URAM="0"/>
	<BindNode BINDTYPE="op" DISPLAY="bind_op select" ID="" IMPL="auto_sel" LATENCY="0" OPTYPE="select" PRAGMA="" RTLNAME="y_V_5_fu_383_p3" SOURCE="cordic_fixed.cpp:57" VARIABLE="y_V_5" MODULE="atan" LOOP="" BUNDLEDNAME="" DSP="0" BRAM="0" URAM="0"/>
	<BindNode BINDTYPE="op" DISPLAY="bind_op add" ID="" IMPL="fabric" LATENCY="0" OPTYPE="add" PRAGMA="" RTLNAME="x_V_6_fu_426_p2" SOURCE="C:/Xilinx/Vitis_HLS/2022.1/common/technology/autopilot\ap_fixed_base.h:859" VARIABLE="x_V_6" MODULE="atan" LOOP="" BUNDLEDNAME="" DSP="0" BRAM="0" URAM="0"/>
	<BindNode BINDTYPE="op" DISPLAY="bind_op sub" ID="" IMPL="fabric" LATENCY="0" OPTYPE="sub" PRAGMA="" RTLNAME="y_V_6_fu_432_p2" SOURCE="C:/Xilinx/Vitis_HLS/2022.1/common/technology/autopilot\ap_fixed_base.h:859" VARIABLE="y_V_6" MODULE="atan" LOOP="" BUNDLEDNAME="" DSP="0" BRAM="0" URAM="0"/>
	<BindNode BINDTYPE="op" DISPLAY="bind_op select" ID="" IMPL="auto_sel" LATENCY="0" OPTYPE="select" PRAGMA="" RTLNAME="z_V_fu_964_p3" SOURCE="C:/Xilinx/Vitis_HLS/2022.1/common/technology/autopilot\ap_fixed_base.h:1393" VARIABLE="z_V" MODULE="atan" LOOP="" BUNDLEDNAME="" DSP="0" BRAM="0" URAM="0"/>
	<BindNode BINDTYPE="op" DISPLAY="bind_op sub" ID="" IMPL="fabric" LATENCY="0" OPTYPE="sub" PRAGMA="" RTLNAME="x_V_7_fu_438_p2" SOURCE="C:/Xilinx/Vitis_HLS/2022.1/common/technology/autopilot\ap_fixed_base.h:859" VARIABLE="x_V_7" MODULE="atan" LOOP="" BUNDLEDNAME="" DSP="0" BRAM="0" URAM="0"/>
	<BindNode BINDTYPE="op" DISPLAY="bind_op add" ID="" IMPL="fabric" LATENCY="0" OPTYPE="add" PRAGMA="" RTLNAME="y_V_7_fu_444_p2" SOURCE="C:/Xilinx/Vitis_HLS/2022.1/common/technology/autopilot\ap_fixed_base.h:859" VARIABLE="y_V_7" MODULE="atan" LOOP="" BUNDLEDNAME="" DSP="0" BRAM="0" URAM="0"/>
	<BindNode BINDTYPE="op" DISPLAY="bind_op select" ID="" IMPL="auto_sel" LATENCY="0" OPTYPE="select" PRAGMA="" RTLNAME="z_V_1_fu_971_p3" SOURCE="C:/Xilinx/Vitis_HLS/2022.1/common/technology/autopilot\ap_fixed_base.h:859" VARIABLE="z_V_1" MODULE="atan" LOOP="" BUNDLEDNAME="" DSP="0" BRAM="0" URAM="0"/>
	<BindNode BINDTYPE="op" DISPLAY="bind_op select" ID="" IMPL="auto_sel" LATENCY="0" OPTYPE="select" PRAGMA="" RTLNAME="x_V_8_fu_450_p3" SOURCE="C:/Xilinx/Vitis_HLS/2022.1/common/technology/autopilot\ap_fixed_base.h:1697" VARIABLE="x_V_8" MODULE="atan" LOOP="" BUNDLEDNAME="" DSP="0" BRAM="0" URAM="0"/>
	<BindNode BINDTYPE="op" DISPLAY="bind_op select" ID="" IMPL="auto_sel" LATENCY="0" OPTYPE="select" PRAGMA="" RTLNAME="y_V_8_fu_458_p3" SOURCE="C:/Xilinx/Vitis_HLS/2022.1/common/technology/autopilot\ap_fixed_base.h:1697" VARIABLE="y_V_8" MODULE="atan" LOOP="" BUNDLEDNAME="" DSP="0" BRAM="0" URAM="0"/>
	<BindNode BINDTYPE="op" DISPLAY="bind_op select" ID="" IMPL="auto_sel" LATENCY="0" OPTYPE="select" PRAGMA="" RTLNAME="z_V_2_fu_978_p3" SOURCE="C:/Xilinx/Vitis_HLS/2022.1/common/technology/autopilot\ap_fixed_base.h:1697" VARIABLE="z_V_2" MODULE="atan" LOOP="" BUNDLEDNAME="" DSP="0" BRAM="0" URAM="0"/>
	<BindNode BINDTYPE="op" DISPLAY="bind_op add" ID="" IMPL="fabric" LATENCY="0" OPTYPE="add" PRAGMA="" RTLNAME="x_V_9_fu_500_p2" SOURCE="C:/Xilinx/Vitis_HLS/2022.1/common/technology/autopilot\ap_fixed_base.h:859" VARIABLE="x_V_9" MODULE="atan" LOOP="" BUNDLEDNAME="" DSP="0" BRAM="0" URAM="0"/>
	<BindNode BINDTYPE="op" DISPLAY="bind_op sub" ID="" IMPL="fabric" LATENCY="0" OPTYPE="sub" PRAGMA="" RTLNAME="y_V_9_fu_505_p2" SOURCE="C:/Xilinx/Vitis_HLS/2022.1/common/technology/autopilot\ap_fixed_base.h:859" VARIABLE="y_V_9" MODULE="atan" LOOP="" BUNDLEDNAME="" DSP="0" BRAM="0" URAM="0"/>
	<BindNode BINDTYPE="op" DISPLAY="bind_op sub" ID="" IMPL="fabric" LATENCY="0" OPTYPE="sub" PRAGMA="" RTLNAME="x_V_10_fu_510_p2" SOURCE="C:/Xilinx/Vitis_HLS/2022.1/common/technology/autopilot\ap_fixed_base.h:859" VARIABLE="x_V_10" MODULE="atan" LOOP="" BUNDLEDNAME="" DSP="0" BRAM="0" URAM="0"/>
	<BindNode BINDTYPE="op" DISPLAY="bind_op add" ID="" IMPL="fabric" LATENCY="0" OPTYPE="add" PRAGMA="" RTLNAME="y_V_10_fu_515_p2" SOURCE="C:/Xilinx/Vitis_HLS/2022.1/common/technology/autopilot\ap_fixed_base.h:859" VARIABLE="y_V_10" MODULE="atan" LOOP="" BUNDLEDNAME="" DSP="0" BRAM="0" URAM="0"/>
	<BindNode BINDTYPE="op" DISPLAY="bind_op select" ID="" IMPL="auto_sel" LATENCY="0" OPTYPE="select" PRAGMA="" RTLNAME="x_V_11_fu_520_p3" SOURCE="C:/Xilinx/Vitis_HLS/2022.1/common/technology/autopilot\ap_fixed_base.h:1697" VARIABLE="x_V_11" MODULE="atan" LOOP="" BUNDLEDNAME="" DSP="0" BRAM="0" URAM="0"/>
	<BindNode BINDTYPE="op" DISPLAY="bind_op select" ID="" IMPL="auto_sel" LATENCY="0" OPTYPE="select" PRAGMA="" RTLNAME="y_V_11_fu_527_p3" SOURCE="C:/Xilinx/Vitis_HLS/2022.1/common/technology/autopilot\ap_fixed_base.h:1697" VARIABLE="y_V_11" MODULE="atan" LOOP="" BUNDLEDNAME="" DSP="0" BRAM="0" URAM="0"/>
	<BindNode BINDTYPE="op" DISPLAY="bind_op select" ID="" IMPL="auto_sel" LATENCY="0" OPTYPE="select" PRAGMA="" RTLNAME="select_ln9_fu_992_p3" SOURCE="cordic_fixed.cpp:9" VARIABLE="select_ln9" MODULE="atan" LOOP="" BUNDLEDNAME="" DSP="0" BRAM="0" URAM="0"/>
	<BindNode BINDTYPE="op" DISPLAY="bind_op add" ID="" IMPL="fabric" LATENCY="0" OPTYPE="add" PRAGMA="" RTLNAME="x_V_12_fu_570_p2" SOURCE="C:/Xilinx/Vitis_HLS/2022.1/common/technology/autopilot\ap_fixed_base.h:859" VARIABLE="x_V_12" MODULE="atan" LOOP="" BUNDLEDNAME="" DSP="0" BRAM="0" URAM="0"/>
	<BindNode BINDTYPE="op" DISPLAY="bind_op sub" ID="" IMPL="fabric" LATENCY="0" OPTYPE="sub" PRAGMA="" RTLNAME="y_V_12_fu_576_p2" SOURCE="C:/Xilinx/Vitis_HLS/2022.1/common/technology/autopilot\ap_fixed_base.h:859" VARIABLE="y_V_12" MODULE="atan" LOOP="" BUNDLEDNAME="" DSP="0" BRAM="0" URAM="0"/>
	<BindNode BINDTYPE="op" DISPLAY="bind_op sub" ID="" IMPL="fabric" LATENCY="0" OPTYPE="sub" PRAGMA="" RTLNAME="x_V_13_fu_582_p2" SOURCE="C:/Xilinx/Vitis_HLS/2022.1/common/technology/autopilot\ap_fixed_base.h:859" VARIABLE="x_V_13" MODULE="atan" LOOP="" BUNDLEDNAME="" DSP="0" BRAM="0" URAM="0"/>
	<BindNode BINDTYPE="op" DISPLAY="bind_op add" ID="" IMPL="fabric" LATENCY="0" OPTYPE="add" PRAGMA="" RTLNAME="y_V_13_fu_588_p2" SOURCE="C:/Xilinx/Vitis_HLS/2022.1/common/technology/autopilot\ap_fixed_base.h:859" VARIABLE="y_V_13" MODULE="atan" LOOP="" BUNDLEDNAME="" DSP="0" BRAM="0" URAM="0"/>
	<BindNode BINDTYPE="op" DISPLAY="bind_op select" ID="" IMPL="auto_sel" LATENCY="0" OPTYPE="select" PRAGMA="" RTLNAME="x_V_14_fu_594_p3" SOURCE="C:/Xilinx/Vitis_HLS/2022.1/common/technology/autopilot\ap_fixed_base.h:1697" VARIABLE="x_V_14" MODULE="atan" LOOP="" BUNDLEDNAME="" DSP="0" BRAM="0" URAM="0"/>
	<BindNode BINDTYPE="op" DISPLAY="bind_op select" ID="" IMPL="auto_sel" LATENCY="0" OPTYPE="select" PRAGMA="" RTLNAME="y_V_14_fu_602_p3" SOURCE="C:/Xilinx/Vitis_HLS/2022.1/common/technology/autopilot\ap_fixed_base.h:1697" VARIABLE="y_V_14" MODULE="atan" LOOP="" BUNDLEDNAME="" DSP="0" BRAM="0" URAM="0"/>
	<BindNode BINDTYPE="op" DISPLAY="bind_op select" ID="" IMPL="auto_sel" LATENCY="0" OPTYPE="select" PRAGMA="" RTLNAME="select_ln1534_fu_1000_p3" SOURCE="C:/Xilinx/Vitis_HLS/2022.1/common/technology/autopilot\ap_fixed_base.h:1534" VARIABLE="select_ln1534" MODULE="atan" LOOP="" BUNDLEDNAME="" DSP="0" BRAM="0" URAM="0"/>
	<BindNode BINDTYPE="op" DISPLAY="bind_op add" ID="" IMPL="fabric" LATENCY="0" OPTYPE="add" PRAGMA="" RTLNAME="x_V_15_fu_660_p2" SOURCE="C:/Xilinx/Vitis_HLS/2022.1/common/technology/autopilot\ap_fixed_base.h:859" VARIABLE="x_V_15" MODULE="atan" LOOP="" BUNDLEDNAME="" DSP="0" BRAM="0" URAM="0"/>
	<BindNode BINDTYPE="op" DISPLAY="bind_op sub" ID="" IMPL="fabric" LATENCY="0" OPTYPE="sub" PRAGMA="" RTLNAME="y_V_15_fu_665_p2" SOURCE="C:/Xilinx/Vitis_HLS/2022.1/common/technology/autopilot\ap_fixed_base.h:859" VARIABLE="y_V_15" MODULE="atan" LOOP="" BUNDLEDNAME="" DSP="0" BRAM="0" URAM="0"/>
	<BindNode BINDTYPE="op" DISPLAY="bind_op sub" ID="" IMPL="fabric" LATENCY="0" OPTYPE="sub" PRAGMA="" RTLNAME="x_V_16_fu_670_p2" SOURCE="C:/Xilinx/Vitis_HLS/2022.1/common/technology/autopilot\ap_fixed_base.h:859" VARIABLE="x_V_16" MODULE="atan" LOOP="" BUNDLEDNAME="" DSP="0" BRAM="0" URAM="0"/>
	<BindNode BINDTYPE="op" DISPLAY="bind_op add" ID="" IMPL="fabric" LATENCY="0" OPTYPE="add" PRAGMA="" RTLNAME="y_V_16_fu_675_p2" SOURCE="C:/Xilinx/Vitis_HLS/2022.1/common/technology/autopilot\ap_fixed_base.h:859" VARIABLE="y_V_16" MODULE="atan" LOOP="" BUNDLEDNAME="" DSP="0" BRAM="0" URAM="0"/>
	<BindNode BINDTYPE="op" DISPLAY="bind_op select" ID="" IMPL="auto_sel" LATENCY="0" OPTYPE="select" PRAGMA="" RTLNAME="x_V_17_fu_680_p3" SOURCE="C:/Xilinx/Vitis_HLS/2022.1/common/technology/autopilot\ap_fixed_base.h:1697" VARIABLE="x_V_17" MODULE="atan" LOOP="" BUNDLEDNAME="" DSP="0" BRAM="0" URAM="0"/>
	<BindNode BINDTYPE="op" DISPLAY="bind_op select" ID="" IMPL="auto_sel" LATENCY="0" OPTYPE="select" PRAGMA="" RTLNAME="y_V_17_fu_687_p3" SOURCE="C:/Xilinx/Vitis_HLS/2022.1/common/technology/autopilot\ap_fixed_base.h:1697" VARIABLE="y_V_17" MODULE="atan" LOOP="" BUNDLEDNAME="" DSP="0" BRAM="0" URAM="0"/>
	<BindNode BINDTYPE="op" DISPLAY="bind_op select" ID="" IMPL="auto_sel" LATENCY="0" OPTYPE="select" PRAGMA="" RTLNAME="select_ln1534_1_fu_1007_p3" SOURCE="C:/Xilinx/Vitis_HLS/2022.1/common/technology/autopilot\ap_fixed_base.h:1534" VARIABLE="select_ln1534_1" MODULE="atan" LOOP="" BUNDLEDNAME="" DSP="0" BRAM="0" URAM="0"/>
	<BindNode BINDTYPE="op" DISPLAY="bind_op add" ID="" IMPL="fabric" LATENCY="0" OPTYPE="add" PRAGMA="" RTLNAME="x_V_18_fu_730_p2" SOURCE="C:/Xilinx/Vitis_HLS/2022.1/common/technology/autopilot\ap_fixed_base.h:859" VARIABLE="x_V_18" MODULE="atan" LOOP="" BUNDLEDNAME="" DSP="0" BRAM="0" URAM="0"/>
	<BindNode BINDTYPE="op" DISPLAY="bind_op sub" ID="" IMPL="fabric" LATENCY="0" OPTYPE="sub" PRAGMA="" RTLNAME="y_V_18_fu_736_p2" SOURCE="C:/Xilinx/Vitis_HLS/2022.1/common/technology/autopilot\ap_fixed_base.h:859" VARIABLE="y_V_18" MODULE="atan" LOOP="" BUNDLEDNAME="" DSP="0" BRAM="0" URAM="0"/>
	<BindNode BINDTYPE="op" DISPLAY="bind_op sub" ID="" IMPL="fabric" LATENCY="0" OPTYPE="sub" PRAGMA="" RTLNAME="x_V_19_fu_742_p2" SOURCE="C:/Xilinx/Vitis_HLS/2022.1/common/technology/autopilot\ap_fixed_base.h:859" VARIABLE="x_V_19" MODULE="atan" LOOP="" BUNDLEDNAME="" DSP="0" BRAM="0" URAM="0"/>
	<BindNode BINDTYPE="op" DISPLAY="bind_op add" ID="" IMPL="fabric" LATENCY="0" OPTYPE="add" PRAGMA="" RTLNAME="y_V_19_fu_748_p2" SOURCE="C:/Xilinx/Vitis_HLS/2022.1/common/technology/autopilot\ap_fixed_base.h:859" VARIABLE="y_V_19" MODULE="atan" LOOP="" BUNDLEDNAME="" DSP="0" BRAM="0" URAM="0"/>
	<BindNode BINDTYPE="op" DISPLAY="bind_op select" ID="" IMPL="auto_sel" LATENCY="0" OPTYPE="select" PRAGMA="" RTLNAME="x_V_20_fu_754_p3" SOURCE="C:/Xilinx/Vitis_HLS/2022.1/common/technology/autopilot\ap_fixed_base.h:1697" VARIABLE="x_V_20" MODULE="atan" LOOP="" BUNDLEDNAME="" DSP="0" BRAM="0" URAM="0"/>
	<BindNode BINDTYPE="op" DISPLAY="bind_op select" ID="" IMPL="auto_sel" LATENCY="0" OPTYPE="select" PRAGMA="" RTLNAME="y_V_20_fu_780_p3" SOURCE="C:/Xilinx/Vitis_HLS/2022.1/common/technology/autopilot\ap_fixed_base.h:1697" VARIABLE="y_V_20" MODULE="atan" LOOP="" BUNDLEDNAME="" DSP="0" BRAM="0" URAM="0"/>
	<BindNode BINDTYPE="op" DISPLAY="bind_op select" ID="" IMPL="auto_sel" LATENCY="0" OPTYPE="select" PRAGMA="" RTLNAME="select_ln1534_2_fu_1014_p3" SOURCE="C:/Xilinx/Vitis_HLS/2022.1/common/technology/autopilot\ap_fixed_base.h:1534" VARIABLE="select_ln1534_2" MODULE="atan" LOOP="" BUNDLEDNAME="" DSP="0" BRAM="0" URAM="0"/>
	<BindNode BINDTYPE="op" DISPLAY="bind_op add" ID="" IMPL="fabric" LATENCY="0" OPTYPE="add" PRAGMA="" RTLNAME="x_V_21_fu_810_p2" SOURCE="C:/Xilinx/Vitis_HLS/2022.1/common/technology/autopilot\ap_fixed_base.h:859" VARIABLE="x_V_21" MODULE="atan" LOOP="" BUNDLEDNAME="" DSP="0" BRAM="0" URAM="0"/>
	<BindNode BINDTYPE="op" DISPLAY="bind_op sub" ID="" IMPL="fabric" LATENCY="0" OPTYPE="sub" PRAGMA="" RTLNAME="y_V_21_fu_815_p2" SOURCE="C:/Xilinx/Vitis_HLS/2022.1/common/technology/autopilot\ap_fixed_base.h:859" VARIABLE="y_V_21" MODULE="atan" LOOP="" BUNDLEDNAME="" DSP="0" BRAM="0" URAM="0"/>
	<BindNode BINDTYPE="op" DISPLAY="bind_op sub" ID="" IMPL="fabric" LATENCY="0" OPTYPE="sub" PRAGMA="" RTLNAME="x_V_22_fu_821_p2" SOURCE="C:/Xilinx/Vitis_HLS/2022.1/common/technology/autopilot\ap_fixed_base.h:859" VARIABLE="x_V_22" MODULE="atan" LOOP="" BUNDLEDNAME="" DSP="0" BRAM="0" URAM="0"/>
	<BindNode BINDTYPE="op" DISPLAY="bind_op add" ID="" IMPL="fabric" LATENCY="0" OPTYPE="add" PRAGMA="" RTLNAME="y_V_22_fu_826_p2" SOURCE="C:/Xilinx/Vitis_HLS/2022.1/common/technology/autopilot\ap_fixed_base.h:859" VARIABLE="y_V_22" MODULE="atan" LOOP="" BUNDLEDNAME="" DSP="0" BRAM="0" URAM="0"/>
	<BindNode BINDTYPE="op" DISPLAY="bind_op select" ID="" IMPL="auto_sel" LATENCY="0" OPTYPE="select" PRAGMA="" RTLNAME="x_V_23_fu_832_p3" SOURCE="C:/Xilinx/Vitis_HLS/2022.1/common/technology/autopilot\ap_fixed_base.h:1697" VARIABLE="x_V_23" MODULE="atan" LOOP="" BUNDLEDNAME="" DSP="0" BRAM="0" URAM="0"/>
	<BindNode BINDTYPE="op" DISPLAY="bind_op select" ID="" IMPL="auto_sel" LATENCY="0" OPTYPE="select" PRAGMA="" RTLNAME="y_V_23_fu_840_p3" SOURCE="C:/Xilinx/Vitis_HLS/2022.1/common/technology/autopilot\ap_fixed_base.h:1697" VARIABLE="y_V_23" MODULE="atan" LOOP="" BUNDLEDNAME="" DSP="0" BRAM="0" URAM="0"/>
	<BindNode BINDTYPE="op" DISPLAY="bind_op select" ID="" IMPL="auto_sel" LATENCY="0" OPTYPE="select" PRAGMA="" RTLNAME="select_ln1534_3_fu_856_p3" SOURCE="C:/Xilinx/Vitis_HLS/2022.1/common/technology/autopilot\ap_fixed_base.h:1534" VARIABLE="select_ln1534_3" MODULE="atan" LOOP="" BUNDLEDNAME="" DSP="0" BRAM="0" URAM="0"/>
	<BindNode BINDTYPE="op" DISPLAY="bind_op add" ID="" IMPL="fabric" LATENCY="0" OPTYPE="add" PRAGMA="" RTLNAME="x_V_24_fu_900_p2" SOURCE="C:/Xilinx/Vitis_HLS/2022.1/common/technology/autopilot\ap_fixed_base.h:859" VARIABLE="x_V_24" MODULE="atan" LOOP="" BUNDLEDNAME="" DSP="0" BRAM="0" URAM="0"/>
	<BindNode BINDTYPE="op" DISPLAY="bind_op sub" ID="" IMPL="fabric" LATENCY="0" OPTYPE="sub" PRAGMA="" RTLNAME="y_V_24_fu_906_p2" SOURCE="C:/Xilinx/Vitis_HLS/2022.1/common/technology/autopilot\ap_fixed_base.h:859" VARIABLE="y_V_24" MODULE="atan" LOOP="" BUNDLEDNAME="" DSP="0" BRAM="0" URAM="0"/>
	<BindNode BINDTYPE="op" DISPLAY="bind_op sub" ID="" IMPL="fabric" LATENCY="0" OPTYPE="sub" PRAGMA="" RTLNAME="x_V_25_fu_912_p2" SOURCE="C:/Xilinx/Vitis_HLS/2022.1/common/technology/autopilot\ap_fixed_base.h:859" VARIABLE="x_V_25" MODULE="atan" LOOP="" BUNDLEDNAME="" DSP="0" BRAM="0" URAM="0"/>
	<BindNode BINDTYPE="op" DISPLAY="bind_op add" ID="" IMPL="fabric" LATENCY="0" OPTYPE="add" PRAGMA="" RTLNAME="y_V_25_fu_918_p2" SOURCE="C:/Xilinx/Vitis_HLS/2022.1/common/technology/autopilot\ap_fixed_base.h:859" VARIABLE="y_V_25" MODULE="atan" LOOP="" BUNDLEDNAME="" DSP="0" BRAM="0" URAM="0"/>
	<BindNode BINDTYPE="op" DISPLAY="bind_op select" ID="" IMPL="auto_sel" LATENCY="0" OPTYPE="select" PRAGMA="" RTLNAME="x_V_26_fu_924_p3" SOURCE="C:/Xilinx/Vitis_HLS/2022.1/common/technology/autopilot\ap_fixed_base.h:1697" VARIABLE="x_V_26" MODULE="atan" LOOP="" BUNDLEDNAME="" DSP="0" BRAM="0" URAM="0"/>
	<BindNode BINDTYPE="op" DISPLAY="bind_op select" ID="" IMPL="auto_sel" LATENCY="0" OPTYPE="select" PRAGMA="" RTLNAME="y_V_26_fu_1021_p3" SOURCE="C:/Xilinx/Vitis_HLS/2022.1/common/technology/autopilot\ap_fixed_base.h:1697" VARIABLE="y_V_26" MODULE="atan" LOOP="" BUNDLEDNAME="" DSP="0" BRAM="0" URAM="0"/>
	<BindNode BINDTYPE="op" DISPLAY="bind_op select" ID="" IMPL="auto_sel" LATENCY="0" OPTYPE="select" PRAGMA="" RTLNAME="select_ln1534_4_fu_940_p3" SOURCE="C:/Xilinx/Vitis_HLS/2022.1/common/technology/autopilot\ap_fixed_base.h:1534" VARIABLE="select_ln1534_4" MODULE="atan" LOOP="" BUNDLEDNAME="" DSP="0" BRAM="0" URAM="0"/>
	<BindNode BINDTYPE="op" DISPLAY="bind_op add" ID="" IMPL="fabric" LATENCY="0" OPTYPE="add" PRAGMA="" RTLNAME="x_V_27_fu_1051_p2" SOURCE="C:/Xilinx/Vitis_HLS/2022.1/common/technology/autopilot\ap_fixed_base.h:859" VARIABLE="x_V_27" MODULE="atan" LOOP="" BUNDLEDNAME="" DSP="0" BRAM="0" URAM="0"/>
	<BindNode BINDTYPE="op" DISPLAY="bind_op sub" ID="" IMPL="fabric" LATENCY="0" OPTYPE="sub" PRAGMA="" RTLNAME="y_V_27_fu_1056_p2" SOURCE="C:/Xilinx/Vitis_HLS/2022.1/common/technology/autopilot\ap_fixed_base.h:859" VARIABLE="y_V_27" MODULE="atan" LOOP="" BUNDLEDNAME="" DSP="0" BRAM="0" URAM="0"/>
	<BindNode BINDTYPE="op" DISPLAY="bind_op sub" ID="" IMPL="fabric" LATENCY="0" OPTYPE="sub" PRAGMA="" RTLNAME="x_V_28_fu_1062_p2" SOURCE="C:/Xilinx/Vitis_HLS/2022.1/common/technology/autopilot\ap_fixed_base.h:859" VARIABLE="x_V_28" MODULE="atan" LOOP="" BUNDLEDNAME="" DSP="0" BRAM="0" URAM="0"/>
	<BindNode BINDTYPE="op" DISPLAY="bind_op add" ID="" IMPL="fabric" LATENCY="0" OPTYPE="add" PRAGMA="" RTLNAME="y_V_28_fu_1067_p2" SOURCE="C:/Xilinx/Vitis_HLS/2022.1/common/technology/autopilot\ap_fixed_base.h:859" VARIABLE="y_V_28" MODULE="atan" LOOP="" BUNDLEDNAME="" DSP="0" BRAM="0" URAM="0"/>
	<BindNode BINDTYPE="op" DISPLAY="bind_op select" ID="" IMPL="auto_sel" LATENCY="0" OPTYPE="select" PRAGMA="" RTLNAME="x_V_29_fu_1073_p3" SOURCE="C:/Xilinx/Vitis_HLS/2022.1/common/technology/autopilot\ap_fixed_base.h:1697" VARIABLE="x_V_29" MODULE="atan" LOOP="" BUNDLEDNAME="" DSP="0" BRAM="0" URAM="0"/>
	<BindNode BINDTYPE="op" DISPLAY="bind_op select" ID="" IMPL="auto_sel" LATENCY="0" OPTYPE="select" PRAGMA="" RTLNAME="y_V_29_fu_1081_p3" SOURCE="C:/Xilinx/Vitis_HLS/2022.1/common/technology/autopilot\ap_fixed_base.h:1697" VARIABLE="y_V_29" MODULE="atan" LOOP="" BUNDLEDNAME="" DSP="0" BRAM="0" URAM="0"/>
	<BindNode BINDTYPE="op" DISPLAY="bind_op select" ID="" IMPL="auto_sel" LATENCY="0" OPTYPE="select" PRAGMA="" RTLNAME="select_ln1534_5_fu_1097_p3" SOURCE="C:/Xilinx/Vitis_HLS/2022.1/common/technology/autopilot\ap_fixed_base.h:1534" VARIABLE="select_ln1534_5" MODULE="atan" LOOP="" BUNDLEDNAME="" DSP="0" BRAM="0" URAM="0"/>
	<BindNode BINDTYPE="op" DISPLAY="bind_op add" ID="" IMPL="fabric" LATENCY="0" OPTYPE="add" PRAGMA="" RTLNAME="x_V_30_fu_1141_p2" SOURCE="C:/Xilinx/Vitis_HLS/2022.1/common/technology/autopilot\ap_fixed_base.h:859" VARIABLE="x_V_30" MODULE="atan" LOOP="" BUNDLEDNAME="" DSP="0" BRAM="0" URAM="0"/>
	<BindNode BINDTYPE="op" DISPLAY="bind_op sub" ID="" IMPL="fabric" LATENCY="0" OPTYPE="sub" PRAGMA="" RTLNAME="y_V_30_fu_1147_p2" SOURCE="C:/Xilinx/Vitis_HLS/2022.1/common/technology/autopilot\ap_fixed_base.h:859" VARIABLE="y_V_30" MODULE="atan" LOOP="" BUNDLEDNAME="" DSP="0" BRAM="0" URAM="0"/>
	<BindNode BINDTYPE="op" DISPLAY="bind_op sub" ID="" IMPL="fabric" LATENCY="0" OPTYPE="sub" PRAGMA="" RTLNAME="x_V_31_fu_1153_p2" SOURCE="C:/Xilinx/Vitis_HLS/2022.1/common/technology/autopilot\ap_fixed_base.h:859" VARIABLE="x_V_31" MODULE="atan" LOOP="" BUNDLEDNAME="" DSP="0" BRAM="0" URAM="0"/>
	<BindNode BINDTYPE="op" DISPLAY="bind_op add" ID="" IMPL="fabric" LATENCY="0" OPTYPE="add" PRAGMA="" RTLNAME="y_V_31_fu_1159_p2" SOURCE="C:/Xilinx/Vitis_HLS/2022.1/common/technology/autopilot\ap_fixed_base.h:859" VARIABLE="y_V_31" MODULE="atan" LOOP="" BUNDLEDNAME="" DSP="0" BRAM="0" URAM="0"/>
	<BindNode BINDTYPE="op" DISPLAY="bind_op select" ID="" IMPL="auto_sel" LATENCY="0" OPTYPE="select" PRAGMA="" RTLNAME="x_V_32_fu_1165_p3" SOURCE="C:/Xilinx/Vitis_HLS/2022.1/common/technology/autopilot\ap_fixed_base.h:1697" VARIABLE="x_V_32" MODULE="atan" LOOP="" BUNDLEDNAME="" DSP="0" BRAM="0" URAM="0"/>
	<BindNode BINDTYPE="op" DISPLAY="bind_op select" ID="" IMPL="auto_sel" LATENCY="0" OPTYPE="select" PRAGMA="" RTLNAME="y_V_32_fu_1173_p3" SOURCE="C:/Xilinx/Vitis_HLS/2022.1/common/technology/autopilot\ap_fixed_base.h:1697" VARIABLE="y_V_32" MODULE="atan" LOOP="" BUNDLEDNAME="" DSP="0" BRAM="0" URAM="0"/>
	<BindNode BINDTYPE="op" DISPLAY="bind_op add" ID="" IMPL="fabric" LATENCY="0" OPTYPE="add" PRAGMA="" RTLNAME="add_ln1697_fu_1189_p2" SOURCE="C:/Xilinx/Vitis_HLS/2022.1/common/technology/autopilot\ap_fixed_base.h:1697" VARIABLE="add_ln1697" MODULE="atan" LOOP="" BUNDLEDNAME="" DSP="0" BRAM="0" URAM="0"/>
	<BindNode BINDTYPE="op" DISPLAY="bind_op all" ID="" IMPL="tadder" LATENCY="0" OPTYPE="all" PRAGMA="" RTLNAME="add_ln1697_1_fu_1199_p2" SOURCE="C:/Xilinx/Vitis_HLS/2022.1/common/technology/autopilot\ap_fixed_base.h:1697" VARIABLE="add_ln1697_1" MODULE="atan" LOOP="" BUNDLEDNAME="" DSP="0" BRAM="0" URAM="0"/>
	<BindNode BINDTYPE="op" DISPLAY="bind_op all" ID="" IMPL="tadder" LATENCY="0" OPTYPE="all" PRAGMA="" RTLNAME="add_ln1697_2_fu_1205_p2" SOURCE="C:/Xilinx/Vitis_HLS/2022.1/common/technology/autopilot\ap_fixed_base.h:1697" VARIABLE="add_ln1697_2" MODULE="atan" LOOP="" BUNDLEDNAME="" DSP="0" BRAM="0" URAM="0"/>
	<BindNode BINDTYPE="op" DISPLAY="bind_op all" ID="" IMPL="tadder" LATENCY="0" OPTYPE="all" PRAGMA="" RTLNAME="add_ln1697_3_fu_1211_p2" SOURCE="C:/Xilinx/Vitis_HLS/2022.1/common/technology/autopilot\ap_fixed_base.h:1697" VARIABLE="add_ln1697_3" MODULE="atan" LOOP="" BUNDLEDNAME="" DSP="0" BRAM="0" URAM="0"/>
	<BindNode BINDTYPE="op" DISPLAY="bind_op add" ID="" IMPL="fabric" LATENCY="0" OPTYPE="add" PRAGMA="" RTLNAME="add_ln1697_4_fu_958_p2" SOURCE="C:/Xilinx/Vitis_HLS/2022.1/common/technology/autopilot\ap_fixed_base.h:1697" VARIABLE="add_ln1697_4" MODULE="atan" LOOP="" BUNDLEDNAME="" DSP="0" BRAM="0" URAM="0"/>
	<BindNode BINDTYPE="op" DISPLAY="bind_op all" ID="" IMPL="tadder" LATENCY="0" OPTYPE="all" PRAGMA="" RTLNAME="add_ln1697_5_fu_1220_p2" SOURCE="C:/Xilinx/Vitis_HLS/2022.1/common/technology/autopilot\ap_fixed_base.h:1697" VARIABLE="add_ln1697_5" MODULE="atan" LOOP="" BUNDLEDNAME="" DSP="0" BRAM="0" URAM="0"/>
	<BindNode BINDTYPE="op" DISPLAY="bind_op all" ID="" IMPL="tadder" LATENCY="0" OPTYPE="all" PRAGMA="" RTLNAME="add_ln1697_6_fu_1257_p2" SOURCE="C:/Xilinx/Vitis_HLS/2022.1/common/technology/autopilot\ap_fixed_base.h:1697" VARIABLE="add_ln1697_6" MODULE="atan" LOOP="" BUNDLEDNAME="" DSP="0" BRAM="0" URAM="0"/>
	<BindNode BINDTYPE="op" DISPLAY="bind_op select" ID="" IMPL="auto_sel" LATENCY="0" OPTYPE="select" PRAGMA="" RTLNAME="select_ln1697_fu_1262_p3" SOURCE="C:/Xilinx/Vitis_HLS/2022.1/common/technology/autopilot\ap_fixed_base.h:1697" VARIABLE="select_ln1697" MODULE="atan" LOOP="" BUNDLEDNAME="" DSP="0" BRAM="0" URAM="0"/>
	<BindNode BINDTYPE="op" DISPLAY="bind_op all" ID="" IMPL="tadder" LATENCY="0" OPTYPE="all" PRAGMA="" RTLNAME="z_V_3_fu_1269_p2" SOURCE="C:/Xilinx/Vitis_HLS/2022.1/common/technology/autopilot\ap_fixed_base.h:1697" VARIABLE="z_V_3" MODULE="atan" LOOP="" BUNDLEDNAME="" DSP="0" BRAM="0" URAM="0"/>
	<BindNode BINDTYPE="op" DISPLAY="bind_op add" ID="" IMPL="fabric" LATENCY="0" OPTYPE="add" PRAGMA="" RTLNAME="x_V_33_fu_1281_p2" SOURCE="C:/Xilinx/Vitis_HLS/2022.1/common/technology/autopilot\ap_fixed_base.h:859" VARIABLE="x_V_33" MODULE="atan" LOOP="" BUNDLEDNAME="" DSP="0" BRAM="0" URAM="0"/>
	<BindNode BINDTYPE="op" DISPLAY="bind_op sub" ID="" IMPL="fabric" LATENCY="0" OPTYPE="sub" PRAGMA="" RTLNAME="y_V_33_fu_1286_p2" SOURCE="C:/Xilinx/Vitis_HLS/2022.1/common/technology/autopilot\ap_fixed_base.h:859" VARIABLE="y_V_33" MODULE="atan" LOOP="" BUNDLEDNAME="" DSP="0" BRAM="0" URAM="0"/>
	<BindNode BINDTYPE="op" DISPLAY="bind_op sub" ID="" IMPL="fabric" LATENCY="0" OPTYPE="sub" PRAGMA="" RTLNAME="x_V_34_fu_1291_p2" SOURCE="C:/Xilinx/Vitis_HLS/2022.1/common/technology/autopilot\ap_fixed_base.h:859" VARIABLE="x_V_34" MODULE="atan" LOOP="" BUNDLEDNAME="" DSP="0" BRAM="0" URAM="0"/>
	<BindNode BINDTYPE="op" DISPLAY="bind_op add" ID="" IMPL="fabric" LATENCY="0" OPTYPE="add" PRAGMA="" RTLNAME="y_V_34_fu_1296_p2" SOURCE="C:/Xilinx/Vitis_HLS/2022.1/common/technology/autopilot\ap_fixed_base.h:859" VARIABLE="y_V_34" MODULE="atan" LOOP="" BUNDLEDNAME="" DSP="0" BRAM="0" URAM="0"/>
	<BindNode BINDTYPE="op" DISPLAY="bind_op select" ID="" IMPL="auto_sel" LATENCY="0" OPTYPE="select" PRAGMA="" RTLNAME="x_V_35_fu_1301_p3" SOURCE="cordic_fixed.cpp:57" VARIABLE="x_V_35" MODULE="atan" LOOP="" BUNDLEDNAME="" DSP="0" BRAM="0" URAM="0"/>
	<BindNode BINDTYPE="op" DISPLAY="bind_op select" ID="" IMPL="auto_sel" LATENCY="0" OPTYPE="select" PRAGMA="" RTLNAME="y_V_35_fu_1308_p3" SOURCE="cordic_fixed.cpp:57" VARIABLE="y_V_35" MODULE="atan" LOOP="" BUNDLEDNAME="" DSP="0" BRAM="0" URAM="0"/>
	<BindNode BINDTYPE="op" DISPLAY="bind_op add" ID="" IMPL="fabric" LATENCY="0" OPTYPE="add" PRAGMA="" RTLNAME="x_V_36_fu_1351_p2" SOURCE="C:/Xilinx/Vitis_HLS/2022.1/common/technology/autopilot\ap_fixed_base.h:859" VARIABLE="x_V_36" MODULE="atan" LOOP="" BUNDLEDNAME="" DSP="0" BRAM="0" URAM="0"/>
	<BindNode BINDTYPE="op" DISPLAY="bind_op sub" ID="" IMPL="fabric" LATENCY="0" OPTYPE="sub" PRAGMA="" RTLNAME="y_V_36_fu_1357_p2" SOURCE="C:/Xilinx/Vitis_HLS/2022.1/common/technology/autopilot\ap_fixed_base.h:859" VARIABLE="y_V_36" MODULE="atan" LOOP="" BUNDLEDNAME="" DSP="0" BRAM="0" URAM="0"/>
	<BindNode BINDTYPE="op" DISPLAY="bind_op sub" ID="" IMPL="fabric" LATENCY="0" OPTYPE="sub" PRAGMA="" RTLNAME="x_V_37_fu_1363_p2" SOURCE="C:/Xilinx/Vitis_HLS/2022.1/common/technology/autopilot\ap_fixed_base.h:859" VARIABLE="x_V_37" MODULE="atan" LOOP="" BUNDLEDNAME="" DSP="0" BRAM="0" URAM="0"/>
	<BindNode BINDTYPE="op" DISPLAY="bind_op add" ID="" IMPL="fabric" LATENCY="0" OPTYPE="add" PRAGMA="" RTLNAME="y_V_37_fu_1369_p2" SOURCE="C:/Xilinx/Vitis_HLS/2022.1/common/technology/autopilot\ap_fixed_base.h:859" VARIABLE="y_V_37" MODULE="atan" LOOP="" BUNDLEDNAME="" DSP="0" BRAM="0" URAM="0"/>
	<BindNode BINDTYPE="op" DISPLAY="bind_op select" ID="" IMPL="auto_sel" LATENCY="0" OPTYPE="select" PRAGMA="" RTLNAME="x_V_38_fu_1375_p3" SOURCE="cordic_fixed.cpp:57" VARIABLE="x_V_38" MODULE="atan" LOOP="" BUNDLEDNAME="" DSP="0" BRAM="0" URAM="0"/>
	<BindNode BINDTYPE="op" DISPLAY="bind_op select" ID="" IMPL="auto_sel" LATENCY="0" OPTYPE="select" PRAGMA="" RTLNAME="y_V_38_fu_1383_p3" SOURCE="cordic_fixed.cpp:57" VARIABLE="y_V_38" MODULE="atan" LOOP="" BUNDLEDNAME="" DSP="0" BRAM="0" URAM="0"/>
	<BindNode BINDTYPE="op" DISPLAY="bind_op add" ID="" IMPL="fabric" LATENCY="0" OPTYPE="add" PRAGMA="" RTLNAME="x_V_39_fu_1472_p2" SOURCE="C:/Xilinx/Vitis_HLS/2022.1/common/technology/autopilot\ap_fixed_base.h:859" VARIABLE="x_V_39" MODULE="atan" LOOP="" BUNDLEDNAME="" DSP="0" BRAM="0" URAM="0"/>
	<BindNode BINDTYPE="op" DISPLAY="bind_op sub" ID="" IMPL="fabric" LATENCY="0" OPTYPE="sub" PRAGMA="" RTLNAME="y_V_39_fu_1477_p2" SOURCE="C:/Xilinx/Vitis_HLS/2022.1/common/technology/autopilot\ap_fixed_base.h:859" VARIABLE="y_V_39" MODULE="atan" LOOP="" BUNDLEDNAME="" DSP="0" BRAM="0" URAM="0"/>
	<BindNode BINDTYPE="op" DISPLAY="bind_op sub" ID="" IMPL="fabric" LATENCY="0" OPTYPE="sub" PRAGMA="" RTLNAME="x_V_40_fu_1482_p2" SOURCE="C:/Xilinx/Vitis_HLS/2022.1/common/technology/autopilot\ap_fixed_base.h:859" VARIABLE="x_V_40" MODULE="atan" LOOP="" BUNDLEDNAME="" DSP="0" BRAM="0" URAM="0"/>
	<BindNode BINDTYPE="op" DISPLAY="bind_op add" ID="" IMPL="fabric" LATENCY="0" OPTYPE="add" PRAGMA="" RTLNAME="y_V_40_fu_1487_p2" SOURCE="C:/Xilinx/Vitis_HLS/2022.1/common/technology/autopilot\ap_fixed_base.h:859" VARIABLE="y_V_40" MODULE="atan" LOOP="" BUNDLEDNAME="" DSP="0" BRAM="0" URAM="0"/>
	<BindNode BINDTYPE="op" DISPLAY="bind_op select" ID="" IMPL="auto_sel" LATENCY="0" OPTYPE="select" PRAGMA="" RTLNAME="x_V_41_fu_1492_p3" SOURCE="cordic_fixed.cpp:57" VARIABLE="x_V_41" MODULE="atan" LOOP="" BUNDLEDNAME="" DSP="0" BRAM="0" URAM="0"/>
	<BindNode BINDTYPE="op" DISPLAY="bind_op select" ID="" IMPL="auto_sel" LATENCY="0" OPTYPE="select" PRAGMA="" RTLNAME="y_V_41_fu_1499_p3" SOURCE="cordic_fixed.cpp:57" VARIABLE="y_V_41" MODULE="atan" LOOP="" BUNDLEDNAME="" DSP="0" BRAM="0" URAM="0"/>
	<BindNode BINDTYPE="op" DISPLAY="bind_op add" ID="" IMPL="fabric" LATENCY="0" OPTYPE="add" PRAGMA="" RTLNAME="x_V_42_fu_1542_p2" SOURCE="C:/Xilinx/Vitis_HLS/2022.1/common/technology/autopilot\ap_fixed_base.h:859" VARIABLE="x_V_42" MODULE="atan" LOOP="" BUNDLEDNAME="" DSP="0" BRAM="0" URAM="0"/>
	<BindNode BINDTYPE="op" DISPLAY="bind_op sub" ID="" IMPL="fabric" LATENCY="0" OPTYPE="sub" PRAGMA="" RTLNAME="y_V_42_fu_1548_p2" SOURCE="C:/Xilinx/Vitis_HLS/2022.1/common/technology/autopilot\ap_fixed_base.h:859" VARIABLE="y_V_42" MODULE="atan" LOOP="" BUNDLEDNAME="" DSP="0" BRAM="0" URAM="0"/>
	<BindNode BINDTYPE="op" DISPLAY="bind_op sub" ID="" IMPL="fabric" LATENCY="0" OPTYPE="sub" PRAGMA="" RTLNAME="x_V_43_fu_1554_p2" SOURCE="C:/Xilinx/Vitis_HLS/2022.1/common/technology/autopilot\ap_fixed_base.h:859" VARIABLE="x_V_43" MODULE="atan" LOOP="" BUNDLEDNAME="" DSP="0" BRAM="0" URAM="0"/>
	<BindNode BINDTYPE="op" DISPLAY="bind_op add" ID="" IMPL="fabric" LATENCY="0" OPTYPE="add" PRAGMA="" RTLNAME="y_V_43_fu_1560_p2" SOURCE="C:/Xilinx/Vitis_HLS/2022.1/common/technology/autopilot\ap_fixed_base.h:859" VARIABLE="y_V_43" MODULE="atan" LOOP="" BUNDLEDNAME="" DSP="0" BRAM="0" URAM="0"/>
	<BindNode BINDTYPE="op" DISPLAY="bind_op select" ID="" IMPL="auto_sel" LATENCY="0" OPTYPE="select" PRAGMA="" RTLNAME="x_V_44_fu_1566_p3" SOURCE="cordic_fixed.cpp:57" VARIABLE="x_V_44" MODULE="atan" LOOP="" BUNDLEDNAME="" DSP="0" BRAM="0" URAM="0"/>
	<BindNode BINDTYPE="op" DISPLAY="bind_op select" ID="" IMPL="auto_sel" LATENCY="0" OPTYPE="select" PRAGMA="" RTLNAME="y_V_44_fu_1574_p3" SOURCE="cordic_fixed.cpp:57" VARIABLE="y_V_44" MODULE="atan" LOOP="" BUNDLEDNAME="" DSP="0" BRAM="0" URAM="0"/>
	<BindNode BINDTYPE="op" DISPLAY="bind_op add" ID="" IMPL="fabric" LATENCY="0" OPTYPE="add" PRAGMA="" RTLNAME="x_V_45_fu_1709_p2" SOURCE="C:/Xilinx/Vitis_HLS/2022.1/common/technology/autopilot\ap_fixed_base.h:859" VARIABLE="x_V_45" MODULE="atan" LOOP="" BUNDLEDNAME="" DSP="0" BRAM="0" URAM="0"/>
	<BindNode BINDTYPE="op" DISPLAY="bind_op sub" ID="" IMPL="fabric" LATENCY="0" OPTYPE="sub" PRAGMA="" RTLNAME="y_V_45_fu_1714_p2" SOURCE="C:/Xilinx/Vitis_HLS/2022.1/common/technology/autopilot\ap_fixed_base.h:859" VARIABLE="y_V_45" MODULE="atan" LOOP="" BUNDLEDNAME="" DSP="0" BRAM="0" URAM="0"/>
	<BindNode BINDTYPE="op" DISPLAY="bind_op sub" ID="" IMPL="fabric" LATENCY="0" OPTYPE="sub" PRAGMA="" RTLNAME="x_V_46_fu_1719_p2" SOURCE="C:/Xilinx/Vitis_HLS/2022.1/common/technology/autopilot\ap_fixed_base.h:859" VARIABLE="x_V_46" MODULE="atan" LOOP="" BUNDLEDNAME="" DSP="0" BRAM="0" URAM="0"/>
	<BindNode BINDTYPE="op" DISPLAY="bind_op add" ID="" IMPL="fabric" LATENCY="0" OPTYPE="add" PRAGMA="" RTLNAME="y_V_46_fu_1724_p2" SOURCE="C:/Xilinx/Vitis_HLS/2022.1/common/technology/autopilot\ap_fixed_base.h:859" VARIABLE="y_V_46" MODULE="atan" LOOP="" BUNDLEDNAME="" DSP="0" BRAM="0" URAM="0"/>
	<BindNode BINDTYPE="op" DISPLAY="bind_op select" ID="" IMPL="auto_sel" LATENCY="0" OPTYPE="select" PRAGMA="" RTLNAME="x_V_47_fu_1729_p3" SOURCE="cordic_fixed.cpp:57" VARIABLE="x_V_47" MODULE="atan" LOOP="" BUNDLEDNAME="" DSP="0" BRAM="0" URAM="0"/>
	<BindNode BINDTYPE="op" DISPLAY="bind_op select" ID="" IMPL="auto_sel" LATENCY="0" OPTYPE="select" PRAGMA="" RTLNAME="y_V_47_fu_1736_p3" SOURCE="cordic_fixed.cpp:57" VARIABLE="y_V_47" MODULE="atan" LOOP="" BUNDLEDNAME="" DSP="0" BRAM="0" URAM="0"/>
	<BindNode BINDTYPE="op" DISPLAY="bind_op add" ID="" IMPL="fabric" LATENCY="0" OPTYPE="add" PRAGMA="" RTLNAME="x_V_48_fu_1779_p2" SOURCE="C:/Xilinx/Vitis_HLS/2022.1/common/technology/autopilot\ap_fixed_base.h:859" VARIABLE="x_V_48" MODULE="atan" LOOP="" BUNDLEDNAME="" DSP="0" BRAM="0" URAM="0"/>
	<BindNode BINDTYPE="op" DISPLAY="bind_op sub" ID="" IMPL="fabric" LATENCY="0" OPTYPE="sub" PRAGMA="" RTLNAME="y_V_48_fu_1785_p2" SOURCE="C:/Xilinx/Vitis_HLS/2022.1/common/technology/autopilot\ap_fixed_base.h:859" VARIABLE="y_V_48" MODULE="atan" LOOP="" BUNDLEDNAME="" DSP="0" BRAM="0" URAM="0"/>
	<BindNode BINDTYPE="op" DISPLAY="bind_op sub" ID="" IMPL="fabric" LATENCY="0" OPTYPE="sub" PRAGMA="" RTLNAME="x_V_49_fu_1791_p2" SOURCE="C:/Xilinx/Vitis_HLS/2022.1/common/technology/autopilot\ap_fixed_base.h:859" VARIABLE="x_V_49" MODULE="atan" LOOP="" BUNDLEDNAME="" DSP="0" BRAM="0" URAM="0"/>
	<BindNode BINDTYPE="op" DISPLAY="bind_op add" ID="" IMPL="fabric" LATENCY="0" OPTYPE="add" PRAGMA="" RTLNAME="y_V_49_fu_1797_p2" SOURCE="C:/Xilinx/Vitis_HLS/2022.1/common/technology/autopilot\ap_fixed_base.h:859" VARIABLE="y_V_49" MODULE="atan" LOOP="" BUNDLEDNAME="" DSP="0" BRAM="0" URAM="0"/>
	<BindNode BINDTYPE="op" DISPLAY="bind_op select" ID="" IMPL="auto_sel" LATENCY="0" OPTYPE="select" PRAGMA="" RTLNAME="x_V_50_fu_1803_p3" SOURCE="cordic_fixed.cpp:57" VARIABLE="x_V_50" MODULE="atan" LOOP="" BUNDLEDNAME="" DSP="0" BRAM="0" URAM="0"/>
	<BindNode BINDTYPE="op" DISPLAY="bind_op select" ID="" IMPL="auto_sel" LATENCY="0" OPTYPE="select" PRAGMA="" RTLNAME="y_V_50_fu_1811_p3" SOURCE="cordic_fixed.cpp:57" VARIABLE="y_V_50" MODULE="atan" LOOP="" BUNDLEDNAME="" DSP="0" BRAM="0" URAM="0"/>
	<BindNode BINDTYPE="op" DISPLAY="bind_op add" ID="" IMPL="fabric" LATENCY="0" OPTYPE="add" PRAGMA="" RTLNAME="x_V_51_fu_1853_p2" SOURCE="C:/Xilinx/Vitis_HLS/2022.1/common/technology/autopilot\ap_fixed_base.h:859" VARIABLE="x_V_51" MODULE="atan" LOOP="" BUNDLEDNAME="" DSP="0" BRAM="0" URAM="0"/>
	<BindNode BINDTYPE="op" DISPLAY="bind_op sub" ID="" IMPL="fabric" LATENCY="0" OPTYPE="sub" PRAGMA="" RTLNAME="y_V_51_fu_1858_p2" SOURCE="C:/Xilinx/Vitis_HLS/2022.1/common/technology/autopilot\ap_fixed_base.h:859" VARIABLE="y_V_51" MODULE="atan" LOOP="" BUNDLEDNAME="" DSP="0" BRAM="0" URAM="0"/>
	<BindNode BINDTYPE="op" DISPLAY="bind_op sub" ID="" IMPL="fabric" LATENCY="0" OPTYPE="sub" PRAGMA="" RTLNAME="x_V_52_fu_1863_p2" SOURCE="C:/Xilinx/Vitis_HLS/2022.1/common/technology/autopilot\ap_fixed_base.h:859" VARIABLE="x_V_52" MODULE="atan" LOOP="" BUNDLEDNAME="" DSP="0" BRAM="0" URAM="0"/>
	<BindNode BINDTYPE="op" DISPLAY="bind_op add" ID="" IMPL="fabric" LATENCY="0" OPTYPE="add" PRAGMA="" RTLNAME="y_V_52_fu_1868_p2" SOURCE="C:/Xilinx/Vitis_HLS/2022.1/common/technology/autopilot\ap_fixed_base.h:859" VARIABLE="y_V_52" MODULE="atan" LOOP="" BUNDLEDNAME="" DSP="0" BRAM="0" URAM="0"/>
	<BindNode BINDTYPE="op" DISPLAY="bind_op select" ID="" IMPL="auto_sel" LATENCY="0" OPTYPE="select" PRAGMA="" RTLNAME="x_V_53_fu_1873_p3" SOURCE="cordic_fixed.cpp:57" VARIABLE="x_V_53" MODULE="atan" LOOP="" BUNDLEDNAME="" DSP="0" BRAM="0" URAM="0"/>
	<BindNode BINDTYPE="op" DISPLAY="bind_op select" ID="" IMPL="auto_sel" LATENCY="0" OPTYPE="select" PRAGMA="" RTLNAME="y_V_53_fu_1880_p3" SOURCE="cordic_fixed.cpp:57" VARIABLE="y_V_53" MODULE="atan" LOOP="" BUNDLEDNAME="" DSP="0" BRAM="0" URAM="0"/>
	<BindNode BINDTYPE="op" DISPLAY="bind_op add" ID="" IMPL="fabric" LATENCY="0" OPTYPE="add" PRAGMA="" RTLNAME="x_V_54_fu_1923_p2" SOURCE="C:/Xilinx/Vitis_HLS/2022.1/common/technology/autopilot\ap_fixed_base.h:859" VARIABLE="x_V_54" MODULE="atan" LOOP="" BUNDLEDNAME="" DSP="0" BRAM="0" URAM="0"/>
	<BindNode BINDTYPE="op" DISPLAY="bind_op sub" ID="" IMPL="fabric" LATENCY="0" OPTYPE="sub" PRAGMA="" RTLNAME="y_V_54_fu_1929_p2" SOURCE="C:/Xilinx/Vitis_HLS/2022.1/common/technology/autopilot\ap_fixed_base.h:859" VARIABLE="y_V_54" MODULE="atan" LOOP="" BUNDLEDNAME="" DSP="0" BRAM="0" URAM="0"/>
	<BindNode BINDTYPE="op" DISPLAY="bind_op sub" ID="" IMPL="fabric" LATENCY="0" OPTYPE="sub" PRAGMA="" RTLNAME="x_V_55_fu_1935_p2" SOURCE="C:/Xilinx/Vitis_HLS/2022.1/common/technology/autopilot\ap_fixed_base.h:859" VARIABLE="x_V_55" MODULE="atan" LOOP="" BUNDLEDNAME="" DSP="0" BRAM="0" URAM="0"/>
	<BindNode BINDTYPE="op" DISPLAY="bind_op add" ID="" IMPL="fabric" LATENCY="0" OPTYPE="add" PRAGMA="" RTLNAME="y_V_55_fu_1941_p2" SOURCE="C:/Xilinx/Vitis_HLS/2022.1/common/technology/autopilot\ap_fixed_base.h:859" VARIABLE="y_V_55" MODULE="atan" LOOP="" BUNDLEDNAME="" DSP="0" BRAM="0" URAM="0"/>
	<BindNode BINDTYPE="op" DISPLAY="bind_op select" ID="" IMPL="auto_sel" LATENCY="0" OPTYPE="select" PRAGMA="" RTLNAME="x_V_56_fu_1947_p3" SOURCE="cordic_fixed.cpp:57" VARIABLE="x_V_56" MODULE="atan" LOOP="" BUNDLEDNAME="" DSP="0" BRAM="0" URAM="0"/>
	<BindNode BINDTYPE="op" DISPLAY="bind_op select" ID="" IMPL="auto_sel" LATENCY="0" OPTYPE="select" PRAGMA="" RTLNAME="y_V_56_fu_1955_p3" SOURCE="cordic_fixed.cpp:57" VARIABLE="y_V_56" MODULE="atan" LOOP="" BUNDLEDNAME="" DSP="0" BRAM="0" URAM="0"/>
	<BindNode BINDTYPE="op" DISPLAY="bind_op add" ID="" IMPL="fabric" LATENCY="0" OPTYPE="add" PRAGMA="" RTLNAME="x_V_57_fu_1997_p2" SOURCE="C:/Xilinx/Vitis_HLS/2022.1/common/technology/autopilot\ap_fixed_base.h:859" VARIABLE="x_V_57" MODULE="atan" LOOP="" BUNDLEDNAME="" DSP="0" BRAM="0" URAM="0"/>
	<BindNode BINDTYPE="op" DISPLAY="bind_op sub" ID="" IMPL="fabric" LATENCY="0" OPTYPE="sub" PRAGMA="" RTLNAME="y_V_57_fu_2002_p2" SOURCE="C:/Xilinx/Vitis_HLS/2022.1/common/technology/autopilot\ap_fixed_base.h:859" VARIABLE="y_V_57" MODULE="atan" LOOP="" BUNDLEDNAME="" DSP="0" BRAM="0" URAM="0"/>
	<BindNode BINDTYPE="op" DISPLAY="bind_op sub" ID="" IMPL="fabric" LATENCY="0" OPTYPE="sub" PRAGMA="" RTLNAME="x_V_58_fu_2007_p2" SOURCE="C:/Xilinx/Vitis_HLS/2022.1/common/technology/autopilot\ap_fixed_base.h:859" VARIABLE="x_V_58" MODULE="atan" LOOP="" BUNDLEDNAME="" DSP="0" BRAM="0" URAM="0"/>
	<BindNode BINDTYPE="op" DISPLAY="bind_op add" ID="" IMPL="fabric" LATENCY="0" OPTYPE="add" PRAGMA="" RTLNAME="y_V_58_fu_2012_p2" SOURCE="C:/Xilinx/Vitis_HLS/2022.1/common/technology/autopilot\ap_fixed_base.h:859" VARIABLE="y_V_58" MODULE="atan" LOOP="" BUNDLEDNAME="" DSP="0" BRAM="0" URAM="0"/>
	<BindNode BINDTYPE="op" DISPLAY="bind_op select" ID="" IMPL="auto_sel" LATENCY="0" OPTYPE="select" PRAGMA="" RTLNAME="x_V_59_fu_2017_p3" SOURCE="cordic_fixed.cpp:57" VARIABLE="x_V_59" MODULE="atan" LOOP="" BUNDLEDNAME="" DSP="0" BRAM="0" URAM="0"/>
	<BindNode BINDTYPE="op" DISPLAY="bind_op select" ID="" IMPL="auto_sel" LATENCY="0" OPTYPE="select" PRAGMA="" RTLNAME="y_V_59_fu_2024_p3" SOURCE="cordic_fixed.cpp:57" VARIABLE="y_V_59" MODULE="atan" LOOP="" BUNDLEDNAME="" DSP="0" BRAM="0" URAM="0"/>
	<BindNode BINDTYPE="op" DISPLAY="bind_op select" ID="" IMPL="auto_sel" LATENCY="0" OPTYPE="select" PRAGMA="" RTLNAME="select_ln1534_6_fu_2039_p3" SOURCE="C:/Xilinx/Vitis_HLS/2022.1/common/technology/autopilot\ap_fixed_base.h:1534" VARIABLE="select_ln1534_6" MODULE="atan" LOOP="" BUNDLEDNAME="" DSP="0" BRAM="0" URAM="0"/>
	<BindNode BINDTYPE="op" DISPLAY="bind_op select" ID="" IMPL="auto_sel" LATENCY="0" OPTYPE="select" PRAGMA="" RTLNAME="select_ln1534_7_fu_2055_p3" SOURCE="C:/Xilinx/Vitis_HLS/2022.1/common/technology/autopilot\ap_fixed_base.h:1534" VARIABLE="select_ln1534_7" MODULE="atan" LOOP="" BUNDLEDNAME="" DSP="0" BRAM="0" URAM="0"/>
	<BindNode BINDTYPE="op" DISPLAY="bind_op add" ID="" IMPL="fabric" LATENCY="0" OPTYPE="add" PRAGMA="" RTLNAME="x_V_60_fu_2071_p2" SOURCE="C:/Xilinx/Vitis_HLS/2022.1/common/technology/autopilot\ap_fixed_base.h:859" VARIABLE="x_V_60" MODULE="atan" LOOP="" BUNDLEDNAME="" DSP="0" BRAM="0" URAM="0"/>
	<BindNode BINDTYPE="op" DISPLAY="bind_op sub" ID="" IMPL="fabric" LATENCY="0" OPTYPE="sub" PRAGMA="" RTLNAME="y_V_60_fu_2077_p2" SOURCE="C:/Xilinx/Vitis_HLS/2022.1/common/technology/autopilot\ap_fixed_base.h:859" VARIABLE="y_V_60" MODULE="atan" LOOP="" BUNDLEDNAME="" DSP="0" BRAM="0" URAM="0"/>
	<BindNode BINDTYPE="op" DISPLAY="bind_op sub" ID="" IMPL="fabric" LATENCY="0" OPTYPE="sub" PRAGMA="" RTLNAME="x_V_61_fu_2083_p2" SOURCE="C:/Xilinx/Vitis_HLS/2022.1/common/technology/autopilot\ap_fixed_base.h:859" VARIABLE="x_V_61" MODULE="atan" LOOP="" BUNDLEDNAME="" DSP="0" BRAM="0" URAM="0"/>
	<BindNode BINDTYPE="op" DISPLAY="bind_op add" ID="" IMPL="fabric" LATENCY="0" OPTYPE="add" PRAGMA="" RTLNAME="y_V_61_fu_2089_p2" SOURCE="C:/Xilinx/Vitis_HLS/2022.1/common/technology/autopilot\ap_fixed_base.h:859" VARIABLE="y_V_61" MODULE="atan" LOOP="" BUNDLEDNAME="" DSP="0" BRAM="0" URAM="0"/>
	<BindNode BINDTYPE="op" DISPLAY="bind_op select" ID="" IMPL="auto_sel" LATENCY="0" OPTYPE="select" PRAGMA="" RTLNAME="x_V_62_fu_2095_p3" SOURCE="cordic_fixed.cpp:57" VARIABLE="x_V_62" MODULE="atan" LOOP="" BUNDLEDNAME="" DSP="0" BRAM="0" URAM="0"/>
	<BindNode BINDTYPE="op" DISPLAY="bind_op select" ID="" IMPL="auto_sel" LATENCY="0" OPTYPE="select" PRAGMA="" RTLNAME="y_V_62_fu_2103_p3" SOURCE="cordic_fixed.cpp:57" VARIABLE="y_V_62" MODULE="atan" LOOP="" BUNDLEDNAME="" DSP="0" BRAM="0" URAM="0"/>
	<BindNode BINDTYPE="op" DISPLAY="bind_op select" ID="" IMPL="auto_sel" LATENCY="0" OPTYPE="select" PRAGMA="" RTLNAME="select_ln1534_8_fu_2135_p3" SOURCE="C:/Xilinx/Vitis_HLS/2022.1/common/technology/autopilot\ap_fixed_base.h:1534" VARIABLE="select_ln1534_8" MODULE="atan" LOOP="" BUNDLEDNAME="" DSP="0" BRAM="0" URAM="0"/>
	<BindNode BINDTYPE="op" DISPLAY="bind_op select" ID="" IMPL="auto_sel" LATENCY="0" OPTYPE="select" PRAGMA="" RTLNAME="select_ln1534_9_fu_2142_p3" SOURCE="C:/Xilinx/Vitis_HLS/2022.1/common/technology/autopilot\ap_fixed_base.h:1534" VARIABLE="select_ln1534_9" MODULE="atan" LOOP="" BUNDLEDNAME="" DSP="0" BRAM="0" URAM="0"/>
	<BindNode BINDTYPE="op" DISPLAY="bind_op add" ID="" IMPL="fabric" LATENCY="0" OPTYPE="add" PRAGMA="" RTLNAME="x_V_63_fu_2149_p2" SOURCE="C:/Xilinx/Vitis_HLS/2022.1/common/technology/autopilot\ap_fixed_base.h:859" VARIABLE="x_V_63" MODULE="atan" LOOP="" BUNDLEDNAME="" DSP="0" BRAM="0" URAM="0"/>
	<BindNode BINDTYPE="op" DISPLAY="bind_op sub" ID="" IMPL="fabric" LATENCY="0" OPTYPE="sub" PRAGMA="" RTLNAME="y_V_63_fu_2154_p2" SOURCE="C:/Xilinx/Vitis_HLS/2022.1/common/technology/autopilot\ap_fixed_base.h:859" VARIABLE="y_V_63" MODULE="atan" LOOP="" BUNDLEDNAME="" DSP="0" BRAM="0" URAM="0"/>
	<BindNode BINDTYPE="op" DISPLAY="bind_op sub" ID="" IMPL="fabric" LATENCY="0" OPTYPE="sub" PRAGMA="" RTLNAME="x_V_64_fu_2159_p2" SOURCE="C:/Xilinx/Vitis_HLS/2022.1/common/technology/autopilot\ap_fixed_base.h:859" VARIABLE="x_V_64" MODULE="atan" LOOP="" BUNDLEDNAME="" DSP="0" BRAM="0" URAM="0"/>
	<BindNode BINDTYPE="op" DISPLAY="bind_op add" ID="" IMPL="fabric" LATENCY="0" OPTYPE="add" PRAGMA="" RTLNAME="y_V_64_fu_2164_p2" SOURCE="C:/Xilinx/Vitis_HLS/2022.1/common/technology/autopilot\ap_fixed_base.h:859" VARIABLE="y_V_64" MODULE="atan" LOOP="" BUNDLEDNAME="" DSP="0" BRAM="0" URAM="0"/>
	<BindNode BINDTYPE="op" DISPLAY="bind_op select" ID="" IMPL="auto_sel" LATENCY="0" OPTYPE="select" PRAGMA="" RTLNAME="x_V_65_fu_2169_p3" SOURCE="cordic_fixed.cpp:57" VARIABLE="x_V_65" MODULE="atan" LOOP="" BUNDLEDNAME="" DSP="0" BRAM="0" URAM="0"/>
	<BindNode BINDTYPE="op" DISPLAY="bind_op select" ID="" IMPL="auto_sel" LATENCY="0" OPTYPE="select" PRAGMA="" RTLNAME="y_V_65_fu_2176_p3" SOURCE="cordic_fixed.cpp:57" VARIABLE="y_V_65" MODULE="atan" LOOP="" BUNDLEDNAME="" DSP="0" BRAM="0" URAM="0"/>
	<BindNode BINDTYPE="op" DISPLAY="bind_op select" ID="" IMPL="auto_sel" LATENCY="0" OPTYPE="select" PRAGMA="" RTLNAME="select_ln1534_10_fu_2191_p3" SOURCE="C:/Xilinx/Vitis_HLS/2022.1/common/technology/autopilot\ap_fixed_base.h:1534" VARIABLE="select_ln1534_10" MODULE="atan" LOOP="" BUNDLEDNAME="" DSP="0" BRAM="0" URAM="0"/>
	<BindNode BINDTYPE="op" DISPLAY="bind_op select" ID="" IMPL="auto_sel" LATENCY="0" OPTYPE="select" PRAGMA="" RTLNAME="select_ln1534_11_fu_2207_p3" SOURCE="C:/Xilinx/Vitis_HLS/2022.1/common/technology/autopilot\ap_fixed_base.h:1534" VARIABLE="select_ln1534_11" MODULE="atan" LOOP="" BUNDLEDNAME="" DSP="0" BRAM="0" URAM="0"/>
	<BindNode BINDTYPE="op" DISPLAY="bind_op add" ID="" IMPL="fabric" LATENCY="0" OPTYPE="add" PRAGMA="" RTLNAME="x_V_66_fu_2223_p2" SOURCE="C:/Xilinx/Vitis_HLS/2022.1/common/technology/autopilot\ap_fixed_base.h:859" VARIABLE="x_V_66" MODULE="atan" LOOP="" BUNDLEDNAME="" DSP="0" BRAM="0" URAM="0"/>
	<BindNode BINDTYPE="op" DISPLAY="bind_op sub" ID="" IMPL="fabric" LATENCY="0" OPTYPE="sub" PRAGMA="" RTLNAME="y_V_66_fu_2229_p2" SOURCE="C:/Xilinx/Vitis_HLS/2022.1/common/technology/autopilot\ap_fixed_base.h:859" VARIABLE="y_V_66" MODULE="atan" LOOP="" BUNDLEDNAME="" DSP="0" BRAM="0" URAM="0"/>
	<BindNode BINDTYPE="op" DISPLAY="bind_op sub" ID="" IMPL="fabric" LATENCY="0" OPTYPE="sub" PRAGMA="" RTLNAME="x_V_67_fu_2235_p2" SOURCE="C:/Xilinx/Vitis_HLS/2022.1/common/technology/autopilot\ap_fixed_base.h:859" VARIABLE="x_V_67" MODULE="atan" LOOP="" BUNDLEDNAME="" DSP="0" BRAM="0" URAM="0"/>
	<BindNode BINDTYPE="op" DISPLAY="bind_op add" ID="" IMPL="fabric" LATENCY="0" OPTYPE="add" PRAGMA="" RTLNAME="y_V_67_fu_2241_p2" SOURCE="C:/Xilinx/Vitis_HLS/2022.1/common/technology/autopilot\ap_fixed_base.h:859" VARIABLE="y_V_67" MODULE="atan" LOOP="" BUNDLEDNAME="" DSP="0" BRAM="0" URAM="0"/>
	<BindNode BINDTYPE="op" DISPLAY="bind_op select" ID="" IMPL="auto_sel" LATENCY="0" OPTYPE="select" PRAGMA="" RTLNAME="x_V_68_fu_2247_p3" SOURCE="cordic_fixed.cpp:57" VARIABLE="x_V_68" MODULE="atan" LOOP="" BUNDLEDNAME="" DSP="0" BRAM="0" URAM="0"/>
	<BindNode BINDTYPE="op" DISPLAY="bind_op select" ID="" IMPL="auto_sel" LATENCY="0" OPTYPE="select" PRAGMA="" RTLNAME="y_V_68_fu_2252_p3" SOURCE="cordic_fixed.cpp:57" VARIABLE="y_V_68" MODULE="atan" LOOP="" BUNDLEDNAME="" DSP="0" BRAM="0" URAM="0"/>
	<BindNode BINDTYPE="op" DISPLAY="bind_op select" ID="" IMPL="auto_sel" LATENCY="0" OPTYPE="select" PRAGMA="" RTLNAME="select_ln1534_12_fu_2265_p3" SOURCE="C:/Xilinx/Vitis_HLS/2022.1/common/technology/autopilot\ap_fixed_base.h:1534" VARIABLE="select_ln1534_12" MODULE="atan" LOOP="" BUNDLEDNAME="" DSP="0" BRAM="0" URAM="0"/>
	<BindNode BINDTYPE="op" DISPLAY="bind_op select" ID="" IMPL="auto_sel" LATENCY="0" OPTYPE="select" PRAGMA="" RTLNAME="select_ln1534_13_fu_2281_p3" SOURCE="C:/Xilinx/Vitis_HLS/2022.1/common/technology/autopilot\ap_fixed_base.h:1534" VARIABLE="select_ln1534_13" MODULE="atan" LOOP="" BUNDLEDNAME="" DSP="0" BRAM="0" URAM="0"/>
	<BindNode BINDTYPE="op" DISPLAY="bind_op add" ID="" IMPL="fabric" LATENCY="0" OPTYPE="add" PRAGMA="" RTLNAME="x_V_69_fu_2297_p2" SOURCE="C:/Xilinx/Vitis_HLS/2022.1/common/technology/autopilot\ap_fixed_base.h:859" VARIABLE="x_V_69" MODULE="atan" LOOP="" BUNDLEDNAME="" DSP="0" BRAM="0" URAM="0"/>
	<BindNode BINDTYPE="op" DISPLAY="bind_op sub" ID="" IMPL="fabric" LATENCY="0" OPTYPE="sub" PRAGMA="" RTLNAME="y_V_69_fu_2303_p2" SOURCE="C:/Xilinx/Vitis_HLS/2022.1/common/technology/autopilot\ap_fixed_base.h:859" VARIABLE="y_V_69" MODULE="atan" LOOP="" BUNDLEDNAME="" DSP="0" BRAM="0" URAM="0"/>
	<BindNode BINDTYPE="op" DISPLAY="bind_op sub" ID="" IMPL="fabric" LATENCY="0" OPTYPE="sub" PRAGMA="" RTLNAME="x_V_70_fu_2309_p2" SOURCE="C:/Xilinx/Vitis_HLS/2022.1/common/technology/autopilot\ap_fixed_base.h:859" VARIABLE="x_V_70" MODULE="atan" LOOP="" BUNDLEDNAME="" DSP="0" BRAM="0" URAM="0"/>
	<BindNode BINDTYPE="op" DISPLAY="bind_op add" ID="" IMPL="fabric" LATENCY="0" OPTYPE="add" PRAGMA="" RTLNAME="y_V_70_fu_2315_p2" SOURCE="C:/Xilinx/Vitis_HLS/2022.1/common/technology/autopilot\ap_fixed_base.h:859" VARIABLE="y_V_70" MODULE="atan" LOOP="" BUNDLEDNAME="" DSP="0" BRAM="0" URAM="0"/>
	<BindNode BINDTYPE="op" DISPLAY="bind_op select" ID="" IMPL="auto_sel" LATENCY="0" OPTYPE="select" PRAGMA="" RTLNAME="x_V_71_fu_2321_p3" SOURCE="cordic_fixed.cpp:57" VARIABLE="x_V_71" MODULE="atan" LOOP="" BUNDLEDNAME="" DSP="0" BRAM="0" URAM="0"/>
	<BindNode BINDTYPE="op" DISPLAY="bind_op select" ID="" IMPL="auto_sel" LATENCY="0" OPTYPE="select" PRAGMA="" RTLNAME="y_V_71_fu_2329_p3" SOURCE="cordic_fixed.cpp:57" VARIABLE="y_V_71" MODULE="atan" LOOP="" BUNDLEDNAME="" DSP="0" BRAM="0" URAM="0"/>
	<BindNode BINDTYPE="op" DISPLAY="bind_op select" ID="" IMPL="auto_sel" LATENCY="0" OPTYPE="select" PRAGMA="" RTLNAME="select_ln1534_14_fu_2345_p3" SOURCE="C:/Xilinx/Vitis_HLS/2022.1/common/technology/autopilot\ap_fixed_base.h:1534" VARIABLE="select_ln1534_14" MODULE="atan" LOOP="" BUNDLEDNAME="" DSP="0" BRAM="0" URAM="0"/>
	<BindNode BINDTYPE="op" DISPLAY="bind_op select" ID="" IMPL="auto_sel" LATENCY="0" OPTYPE="select" PRAGMA="" RTLNAME="select_ln1534_15_fu_2361_p3" SOURCE="C:/Xilinx/Vitis_HLS/2022.1/common/technology/autopilot\ap_fixed_base.h:1534" VARIABLE="select_ln1534_15" MODULE="atan" LOOP="" BUNDLEDNAME="" DSP="0" BRAM="0" URAM="0"/>
	<BindNode BINDTYPE="op" DISPLAY="bind_op add" ID="" IMPL="fabric" LATENCY="0" OPTYPE="add" PRAGMA="" RTLNAME="x_V_72_fu_2377_p2" SOURCE="C:/Xilinx/Vitis_HLS/2022.1/common/technology/autopilot\ap_fixed_base.h:859" VARIABLE="x_V_72" MODULE="atan" LOOP="" BUNDLEDNAME="" DSP="0" BRAM="0" URAM="0"/>
	<BindNode BINDTYPE="op" DISPLAY="bind_op sub" ID="" IMPL="fabric" LATENCY="0" OPTYPE="sub" PRAGMA="" RTLNAME="y_V_72_fu_2381_p2" SOURCE="C:/Xilinx/Vitis_HLS/2022.1/common/technology/autopilot\ap_fixed_base.h:859" VARIABLE="y_V_72" MODULE="atan" LOOP="" BUNDLEDNAME="" DSP="0" BRAM="0" URAM="0"/>
	<BindNode BINDTYPE="op" DISPLAY="bind_op sub" ID="" IMPL="fabric" LATENCY="0" OPTYPE="sub" PRAGMA="" RTLNAME="x_V_73_fu_2385_p2" SOURCE="C:/Xilinx/Vitis_HLS/2022.1/common/technology/autopilot\ap_fixed_base.h:859" VARIABLE="x_V_73" MODULE="atan" LOOP="" BUNDLEDNAME="" DSP="0" BRAM="0" URAM="0"/>
	<BindNode BINDTYPE="op" DISPLAY="bind_op add" ID="" IMPL="fabric" LATENCY="0" OPTYPE="add" PRAGMA="" RTLNAME="y_V_73_fu_2389_p2" SOURCE="C:/Xilinx/Vitis_HLS/2022.1/common/technology/autopilot\ap_fixed_base.h:859" VARIABLE="y_V_73" MODULE="atan" LOOP="" BUNDLEDNAME="" DSP="0" BRAM="0" URAM="0"/>
	<BindNode BINDTYPE="op" DISPLAY="bind_op select" ID="" IMPL="auto_sel" LATENCY="0" OPTYPE="select" PRAGMA="" RTLNAME="x_V_74_fu_2393_p3" SOURCE="cordic_fixed.cpp:57" VARIABLE="x_V_74" MODULE="atan" LOOP="" BUNDLEDNAME="" DSP="0" BRAM="0" URAM="0"/>
	<BindNode BINDTYPE="op" DISPLAY="bind_op select" ID="" IMPL="auto_sel" LATENCY="0" OPTYPE="select" PRAGMA="" RTLNAME="y_V_74_fu_2400_p3" SOURCE="cordic_fixed.cpp:57" VARIABLE="y_V_74" MODULE="atan" LOOP="" BUNDLEDNAME="" DSP="0" BRAM="0" URAM="0"/>
	<BindNode BINDTYPE="op" DISPLAY="bind_op select" ID="" IMPL="auto_sel" LATENCY="0" OPTYPE="select" PRAGMA="" RTLNAME="select_ln1534_16_fu_2415_p3" SOURCE="C:/Xilinx/Vitis_HLS/2022.1/common/technology/autopilot\ap_fixed_base.h:1534" VARIABLE="select_ln1534_16" MODULE="atan" LOOP="" BUNDLEDNAME="" DSP="0" BRAM="0" URAM="0"/>
	<BindNode BINDTYPE="op" DISPLAY="bind_op select" ID="" IMPL="auto_sel" LATENCY="0" OPTYPE="select" PRAGMA="" RTLNAME="select_ln1534_17_fu_2431_p3" SOURCE="C:/Xilinx/Vitis_HLS/2022.1/common/technology/autopilot\ap_fixed_base.h:1534" VARIABLE="select_ln1534_17" MODULE="atan" LOOP="" BUNDLEDNAME="" DSP="0" BRAM="0" URAM="0"/>
	<BindNode BINDTYPE="op" DISPLAY="bind_op add" ID="" IMPL="fabric" LATENCY="0" OPTYPE="add" PRAGMA="" RTLNAME="x_V_75_fu_2447_p2" SOURCE="C:/Xilinx/Vitis_HLS/2022.1/common/technology/autopilot\ap_fixed_base.h:859" VARIABLE="x_V_75" MODULE="atan" LOOP="" BUNDLEDNAME="" DSP="0" BRAM="0" URAM="0"/>
	<BindNode BINDTYPE="op" DISPLAY="bind_op sub" ID="" IMPL="fabric" LATENCY="0" OPTYPE="sub" PRAGMA="" RTLNAME="y_V_75_fu_2453_p2" SOURCE="C:/Xilinx/Vitis_HLS/2022.1/common/technology/autopilot\ap_fixed_base.h:859" VARIABLE="y_V_75" MODULE="atan" LOOP="" BUNDLEDNAME="" DSP="0" BRAM="0" URAM="0"/>
	<BindNode BINDTYPE="op" DISPLAY="bind_op sub" ID="" IMPL="fabric" LATENCY="0" OPTYPE="sub" PRAGMA="" RTLNAME="x_V_76_fu_2459_p2" SOURCE="C:/Xilinx/Vitis_HLS/2022.1/common/technology/autopilot\ap_fixed_base.h:859" VARIABLE="x_V_76" MODULE="atan" LOOP="" BUNDLEDNAME="" DSP="0" BRAM="0" URAM="0"/>
	<BindNode BINDTYPE="op" DISPLAY="bind_op add" ID="" IMPL="fabric" LATENCY="0" OPTYPE="add" PRAGMA="" RTLNAME="y_V_76_fu_2465_p2" SOURCE="C:/Xilinx/Vitis_HLS/2022.1/common/technology/autopilot\ap_fixed_base.h:859" VARIABLE="y_V_76" MODULE="atan" LOOP="" BUNDLEDNAME="" DSP="0" BRAM="0" URAM="0"/>
	<BindNode BINDTYPE="op" DISPLAY="bind_op select" ID="" IMPL="auto_sel" LATENCY="0" OPTYPE="select" PRAGMA="" RTLNAME="x_V_77_fu_2471_p3" SOURCE="cordic_fixed.cpp:57" VARIABLE="x_V_77" MODULE="atan" LOOP="" BUNDLEDNAME="" DSP="0" BRAM="0" URAM="0"/>
	<BindNode BINDTYPE="op" DISPLAY="bind_op select" ID="" IMPL="auto_sel" LATENCY="0" OPTYPE="select" PRAGMA="" RTLNAME="y_V_77_fu_2479_p3" SOURCE="cordic_fixed.cpp:57" VARIABLE="y_V_77" MODULE="atan" LOOP="" BUNDLEDNAME="" DSP="0" BRAM="0" URAM="0"/>
	<BindNode BINDTYPE="op" DISPLAY="bind_op select" ID="" IMPL="auto_sel" LATENCY="0" OPTYPE="select" PRAGMA="" RTLNAME="select_ln1534_18_fu_2511_p3" SOURCE="C:/Xilinx/Vitis_HLS/2022.1/common/technology/autopilot\ap_fixed_base.h:1534" VARIABLE="select_ln1534_18" MODULE="atan" LOOP="" BUNDLEDNAME="" DSP="0" BRAM="0" URAM="0"/>
	<BindNode BINDTYPE="op" DISPLAY="bind_op select" ID="" IMPL="auto_sel" LATENCY="0" OPTYPE="select" PRAGMA="" RTLNAME="select_ln1534_19_fu_2518_p3" SOURCE="C:/Xilinx/Vitis_HLS/2022.1/common/technology/autopilot\ap_fixed_base.h:1534" VARIABLE="select_ln1534_19" MODULE="atan" LOOP="" BUNDLEDNAME="" DSP="0" BRAM="0" URAM="0"/>
	<BindNode BINDTYPE="op" DISPLAY="bind_op add" ID="" IMPL="fabric" LATENCY="0" OPTYPE="add" PRAGMA="" RTLNAME="x_V_78_fu_2525_p2" SOURCE="C:/Xilinx/Vitis_HLS/2022.1/common/technology/autopilot\ap_fixed_base.h:859" VARIABLE="x_V_78" MODULE="atan" LOOP="" BUNDLEDNAME="" DSP="0" BRAM="0" URAM="0"/>
	<BindNode BINDTYPE="op" DISPLAY="bind_op sub" ID="" IMPL="fabric" LATENCY="0" OPTYPE="sub" PRAGMA="" RTLNAME="y_V_78_fu_2530_p2" SOURCE="C:/Xilinx/Vitis_HLS/2022.1/common/technology/autopilot\ap_fixed_base.h:859" VARIABLE="y_V_78" MODULE="atan" LOOP="" BUNDLEDNAME="" DSP="0" BRAM="0" URAM="0"/>
	<BindNode BINDTYPE="op" DISPLAY="bind_op sub" ID="" IMPL="fabric" LATENCY="0" OPTYPE="sub" PRAGMA="" RTLNAME="x_V_79_fu_2535_p2" SOURCE="C:/Xilinx/Vitis_HLS/2022.1/common/technology/autopilot\ap_fixed_base.h:859" VARIABLE="x_V_79" MODULE="atan" LOOP="" BUNDLEDNAME="" DSP="0" BRAM="0" URAM="0"/>
	<BindNode BINDTYPE="op" DISPLAY="bind_op add" ID="" IMPL="fabric" LATENCY="0" OPTYPE="add" PRAGMA="" RTLNAME="y_V_79_fu_2540_p2" SOURCE="C:/Xilinx/Vitis_HLS/2022.1/common/technology/autopilot\ap_fixed_base.h:859" VARIABLE="y_V_79" MODULE="atan" LOOP="" BUNDLEDNAME="" DSP="0" BRAM="0" URAM="0"/>
	<BindNode BINDTYPE="op" DISPLAY="bind_op select" ID="" IMPL="auto_sel" LATENCY="0" OPTYPE="select" PRAGMA="" RTLNAME="x_V_80_fu_2545_p3" SOURCE="cordic_fixed.cpp:57" VARIABLE="x_V_80" MODULE="atan" LOOP="" BUNDLEDNAME="" DSP="0" BRAM="0" URAM="0"/>
	<BindNode BINDTYPE="op" DISPLAY="bind_op select" ID="" IMPL="auto_sel" LATENCY="0" OPTYPE="select" PRAGMA="" RTLNAME="y_V_80_fu_2552_p3" SOURCE="cordic_fixed.cpp:57" VARIABLE="y_V_80" MODULE="atan" LOOP="" BUNDLEDNAME="" DSP="0" BRAM="0" URAM="0"/>
	<BindNode BINDTYPE="op" DISPLAY="bind_op select" ID="" IMPL="auto_sel" LATENCY="0" OPTYPE="select" PRAGMA="" RTLNAME="select_ln1534_20_fu_2567_p3" SOURCE="C:/Xilinx/Vitis_HLS/2022.1/common/technology/autopilot\ap_fixed_base.h:1534" VARIABLE="select_ln1534_20" MODULE="atan" LOOP="" BUNDLEDNAME="" DSP="0" BRAM="0" URAM="0"/>
	<BindNode BINDTYPE="op" DISPLAY="bind_op select" ID="" IMPL="auto_sel" LATENCY="0" OPTYPE="select" PRAGMA="" RTLNAME="select_ln1534_21_fu_2583_p3" SOURCE="C:/Xilinx/Vitis_HLS/2022.1/common/technology/autopilot\ap_fixed_base.h:1534" VARIABLE="select_ln1534_21" MODULE="atan" LOOP="" BUNDLEDNAME="" DSP="0" BRAM="0" URAM="0"/>
	<BindNode BINDTYPE="op" DISPLAY="bind_op add" ID="" IMPL="fabric" LATENCY="0" OPTYPE="add" PRAGMA="" RTLNAME="x_V_81_fu_2611_p2" SOURCE="C:/Xilinx/Vitis_HLS/2022.1/common/technology/autopilot\ap_fixed_base.h:859" VARIABLE="x_V_81" MODULE="atan" LOOP="" BUNDLEDNAME="" DSP="0" BRAM="0" URAM="0"/>
	<BindNode BINDTYPE="op" DISPLAY="bind_op sub" ID="" IMPL="fabric" LATENCY="0" OPTYPE="sub" PRAGMA="" RTLNAME="y_V_81_fu_2599_p2" SOURCE="C:/Xilinx/Vitis_HLS/2022.1/common/technology/autopilot\ap_fixed_base.h:859" VARIABLE="y_V_81" MODULE="atan" LOOP="" BUNDLEDNAME="" DSP="0" BRAM="0" URAM="0"/>
	<BindNode BINDTYPE="op" DISPLAY="bind_op sub" ID="" IMPL="fabric" LATENCY="0" OPTYPE="sub" PRAGMA="" RTLNAME="x_V_82_fu_2615_p2" SOURCE="C:/Xilinx/Vitis_HLS/2022.1/common/technology/autopilot\ap_fixed_base.h:859" VARIABLE="x_V_82" MODULE="atan" LOOP="" BUNDLEDNAME="" DSP="0" BRAM="0" URAM="0"/>
	<BindNode BINDTYPE="op" DISPLAY="bind_op add" ID="" IMPL="fabric" LATENCY="0" OPTYPE="add" PRAGMA="" RTLNAME="y_V_82_fu_2605_p2" SOURCE="C:/Xilinx/Vitis_HLS/2022.1/common/technology/autopilot\ap_fixed_base.h:859" VARIABLE="y_V_82" MODULE="atan" LOOP="" BUNDLEDNAME="" DSP="0" BRAM="0" URAM="0"/>
	<BindNode BINDTYPE="op" DISPLAY="bind_op select" ID="" IMPL="auto_sel" LATENCY="0" OPTYPE="select" PRAGMA="" RTLNAME="x_V_83_fu_2619_p3" SOURCE="cordic_fixed.cpp:57" VARIABLE="x_V_83" MODULE="atan" LOOP="" BUNDLEDNAME="" DSP="0" BRAM="0" URAM="0"/>
	<BindNode BINDTYPE="op" DISPLAY="bind_op select" ID="" IMPL="auto_sel" LATENCY="0" OPTYPE="select" PRAGMA="" RTLNAME="y_V_83_fu_2626_p3" SOURCE="cordic_fixed.cpp:57" VARIABLE="y_V_83" MODULE="atan" LOOP="" BUNDLEDNAME="" DSP="0" BRAM="0" URAM="0"/>
	<BindNode BINDTYPE="op" DISPLAY="bind_op select" ID="" IMPL="auto_sel" LATENCY="0" OPTYPE="select" PRAGMA="" RTLNAME="select_ln1534_22_fu_2639_p3" SOURCE="C:/Xilinx/Vitis_HLS/2022.1/common/technology/autopilot\ap_fixed_base.h:1534" VARIABLE="select_ln1534_22" MODULE="atan" LOOP="" BUNDLEDNAME="" DSP="0" BRAM="0" URAM="0"/>
	<BindNode BINDTYPE="op" DISPLAY="bind_op select" ID="" IMPL="auto_sel" LATENCY="0" OPTYPE="select" PRAGMA="" RTLNAME="select_ln1534_23_fu_2655_p3" SOURCE="C:/Xilinx/Vitis_HLS/2022.1/common/technology/autopilot\ap_fixed_base.h:1534" VARIABLE="select_ln1534_23" MODULE="atan" LOOP="" BUNDLEDNAME="" DSP="0" BRAM="0" URAM="0"/>
	<BindNode BINDTYPE="op" DISPLAY="bind_op add" ID="" IMPL="fabric" LATENCY="0" OPTYPE="add" PRAGMA="" RTLNAME="x_V_84_fu_2671_p2" SOURCE="C:/Xilinx/Vitis_HLS/2022.1/common/technology/autopilot\ap_fixed_base.h:859" VARIABLE="x_V_84" MODULE="atan" LOOP="" BUNDLEDNAME="" DSP="0" BRAM="0" URAM="0"/>
	<BindNode BINDTYPE="op" DISPLAY="bind_op sub" ID="" IMPL="fabric" LATENCY="0" OPTYPE="sub" PRAGMA="" RTLNAME="y_V_84_fu_2677_p2" SOURCE="C:/Xilinx/Vitis_HLS/2022.1/common/technology/autopilot\ap_fixed_base.h:859" VARIABLE="y_V_84" MODULE="atan" LOOP="" BUNDLEDNAME="" DSP="0" BRAM="0" URAM="0"/>
	<BindNode BINDTYPE="op" DISPLAY="bind_op sub" ID="" IMPL="fabric" LATENCY="0" OPTYPE="sub" PRAGMA="" RTLNAME="x_V_85_fu_2683_p2" SOURCE="C:/Xilinx/Vitis_HLS/2022.1/common/technology/autopilot\ap_fixed_base.h:859" VARIABLE="x_V_85" MODULE="atan" LOOP="" BUNDLEDNAME="" DSP="0" BRAM="0" URAM="0"/>
	<BindNode BINDTYPE="op" DISPLAY="bind_op add" ID="" IMPL="fabric" LATENCY="0" OPTYPE="add" PRAGMA="" RTLNAME="y_V_85_fu_2689_p2" SOURCE="C:/Xilinx/Vitis_HLS/2022.1/common/technology/autopilot\ap_fixed_base.h:859" VARIABLE="y_V_85" MODULE="atan" LOOP="" BUNDLEDNAME="" DSP="0" BRAM="0" URAM="0"/>
	<BindNode BINDTYPE="op" DISPLAY="bind_op select" ID="" IMPL="auto_sel" LATENCY="0" OPTYPE="select" PRAGMA="" RTLNAME="x_V_86_fu_2695_p3" SOURCE="cordic_fixed.cpp:57" VARIABLE="x_V_86" MODULE="atan" LOOP="" BUNDLEDNAME="" DSP="0" BRAM="0" URAM="0"/>
	<BindNode BINDTYPE="op" DISPLAY="bind_op select" ID="" IMPL="auto_sel" LATENCY="0" OPTYPE="select" PRAGMA="" RTLNAME="y_V_86_fu_2703_p3" SOURCE="cordic_fixed.cpp:57" VARIABLE="y_V_86" MODULE="atan" LOOP="" BUNDLEDNAME="" DSP="0" BRAM="0" URAM="0"/>
	<BindNode BINDTYPE="op" DISPLAY="bind_op select" ID="" IMPL="auto_sel" LATENCY="0" OPTYPE="select" PRAGMA="" RTLNAME="select_ln1534_24_fu_2719_p3" SOURCE="C:/Xilinx/Vitis_HLS/2022.1/common/technology/autopilot\ap_fixed_base.h:1534" VARIABLE="select_ln1534_24" MODULE="atan" LOOP="" BUNDLEDNAME="" DSP="0" BRAM="0" URAM="0"/>
	<BindNode BINDTYPE="op" DISPLAY="bind_op select" ID="" IMPL="auto_sel" LATENCY="0" OPTYPE="select" PRAGMA="" RTLNAME="select_ln1534_25_fu_2743_p3" SOURCE="C:/Xilinx/Vitis_HLS/2022.1/common/technology/autopilot\ap_fixed_base.h:1534" VARIABLE="select_ln1534_25" MODULE="atan" LOOP="" BUNDLEDNAME="" DSP="0" BRAM="0" URAM="0"/>
	<BindNode BINDTYPE="op" DISPLAY="bind_op add" ID="" IMPL="fabric" LATENCY="0" OPTYPE="add" PRAGMA="" RTLNAME="x_V_87_fu_2750_p2" SOURCE="C:/Xilinx/Vitis_HLS/2022.1/common/technology/autopilot\ap_fixed_base.h:859" VARIABLE="x_V_87" MODULE="atan" LOOP="" BUNDLEDNAME="" DSP="0" BRAM="0" URAM="0"/>
	<BindNode BINDTYPE="op" DISPLAY="bind_op sub" ID="" IMPL="fabric" LATENCY="0" OPTYPE="sub" PRAGMA="" RTLNAME="y_V_87_fu_2755_p2" SOURCE="C:/Xilinx/Vitis_HLS/2022.1/common/technology/autopilot\ap_fixed_base.h:859" VARIABLE="y_V_87" MODULE="atan" LOOP="" BUNDLEDNAME="" DSP="0" BRAM="0" URAM="0"/>
	<BindNode BINDTYPE="op" DISPLAY="bind_op sub" ID="" IMPL="fabric" LATENCY="0" OPTYPE="sub" PRAGMA="" RTLNAME="x_V_88_fu_2759_p2" SOURCE="C:/Xilinx/Vitis_HLS/2022.1/common/technology/autopilot\ap_fixed_base.h:859" VARIABLE="x_V_88" MODULE="atan" LOOP="" BUNDLEDNAME="" DSP="0" BRAM="0" URAM="0"/>
	<BindNode BINDTYPE="op" DISPLAY="bind_op add" ID="" IMPL="fabric" LATENCY="0" OPTYPE="add" PRAGMA="" RTLNAME="y_V_88_fu_2764_p2" SOURCE="C:/Xilinx/Vitis_HLS/2022.1/common/technology/autopilot\ap_fixed_base.h:859" VARIABLE="y_V_88" MODULE="atan" LOOP="" BUNDLEDNAME="" DSP="0" BRAM="0" URAM="0"/>
	<BindNode BINDTYPE="op" DISPLAY="bind_op select" ID="" IMPL="auto_sel" LATENCY="0" OPTYPE="select" PRAGMA="" RTLNAME="x_V_89_fu_2768_p3" SOURCE="cordic_fixed.cpp:57" VARIABLE="x_V_89" MODULE="atan" LOOP="" BUNDLEDNAME="" DSP="0" BRAM="0" URAM="0"/>
	<BindNode BINDTYPE="op" DISPLAY="bind_op select" ID="" IMPL="auto_sel" LATENCY="0" OPTYPE="select" PRAGMA="" RTLNAME="y_V_89_fu_2775_p3" SOURCE="cordic_fixed.cpp:57" VARIABLE="y_V_89" MODULE="atan" LOOP="" BUNDLEDNAME="" DSP="0" BRAM="0" URAM="0"/>
	<BindNode BINDTYPE="op" DISPLAY="bind_op select" ID="" IMPL="auto_sel" LATENCY="0" OPTYPE="select" PRAGMA="" RTLNAME="select_ln1534_26_fu_2790_p3" SOURCE="C:/Xilinx/Vitis_HLS/2022.1/common/technology/autopilot\ap_fixed_base.h:1534" VARIABLE="select_ln1534_26" MODULE="atan" LOOP="" BUNDLEDNAME="" DSP="0" BRAM="0" URAM="0"/>
	<BindNode BINDTYPE="op" DISPLAY="bind_op select" ID="" IMPL="auto_sel" LATENCY="0" OPTYPE="select" PRAGMA="" RTLNAME="select_ln1534_27_fu_2806_p3" SOURCE="C:/Xilinx/Vitis_HLS/2022.1/common/technology/autopilot\ap_fixed_base.h:1534" VARIABLE="select_ln1534_27" MODULE="atan" LOOP="" BUNDLEDNAME="" DSP="0" BRAM="0" URAM="0"/>
	<BindNode BINDTYPE="op" DISPLAY="bind_op add" ID="" IMPL="fabric" LATENCY="0" OPTYPE="add" PRAGMA="" RTLNAME="x_V_90_fu_2822_p2" SOURCE="C:/Xilinx/Vitis_HLS/2022.1/common/technology/autopilot\ap_fixed_base.h:859" VARIABLE="x_V_90" MODULE="atan" LOOP="" BUNDLEDNAME="" DSP="0" BRAM="0" URAM="0"/>
	<BindNode BINDTYPE="op" DISPLAY="bind_op sub" ID="" IMPL="fabric" LATENCY="0" OPTYPE="sub" PRAGMA="" RTLNAME="y_V_90_fu_2828_p2" SOURCE="C:/Xilinx/Vitis_HLS/2022.1/common/technology/autopilot\ap_fixed_base.h:859" VARIABLE="y_V_90" MODULE="atan" LOOP="" BUNDLEDNAME="" DSP="0" BRAM="0" URAM="0"/>
	<BindNode BINDTYPE="op" DISPLAY="bind_op sub" ID="" IMPL="fabric" LATENCY="0" OPTYPE="sub" PRAGMA="" RTLNAME="x_V_91_fu_2834_p2" SOURCE="C:/Xilinx/Vitis_HLS/2022.1/common/technology/autopilot\ap_fixed_base.h:859" VARIABLE="x_V_91" MODULE="atan" LOOP="" BUNDLEDNAME="" DSP="0" BRAM="0" URAM="0"/>
	<BindNode BINDTYPE="op" DISPLAY="bind_op add" ID="" IMPL="fabric" LATENCY="0" OPTYPE="add" PRAGMA="" RTLNAME="y_V_91_fu_2840_p2" SOURCE="C:/Xilinx/Vitis_HLS/2022.1/common/technology/autopilot\ap_fixed_base.h:859" VARIABLE="y_V_91" MODULE="atan" LOOP="" BUNDLEDNAME="" DSP="0" BRAM="0" URAM="0"/>
	<BindNode BINDTYPE="op" DISPLAY="bind_op select" ID="" IMPL="auto_sel" LATENCY="0" OPTYPE="select" PRAGMA="" RTLNAME="x_V_92_fu_2846_p3" SOURCE="cordic_fixed.cpp:57" VARIABLE="x_V_92" MODULE="atan" LOOP="" BUNDLEDNAME="" DSP="0" BRAM="0" URAM="0"/>
	<BindNode BINDTYPE="op" DISPLAY="bind_op select" ID="" IMPL="auto_sel" LATENCY="0" OPTYPE="select" PRAGMA="" RTLNAME="y_V_92_fu_2862_p3" SOURCE="cordic_fixed.cpp:57" VARIABLE="y_V_92" MODULE="atan" LOOP="" BUNDLEDNAME="" DSP="0" BRAM="0" URAM="0"/>
	<BindNode BINDTYPE="op" DISPLAY="bind_op select" ID="" IMPL="auto_sel" LATENCY="0" OPTYPE="select" PRAGMA="" RTLNAME="select_ln1534_28_fu_2867_p3" SOURCE="C:/Xilinx/Vitis_HLS/2022.1/common/technology/autopilot\ap_fixed_base.h:1534" VARIABLE="select_ln1534_28" MODULE="atan" LOOP="" BUNDLEDNAME="" DSP="0" BRAM="0" URAM="0"/>
	<BindNode BINDTYPE="op" DISPLAY="bind_op select" ID="" IMPL="auto_sel" LATENCY="0" OPTYPE="select" PRAGMA="" RTLNAME="select_ln1534_29_fu_2882_p3" SOURCE="C:/Xilinx/Vitis_HLS/2022.1/common/technology/autopilot\ap_fixed_base.h:1534" VARIABLE="select_ln1534_29" MODULE="atan" LOOP="" BUNDLEDNAME="" DSP="0" BRAM="0" URAM="0"/>
	<BindNode BINDTYPE="op" DISPLAY="bind_op add" ID="" IMPL="fabric" LATENCY="0" OPTYPE="add" PRAGMA="" RTLNAME="x_V_93_fu_2898_p2" SOURCE="C:/Xilinx/Vitis_HLS/2022.1/common/technology/autopilot\ap_fixed_base.h:859" VARIABLE="x_V_93" MODULE="atan" LOOP="" BUNDLEDNAME="" DSP="0" BRAM="0" URAM="0"/>
	<BindNode BINDTYPE="op" DISPLAY="bind_op sub" ID="" IMPL="fabric" LATENCY="0" OPTYPE="sub" PRAGMA="" RTLNAME="y_V_93_fu_2903_p2" SOURCE="C:/Xilinx/Vitis_HLS/2022.1/common/technology/autopilot\ap_fixed_base.h:859" VARIABLE="y_V_93" MODULE="atan" LOOP="" BUNDLEDNAME="" DSP="0" BRAM="0" URAM="0"/>
	<BindNode BINDTYPE="op" DISPLAY="bind_op sub" ID="" IMPL="fabric" LATENCY="0" OPTYPE="sub" PRAGMA="" RTLNAME="x_V_94_fu_2909_p2" SOURCE="C:/Xilinx/Vitis_HLS/2022.1/common/technology/autopilot\ap_fixed_base.h:859" VARIABLE="x_V_94" MODULE="atan" LOOP="" BUNDLEDNAME="" DSP="0" BRAM="0" URAM="0"/>
	<BindNode BINDTYPE="op" DISPLAY="bind_op add" ID="" IMPL="fabric" LATENCY="0" OPTYPE="add" PRAGMA="" RTLNAME="y_V_94_fu_2914_p2" SOURCE="C:/Xilinx/Vitis_HLS/2022.1/common/technology/autopilot\ap_fixed_base.h:859" VARIABLE="y_V_94" MODULE="atan" LOOP="" BUNDLEDNAME="" DSP="0" BRAM="0" URAM="0"/>
	<BindNode BINDTYPE="op" DISPLAY="bind_op select" ID="" IMPL="auto_sel" LATENCY="0" OPTYPE="select" PRAGMA="" RTLNAME="x_V_95_fu_2920_p3" SOURCE="cordic_fixed.cpp:57" VARIABLE="x_V_95" MODULE="atan" LOOP="" BUNDLEDNAME="" DSP="0" BRAM="0" URAM="0"/>
	<BindNode BINDTYPE="op" DISPLAY="bind_op select" ID="" IMPL="auto_sel" LATENCY="0" OPTYPE="select" PRAGMA="" RTLNAME="y_V_95_fu_2928_p3" SOURCE="cordic_fixed.cpp:57" VARIABLE="y_V_95" MODULE="atan" LOOP="" BUNDLEDNAME="" DSP="0" BRAM="0" URAM="0"/>
	<BindNode BINDTYPE="op" DISPLAY="bind_op select" ID="" IMPL="auto_sel" LATENCY="0" OPTYPE="select" PRAGMA="" RTLNAME="select_ln1534_30_fu_2944_p3" SOURCE="C:/Xilinx/Vitis_HLS/2022.1/common/technology/autopilot\ap_fixed_base.h:1534" VARIABLE="select_ln1534_30" MODULE="atan" LOOP="" BUNDLEDNAME="" DSP="0" BRAM="0" URAM="0"/>
	<BindNode BINDTYPE="op" DISPLAY="bind_op add" ID="" IMPL="fabric" LATENCY="0" OPTYPE="add" PRAGMA="" RTLNAME="x_V_96_fu_2960_p2" SOURCE="C:/Xilinx/Vitis_HLS/2022.1/common/technology/autopilot\ap_fixed_base.h:859" VARIABLE="x_V_96" MODULE="atan" LOOP="" BUNDLEDNAME="" DSP="0" BRAM="0" URAM="0"/>
	<BindNode BINDTYPE="op" DISPLAY="bind_op sub" ID="" IMPL="fabric" LATENCY="0" OPTYPE="sub" PRAGMA="" RTLNAME="x_V_97_fu_2966_p2" SOURCE="C:/Xilinx/Vitis_HLS/2022.1/common/technology/autopilot\ap_fixed_base.h:859" VARIABLE="x_V_97" MODULE="atan" LOOP="" BUNDLEDNAME="" DSP="0" BRAM="0" URAM="0"/>
	<BindNode BINDTYPE="op" DISPLAY="bind_op select" ID="" IMPL="auto_sel" LATENCY="0" OPTYPE="select" PRAGMA="" RTLNAME="x_V_98_fu_2972_p3" SOURCE="cordic_fixed.cpp:57" VARIABLE="x_V_98" MODULE="atan" LOOP="" BUNDLEDNAME="" DSP="0" BRAM="0" URAM="0"/>
	<BindNode BINDTYPE="op" DISPLAY="bind_op sub" ID="" IMPL="fabric" LATENCY="0" OPTYPE="sub" PRAGMA="" RTLNAME="z_V_4_fu_1610_p2" SOURCE="C:/Xilinx/Vitis_HLS/2022.1/common/technology/autopilot\ap_fixed_base.h:859" VARIABLE="z_V_4" MODULE="atan" LOOP="" BUNDLEDNAME="" DSP="0" BRAM="0" URAM="0"/>
	<BindNode BINDTYPE="op" DISPLAY="bind_op add" ID="" IMPL="fabric" LATENCY="0" OPTYPE="add" PRAGMA="" RTLNAME="z_V_5_fu_1616_p2" SOURCE="C:/Xilinx/Vitis_HLS/2022.1/common/technology/autopilot\ap_fixed_base.h:859" VARIABLE="z_V_5" MODULE="atan" LOOP="" BUNDLEDNAME="" DSP="0" BRAM="0" URAM="0"/>
	<BindNode BINDTYPE="op" DISPLAY="bind_op sub" ID="" IMPL="fabric" LATENCY="0" OPTYPE="sub" PRAGMA="" RTLNAME="z_V_6_fu_1622_p2" SOURCE="C:/Xilinx/Vitis_HLS/2022.1/common/technology/autopilot\ap_fixed_base.h:859" VARIABLE="z_V_6" MODULE="atan" LOOP="" BUNDLEDNAME="" DSP="0" BRAM="0" URAM="0"/>
	<BindNode BINDTYPE="op" DISPLAY="bind_op icmp" ID="" IMPL="auto" LATENCY="0" OPTYPE="icmp" PRAGMA="" RTLNAME="icmp_ln74_fu_1628_p2" SOURCE="cordic_fixed.cpp:74" VARIABLE="icmp_ln74" MODULE="atan" LOOP="" BUNDLEDNAME="" DSP="0" BRAM="0" URAM="0"/>
	<BindNode BINDTYPE="op" DISPLAY="bind_op icmp" ID="" IMPL="auto" LATENCY="0" OPTYPE="icmp" PRAGMA="" RTLNAME="icmp_ln74_1_fu_1634_p2" SOURCE="cordic_fixed.cpp:74" VARIABLE="icmp_ln74_1" MODULE="atan" LOOP="" BUNDLEDNAME="" DSP="0" BRAM="0" URAM="0"/>
	<BindNode BINDTYPE="op" DISPLAY="bind_op icmp" ID="" IMPL="auto" LATENCY="0" OPTYPE="icmp" PRAGMA="" RTLNAME="icmp_ln74_2_fu_1640_p2" SOURCE="cordic_fixed.cpp:74" VARIABLE="icmp_ln74_2" MODULE="atan" LOOP="" BUNDLEDNAME="" DSP="0" BRAM="0" URAM="0"/>
	<BindNode BINDTYPE="op" DISPLAY="bind_op select" ID="" IMPL="auto_sel" LATENCY="0" OPTYPE="select" PRAGMA="" RTLNAME="select_ln74_fu_1646_p3" SOURCE="cordic_fixed.cpp:74" VARIABLE="select_ln74" MODULE="atan" LOOP="" BUNDLEDNAME="" DSP="0" BRAM="0" URAM="0"/>
	<BindNode BINDTYPE="op" DISPLAY="bind_op or" ID="" IMPL="auto" LATENCY="0" OPTYPE="or" PRAGMA="" RTLNAME="or_ln74_fu_1654_p2" SOURCE="cordic_fixed.cpp:74" VARIABLE="or_ln74" MODULE="atan" LOOP="" BUNDLEDNAME="" DSP="0" BRAM="0" URAM="0"/>
	<BindNode BINDTYPE="op" DISPLAY="bind_op select" ID="" IMPL="auto_sel" LATENCY="0" OPTYPE="select" PRAGMA="" RTLNAME="select_ln74_1_fu_1659_p3" SOURCE="cordic_fixed.cpp:74" VARIABLE="select_ln74_1" MODULE="atan" LOOP="" BUNDLEDNAME="" DSP="0" BRAM="0" URAM="0"/>
	<BindNode BINDTYPE="op" DISPLAY="bind_op or" ID="" IMPL="auto" LATENCY="0" OPTYPE="or" PRAGMA="" RTLNAME="or_ln74_1_fu_1671_p2" SOURCE="cordic_fixed.cpp:74" VARIABLE="or_ln74_1" MODULE="atan" LOOP="" BUNDLEDNAME="" DSP="0" BRAM="0" URAM="0"/>
	<BindNode BINDTYPE="op" DISPLAY="bind_op select" ID="" IMPL="auto_sel" LATENCY="0" OPTYPE="select" PRAGMA="" RTLNAME="select_ln74_2_fu_1677_p3" SOURCE="cordic_fixed.cpp:74" VARIABLE="select_ln74_2" MODULE="atan" LOOP="" BUNDLEDNAME="" DSP="0" BRAM="0" URAM="0"/>
	<BindNode BINDTYPE="op" DISPLAY="bind_op or" ID="" IMPL="auto" LATENCY="0" OPTYPE="or" PRAGMA="" RTLNAME="or_ln74_2_fu_1689_p2" SOURCE="cordic_fixed.cpp:74" VARIABLE="or_ln74_2" MODULE="atan" LOOP="" BUNDLEDNAME="" DSP="0" BRAM="0" URAM="0"/>
	<BindNode BINDTYPE="op" DISPLAY="bind_op select" ID="" IMPL="auto_sel" LATENCY="0" OPTYPE="select" PRAGMA="" RTLNAME="z_V_7_fu_1695_p3" SOURCE="cordic_fixed.cpp:74" VARIABLE="z_V_7" MODULE="atan" LOOP="" BUNDLEDNAME="" DSP="0" BRAM="0" URAM="0"/>
	<BindNode BINDTYPE="op" DISPLAY="bind_op sub" ID="" IMPL="fabric" LATENCY="0" OPTYPE="sub" PRAGMA="" RTLNAME="x_V_99_fu_2991_p2" SOURCE="C:/Xilinx/Vitis_HLS/2022.1/common/technology/autopilot\ap_fixed_base.h:859" VARIABLE="x_V_99" MODULE="atan" LOOP="" BUNDLEDNAME="" DSP="0" BRAM="0" URAM="0"/>
	<BindNode BINDTYPE="op" DISPLAY="bind_op add" ID="" IMPL="fabric" LATENCY="0" OPTYPE="add" PRAGMA="" RTLNAME="x_V_100_fu_3011_p2" SOURCE="C:/Xilinx/Vitis_HLS/2022.1/common/technology/autopilot\ap_fixed_base.h:859" VARIABLE="x_V_100" MODULE="atan" LOOP="" BUNDLEDNAME="" DSP="0" BRAM="0" URAM="0"/>
	<BindNode BINDTYPE="op" DISPLAY="bind_op sub" ID="" IMPL="fabric" LATENCY="0" OPTYPE="sub" PRAGMA="" RTLNAME="x_V_101_fu_3031_p2" SOURCE="C:/Xilinx/Vitis_HLS/2022.1/common/technology/autopilot\ap_fixed_base.h:859" VARIABLE="x_V_101" MODULE="atan" LOOP="" BUNDLEDNAME="" DSP="0" BRAM="0" URAM="0"/>
	<BindNode BINDTYPE="op" DISPLAY="bind_op add" ID="" IMPL="fabric" LATENCY="0" OPTYPE="add" PRAGMA="" RTLNAME="x_V_102_fu_3054_p2" SOURCE="C:/Xilinx/Vitis_HLS/2022.1/common/technology/autopilot\ap_fixed_base.h:859" VARIABLE="x_V_102" MODULE="atan" LOOP="" BUNDLEDNAME="" DSP="0" BRAM="0" URAM="0"/>
	<BindNode BINDTYPE="op" DISPLAY="bind_op add" ID="" IMPL="fabric" LATENCY="0" OPTYPE="add" PRAGMA="" RTLNAME="R" SOURCE="C:/Xilinx/Vitis_HLS/2022.1/common/technology/autopilot\ap_fixed_base.h:859" VARIABLE="x_V_103" MODULE="atan" LOOP="" BUNDLEDNAME="" DSP="0" BRAM="0" URAM="0"/>
</BindInfo>
