<pragmas>
<pragma file="C:/Xilinx/Vitis_HLS/2022.1/common/technology/autopilot\ap_common.h" line="567" pragmaType="inline" parentfunction="_ZN8ssdm_intILi1ELb0EEC2EDq1_j" off="0" region="0" recursive="0"/>
<pragma file="C:/Xilinx/Vitis_HLS/2022.1/common/technology/autopilot\ap_fixed.h" line="191" pragmaType="inline" parentfunction="ap_fixed<20, 10, (ap_q_mode)5, (ap_o_mode)3, 0>::ap_fixed(double)" off="0" region="0" recursive="0"/>
<pragma file="C:/Xilinx/Vitis_HLS/2022.1/common/technology/autopilot\ap_int_base.h" line="1542" pragmaType="inline" parentfunction="ap_int_base<1, false>::RType<54, true>::minus operator-<1, false, 54, true>(ap_int_base<1, false> const&, ap_int_base<54, true> const&)" off="0" region="0" recursive="0"/>
<pragma file="C:/Xilinx/Vitis_HLS/2022.1/common/technology/autopilot\ap_int_base.h" line="231" pragmaType="inline" parentfunction="ap_int_base<55, true>::ap_int_base<1, false>(ap_int_base<1, false> const&)" off="0" region="0" recursive="0"/>
<pragma file="cordic_fixed.cpp" line="6" pragmaType="pipeline" parentfunction="atan" off="0" ii="-1" style=""/>
<pragma file="C:/Xilinx/Vitis_HLS/2022.1/common/technology/autopilot\ap_int_base.h" line="221" pragmaType="inline" parentfunction="ap_int_base<54, true>::ap_int_base()" off="0" region="0" recursive="0"/>
<pragma file="C:/Xilinx/Vitis_HLS/2022.1/common/technology/autopilot\ap_common.h" line="559" pragmaType="inline" parentfunction="_ZN8ssdm_intILi55ELb1EEC2EDq55_i" off="0" region="0" recursive="0"/>
<pragma file="C:/Xilinx/Vitis_HLS/2022.1/common/technology/autopilot\ap_int_base.h" line="231" pragmaType="inline" parentfunction="ap_int_base<55, true>::ap_int_base<54, true>(ap_int_base<54, true> const&)" off="0" region="0" recursive="0"/>
<pragma file="C:/Xilinx/Vitis_HLS/2022.1/common/technology/autopilot\ap_int.h" line="145" pragmaType="inline" parentfunction="ap_int<55>::ap_int<55, true>(ap_int_base<55, true> const&)" off="0" region="0" recursive="0"/>
<pragma file="C:/Xilinx/Vitis_HLS/2022.1/common/technology/autopilot\ap_int_base.h" line="262" pragmaType="inline" parentfunction="ap_int_base<64, true>::ap_int_base(long)" off="0" region="0" recursive="0"/>
<pragma file="C:/Xilinx/Vitis_HLS/2022.1/common/technology/autopilot\ap_common.h" line="762" pragmaType="inline" parentfunction="doubleToRawBits" off="0" region="0" recursive="0"/>
<pragma file="C:/Xilinx/Vitis_HLS/2022.1/common/technology/autopilot\ap_fixed.h" line="183" pragmaType="inline" parentfunction="ap_fixed<20, 10, (ap_q_mode)5, (ap_o_mode)3, 0>::ap_fixed(int)" off="0" region="0" recursive="0"/>
<pragma file="C:/Xilinx/Vitis_HLS/2022.1/common/technology/autopilot\ap_int_base.h" line="231" pragmaType="inline" parentfunction="ap_int_base<65, true>::ap_int_base<64, true>(ap_int_base<64, true> const&)" off="0" region="0" recursive="0"/>
<pragma file="C:/Xilinx/Vitis_HLS/2022.1/common/technology/autopilot\ap_common.h" line="559" pragmaType="inline" parentfunction="_ZN8ssdm_intILi65ELb1EEC2EDq65_i" off="0" region="0" recursive="0"/>
<pragma file="C:/Xilinx/Vitis_HLS/2022.1/common/technology/autopilot\ap_fixed_base.h" line="2422" pragmaType="inline" parentfunction="ap_fixed_base<20, 10, true, (ap_q_mode)5, (ap_o_mode)3, 0>::RType<($_0)32, ($_0)32, true>::minus operator-<20, 10, true, (ap_q_mode)5, (ap_o_mode)3, 0>(int, ap_fixed_base<20, 10, true, (ap_q_mode)5, (ap_o_mode)3, 0> const&)" off="0" region="0" recursive="0"/>
<pragma file="C:/Xilinx/Vitis_HLS/2022.1/common/technology/autopilot\ap_fixed_base.h" line="2422" pragmaType="inline" parentfunction="bool operator>=<20, 10, true, (ap_q_mode)5, (ap_o_mode)3, 0>(ap_fixed_base<20, 10, true, (ap_q_mode)5, (ap_o_mode)3, 0> const&, int)" off="0" region="0" recursive="0"/>
<pragma file="C:/Xilinx/Vitis_HLS/2022.1/common/technology/autopilot\ap_fixed_base.h" line="2422" pragmaType="inline" parentfunction="bool operator==<20, 10, true, (ap_q_mode)5, (ap_o_mode)3, 0>(ap_fixed_base<20, 10, true, (ap_q_mode)5, (ap_o_mode)3, 0> const&, int)" off="0" region="0" recursive="0"/>
<pragma file="C:/Xilinx/Vitis_HLS/2022.1/common/technology/autopilot\ap_fixed_base.h" line="1566" pragmaType="inline" parentfunction="ap_fixed_base<20, 10, true, (ap_q_mode)5, (ap_o_mode)3, 0>::operator>>(int) const" off="0" region="0" recursive="0"/>
<pragma file="C:/Xilinx/Vitis_HLS/2022.1/common/technology/autopilot\ap_int_base.h" line="940" pragmaType="inline" parentfunction="ap_int_base<54, true>::operator-() const" off="0" region="0" recursive="0"/>
<pragma file="C:/Xilinx/Vitis_HLS/2022.1/common/technology/autopilot\ap_fixed_base.h" line="2422" pragmaType="inline" parentfunction="bool operator<<20, 10, true, (ap_q_mode)5, (ap_o_mode)3, 0>(ap_fixed_base<20, 10, true, (ap_q_mode)5, (ap_o_mode)3, 0> const&, int)" off="0" region="0" recursive="0"/>
<pragma file="C:/Xilinx/Vitis_HLS/2022.1/common/technology/autopilot\ap_fixed.h" line="73" pragmaType="inline" parentfunction="ap_fixed<20, 10, (ap_q_mode)5, (ap_o_mode)3, 0>::ap_fixed<43, 33, true, (ap_q_mode)5, (ap_o_mode)3, 0>(ap_fixed_base<43, 33, true, (ap_q_mode)5, (ap_o_mode)3, 0> const&)" off="0" region="0" recursive="0"/>
<pragma file="C:/Xilinx/Vitis_HLS/2022.1/common/technology/autopilot\ap_int_base.h" line="231" pragmaType="inline" parentfunction="ap_int_base<65, true>::ap_int_base<11, false>(ap_int_base<11, false> const&)" off="0" region="0" recursive="0"/>
<pragma file="C:/Xilinx/Vitis_HLS/2022.1/common/technology/autopilot\ap_fixed_base.h" line="2422" pragmaType="inline" parentfunction="bool operator><20, 10, true, (ap_q_mode)5, (ap_o_mode)3, 0>(ap_fixed_base<20, 10, true, (ap_q_mode)5, (ap_o_mode)3, 0> const&, int)" off="0" region="0" recursive="0"/>
<pragma file="C:/Xilinx/Vitis_HLS/2022.1/common/technology/autopilot\ap_int_base.h" line="1542" pragmaType="inline" parentfunction="ap_int_base<11, false>::RType<64, true>::minus operator-<11, false, 64, true>(ap_int_base<11, false> const&, ap_int_base<64, true> const&)" off="0" region="0" recursive="0"/>
<pragma file="C:/Xilinx/Vitis_HLS/2022.1/common/technology/autopilot\ap_int_base.h" line="1681" pragmaType="inline" parentfunction="ap_int_base<11, false>::RType<($_0)64, true>::minus operator-<11, false>(ap_int_base<11, false> const&, long)" off="0" region="0" recursive="0"/>
<pragma file="C:/Xilinx/Vitis_HLS/2022.1/common/technology/autopilot\ap_fixed.h" line="68" pragmaType="inline" parentfunction="ap_fixed<20, 10, (ap_q_mode)5, (ap_o_mode)3, 0>::ap_fixed()" off="0" region="0" recursive="0"/>
<pragma file="C:/Xilinx/Vitis_HLS/2022.1/common/technology/autopilot\ap_int.h" line="145" pragmaType="inline" parentfunction="ap_int<65>::ap_int<65, true>(ap_int_base<65, true> const&)" off="0" region="0" recursive="0"/>
<pragma file="C:/Xilinx/Vitis_HLS/2022.1/common/technology/autopilot\ap_int_base.h" line="260" pragmaType="inline" parentfunction="ap_int_base<65, true>::ap_int_base(int)" off="0" region="0" recursive="0"/>
<pragma file="C:/Xilinx/Vitis_HLS/2022.1/common/technology/autopilot\ap_fixed_base.h" line="2422" pragmaType="inline" parentfunction="bool operator<=<20, 10, true, (ap_q_mode)5, (ap_o_mode)3, 0>(ap_fixed_base<20, 10, true, (ap_q_mode)5, (ap_o_mode)3, 0> const&, int)" off="0" region="0" recursive="0"/>
<pragma file="C:/Xilinx/Vitis_HLS/2022.1/common/technology/autopilot\ap_common.h" line="559" pragmaType="inline" parentfunction="ssdm_int<64, true>::ssdm_int(long)" off="0" region="0" recursive="0"/>
<pragma file="C:/Xilinx/Vitis_HLS/2022.1/common/technology/autopilot\ap_int_base.h" line="221" pragmaType="inline" parentfunction="ap_int_base<11, false>::ap_int_base()" off="0" region="0" recursive="0"/>
<pragma file="C:/Xilinx/Vitis_HLS/2022.1/common/technology/autopilot\ap_int_base.h" line="260" pragmaType="inline" parentfunction="ap_int_base<55, true>::ap_int_base(int)" off="0" region="0" recursive="0"/>
<pragma file="C:/Xilinx/Vitis_HLS/2022.1/common/technology/autopilot\ap_int_base.h" line="221" pragmaType="inline" parentfunction="ap_int_base<64, false>::ap_int_base()" off="0" region="0" recursive="0"/>
<pragma file="C:/Xilinx/Vitis_HLS/2022.1/common/technology/autopilot\ap_int_base.h" line="221" pragmaType="inline" parentfunction="ap_int_base<12, true>::ap_int_base()" off="0" region="0" recursive="0"/>
<pragma file="C:/Xilinx/Vitis_HLS/2022.1/common/technology/autopilot\ap_int_base.h" line="260" pragmaType="inline" parentfunction="ap_int_base<1, false>::ap_int_base(int)" off="0" region="0" recursive="0"/>
<pragma file="C:/Xilinx/Vitis_HLS/2022.1/common/technology/autopilot\ap_fixed_base.h" line="446" pragmaType="inline" parentfunction="ap_fixed_base<23, 13, true, (ap_q_mode)5, (ap_o_mode)3, 0>::ap_fixed_base<22, 12, true, (ap_q_mode)5, (ap_o_mode)3, 0>(ap_fixed_base<22, 12, true, (ap_q_mode)5, (ap_o_mode)3, 0> const&)" off="0" region="0" recursive="0"/>
<pragma file="C:/Xilinx/Vitis_HLS/2022.1/common/technology/autopilot\ap_fixed_base.h" line="1466" pragmaType="inline" parentfunction="ap_fixed_base<20, 10, true, (ap_q_mode)5, (ap_o_mode)3, 0>::operator!() const" off="0" region="0" recursive="0"/>
<pragma file="C:/Xilinx/Vitis_HLS/2022.1/common/technology/autopilot\ap_fixed_base.h" line="446" pragmaType="inline" parentfunction="ap_fixed_base<22, 12, true, (ap_q_mode)5, (ap_o_mode)3, 0>::ap_fixed_base<21, 11, true, (ap_q_mode)5, (ap_o_mode)3, 0>(ap_fixed_base<21, 11, true, (ap_q_mode)5, (ap_o_mode)3, 0> const&)" off="0" region="0" recursive="0"/>
<pragma file="C:/Xilinx/Vitis_HLS/2022.1/common/technology/autopilot\ap_fixed_base.h" line="1394" pragmaType="inline" parentfunction="ap_fixed_base<20, 10, true, (ap_q_mode)5, (ap_o_mode)3, 0>::RType<20, 10, true>::minus ap_fixed_base<20, 10, true, (ap_q_mode)5, (ap_o_mode)3, 0>::operator-<20, 10, true, (ap_q_mode)5, (ap_o_mode)3, 0>(ap_fixed_base<20, 10, true, (ap_q_mode)5, (ap_o_mode)3, 0> const&) const" off="0" region="0" recursive="0"/>
<pragma file="C:/Xilinx/Vitis_HLS/2022.1/common/technology/autopilot\ap_fixed_base.h" line="1393" pragmaType="inline" parentfunction="ap_fixed_base<21, 11, true, (ap_q_mode)5, (ap_o_mode)3, 0>::RType<20, 10, true>::plus ap_fixed_base<21, 11, true, (ap_q_mode)5, (ap_o_mode)3, 0>::operator+<20, 10, true, (ap_q_mode)5, (ap_o_mode)3, 0>(ap_fixed_base<20, 10, true, (ap_q_mode)5, (ap_o_mode)3, 0> const&) const" off="0" region="0" recursive="0"/>
<pragma file="C:/Xilinx/Vitis_HLS/2022.1/common/technology/autopilot\ap_fixed.h" line="73" pragmaType="inline" parentfunction="ap_fixed<20, 10, (ap_q_mode)5, (ap_o_mode)3, 0>::ap_fixed<24, 14, true, (ap_q_mode)5, (ap_o_mode)3, 0>(ap_fixed_base<24, 14, true, (ap_q_mode)5, (ap_o_mode)3, 0> const&)" off="0" region="0" recursive="0"/>
<pragma file="C:/Xilinx/Vitis_HLS/2022.1/common/technology/autopilot\ap_fixed_base.h" line="1466" pragmaType="inline" parentfunction="ap_fixed_base<24, 14, true, (ap_q_mode)5, (ap_o_mode)3, 0>::operator!() const" off="0" region="0" recursive="0"/>
<pragma file="C:/Xilinx/Vitis_HLS/2022.1/common/technology/autopilot\ap_fixed.h" line="73" pragmaType="inline" parentfunction="ap_fixed<20, 10, (ap_q_mode)5, (ap_o_mode)3, 0>::ap_fixed<20, 10, true, (ap_q_mode)5, (ap_o_mode)3, 0>(ap_fixed_base<20, 10, true, (ap_q_mode)5, (ap_o_mode)3, 0> const&)" off="0" region="0" recursive="0"/>
<pragma file="C:/Xilinx/Vitis_HLS/2022.1/common/technology/autopilot\ap_fixed_base.h" line="576" pragmaType="inline" parentfunction="ap_fixed_base<24, 14, true, (ap_q_mode)5, (ap_o_mode)3, 0>::ap_fixed_base(int)" off="0" region="0" recursive="0"/>
<pragma file="C:/Xilinx/Vitis_HLS/2022.1/common/technology/autopilot\ap_fixed.h" line="73" pragmaType="inline" parentfunction="ap_fixed<20, 10, (ap_q_mode)5, (ap_o_mode)3, 0>::ap_fixed<21, 11, true, (ap_q_mode)5, (ap_o_mode)3, 0>(ap_fixed_base<21, 11, true, (ap_q_mode)5, (ap_o_mode)3, 0> const&)" off="0" region="0" recursive="0"/>
<pragma file="C:/Xilinx/Vitis_HLS/2022.1/common/technology/autopilot\ap_fixed_base.h" line="1394" pragmaType="inline" parentfunction="ap_fixed_base<21, 11, true, (ap_q_mode)5, (ap_o_mode)3, 0>::RType<20, 10, true>::minus ap_fixed_base<21, 11, true, (ap_q_mode)5, (ap_o_mode)3, 0>::operator-<20, 10, true, (ap_q_mode)5, (ap_o_mode)3, 0>(ap_fixed_base<20, 10, true, (ap_q_mode)5, (ap_o_mode)3, 0> const&) const" off="0" region="0" recursive="0"/>
<pragma file="C:/Xilinx/Vitis_HLS/2022.1/common/technology/autopilot\ap_fixed_base.h" line="446" pragmaType="inline" parentfunction="ap_fixed_base<24, 14, true, (ap_q_mode)5, (ap_o_mode)3, 0>::ap_fixed_base<20, 10, true, (ap_q_mode)5, (ap_o_mode)3, 0>(ap_fixed_base<20, 10, true, (ap_q_mode)5, (ap_o_mode)3, 0> const&)" off="0" region="0" recursive="0"/>
<pragma file="C:/Xilinx/Vitis_HLS/2022.1/common/technology/autopilot\ap_common.h" line="559" pragmaType="inline" parentfunction="_ZN8ssdm_intILi24ELb1EEC2EDq24_i" off="0" region="0" recursive="0"/>
<pragma file="C:/Xilinx/Vitis_HLS/2022.1/common/technology/autopilot\ap_fixed_base.h" line="1393" pragmaType="inline" parentfunction="ap_fixed_base<20, 10, true, (ap_q_mode)5, (ap_o_mode)3, 0>::RType<20, 10, true>::plus ap_fixed_base<20, 10, true, (ap_q_mode)5, (ap_o_mode)3, 0>::operator+<20, 10, true, (ap_q_mode)5, (ap_o_mode)3, 0>(ap_fixed_base<20, 10, true, (ap_q_mode)5, (ap_o_mode)3, 0> const&) const" off="0" region="0" recursive="0"/>
<pragma file="C:/Xilinx/Vitis_HLS/2022.1/common/technology/autopilot\ap_fixed_base.h" line="576" pragmaType="inline" parentfunction="ap_fixed_base<23, 13, true, (ap_q_mode)5, (ap_o_mode)3, 0>::ap_fixed_base(int)" off="0" region="0" recursive="0"/>
<pragma file="C:/Xilinx/Vitis_HLS/2022.1/common/technology/autopilot\ap_common.h" line="559" pragmaType="inline" parentfunction="_ZN8ssdm_intILi23ELb1EEC2EDq23_i" off="0" region="0" recursive="0"/>
<pragma file="C:/Xilinx/Vitis_HLS/2022.1/common/technology/autopilot\ap_fixed_base.h" line="1393" pragmaType="inline" parentfunction="ap_fixed_base<22, 12, true, (ap_q_mode)5, (ap_o_mode)3, 0>::RType<20, 10, true>::plus ap_fixed_base<22, 12, true, (ap_q_mode)5, (ap_o_mode)3, 0>::operator+<20, 10, true, (ap_q_mode)5, (ap_o_mode)3, 0>(ap_fixed_base<20, 10, true, (ap_q_mode)5, (ap_o_mode)3, 0> const&) const" off="0" region="0" recursive="0"/>
<pragma file="C:/Xilinx/Vitis_HLS/2022.1/common/technology/autopilot\ap_fixed_base.h" line="1394" pragmaType="inline" parentfunction="ap_fixed_base<23, 13, true, (ap_q_mode)5, (ap_o_mode)3, 0>::RType<20, 10, true>::minus ap_fixed_base<23, 13, true, (ap_q_mode)5, (ap_o_mode)3, 0>::operator-<20, 10, true, (ap_q_mode)5, (ap_o_mode)3, 0>(ap_fixed_base<20, 10, true, (ap_q_mode)5, (ap_o_mode)3, 0> const&) const" off="0" region="0" recursive="0"/>
<pragma file="C:/Xilinx/Vitis_HLS/2022.1/common/technology/autopilot\ap_fixed_base.h" line="1466" pragmaType="inline" parentfunction="ap_fixed_base<32, 32, true, (ap_q_mode)5, (ap_o_mode)3, 0>::operator!() const" off="0" region="0" recursive="0"/>
<pragma file="C:/Xilinx/Vitis_HLS/2022.1/common/technology/autopilot\ap_fixed.h" line="73" pragmaType="inline" parentfunction="ap_fixed<24, 14, (ap_q_mode)5, (ap_o_mode)3, 0>::ap_fixed<24, 14, true, (ap_q_mode)5, (ap_o_mode)3, 0>(ap_fixed_base<24, 14, true, (ap_q_mode)5, (ap_o_mode)3, 0> const&)" off="0" region="0" recursive="0"/>
<pragma file="C:/Xilinx/Vitis_HLS/2022.1/common/technology/autopilot\ap_fixed.h" line="73" pragmaType="inline" parentfunction="ap_fixed<20, 10, (ap_q_mode)5, (ap_o_mode)3, 0>::ap_fixed<22, 12, true, (ap_q_mode)5, (ap_o_mode)3, 0>(ap_fixed_base<22, 12, true, (ap_q_mode)5, (ap_o_mode)3, 0> const&)" off="0" region="0" recursive="0"/>
<pragma file="C:/Xilinx/Vitis_HLS/2022.1/common/technology/autopilot\ap_fixed_base.h" line="446" pragmaType="inline" parentfunction="ap_fixed_base<20, 10, true, (ap_q_mode)5, (ap_o_mode)3, 0>::ap_fixed_base<24, 14, true, (ap_q_mode)5, (ap_o_mode)3, 0>(ap_fixed_base<24, 14, true, (ap_q_mode)5, (ap_o_mode)3, 0> const&)" off="0" region="0" recursive="0"/>
<pragma file="C:/Xilinx/Vitis_HLS/2022.1/common/technology/autopilot\ap_fixed_base.h" line="1466" pragmaType="inline" parentfunction="ap_fixed_base<23, 13, true, (ap_q_mode)5, (ap_o_mode)3, 0>::operator!() const" off="0" region="0" recursive="0"/>
<pragma file="C:/Xilinx/Vitis_HLS/2022.1/common/technology/autopilot\ap_fixed_base.h" line="446" pragmaType="inline" parentfunction="ap_fixed_base<23, 13, true, (ap_q_mode)5, (ap_o_mode)3, 0>::ap_fixed_base<20, 10, true, (ap_q_mode)5, (ap_o_mode)3, 0>(ap_fixed_base<20, 10, true, (ap_q_mode)5, (ap_o_mode)3, 0> const&)" off="0" region="0" recursive="0"/>
<pragma file="C:/Xilinx/Vitis_HLS/2022.1/common/technology/autopilot\ap_fixed.h" line="73" pragmaType="inline" parentfunction="ap_fixed<23, 13, (ap_q_mode)5, (ap_o_mode)3, 0>::ap_fixed<23, 13, true, (ap_q_mode)5, (ap_o_mode)3, 0>(ap_fixed_base<23, 13, true, (ap_q_mode)5, (ap_o_mode)3, 0> const&)" off="0" region="0" recursive="0"/>
<pragma file="C:/Xilinx/Vitis_HLS/2022.1/common/technology/autopilot\ap_common.h" line="559" pragmaType="inline" parentfunction="_ZN8ssdm_intILi20ELb1EEC2EDq20_i" off="0" region="0" recursive="0"/>
<pragma file="C:/Xilinx/Vitis_HLS/2022.1/common/technology/autopilot\ap_fixed_base.h" line="446" pragmaType="inline" parentfunction="ap_fixed_base<24, 14, true, (ap_q_mode)5, (ap_o_mode)3, 0>::ap_fixed_base<23, 13, true, (ap_q_mode)5, (ap_o_mode)3, 0>(ap_fixed_base<23, 13, true, (ap_q_mode)5, (ap_o_mode)3, 0> const&)" off="0" region="0" recursive="0"/>
<pragma file="C:/Xilinx/Vitis_HLS/2022.1/common/technology/autopilot\ap_fixed_base.h" line="441" pragmaType="inline" parentfunction="ap_fixed_base<32, 32, true, (ap_q_mode)5, (ap_o_mode)3, 0>::ap_fixed_base()" off="0" region="0" recursive="0"/>
<pragma file="C:/Xilinx/Vitis_HLS/2022.1/common/technology/autopilot\ap_fixed_base.h" line="1466" pragmaType="inline" parentfunction="ap_fixed_base<22, 12, true, (ap_q_mode)5, (ap_o_mode)3, 0>::operator!() const" off="0" region="0" recursive="0"/>
<pragma file="C:/Xilinx/Vitis_HLS/2022.1/common/technology/autopilot\ap_fixed_base.h" line="576" pragmaType="inline" parentfunction="ap_fixed_base<22, 12, true, (ap_q_mode)5, (ap_o_mode)3, 0>::ap_fixed_base(int)" off="0" region="0" recursive="0"/>
<pragma file="C:/Xilinx/Vitis_HLS/2022.1/common/technology/autopilot\ap_fixed_base.h" line="446" pragmaType="inline" parentfunction="ap_fixed_base<22, 12, true, (ap_q_mode)5, (ap_o_mode)3, 0>::ap_fixed_base<20, 10, true, (ap_q_mode)5, (ap_o_mode)3, 0>(ap_fixed_base<20, 10, true, (ap_q_mode)5, (ap_o_mode)3, 0> const&)" off="0" region="0" recursive="0"/>
<pragma file="C:/Xilinx/Vitis_HLS/2022.1/common/technology/autopilot\ap_fixed_base.h" line="446" pragmaType="inline" parentfunction="ap_fixed_base<43, 33, true, (ap_q_mode)5, (ap_o_mode)3, 0>::ap_fixed_base<32, 32, true, (ap_q_mode)5, (ap_o_mode)3, 0>(ap_fixed_base<32, 32, true, (ap_q_mode)5, (ap_o_mode)3, 0> const&)" off="0" region="0" recursive="0"/>
<pragma file="C:/Xilinx/Vitis_HLS/2022.1/common/technology/autopilot\ap_fixed_base.h" line="446" pragmaType="inline" parentfunction="ap_fixed_base<20, 10, true, (ap_q_mode)5, (ap_o_mode)3, 0>::ap_fixed_base<21, 11, true, (ap_q_mode)5, (ap_o_mode)3, 0>(ap_fixed_base<21, 11, true, (ap_q_mode)5, (ap_o_mode)3, 0> const&)" off="0" region="0" recursive="0"/>
<pragma file="C:/Xilinx/Vitis_HLS/2022.1/common/technology/autopilot\ap_fixed_base.h" line="576" pragmaType="inline" parentfunction="ap_fixed_base<20, 10, true, (ap_q_mode)5, (ap_o_mode)3, 0>::ap_fixed_base(int)" off="0" region="0" recursive="0"/>
<pragma file="C:/Xilinx/Vitis_HLS/2022.1/common/technology/autopilot\ap_fixed_base.h" line="446" pragmaType="inline" parentfunction="ap_fixed_base<21, 11, true, (ap_q_mode)5, (ap_o_mode)3, 0>::ap_fixed_base<20, 10, true, (ap_q_mode)5, (ap_o_mode)3, 0>(ap_fixed_base<20, 10, true, (ap_q_mode)5, (ap_o_mode)3, 0> const&)" off="0" region="0" recursive="0"/>
<pragma file="C:/Xilinx/Vitis_HLS/2022.1/common/technology/autopilot\ap_common.h" line="559" pragmaType="inline" parentfunction="_ZN8ssdm_intILi21ELb1EEC2EDq21_i" off="0" region="0" recursive="0"/>
<pragma file="C:/Xilinx/Vitis_HLS/2022.1/common/technology/autopilot\ap_fixed.h" line="73" pragmaType="inline" parentfunction="ap_fixed<22, 12, (ap_q_mode)5, (ap_o_mode)3, 0>::ap_fixed<22, 12, true, (ap_q_mode)5, (ap_o_mode)3, 0>(ap_fixed_base<22, 12, true, (ap_q_mode)5, (ap_o_mode)3, 0> const&)" off="0" region="0" recursive="0"/>
<pragma file="C:/Xilinx/Vitis_HLS/2022.1/common/technology/autopilot\ap_fixed_base.h" line="1394" pragmaType="inline" parentfunction="ap_fixed_base<32, 32, true, (ap_q_mode)5, (ap_o_mode)3, 0>::RType<20, 10, true>::minus ap_fixed_base<32, 32, true, (ap_q_mode)5, (ap_o_mode)3, 0>::operator-<20, 10, true, (ap_q_mode)5, (ap_o_mode)3, 0>(ap_fixed_base<20, 10, true, (ap_q_mode)5, (ap_o_mode)3, 0> const&) const" off="0" region="0" recursive="0"/>
<pragma file="C:/Xilinx/Vitis_HLS/2022.1/common/technology/autopilot\ap_fixed_base.h" line="1466" pragmaType="inline" parentfunction="ap_fixed_base<21, 11, true, (ap_q_mode)5, (ap_o_mode)3, 0>::operator!() const" off="0" region="0" recursive="0"/>
<pragma file="C:/Xilinx/Vitis_HLS/2022.1/common/technology/autopilot\ap_fixed_base.h" line="446" pragmaType="inline" parentfunction="ap_fixed_base<20, 10, true, (ap_q_mode)5, (ap_o_mode)3, 0>::ap_fixed_base<22, 12, true, (ap_q_mode)5, (ap_o_mode)3, 0>(ap_fixed_base<22, 12, true, (ap_q_mode)5, (ap_o_mode)3, 0> const&)" off="0" region="0" recursive="0"/>
<pragma file="C:/Xilinx/Vitis_HLS/2022.1/common/technology/autopilot\ap_fixed_base.h" line="576" pragmaType="inline" parentfunction="ap_fixed_base<32, 32, true, (ap_q_mode)5, (ap_o_mode)3, 0>::ap_fixed_base(int)" off="0" region="0" recursive="0"/>
<pragma file="C:/Xilinx/Vitis_HLS/2022.1/common/technology/autopilot\ap_common.h" line="559" pragmaType="inline" parentfunction="_ZN8ssdm_intILi42ELb1EEC2EDq42_i" off="0" region="0" recursive="0"/>
<pragma file="C:/Xilinx/Vitis_HLS/2022.1/common/technology/autopilot\ap_fixed_base.h" line="446" pragmaType="inline" parentfunction="ap_fixed_base<20, 10, true, (ap_q_mode)5, (ap_o_mode)3, 0>::ap_fixed_base<43, 33, true, (ap_q_mode)5, (ap_o_mode)3, 0>(ap_fixed_base<43, 33, true, (ap_q_mode)5, (ap_o_mode)3, 0> const&)" off="0" region="0" recursive="0"/>
<pragma file="C:/Xilinx/Vitis_HLS/2022.1/common/technology/autopilot\ap_common.h" line="559" pragmaType="inline" parentfunction="_ZN8ssdm_intILi43ELb1EEC2EDq43_i" off="0" region="0" recursive="0"/>
<pragma file="C:/Xilinx/Vitis_HLS/2022.1/common/technology/autopilot\ap_common.h" line="559" pragmaType="inline" parentfunction="_ZN8ssdm_intILi22ELb1EEC2EDq22_i" off="0" region="0" recursive="0"/>
<pragma file="C:/Xilinx/Vitis_HLS/2022.1/common/technology/autopilot\ap_fixed_base.h" line="1697" pragmaType="inline" parentfunction="bool ap_fixed_base<20, 10, true, (ap_q_mode)5, (ap_o_mode)3, 0>::operator>=<32, 32, true, (ap_q_mode)5, (ap_o_mode)3, 0>(ap_fixed_base<32, 32, true, (ap_q_mode)5, (ap_o_mode)3, 0> const&) const" off="0" region="0" recursive="0"/>
<pragma file="C:/Xilinx/Vitis_HLS/2022.1/common/technology/autopilot\ap_fixed_base.h" line="1532" pragmaType="inline" parentfunction="ap_fixed_base<20, 10, true, (ap_q_mode)5, (ap_o_mode)3, 0>::operator>>(unsigned int) const" off="0" region="0" recursive="0"/>
<pragma file="C:/Xilinx/Vitis_HLS/2022.1/common/technology/autopilot\ap_fixed_base.h" line="576" pragmaType="inline" parentfunction="ap_fixed_base<43, 33, true, (ap_q_mode)5, (ap_o_mode)3, 0>::ap_fixed_base(int)" off="0" region="0" recursive="0"/>
<pragma file="C:/Xilinx/Vitis_HLS/2022.1/common/technology/autopilot\ap_fixed_base.h" line="1498" pragmaType="inline" parentfunction="ap_fixed_base<20, 10, true, (ap_q_mode)5, (ap_o_mode)3, 0>::operator<<(unsigned int) const" off="0" region="0" recursive="0"/>
<pragma file="C:/Xilinx/Vitis_HLS/2022.1/common/technology/autopilot\ap_fixed.h" line="73" pragmaType="inline" parentfunction="ap_fixed<21, 11, (ap_q_mode)5, (ap_o_mode)3, 0>::ap_fixed<21, 11, true, (ap_q_mode)5, (ap_o_mode)3, 0>(ap_fixed_base<21, 11, true, (ap_q_mode)5, (ap_o_mode)3, 0> const&)" off="0" region="0" recursive="0"/>
<pragma file="C:/Xilinx/Vitis_HLS/2022.1/common/technology/autopilot\ap_fixed_base.h" line="446" pragmaType="inline" parentfunction="ap_fixed_base<43, 33, true, (ap_q_mode)5, (ap_o_mode)3, 0>::ap_fixed_base<20, 10, true, (ap_q_mode)5, (ap_o_mode)3, 0>(ap_fixed_base<20, 10, true, (ap_q_mode)5, (ap_o_mode)3, 0> const&)" off="0" region="0" recursive="0"/>
<pragma file="C:/Xilinx/Vitis_HLS/2022.1/common/technology/autopilot\ap_fixed_base.h" line="446" pragmaType="inline" parentfunction="ap_fixed_base<42, 32, true, (ap_q_mode)5, (ap_o_mode)3, 0>::ap_fixed_base<32, 32, true, (ap_q_mode)5, (ap_o_mode)3, 0>(ap_fixed_base<32, 32, true, (ap_q_mode)5, (ap_o_mode)3, 0> const&)" off="0" region="0" recursive="0"/>
<pragma file="C:/Xilinx/Vitis_HLS/2022.1/common/technology/autopilot\ap_fixed_base.h" line="1699" pragmaType="inline" parentfunction="bool ap_fixed_base<20, 10, true, (ap_q_mode)5, (ap_o_mode)3, 0>::operator==<32, 32, true, (ap_q_mode)5, (ap_o_mode)3, 0>(ap_fixed_base<32, 32, true, (ap_q_mode)5, (ap_o_mode)3, 0> const&) const" off="0" region="0" recursive="0"/>
<pragma file="C:/Xilinx/Vitis_HLS/2022.1/common/technology/autopilot\ap_fixed.h" line="73" pragmaType="inline" parentfunction="ap_fixed<43, 33, (ap_q_mode)5, (ap_o_mode)3, 0>::ap_fixed<43, 33, true, (ap_q_mode)5, (ap_o_mode)3, 0>(ap_fixed_base<43, 33, true, (ap_q_mode)5, (ap_o_mode)3, 0> const&)" off="0" region="0" recursive="0"/>
<pragma file="C:/Xilinx/Vitis_HLS/2022.1/common/technology/autopilot\ap_fixed_base.h" line="576" pragmaType="inline" parentfunction="ap_fixed_base<21, 11, true, (ap_q_mode)5, (ap_o_mode)3, 0>::ap_fixed_base(int)" off="0" region="0" recursive="0"/>
<pragma file="C:/Xilinx/Vitis_HLS/2022.1/common/technology/autopilot\ap_fixed_base.h" line="1466" pragmaType="inline" parentfunction="ap_fixed_base<43, 33, true, (ap_q_mode)5, (ap_o_mode)3, 0>::operator!() const" off="0" region="0" recursive="0"/>
<pragma file="C:/Xilinx/Vitis_HLS/2022.1/common/technology/autopilot\ap_fixed_base.h" line="1695" pragmaType="inline" parentfunction="bool ap_fixed_base<20, 10, true, (ap_q_mode)5, (ap_o_mode)3, 0>::operator><32, 32, true, (ap_q_mode)5, (ap_o_mode)3, 0>(ap_fixed_base<32, 32, true, (ap_q_mode)5, (ap_o_mode)3, 0> const&) const" off="0" region="0" recursive="0"/>
<pragma file="C:/Xilinx/Vitis_HLS/2022.1/common/technology/autopilot\ap_fixed_base.h" line="1696" pragmaType="inline" parentfunction="bool ap_fixed_base<20, 10, true, (ap_q_mode)5, (ap_o_mode)3, 0>::operator<<32, 32, true, (ap_q_mode)5, (ap_o_mode)3, 0>(ap_fixed_base<32, 32, true, (ap_q_mode)5, (ap_o_mode)3, 0> const&) const" off="0" region="0" recursive="0"/>
<pragma file="C:/Xilinx/Vitis_HLS/2022.1/common/technology/autopilot\ap_fixed_base.h" line="1698" pragmaType="inline" parentfunction="bool ap_fixed_base<20, 10, true, (ap_q_mode)5, (ap_o_mode)3, 0>::operator<=<32, 32, true, (ap_q_mode)5, (ap_o_mode)3, 0>(ap_fixed_base<32, 32, true, (ap_q_mode)5, (ap_o_mode)3, 0> const&) const" off="0" region="0" recursive="0"/>
<pragma file="C:/Xilinx/Vitis_HLS/2022.1/common/technology/autopilot\ap_fixed_base.h" line="441" pragmaType="inline" parentfunction="ap_fixed_base<20, 10, true, (ap_q_mode)5, (ap_o_mode)3, 0>::ap_fixed_base()" off="0" region="0" recursive="0"/>
<pragma file="C:/Xilinx/Vitis_HLS/2022.1/common/technology/autopilot\ap_fixed_base.h" line="0" pragmaType="inline" parentfunction="ap_fixed_base<24, 14, true, (ap_q_mode)5, (ap_o_mode)3, 0>& ap_fixed_base<24, 14, true, (ap_q_mode)5, (ap_o_mode)3, 0>::operator=<23, 13, true, (ap_q_mode)5, (ap_o_mode)3, 0>(ap_fixed_base<23, 13, true, (ap_q_mode)5, (ap_o_mode)3, 0> const&)" off="0" region="0" recursive="0"/>
<pragma file="C:/Xilinx/Vitis_HLS/2022.1/common/technology/autopilot\ap_int_base.h" line="0" pragmaType="inline" parentfunction="ap_int_base<12, true>& ap_int_base<12, true>::operator=<65, true>(ap_int_base<65, true> const&)" off="0" region="0" recursive="0"/>
<pragma file="C:/Xilinx/Vitis_HLS/2022.1/common/technology/autopilot\ap_common.h" line="0" pragmaType="inline" parentfunction="ssdm_int<12, true>::ssdm_int()" off="0" region="0" recursive="0"/>
<pragma file="C:/Xilinx/Vitis_HLS/2022.1/common/technology/autopilot\ap_common.h" line="0" pragmaType="inline" parentfunction="ssdm_int<64, false>::ssdm_int()" off="0" region="0" recursive="0"/>
<pragma file="C:/Xilinx/Vitis_HLS/2022.1/common/technology/autopilot\ap_fixed_base.h" line="0" pragmaType="inline" parentfunction="ap_fixed_base<23, 13, true, (ap_q_mode)5, (ap_o_mode)3, 0>& ap_fixed_base<23, 13, true, (ap_q_mode)5, (ap_o_mode)3, 0>::operator=<20, 10, true, (ap_q_mode)5, (ap_o_mode)3, 0>(ap_fixed_base<20, 10, true, (ap_q_mode)5, (ap_o_mode)3, 0> const&)" off="0" region="0" recursive="0"/>
<pragma file="C:/Xilinx/Vitis_HLS/2022.1/common/technology/autopilot\ap_common.h" line="0" pragmaType="inline" parentfunction="ssdm_int<24, true>::ssdm_int()" off="0" region="0" recursive="0"/>
<pragma file="C:/Xilinx/Vitis_HLS/2022.1/common/technology/autopilot\ap_common.h" line="0" pragmaType="inline" parentfunction="ssdm_int<11, false>::ssdm_int()" off="0" region="0" recursive="0"/>
<pragma file="C:/Xilinx/Vitis_HLS/2022.1/common/technology/autopilot\ap_fixed_base.h" line="0" pragmaType="inline" parentfunction="ap_fixed_base<24, 14, true, (ap_q_mode)5, (ap_o_mode)3, 0>& ap_fixed_base<24, 14, true, (ap_q_mode)5, (ap_o_mode)3, 0>::operator=<20, 10, true, (ap_q_mode)5, (ap_o_mode)3, 0>(ap_fixed_base<20, 10, true, (ap_q_mode)5, (ap_o_mode)3, 0> const&)" off="0" region="0" recursive="0"/>
<pragma file="C:/Xilinx/Vitis_HLS/2022.1/common/technology/autopilot\ap_fixed_base.h" line="0" pragmaType="inline" parentfunction="report" off="0" region="0" recursive="0"/>
<pragma file="C:/Xilinx/Vitis_HLS/2022.1/common/technology/autopilot\ap_common.h" line="0" pragmaType="inline" parentfunction="ssdm_int<54, true>::ssdm_int()" off="0" region="0" recursive="0"/>
<pragma file="C:/Xilinx/Vitis_HLS/2022.1/common/technology/autopilot\ap_common.h" line="0" pragmaType="inline" parentfunction="ssdm_int<20, true>::ssdm_int()" off="0" region="0" recursive="0"/>
<pragma file="C:/Xilinx/Vitis_HLS/2022.1/common/technology/autopilot\ap_int_base.h" line="0" pragmaType="inline" parentfunction="ap_int_base<54, true>& ap_int_base<54, true>::operator=<55, true>(ap_int_base<55, true> const&)" off="0" region="0" recursive="0"/>
<pragma file="C:/Xilinx/Vitis_HLS/2022.1/common/technology/autopilot\ap_fixed_base.h" line="0" pragmaType="inline" parentfunction="report" off="0" region="0" recursive="0"/>
<pragma file="C:/Xilinx/Vitis_HLS/2022.1/common/technology/autopilot\ap_fixed_base.h" line="0" pragmaType="inline" parentfunction="ap_fixed_base<24, 14, true, (ap_q_mode)5, (ap_o_mode)3, 0>& ap_fixed_base<24, 14, true, (ap_q_mode)5, (ap_o_mode)3, 0>::operator=<32, 32, true, (ap_q_mode)5, (ap_o_mode)3, 0>(ap_fixed_base<32, 32, true, (ap_q_mode)5, (ap_o_mode)3, 0> const&)" off="0" region="0" recursive="0"/>
<pragma file="C:/Xilinx/Vitis_HLS/2022.1/common/technology/autopilot\ap_common.h" line="0" pragmaType="inline" parentfunction="ssdm_int<32, true>::ssdm_int()" off="0" region="0" recursive="0"/>
<pragma file="C:/Xilinx/Vitis_HLS/2022.1/common/technology/autopilot\ap_fixed_base.h" line="0" pragmaType="inline" parentfunction="report" off="0" region="0" recursive="0"/>
<pragma file="C:/Xilinx/Vitis_HLS/2022.1/common/technology/autopilot\ap_fixed_base.h" line="0" pragmaType="inline" parentfunction="ap_fixed_base<20, 10, true, (ap_q_mode)5, (ap_o_mode)3, 0>& ap_fixed_base<20, 10, true, (ap_q_mode)5, (ap_o_mode)3, 0>::operator=<24, 14, true, (ap_q_mode)5, (ap_o_mode)3, 0>(ap_fixed_base<24, 14, true, (ap_q_mode)5, (ap_o_mode)3, 0> const&)" off="0" region="0" recursive="0"/>
<pragma file="C:/Xilinx/Vitis_HLS/2022.1/common/technology/autopilot\ap_fixed_base.h" line="0" pragmaType="inline" parentfunction="ap_fixed_base<23, 13, true, (ap_q_mode)5, (ap_o_mode)3, 0>& ap_fixed_base<23, 13, true, (ap_q_mode)5, (ap_o_mode)3, 0>::operator=<22, 12, true, (ap_q_mode)5, (ap_o_mode)3, 0>(ap_fixed_base<22, 12, true, (ap_q_mode)5, (ap_o_mode)3, 0> const&)" off="0" region="0" recursive="0"/>
<pragma file="C:/Xilinx/Vitis_HLS/2022.1/common/technology/autopilot\ap_common.h" line="0" pragmaType="inline" parentfunction="ssdm_int<23, true>::ssdm_int()" off="0" region="0" recursive="0"/>
<pragma file="C:/Xilinx/Vitis_HLS/2022.1/common/technology/autopilot\ap_fixed_base.h" line="0" pragmaType="inline" parentfunction="ap_fixed_base<23, 13, true, (ap_q_mode)5, (ap_o_mode)3, 0>& ap_fixed_base<23, 13, true, (ap_q_mode)5, (ap_o_mode)3, 0>::operator=<32, 32, true, (ap_q_mode)5, (ap_o_mode)3, 0>(ap_fixed_base<32, 32, true, (ap_q_mode)5, (ap_o_mode)3, 0> const&)" off="0" region="0" recursive="0"/>
<pragma file="C:/Xilinx/Vitis_HLS/2022.1/common/technology/autopilot\ap_fixed_base.h" line="0" pragmaType="inline" parentfunction="ap_fixed_base<22, 12, true, (ap_q_mode)5, (ap_o_mode)3, 0>& ap_fixed_base<22, 12, true, (ap_q_mode)5, (ap_o_mode)3, 0>::operator=<20, 10, true, (ap_q_mode)5, (ap_o_mode)3, 0>(ap_fixed_base<20, 10, true, (ap_q_mode)5, (ap_o_mode)3, 0> const&)" off="0" region="0" recursive="0"/>
<pragma file="C:/Xilinx/Vitis_HLS/2022.1/common/technology/autopilot\ap_fixed_base.h" line="0" pragmaType="inline" parentfunction="ap_fixed_base<20, 10, true, (ap_q_mode)5, (ap_o_mode)3, 0>& ap_fixed_base<20, 10, true, (ap_q_mode)5, (ap_o_mode)3, 0>::operator=<22, 12, true, (ap_q_mode)5, (ap_o_mode)3, 0>(ap_fixed_base<22, 12, true, (ap_q_mode)5, (ap_o_mode)3, 0> const&)" off="0" region="0" recursive="0"/>
<pragma file="C:/Xilinx/Vitis_HLS/2022.1/common/technology/autopilot\ap_fixed_base.h" line="0" pragmaType="inline" parentfunction="report" off="0" region="0" recursive="0"/>
<pragma file="C:/Xilinx/Vitis_HLS/2022.1/common/technology/autopilot\ap_fixed_base.h" line="0" pragmaType="inline" parentfunction="ap_fixed_base<42, 32, true, (ap_q_mode)5, (ap_o_mode)3, 0>& ap_fixed_base<42, 32, true, (ap_q_mode)5, (ap_o_mode)3, 0>::operator=<32, 32, true, (ap_q_mode)5, (ap_o_mode)3, 0>(ap_fixed_base<32, 32, true, (ap_q_mode)5, (ap_o_mode)3, 0> const&)" off="0" region="0" recursive="0"/>
<pragma file="C:/Xilinx/Vitis_HLS/2022.1/common/technology/autopilot\ap_fixed_base.h" line="0" pragmaType="inline" parentfunction="ap_fixed_base<43, 33, true, (ap_q_mode)5, (ap_o_mode)3, 0>& ap_fixed_base<43, 33, true, (ap_q_mode)5, (ap_o_mode)3, 0>::operator=<32, 32, true, (ap_q_mode)5, (ap_o_mode)3, 0>(ap_fixed_base<32, 32, true, (ap_q_mode)5, (ap_o_mode)3, 0> const&)" off="0" region="0" recursive="0"/>
<pragma file="C:/Xilinx/Vitis_HLS/2022.1/common/technology/autopilot\ap_fixed_base.h" line="0" pragmaType="inline" parentfunction="ap_fixed_base<21, 11, true, (ap_q_mode)5, (ap_o_mode)3, 0>& ap_fixed_base<21, 11, true, (ap_q_mode)5, (ap_o_mode)3, 0>::operator=<20, 10, true, (ap_q_mode)5, (ap_o_mode)3, 0>(ap_fixed_base<20, 10, true, (ap_q_mode)5, (ap_o_mode)3, 0> const&)" off="0" region="0" recursive="0"/>
<pragma file="C:/Xilinx/Vitis_HLS/2022.1/common/technology/autopilot\ap_fixed_base.h" line="0" pragmaType="inline" parentfunction="report" off="0" region="0" recursive="0"/>
<pragma file="C:/Xilinx/Vitis_HLS/2022.1/common/technology/autopilot\ap_common.h" line="0" pragmaType="inline" parentfunction="ssdm_int<21, true>::ssdm_int()" off="0" region="0" recursive="0"/>
<pragma file="C:/Xilinx/Vitis_HLS/2022.1/common/technology/autopilot\ap_fixed_base.h" line="0" pragmaType="inline" parentfunction="report" off="0" region="0" recursive="0"/>
<pragma file="C:/Xilinx/Vitis_HLS/2022.1/common/technology/autopilot\ap_fixed_base.h" line="0" pragmaType="inline" parentfunction="ap_fixed_base<43, 33, true, (ap_q_mode)5, (ap_o_mode)3, 0>& ap_fixed_base<43, 33, true, (ap_q_mode)5, (ap_o_mode)3, 0>::operator=<20, 10, true, (ap_q_mode)5, (ap_o_mode)3, 0>(ap_fixed_base<20, 10, true, (ap_q_mode)5, (ap_o_mode)3, 0> const&)" off="0" region="0" recursive="0"/>
<pragma file="C:/Xilinx/Vitis_HLS/2022.1/common/technology/autopilot\ap_fixed_base.h" line="0" pragmaType="inline" parentfunction="ap_fixed_base<20, 10, true, (ap_q_mode)5, (ap_o_mode)3, 0>& ap_fixed_base<20, 10, true, (ap_q_mode)5, (ap_o_mode)3, 0>::operator=<21, 11, true, (ap_q_mode)5, (ap_o_mode)3, 0>(ap_fixed_base<21, 11, true, (ap_q_mode)5, (ap_o_mode)3, 0> const&)" off="0" region="0" recursive="0"/>
<pragma file="C:/Xilinx/Vitis_HLS/2022.1/common/technology/autopilot\ap_fixed_base.h" line="0" pragmaType="inline" parentfunction="ap_fixed_base<22, 12, true, (ap_q_mode)5, (ap_o_mode)3, 0>& ap_fixed_base<22, 12, true, (ap_q_mode)5, (ap_o_mode)3, 0>::operator=<21, 11, true, (ap_q_mode)5, (ap_o_mode)3, 0>(ap_fixed_base<21, 11, true, (ap_q_mode)5, (ap_o_mode)3, 0> const&)" off="0" region="0" recursive="0"/>
<pragma file="C:/Xilinx/Vitis_HLS/2022.1/common/technology/autopilot\ap_common.h" line="0" pragmaType="inline" parentfunction="ssdm_int<22, true>::ssdm_int()" off="0" region="0" recursive="0"/>
<pragma file="C:/Xilinx/Vitis_HLS/2022.1/common/technology/autopilot\ap_fixed_base.h" line="0" pragmaType="inline" parentfunction="ap_fixed_base<20, 10, true, (ap_q_mode)5, (ap_o_mode)3, 0>& ap_fixed_base<20, 10, true, (ap_q_mode)5, (ap_o_mode)3, 0>::operator=<43, 33, true, (ap_q_mode)5, (ap_o_mode)3, 0>(ap_fixed_base<43, 33, true, (ap_q_mode)5, (ap_o_mode)3, 0> const&)" off="0" region="0" recursive="0"/>
<pragma file="C:/Xilinx/Vitis_HLS/2022.1/common/technology/autopilot\ap_fixed_base.h" line="0" pragmaType="inline" parentfunction="report" off="0" region="0" recursive="0"/>
<pragma file="C:/Xilinx/Vitis_HLS/2022.1/common/technology/autopilot\ap_common.h" line="0" pragmaType="inline" parentfunction="ssdm_int<43, true>::ssdm_int()" off="0" region="0" recursive="0"/>
<pragma file="C:/Xilinx/Vitis_HLS/2022.1/common/technology/autopilot\ap_fixed_base.h" line="0" pragmaType="inline" parentfunction="ap_fixed_base<20, 10, true, (ap_q_mode)5, (ap_o_mode)3, 0>& ap_fixed_base<20, 10, true, (ap_q_mode)5, (ap_o_mode)3, 0>::operator=<32, 32, true, (ap_q_mode)5, (ap_o_mode)3, 0>(ap_fixed_base<32, 32, true, (ap_q_mode)5, (ap_o_mode)3, 0> const&)" off="0" region="0" recursive="0"/>
<pragma file="C:/Xilinx/Vitis_HLS/2022.1/common/technology/autopilot\ap_fixed_base.h" line="0" pragmaType="inline" parentfunction="ap_fixed_base<21, 11, true, (ap_q_mode)5, (ap_o_mode)3, 0>& ap_fixed_base<21, 11, true, (ap_q_mode)5, (ap_o_mode)3, 0>::operator=<32, 32, true, (ap_q_mode)5, (ap_o_mode)3, 0>(ap_fixed_base<32, 32, true, (ap_q_mode)5, (ap_o_mode)3, 0> const&)" off="0" region="0" recursive="0"/>
<pragma file="C:/Xilinx/Vitis_HLS/2022.1/common/technology/autopilot\ap_fixed_base.h" line="0" pragmaType="inline" parentfunction="ap_fixed_base<22, 12, true, (ap_q_mode)5, (ap_o_mode)3, 0>& ap_fixed_base<22, 12, true, (ap_q_mode)5, (ap_o_mode)3, 0>::operator=<32, 32, true, (ap_q_mode)5, (ap_o_mode)3, 0>(ap_fixed_base<32, 32, true, (ap_q_mode)5, (ap_o_mode)3, 0> const&)" off="0" region="0" recursive="0"/>
</pragmas>
