<root versionMajor = "1" versionMinor = "5">
  <kernel src_name="atan" language="c" hwCtrl="ap_ctrl_hs" mem_layout="fpga64-xilinx-none">
    <args>
      <arg id="0" access_type="r" src_name="x" src_type="ap_fixed&lt;20, 10, AP_TRN, AP_WRAP, 0&gt;" src_isptr="1" src_bitwidth="32" src_size_or_depth="1">
        <hw hw_usage="data" hw_interface="Register" hw_name="x" hw_bitwidth="20" hw_size_or_depth="1" hw_kernel_support="false">
          <constraint constraint_type="pragma interface" mode="ap_none" register_option="0"/>
        </hw>
      </arg>
      <arg id="1" access_type="r" src_name="y" src_type="ap_fixed&lt;20, 10, AP_TRN, AP_WRAP, 0&gt;" src_isptr="1" src_bitwidth="32" src_size_or_depth="1">
        <hw hw_usage="data" hw_interface="Register" hw_name="y" hw_bitwidth="20" hw_size_or_depth="1" hw_kernel_support="false">
          <constraint constraint_type="pragma interface" mode="ap_none" register_option="0"/>
        </hw>
      </arg>
      <arg id="2" access_type="w" src_name="atan" src_type="ap_fixed&lt;20, 10, AP_TRN, AP_WRAP, 0&gt;&amp;" src_isptr="1" src_bitwidth="32" src_size_or_depth="1">
        <hw hw_usage="data" hw_interface="Register" hw_name="atan" hw_bitwidth="20" hw_size_or_depth="1" hw_kernel_support="false">
          <constraint constraint_type="pragma interface" mode="ap_none" register_option="0"/>
        </hw>
      </arg>
      <arg id="3" access_type="w" src_name="R" src_type="ap_fixed&lt;20, 10, AP_TRN, AP_WRAP, 0&gt;&amp;" src_isptr="1" src_bitwidth="32" src_size_or_depth="1">
        <hw hw_usage="data" hw_interface="Register" hw_name="R" hw_bitwidth="20" hw_size_or_depth="1" hw_kernel_support="false">
          <constraint constraint_type="pragma interface" mode="ap_none" register_option="0"/>
        </hw>
      </arg>
    </args>
    <return src_type="void" src_bitwidth="0" offset="0x0">
      <hw hw_usage="data" hw_interface="" hw_name="" hw_bitwidth="0" hw_kernel_support="true"/>
    </return>
  </kernel>
</root>
