<?xml version="1.0" encoding="UTF-8"?>
<GenRun Id="impl_1" LaunchPart="xc7z020clg484-1" LaunchTime="1664420664">
  <File Type="OPT-HWDEF" Name="systolic.hwdef"/>
  <File Type="ROUTE-BUS-SKEW" Name="systolic_bus_skew_routed.rpt"/>
  <File Type="PA-DCP" Name="systolic.dcp"/>
  <File Type="ROUTE-PWR" Name="systolic_power_routed.rpt"/>
  <File Type="PA-TCL" Name="systolic.tcl"/>
  <File Type="BITSTR-MMI" Name="systolic.mmi"/>
  <File Type="OPT-METHODOLOGY-DRC" Name="systolic_methodology_drc_opted.rpt"/>
  <File Type="INIT-TIMING" Name="systolic_timing_summary_init.rpt"/>
  <File Type="ROUTE-PWR-SUM" Name="systolic_power_summary_routed.pb"/>
  <File Type="REPORTS-TCL" Name="systolic_reports.tcl"/>
  <File Type="OPT-TIMING" Name="systolic_timing_summary_opted.rpt"/>
  <File Type="OPT-DCP" Name="systolic_opt.dcp"/>
  <File Type="OPT-DRC" Name="systolic_drc_opted.rpt"/>
  <File Type="PWROPT-DCP" Name="systolic_pwropt.dcp"/>
  <File Type="PWROPT-DRC" Name="systolic_drc_pwropted.rpt"/>
  <File Type="PWROPT-TIMING" Name="systolic_timing_summary_pwropted.rpt"/>
  <File Type="PLACE-DCP" Name="systolic_placed.dcp"/>
  <File Type="PLACE-IO" Name="systolic_io_placed.rpt"/>
  <File Type="PLACE-CLK" Name="systolic_clock_utilization_placed.rpt"/>
  <File Type="PLACE-UTIL" Name="systolic_utilization_placed.rpt"/>
  <File Type="PLACE-UTIL-PB" Name="systolic_utilization_placed.pb"/>
  <File Type="PLACE-CTRL" Name="systolic_control_sets_placed.rpt"/>
  <File Type="PLACE-SIMILARITY" Name="systolic_incremental_reuse_placed.rpt"/>
  <File Type="PLACE-PRE-SIMILARITY" Name="systolic_incremental_reuse_pre_placed.rpt"/>
  <File Type="BG-BIN" Name="systolic.bin"/>
  <File Type="PLACE-TIMING" Name="systolic_timing_summary_placed.rpt"/>
  <File Type="POSTPLACE-PWROPT-DCP" Name="systolic_postplace_pwropt.dcp"/>
  <File Type="BITSTR-MSK" Name="systolic.msk"/>
  <File Type="POSTPLACE-PWROPT-TIMING" Name="systolic_timing_summary_postplace_pwropted.rpt"/>
  <File Type="PHYSOPT-DCP" Name="systolic_physopt.dcp"/>
  <File Type="PHYSOPT-DRC" Name="systolic_drc_physopted.rpt"/>
  <File Type="BITSTR-RBT" Name="systolic.rbt"/>
  <File Type="PHYSOPT-TIMING" Name="systolic_timing_summary_physopted.rpt"/>
  <File Type="ROUTE-ERROR-DCP" Name="systolic_routed_error.dcp"/>
  <File Type="ROUTE-DCP" Name="systolic_routed.dcp"/>
  <File Type="ROUTE-BLACKBOX-DCP" Name="systolic_routed_bb.dcp"/>
  <File Type="ROUTE-DRC" Name="systolic_drc_routed.rpt"/>
  <File Type="ROUTE-DRC-PB" Name="systolic_drc_routed.pb"/>
  <File Type="ROUTE-DRC-RPX" Name="systolic_drc_routed.rpx"/>
  <File Type="ROUTE-METHODOLOGY-DRC" Name="systolic_methodology_drc_routed.rpt"/>
  <File Type="ROUTE-METHODOLOGY-DRC-RPX" Name="systolic_methodology_drc_routed.rpx"/>
  <File Type="ROUTE-METHODOLOGY-DRC-PB" Name="systolic_methodology_drc_routed.pb"/>
  <File Type="ROUTE-PWR-RPX" Name="systolic_power_routed.rpx"/>
  <File Type="ROUTE-STATUS" Name="systolic_route_status.rpt"/>
  <File Type="ROUTE-STATUS-PB" Name="systolic_route_status.pb"/>
  <File Type="ROUTE-TIMINGSUMMARY" Name="systolic_timing_summary_routed.rpt"/>
  <File Type="ROUTE-TIMING-PB" Name="systolic_timing_summary_routed.pb"/>
  <File Type="ROUTE-TIMING-RPX" Name="systolic_timing_summary_routed.rpx"/>
  <File Type="ROUTE-SIMILARITY" Name="systolic_incremental_reuse_routed.rpt"/>
  <File Type="ROUTE-CLK" Name="systolic_clock_utilization_routed.rpt"/>
  <File Type="ROUTE-BUS-SKEW-PB" Name="systolic_bus_skew_routed.pb"/>
  <File Type="ROUTE-BUS-SKEW-RPX" Name="systolic_bus_skew_routed.rpx"/>
  <File Type="POSTROUTE-PHYSOPT-DCP" Name="systolic_postroute_physopt.dcp"/>
  <File Type="POSTROUTE-PHYSOPT-BLACKBOX-DCP" Name="systolic_postroute_physopt_bb.dcp"/>
  <File Type="POSTROUTE-PHYSOPT-TIMING" Name="systolic_timing_summary_postroute_physopted.rpt"/>
  <File Type="POSTROUTE-PHYSOPT-TIMING-PB" Name="systolic_timing_summary_postroute_physopted.pb"/>
  <File Type="POSTROUTE-PHYSOPT-TIMING-RPX" Name="systolic_timing_summary_postroute_physopted.rpx"/>
  <File Type="POSTROUTE-PHYSOPT-BUS-SKEW" Name="systolic_bus_skew_postroute_physopted.rpt"/>
  <File Type="BG-BIT" Name="systolic.bit"/>
  <File Type="POSTROUTE-PHYSOPT-BUS-SKEW-PB" Name="systolic_bus_skew_postroute_physopted.pb"/>
  <File Type="POSTROUTE-PHYSOPT-BUS-SKEW-RPX" Name="systolic_bus_skew_postroute_physopted.rpx"/>
  <File Type="BITSTR-NKY" Name="systolic.nky"/>
  <File Type="BITSTR-BMM" Name="systolic_bd.bmm"/>
  <File Type="PDI-FILE" Name="systolic.pdi"/>
  <File Type="RCFI_FILE" Name="systolic.rcfi"/>
  <File Type="CFI_FILE" Name="systolic.cfi"/>
  <File Type="RNPI_FILE" Name="systolic.rnpi"/>
  <File Type="NPI_FILE" Name="systolic.npi"/>
  <File Type="RBD_FILE" Name="systolic.rbd"/>
  <File Type="BITSTR-LTX" Name="debug_nets.ltx"/>
  <File Type="BITSTR-LTX" Name="systolic.ltx"/>
  <File Type="BITSTR-SYSDEF" Name="systolic.sysdef"/>
  <File Type="BG-BGN" Name="systolic.bgn"/>
  <File Type="BG-DRC" Name="systolic.drc"/>
  <File Type="RDI-RDI" Name="systolic.vdi"/>
  <File Type="WBT-USG" Name="usage_statistics_webtalk.html"/>
  <File Type="ROUTE-RQS" Name="systolic_routed.rqs"/>
  <File Type="POSTROUTE-PHYSOPT-RQS" Name="systolic_postroute_physopted.rqs"/>
  <File Type="ROUTE-RQS-RPT" Name="route_report_qor_suggestions_0.rpt"/>
  <File Type="POSTROUTE-PHYSOPT-RQS-RPT" Name="postroute_physopt_report_qor_suggestions_0.rpt"/>
  <FileSet Name="sources" Type="DesignSrcs" RelSrcDir="$PSRCDIR/sources_1" RelGenDir="$PGENDIR/sources_1">
    <Filter Type="Srcs"/>
    <File Path="$PSRCDIR/sources_1/imports/sysgen/conv_pkg.v">
      <FileInfo SFType="VHeader">
        <Attr Name="ImportPath" Val="$PPRDIR/../sysgen/conv_pkg.v"/>
        <Attr Name="ImportTime" Val="1664420524"/>
        <Attr Name="UsedIn" Val="synthesis"/>
        <Attr Name="UsedIn" Val="simulation"/>
        <Attr Name="IsVisible" Val="1"/>
      </FileInfo>
    </File>
    <File Path="$PSRCDIR/sources_1/imports/sysgen/convert_type.v">
      <FileInfo>
        <Attr Name="ImportPath" Val="$PPRDIR/../sysgen/convert_type.v"/>
        <Attr Name="ImportTime" Val="1664420524"/>
        <Attr Name="UsedIn" Val="synthesis"/>
        <Attr Name="UsedIn" Val="implementation"/>
        <Attr Name="UsedIn" Val="simulation"/>
      </FileInfo>
    </File>
    <File Path="$PSRCDIR/sources_1/imports/sysgen/synth_reg.v">
      <FileInfo>
        <Attr Name="ImportPath" Val="$PPRDIR/../sysgen/synth_reg.v"/>
        <Attr Name="ImportTime" Val="1664420524"/>
        <Attr Name="UsedIn" Val="synthesis"/>
        <Attr Name="UsedIn" Val="implementation"/>
        <Attr Name="UsedIn" Val="simulation"/>
      </FileInfo>
    </File>
    <File Path="$PSRCDIR/sources_1/imports/sysgen/synth_reg_w_init.v">
      <FileInfo>
        <Attr Name="ImportPath" Val="$PPRDIR/../sysgen/synth_reg_w_init.v"/>
        <Attr Name="ImportTime" Val="1664420524"/>
        <Attr Name="UsedIn" Val="synthesis"/>
        <Attr Name="UsedIn" Val="implementation"/>
        <Attr Name="UsedIn" Val="simulation"/>
      </FileInfo>
    </File>
    <File Path="$PSRCDIR/sources_1/imports/sysgen/systolic_entity_declarations.v">
      <FileInfo>
        <Attr Name="ImportPath" Val="$PPRDIR/../sysgen/systolic_entity_declarations.v"/>
        <Attr Name="ImportTime" Val="1664420524"/>
        <Attr Name="UsedIn" Val="synthesis"/>
        <Attr Name="UsedIn" Val="implementation"/>
        <Attr Name="UsedIn" Val="simulation"/>
      </FileInfo>
    </File>
    <File Path="$PSRCDIR/sources_1/imports/sysgen/xlclockdriver_rd.v">
      <FileInfo>
        <Attr Name="ImportPath" Val="$PPRDIR/../sysgen/xlclockdriver_rd.v"/>
        <Attr Name="ImportTime" Val="1664420524"/>
        <Attr Name="UsedIn" Val="synthesis"/>
        <Attr Name="UsedIn" Val="implementation"/>
        <Attr Name="UsedIn" Val="simulation"/>
      </FileInfo>
    </File>
    <File Path="$PSRCDIR/sources_1/imports/sysgen/systolic.v">
      <FileInfo>
        <Attr Name="ImportPath" Val="$PPRDIR/../sysgen/systolic.v"/>
        <Attr Name="ImportTime" Val="1664420524"/>
        <Attr Name="UsedIn" Val="synthesis"/>
        <Attr Name="UsedIn" Val="implementation"/>
        <Attr Name="UsedIn" Val="simulation"/>
      </FileInfo>
    </File>
    <Config>
      <Option Name="DesignMode" Val="RTL"/>
      <Option Name="TopModule" Val="systolic"/>
    </Config>
  </FileSet>
  <FileSet Name="constrs_in" Type="Constrs" RelSrcDir="$PSRCDIR/constrs_1">
    <Filter Type="Constrs"/>
    <File Path="$PSRCDIR/constrs_1/imports/sysgen/systolic_clock.xdc">
      <FileInfo>
        <Attr Name="ImportPath" Val="$PPRDIR/../sysgen/systolic_clock.xdc"/>
        <Attr Name="ImportTime" Val="1664420524"/>
        <Attr Name="UsedIn" Val="synthesis"/>
        <Attr Name="UsedIn" Val="implementation"/>
      </FileInfo>
    </File>
    <File Path="$PSRCDIR/constrs_1/imports/sysgen/systolic.xdc">
      <FileInfo>
        <Attr Name="ImportPath" Val="$PPRDIR/../sysgen/systolic.xdc"/>
        <Attr Name="ImportTime" Val="1664420524"/>
        <Attr Name="UsedIn" Val="synthesis"/>
        <Attr Name="UsedIn" Val="implementation"/>
      </FileInfo>
    </File>
    <Config>
      <Option Name="ConstrsType" Val="XDC"/>
    </Config>
  </FileSet>
  <FileSet Name="utils" Type="Utils" RelSrcDir="$PSRCDIR/utils_1">
    <Filter Type="Utils"/>
    <Config>
      <Option Name="TopAutoSet" Val="TRUE"/>
    </Config>
  </FileSet>
  <Strategy Version="1" Minor="2">
    <StratHandle Name="Vivado Implementation Defaults" Flow="Vivado Implementation 2022">
      <Desc>Default settings for Implementation.</Desc>
    </StratHandle>
    <Step Id="init_design"/>
    <Step Id="opt_design"/>
    <Step Id="power_opt_design"/>
    <Step Id="place_design"/>
    <Step Id="post_place_power_opt_design"/>
    <Step Id="phys_opt_design"/>
    <Step Id="route_design"/>
    <Step Id="post_route_phys_opt_design"/>
    <Step Id="write_bitstream"/>
  </Strategy>
  <BlockFileSet Type="BlockSrcs" Name="systolic_mult_gen_v12_0_i0"/>
  <BlockFileSet Type="BlockSrcs" Name="systolic_c_counter_binary_v12_0_i0"/>
</GenRun>
