<?xml version="1.0"?>
<Runs Version="1" Minor="0">
	<Run Id="hwcosim_top_sys_clk_wiz_0_synth_1" LaunchDir="C:/ELEC522/asc8/prj2/netlist/hwcosim/systolic.runs/hwcosim_top_sys_clk_wiz_0_synth_1" FlowId="Vivado_Synthesis" FromStepId="vivado" ToStepId="vivado"/>
	<Run Id="hwcosim_top_proc_sys_reset_0_synth_1" LaunchDir="C:/ELEC522/asc8/prj2/netlist/hwcosim/systolic.runs/hwcosim_top_proc_sys_reset_0_synth_1" FlowId="Vivado_Synthesis" FromStepId="vivado" ToStepId="vivado"/>
	<Run Id="hwcosim_top_hwc_jtag_axi_transport_0_0_synth_1" LaunchDir="C:/ELEC522/asc8/prj2/netlist/hwcosim/systolic.runs/hwcosim_top_hwc_jtag_axi_transport_0_0_synth_1" FlowId="Vivado_Synthesis" FromStepId="vivado" ToStepId="vivado"/>
	<Run Id="hwcosim_top_hwcosim_cmd_proc_0_synth_1" LaunchDir="C:/ELEC522/asc8/prj2/netlist/hwcosim/systolic.runs/hwcosim_top_hwcosim_cmd_proc_0_synth_1" FlowId="Vivado_Synthesis" FromStepId="vivado" ToStepId="vivado"/>
	<Run Id="hwcosim_top_axis_dwidth_converter_tx_0_synth_1" LaunchDir="C:/ELEC522/asc8/prj2/netlist/hwcosim/systolic.runs/hwcosim_top_axis_dwidth_converter_tx_0_synth_1" FlowId="Vivado_Synthesis" FromStepId="vivado" ToStepId="vivado"/>
	<Run Id="hwcosim_top_axis_data_fifo_tx_0_synth_1" LaunchDir="C:/ELEC522/asc8/prj2/netlist/hwcosim/systolic.runs/hwcosim_top_axis_data_fifo_tx_0_synth_1" FlowId="Vivado_Synthesis" FromStepId="vivado" ToStepId="vivado"/>
	<Run Id="hwcosim_top_axis_dwidth_converter_rx_0_synth_1" LaunchDir="C:/ELEC522/asc8/prj2/netlist/hwcosim/systolic.runs/hwcosim_top_axis_dwidth_converter_rx_0_synth_1" FlowId="Vivado_Synthesis" FromStepId="vivado" ToStepId="vivado"/>
	<Run Id="hwcosim_top_systolic_0_0_synth_1" LaunchDir="C:/ELEC522/asc8/prj2/netlist/hwcosim/systolic.runs/hwcosim_top_systolic_0_0_synth_1" FlowId="Vivado_Synthesis" FromStepId="vivado" ToStepId="vivado"/>
	<Run Id="hwcosim_top_axis_data_fifo_rx_0_synth_1" LaunchDir="C:/ELEC522/asc8/prj2/netlist/hwcosim/systolic.runs/hwcosim_top_axis_data_fifo_rx_0_synth_1" FlowId="Vivado_Synthesis" FromStepId="vivado" ToStepId="vivado"/>
	<Run Id="synth_1" LaunchDir="C:/ELEC522/asc8/prj2/netlist/hwcosim/systolic.runs/synth_1" FlowId="Vivado_Synthesis" FromStepId="vivado" ToStepId="vivado">
		<Parent Id="hwcosim_top_sys_clk_wiz_0_synth_1"/>
		<Parent Id="hwcosim_top_proc_sys_reset_0_synth_1"/>
		<Parent Id="hwcosim_top_hwc_jtag_axi_transport_0_0_synth_1"/>
		<Parent Id="hwcosim_top_hwcosim_cmd_proc_0_synth_1"/>
		<Parent Id="hwcosim_top_axis_dwidth_converter_tx_0_synth_1"/>
		<Parent Id="hwcosim_top_axis_data_fifo_tx_0_synth_1"/>
		<Parent Id="hwcosim_top_axis_dwidth_converter_rx_0_synth_1"/>
		<Parent Id="hwcosim_top_systolic_0_0_synth_1"/>
		<Parent Id="hwcosim_top_axis_data_fifo_rx_0_synth_1"/>
	</Run>
	<Parameters>
		<Parameter Name="runs.monitorLSFJobs" Val="true" Type="bool"/>
		<Parameter Name="runs.enableClusterConf" Val="true" Type="bool"/>
	</Parameters>
</Runs>

