<?xml version="1.0" encoding="UTF-8"?>
<GenRun Id="impl_1" LaunchPart="xc7z020clg484-1" LaunchTime="1664507302">
  <File Type="OPT-HWDEF" Name="hwcosim_top_wrapper.hwdef"/>
  <File Type="ROUTE-BUS-SKEW" Name="hwcosim_top_wrapper_bus_skew_routed.rpt"/>
  <File Type="PA-DCP" Name="hwcosim_top_wrapper.dcp"/>
  <File Type="ROUTE-PWR" Name="hwcosim_top_wrapper_power_routed.rpt"/>
  <File Type="PA-TCL" Name="hwcosim_top_wrapper.tcl"/>
  <File Type="BITSTR-MMI" Name="hwcosim_top_wrapper.mmi"/>
  <File Type="OPT-METHODOLOGY-DRC" Name="hwcosim_top_wrapper_methodology_drc_opted.rpt"/>
  <File Type="INIT-TIMING" Name="hwcosim_top_wrapper_timing_summary_init.rpt"/>
  <File Type="ROUTE-PWR-SUM" Name="hwcosim_top_wrapper_power_summary_routed.pb"/>
  <File Type="REPORTS-TCL" Name="hwcosim_top_wrapper_reports.tcl"/>
  <File Type="OPT-TIMING" Name="hwcosim_top_wrapper_timing_summary_opted.rpt"/>
  <File Type="OPT-DCP" Name="hwcosim_top_wrapper_opt.dcp"/>
  <File Type="OPT-DRC" Name="hwcosim_top_wrapper_drc_opted.rpt"/>
  <File Type="PWROPT-DCP" Name="hwcosim_top_wrapper_pwropt.dcp"/>
  <File Type="PWROPT-DRC" Name="hwcosim_top_wrapper_drc_pwropted.rpt"/>
  <File Type="PWROPT-TIMING" Name="hwcosim_top_wrapper_timing_summary_pwropted.rpt"/>
  <File Type="PLACE-DCP" Name="hwcosim_top_wrapper_placed.dcp"/>
  <File Type="PLACE-IO" Name="hwcosim_top_wrapper_io_placed.rpt"/>
  <File Type="PLACE-CLK" Name="hwcosim_top_wrapper_clock_utilization_placed.rpt"/>
  <File Type="PLACE-UTIL" Name="hwcosim_top_wrapper_utilization_placed.rpt"/>
  <File Type="PLACE-UTIL-PB" Name="hwcosim_top_wrapper_utilization_placed.pb"/>
  <File Type="PLACE-CTRL" Name="hwcosim_top_wrapper_control_sets_placed.rpt"/>
  <File Type="PLACE-SIMILARITY" Name="hwcosim_top_wrapper_incremental_reuse_placed.rpt"/>
  <File Type="PLACE-PRE-SIMILARITY" Name="hwcosim_top_wrapper_incremental_reuse_pre_placed.rpt"/>
  <File Type="BG-BIN" Name="hwcosim_top_wrapper.bin"/>
  <File Type="PLACE-TIMING" Name="hwcosim_top_wrapper_timing_summary_placed.rpt"/>
  <File Type="POSTPLACE-PWROPT-DCP" Name="hwcosim_top_wrapper_postplace_pwropt.dcp"/>
  <File Type="BITSTR-MSK" Name="hwcosim_top_wrapper.msk"/>
  <File Type="POSTPLACE-PWROPT-TIMING" Name="hwcosim_top_wrapper_timing_summary_postplace_pwropted.rpt"/>
  <File Type="PHYSOPT-DCP" Name="hwcosim_top_wrapper_physopt.dcp"/>
  <File Type="PHYSOPT-DRC" Name="hwcosim_top_wrapper_drc_physopted.rpt"/>
  <File Type="BITSTR-RBT" Name="hwcosim_top_wrapper.rbt"/>
  <File Type="PHYSOPT-TIMING" Name="hwcosim_top_wrapper_timing_summary_physopted.rpt"/>
  <File Type="ROUTE-ERROR-DCP" Name="hwcosim_top_wrapper_routed_error.dcp"/>
  <File Type="ROUTE-DCP" Name="hwcosim_top_wrapper_routed.dcp"/>
  <File Type="ROUTE-BLACKBOX-DCP" Name="hwcosim_top_wrapper_routed_bb.dcp"/>
  <File Type="ROUTE-DRC" Name="hwcosim_top_wrapper_drc_routed.rpt"/>
  <File Type="ROUTE-DRC-PB" Name="hwcosim_top_wrapper_drc_routed.pb"/>
  <File Type="ROUTE-DRC-RPX" Name="hwcosim_top_wrapper_drc_routed.rpx"/>
  <File Type="ROUTE-METHODOLOGY-DRC" Name="hwcosim_top_wrapper_methodology_drc_routed.rpt"/>
  <File Type="ROUTE-METHODOLOGY-DRC-RPX" Name="hwcosim_top_wrapper_methodology_drc_routed.rpx"/>
  <File Type="ROUTE-METHODOLOGY-DRC-PB" Name="hwcosim_top_wrapper_methodology_drc_routed.pb"/>
  <File Type="ROUTE-PWR-RPX" Name="hwcosim_top_wrapper_power_routed.rpx"/>
  <File Type="ROUTE-STATUS" Name="hwcosim_top_wrapper_route_status.rpt"/>
  <File Type="ROUTE-STATUS-PB" Name="hwcosim_top_wrapper_route_status.pb"/>
  <File Type="ROUTE-TIMINGSUMMARY" Name="hwcosim_top_wrapper_timing_summary_routed.rpt"/>
  <File Type="ROUTE-TIMING-PB" Name="hwcosim_top_wrapper_timing_summary_routed.pb"/>
  <File Type="ROUTE-TIMING-RPX" Name="hwcosim_top_wrapper_timing_summary_routed.rpx"/>
  <File Type="ROUTE-SIMILARITY" Name="hwcosim_top_wrapper_incremental_reuse_routed.rpt"/>
  <File Type="ROUTE-CLK" Name="hwcosim_top_wrapper_clock_utilization_routed.rpt"/>
  <File Type="ROUTE-BUS-SKEW-PB" Name="hwcosim_top_wrapper_bus_skew_routed.pb"/>
  <File Type="ROUTE-BUS-SKEW-RPX" Name="hwcosim_top_wrapper_bus_skew_routed.rpx"/>
  <File Type="POSTROUTE-PHYSOPT-DCP" Name="hwcosim_top_wrapper_postroute_physopt.dcp"/>
  <File Type="POSTROUTE-PHYSOPT-BLACKBOX-DCP" Name="hwcosim_top_wrapper_postroute_physopt_bb.dcp"/>
  <File Type="POSTROUTE-PHYSOPT-TIMING" Name="hwcosim_top_wrapper_timing_summary_postroute_physopted.rpt"/>
  <File Type="POSTROUTE-PHYSOPT-TIMING-PB" Name="hwcosim_top_wrapper_timing_summary_postroute_physopted.pb"/>
  <File Type="POSTROUTE-PHYSOPT-TIMING-RPX" Name="hwcosim_top_wrapper_timing_summary_postroute_physopted.rpx"/>
  <File Type="POSTROUTE-PHYSOPT-BUS-SKEW" Name="hwcosim_top_wrapper_bus_skew_postroute_physopted.rpt"/>
  <File Type="BG-BIT" Name="hwcosim_top_wrapper.bit"/>
  <File Type="POSTROUTE-PHYSOPT-BUS-SKEW-PB" Name="hwcosim_top_wrapper_bus_skew_postroute_physopted.pb"/>
  <File Type="POSTROUTE-PHYSOPT-BUS-SKEW-RPX" Name="hwcosim_top_wrapper_bus_skew_postroute_physopted.rpx"/>
  <File Type="BITSTR-NKY" Name="hwcosim_top_wrapper.nky"/>
  <File Type="BITSTR-BMM" Name="hwcosim_top_wrapper_bd.bmm"/>
  <File Type="PDI-FILE" Name="hwcosim_top_wrapper.pdi"/>
  <File Type="RCFI_FILE" Name="hwcosim_top_wrapper.rcfi"/>
  <File Type="CFI_FILE" Name="hwcosim_top_wrapper.cfi"/>
  <File Type="RNPI_FILE" Name="hwcosim_top_wrapper.rnpi"/>
  <File Type="NPI_FILE" Name="hwcosim_top_wrapper.npi"/>
  <File Type="RBD_FILE" Name="hwcosim_top_wrapper.rbd"/>
  <File Type="BITSTR-LTX" Name="debug_nets.ltx"/>
  <File Type="BITSTR-LTX" Name="hwcosim_top_wrapper.ltx"/>
  <File Type="BITSTR-SYSDEF" Name="hwcosim_top_wrapper.sysdef"/>
  <File Type="BG-BGN" Name="hwcosim_top_wrapper.bgn"/>
  <File Type="BG-DRC" Name="hwcosim_top_wrapper.drc"/>
  <File Type="RDI-RDI" Name="hwcosim_top_wrapper.vdi"/>
  <File Type="WBT-USG" Name="usage_statistics_webtalk.html"/>
  <File Type="ROUTE-RQS" Name="hwcosim_top_wrapper_routed.rqs"/>
  <File Type="POSTROUTE-PHYSOPT-RQS" Name="hwcosim_top_wrapper_postroute_physopted.rqs"/>
  <File Type="ROUTE-RQS-RPT" Name="route_report_qor_suggestions_0.rpt"/>
  <File Type="POSTROUTE-PHYSOPT-RQS-RPT" Name="postroute_physopt_report_qor_suggestions_0.rpt"/>
  <FileSet Name="sources" Type="DesignSrcs" RelSrcDir="$PSRCDIR/sources_1" RelGenDir="$PGENDIR/sources_1">
    <Filter Type="Srcs"/>
    <File Path="$PSRCDIR/sources_1/bd/hwcosim_top/hwcosim_top.bd">
      <FileInfo>
        <Attr Name="UsedIn" Val="synthesis"/>
        <Attr Name="UsedIn" Val="implementation"/>
        <Attr Name="UsedIn" Val="simulation"/>
      </FileInfo>
    </File>
    <File Path="$PGENDIR/sources_1/bd/hwcosim_top/hdl/hwcosim_top_wrapper.v">
      <FileInfo>
        <Attr Name="UsedIn" Val="synthesis"/>
        <Attr Name="UsedIn" Val="implementation"/>
        <Attr Name="UsedIn" Val="simulation"/>
      </FileInfo>
    </File>
    <File Path="$PSRCDIR/sources_1/ip/systolic_0/systolic_0.xci">
      <FileInfo>
        <Attr Name="AutoDisabled" Val="1"/>
        <Attr Name="UsedIn" Val="synthesis"/>
        <Attr Name="UsedIn" Val="implementation"/>
        <Attr Name="UsedIn" Val="simulation"/>
      </FileInfo>
    </File>
    <File Path="$PSRCDIR/sources_1/imports/sysgen/systolic_mod.v">
      <FileInfo>
        <Attr Name="AutoDisabled" Val="1"/>
        <Attr Name="ImportPath" Val="$PPRDIR/../sysgen/systolic_mod.v"/>
        <Attr Name="ImportTime" Val="1664506934"/>
        <Attr Name="UsedIn" Val="synthesis"/>
        <Attr Name="UsedIn" Val="implementation"/>
        <Attr Name="UsedIn" Val="simulation"/>
      </FileInfo>
    </File>
    <Config>
      <Option Name="DesignMode" Val="RTL"/>
      <Option Name="TopModule" Val="hwcosim_top_wrapper"/>
    </Config>
  </FileSet>
  <FileSet Name="constrs_in" Type="Constrs" RelSrcDir="$PSRCDIR/constrs_1">
    <Filter Type="Constrs"/>
    <File Path="$PSRCDIR/constrs_1/imports/sysgen/systolic_clock.xdc">
      <FileInfo>
        <Attr Name="ImportPath" Val="$PPRDIR/../sysgen/systolic_clock.xdc"/>
        <Attr Name="ImportTime" Val="1664506926"/>
        <Attr Name="UsedIn" Val="synthesis"/>
        <Attr Name="UsedIn" Val="implementation"/>
      </FileInfo>
    </File>
    <File Path="$PSRCDIR/constrs_1/imports/sysgen/systolic.xdc">
      <FileInfo>
        <Attr Name="ImportPath" Val="$PPRDIR/../sysgen/systolic.xdc"/>
        <Attr Name="ImportTime" Val="1664506926"/>
        <Attr Name="UsedIn" Val="synthesis"/>
        <Attr Name="UsedIn" Val="implementation"/>
      </FileInfo>
    </File>
    <File Path="$PSRCDIR/constrs_1/imports/common/jtag_hwcosim_top.xdc">
      <FileInfo>
        <Attr Name="ImportPath" Val="$PPRDIR/../../../../../Xilinx/Vivado/2022.1/data/sysgen/hwcosim_ip_repos/common/jtag_hwcosim_top.xdc"/>
        <Attr Name="ImportTime" Val="1650319087"/>
        <Attr Name="UsedIn" Val="synthesis"/>
        <Attr Name="UsedIn" Val="implementation"/>
      </FileInfo>
    </File>
    <Config>
      <Option Name="ConstrsType" Val="XDC"/>
    </Config>
  </FileSet>
  <FileSet Name="utils" Type="Utils" RelSrcDir="$PSRCDIR/utils_1">
    <Filter Type="Utils"/>
    <Config>
      <Option Name="TopAutoSet" Val="TRUE"/>
    </Config>
  </FileSet>
  <Strategy Version="1" Minor="2">
    <StratHandle Name="Vivado Implementation Defaults" Flow="Vivado Implementation 2022"/>
    <Step Id="init_design"/>
    <Step Id="opt_design"/>
    <Step Id="power_opt_design"/>
    <Step Id="place_design"/>
    <Step Id="post_place_power_opt_design"/>
    <Step Id="phys_opt_design"/>
    <Step Id="route_design"/>
    <Step Id="post_route_phys_opt_design"/>
    <Step Id="write_bitstream"/>
  </Strategy>
  <BlockFileSet Type="BlockSrcs" Name="hwcosim_top_systolic_0_0"/>
  <BlockFileSet Type="BlockSrcs" Name="hwcosim_top_sys_clk_wiz_0"/>
  <BlockFileSet Type="BlockSrcs" Name="hwcosim_top_axis_dwidth_converter_rx_0"/>
  <BlockFileSet Type="BlockSrcs" Name="hwcosim_top_proc_sys_reset_0"/>
  <BlockFileSet Type="BlockSrcs" Name="hwcosim_top_hwc_jtag_axi_transport_0_0"/>
  <BlockFileSet Type="BlockSrcs" Name="hwcosim_top_axis_data_fifo_tx_0"/>
  <BlockFileSet Type="BlockSrcs" Name="hwcosim_top_hwcosim_cmd_proc_0"/>
  <BlockFileSet Type="BlockSrcs" Name="hwcosim_top_axis_dwidth_converter_tx_0"/>
  <BlockFileSet Type="BlockSrcs" Name="hwcosim_top_axis_data_fifo_rx_0"/>
</GenRun>
