{
  "Top": "LinearSolver",
  "RtlTop": "LinearSolver",
  "RtlPrefix": "",
  "RtlSubPrefix": "LinearSolver_",
  "SourceLanguage": "cpp",
  "HostMachineBits": "64",
  "FunctionProtocol": "ap_ctrl_hs",
  "ResetStyle": "control",
  "Target": {
    "Family": "zynq",
    "Device": "xc7z020",
    "Package": "-clg484",
    "Speed": "-1",
    "Triple": "fpga64-xilinx-none"
  },
  "Args": {
    "A": {
      "index": "0",
      "direction": "in",
      "srcType": "ap_fixed<16, 3, AP_TRN, AP_WRAP, 0>*",
      "srcSize": "16",
      "hwRefs": [{
          "type": "memory",
          "interface": "s_axi_A_in",
          "name": "A",
          "usage": "data",
          "direction": "in"
        }]
    },
    "b": {
      "index": "1",
      "direction": "in",
      "srcType": "ap_fixed<16, 3, AP_TRN, AP_WRAP, 0>*",
      "srcSize": "16",
      "hwRefs": [{
          "type": "memory",
          "interface": "s_axi_b_in",
          "name": "b",
          "usage": "data",
          "direction": "in"
        }]
    },
    "x": {
      "index": "2",
      "direction": "out",
      "srcType": "ap_fixed<16, 3, AP_TRN, AP_WRAP, 0>*",
      "srcSize": "16",
      "hwRefs": [{
          "type": "memory",
          "interface": "s_axi_x_out",
          "name": "x",
          "usage": "data",
          "direction": "out"
        }]
    }
  },
  "HlsSolution": {
    "FlowTarget": "vivado",
    "ConfigTcl": [
      "config_export -format=ip_catalog",
      "config_export -output=F:\/VLSI\/Project6\/project6_final\/Vitis_HLS\/project6_final_hls_linearsolver\/solution1",
      "config_export -rtl=verilog"
    ],
    "DirectiveTcl": ["set_directive_top -name LinearSolver \"LinearSolver\""],
    "ProfileOption": "0",
    "ProfileType": "none",
    "KernelName": "LinearSolver"
  },
  "ClockInfo": {
    "ClockName": "ap_clk",
    "ClockPeriod": "10",
    "Uncertainty": "2.7",
    "IsCombinational": "0",
    "II": "16",
    "Latency": "444"
  },
  "Xdc": {"OocClocks": ["create_clock -name ap_clk -period 10.000 [get_ports ap_clk]"]},
  "Ipx": {
    "Vendor": "xilinx.com",
    "Library": "hls",
    "Name": "LinearSolver",
    "Version": "1.0",
    "DisplayName": "Linearsolver",
    "Revision": "2112808977",
    "Description": "An IP generated by Vitis HLS",
    "Taxonomy": "\/VITIS_HLS_IP",
    "AutoFamilySupport": "",
    "ZipFile": "xilinx_com_hls_LinearSolver_1_0.zip"
  },
  "Files": {
    "CSource": ["..\/..\/..\/fpga_hls_LinearSolver\/linearsolver.cpp"],
    "Vhdl": [
      "impl\/vhdl\/LinearSolver_A_in_s_axi.vhd",
      "impl\/vhdl\/LinearSolver_b_in_s_axi.vhd",
      "impl\/vhdl\/LinearSolver_cordic.vhd",
      "impl\/vhdl\/LinearSolver_mac_muladd_16s_16s_29ns_29_4_1.vhd",
      "impl\/vhdl\/LinearSolver_mac_mulsub_16s_16s_29s_32_4_1.vhd",
      "impl\/vhdl\/LinearSolver_mac_mulsub_16s_16s_32s_33_4_1.vhd",
      "impl\/vhdl\/LinearSolver_mac_mulsub_16s_16s_33s_33_4_1.vhd",
      "impl\/vhdl\/LinearSolver_mul_mul_16s_16s_29_4_1.vhd",
      "impl\/vhdl\/LinearSolver_qr_decomposition.vhd",
      "impl\/vhdl\/LinearSolver_sdiv_29ns_16s_16_33_1.vhd",
      "impl\/vhdl\/LinearSolver_sdiv_45ns_16s_45_49_1.vhd",
      "impl\/vhdl\/LinearSolver_sdiv_46ns_16s_46_50_1.vhd",
      "impl\/vhdl\/LinearSolver_x_out_s_axi.vhd",
      "impl\/vhdl\/LinearSolver.vhd"
    ],
    "Verilog": [
      "impl\/verilog\/LinearSolver_A_in_s_axi.v",
      "impl\/verilog\/LinearSolver_b_in_s_axi.v",
      "impl\/verilog\/LinearSolver_cordic.v",
      "impl\/verilog\/LinearSolver_mac_muladd_16s_16s_29ns_29_4_1.v",
      "impl\/verilog\/LinearSolver_mac_mulsub_16s_16s_29s_32_4_1.v",
      "impl\/verilog\/LinearSolver_mac_mulsub_16s_16s_32s_33_4_1.v",
      "impl\/verilog\/LinearSolver_mac_mulsub_16s_16s_33s_33_4_1.v",
      "impl\/verilog\/LinearSolver_mul_mul_16s_16s_29_4_1.v",
      "impl\/verilog\/LinearSolver_qr_decomposition.v",
      "impl\/verilog\/LinearSolver_sdiv_29ns_16s_16_33_1.v",
      "impl\/verilog\/LinearSolver_sdiv_45ns_16s_45_49_1.v",
      "impl\/verilog\/LinearSolver_sdiv_46ns_16s_46_50_1.v",
      "impl\/verilog\/LinearSolver_x_out_s_axi.v",
      "impl\/verilog\/LinearSolver.v"
    ],
    "SwDriver": [
      "impl\/misc\/drivers\/LinearSolver_v1_0\/data\/LinearSolver.mdd",
      "impl\/misc\/drivers\/LinearSolver_v1_0\/data\/LinearSolver.tcl",
      "impl\/misc\/drivers\/LinearSolver_v1_0\/src\/Makefile",
      "impl\/misc\/drivers\/LinearSolver_v1_0\/src\/xlinearsolver.c",
      "impl\/misc\/drivers\/LinearSolver_v1_0\/src\/xlinearsolver.h",
      "impl\/misc\/drivers\/LinearSolver_v1_0\/src\/xlinearsolver_hw.h",
      "impl\/misc\/drivers\/LinearSolver_v1_0\/src\/xlinearsolver_linux.c",
      "impl\/misc\/drivers\/LinearSolver_v1_0\/src\/xlinearsolver_sinit.c"
    ],
    "IpMisc": ["impl\/misc\/logo.png"],
    "CsynthXml": "syn\/report\/csynth.xml",
    "DebugDir": ".debug",
    "KernelXml": ".autopilot\/db\/kernel.internal.xml",
    "Xo": "",
    "XoHlsDir": "",
    "ProtoInst": [".debug\/LinearSolver.protoinst"]
  },
  "SubcoreInfo": {
    "HasXpmMemory": false,
    "HasClockedDsp": false,
    "Ip": []
  },
  "Interfaces": {
    "s_axi_A_in": {
      "type": "axi4lite",
      "busTypeName": "aximm",
      "mode": "slave",
      "dataWidth": "32",
      "addrWidth": "6",
      "portPrefix": "s_axi_A_in_",
      "paramPrefix": "C_S_AXI_A_IN_",
      "ports": [
        "s_axi_A_in_ARADDR",
        "s_axi_A_in_ARREADY",
        "s_axi_A_in_ARVALID",
        "s_axi_A_in_AWADDR",
        "s_axi_A_in_AWREADY",
        "s_axi_A_in_AWVALID",
        "s_axi_A_in_BREADY",
        "s_axi_A_in_BRESP",
        "s_axi_A_in_BVALID",
        "s_axi_A_in_RDATA",
        "s_axi_A_in_RREADY",
        "s_axi_A_in_RRESP",
        "s_axi_A_in_RVALID",
        "s_axi_A_in_WDATA",
        "s_axi_A_in_WREADY",
        "s_axi_A_in_WSTRB",
        "s_axi_A_in_WVALID"
      ],
      "memories": {"A": {
          "offset": "32",
          "range": "32"
        }},
      "constraints": [{
          "constraint_type": "pragma interface",
          "mode": "s_axilite",
          "register_option": "0",
          "offset": "32",
          "argName": "A"
        }]
    },
    "s_axi_b_in": {
      "type": "axi4lite",
      "busTypeName": "aximm",
      "mode": "slave",
      "dataWidth": "32",
      "addrWidth": "5",
      "portPrefix": "s_axi_b_in_",
      "paramPrefix": "C_S_AXI_B_IN_",
      "ports": [
        "s_axi_b_in_ARADDR",
        "s_axi_b_in_ARREADY",
        "s_axi_b_in_ARVALID",
        "s_axi_b_in_AWADDR",
        "s_axi_b_in_AWREADY",
        "s_axi_b_in_AWVALID",
        "s_axi_b_in_BREADY",
        "s_axi_b_in_BRESP",
        "s_axi_b_in_BVALID",
        "s_axi_b_in_RDATA",
        "s_axi_b_in_RREADY",
        "s_axi_b_in_RRESP",
        "s_axi_b_in_RVALID",
        "s_axi_b_in_WDATA",
        "s_axi_b_in_WREADY",
        "s_axi_b_in_WSTRB",
        "s_axi_b_in_WVALID"
      ],
      "memories": {"b": {
          "offset": "16",
          "range": "8"
        }},
      "constraints": [{
          "constraint_type": "pragma interface",
          "mode": "s_axilite",
          "register_option": "0",
          "offset": "16",
          "argName": "b"
        }]
    },
    "s_axi_x_out": {
      "type": "axi4lite",
      "busTypeName": "aximm",
      "mode": "slave",
      "dataWidth": "32",
      "addrWidth": "5",
      "portPrefix": "s_axi_x_out_",
      "paramPrefix": "C_S_AXI_X_OUT_",
      "ports": [
        "s_axi_x_out_ARADDR",
        "s_axi_x_out_ARREADY",
        "s_axi_x_out_ARVALID",
        "s_axi_x_out_AWADDR",
        "s_axi_x_out_AWREADY",
        "s_axi_x_out_AWVALID",
        "s_axi_x_out_BREADY",
        "s_axi_x_out_BRESP",
        "s_axi_x_out_BVALID",
        "s_axi_x_out_RDATA",
        "s_axi_x_out_RREADY",
        "s_axi_x_out_RRESP",
        "s_axi_x_out_RVALID",
        "s_axi_x_out_WDATA",
        "s_axi_x_out_WREADY",
        "s_axi_x_out_WSTRB",
        "s_axi_x_out_WVALID"
      ],
      "memories": {"x": {
          "offset": "16",
          "range": "8"
        }},
      "constraints": [{
          "constraint_type": "pragma interface",
          "mode": "s_axilite",
          "register_option": "0",
          "offset": "16",
          "argName": "x"
        }]
    },
    "ap_clk": {
      "type": "clock",
      "busTypeName": "clock",
      "mode": "slave",
      "busParams": {
        "ASSOCIATED_BUSIF": "s_axi_A_in:s_axi_b_in:s_axi_x_out",
        "ASSOCIATED_RESET": "ap_rst_n"
      },
      "portMap": {"ap_clk": "CLK"},
      "ports": ["ap_clk"]
    },
    "ap_rst_n": {
      "type": "reset",
      "busTypeName": "reset",
      "mode": "slave",
      "busParams": {"POLARITY": "ACTIVE_LOW"},
      "portMap": {"ap_rst_n": "RST"},
      "ports": ["ap_rst_n"]
    },
    "ap_ctrl": {
      "type": "ap_ctrl",
      "busTypeName": "acc_handshake",
      "mode": "slave",
      "portMap": {
        "ap_start": "start",
        "ap_done": "done",
        "ap_idle": "idle",
        "ap_ready": "ready"
      },
      "ports": [
        "ap_done",
        "ap_idle",
        "ap_ready",
        "ap_start"
      ]
    }
  },
  "RtlPorts": {
    "s_axi_A_in_AWVALID": {
      "dir": "in",
      "width": "1"
    },
    "s_axi_A_in_AWREADY": {
      "dir": "out",
      "width": "1"
    },
    "s_axi_A_in_AWADDR": {
      "dir": "in",
      "width": "6"
    },
    "s_axi_A_in_WVALID": {
      "dir": "in",
      "width": "1"
    },
    "s_axi_A_in_WREADY": {
      "dir": "out",
      "width": "1"
    },
    "s_axi_A_in_WDATA": {
      "dir": "in",
      "width": "32"
    },
    "s_axi_A_in_WSTRB": {
      "dir": "in",
      "width": "4"
    },
    "s_axi_A_in_ARVALID": {
      "dir": "in",
      "width": "1"
    },
    "s_axi_A_in_ARREADY": {
      "dir": "out",
      "width": "1"
    },
    "s_axi_A_in_ARADDR": {
      "dir": "in",
      "width": "6"
    },
    "s_axi_A_in_RVALID": {
      "dir": "out",
      "width": "1"
    },
    "s_axi_A_in_RREADY": {
      "dir": "in",
      "width": "1"
    },
    "s_axi_A_in_RDATA": {
      "dir": "out",
      "width": "32"
    },
    "s_axi_A_in_RRESP": {
      "dir": "out",
      "width": "2"
    },
    "s_axi_A_in_BVALID": {
      "dir": "out",
      "width": "1"
    },
    "s_axi_A_in_BREADY": {
      "dir": "in",
      "width": "1"
    },
    "s_axi_A_in_BRESP": {
      "dir": "out",
      "width": "2"
    },
    "s_axi_b_in_AWVALID": {
      "dir": "in",
      "width": "1"
    },
    "s_axi_b_in_AWREADY": {
      "dir": "out",
      "width": "1"
    },
    "s_axi_b_in_AWADDR": {
      "dir": "in",
      "width": "5"
    },
    "s_axi_b_in_WVALID": {
      "dir": "in",
      "width": "1"
    },
    "s_axi_b_in_WREADY": {
      "dir": "out",
      "width": "1"
    },
    "s_axi_b_in_WDATA": {
      "dir": "in",
      "width": "32"
    },
    "s_axi_b_in_WSTRB": {
      "dir": "in",
      "width": "4"
    },
    "s_axi_b_in_ARVALID": {
      "dir": "in",
      "width": "1"
    },
    "s_axi_b_in_ARREADY": {
      "dir": "out",
      "width": "1"
    },
    "s_axi_b_in_ARADDR": {
      "dir": "in",
      "width": "5"
    },
    "s_axi_b_in_RVALID": {
      "dir": "out",
      "width": "1"
    },
    "s_axi_b_in_RREADY": {
      "dir": "in",
      "width": "1"
    },
    "s_axi_b_in_RDATA": {
      "dir": "out",
      "width": "32"
    },
    "s_axi_b_in_RRESP": {
      "dir": "out",
      "width": "2"
    },
    "s_axi_b_in_BVALID": {
      "dir": "out",
      "width": "1"
    },
    "s_axi_b_in_BREADY": {
      "dir": "in",
      "width": "1"
    },
    "s_axi_b_in_BRESP": {
      "dir": "out",
      "width": "2"
    },
    "s_axi_x_out_AWVALID": {
      "dir": "in",
      "width": "1"
    },
    "s_axi_x_out_AWREADY": {
      "dir": "out",
      "width": "1"
    },
    "s_axi_x_out_AWADDR": {
      "dir": "in",
      "width": "5"
    },
    "s_axi_x_out_WVALID": {
      "dir": "in",
      "width": "1"
    },
    "s_axi_x_out_WREADY": {
      "dir": "out",
      "width": "1"
    },
    "s_axi_x_out_WDATA": {
      "dir": "in",
      "width": "32"
    },
    "s_axi_x_out_WSTRB": {
      "dir": "in",
      "width": "4"
    },
    "s_axi_x_out_ARVALID": {
      "dir": "in",
      "width": "1"
    },
    "s_axi_x_out_ARREADY": {
      "dir": "out",
      "width": "1"
    },
    "s_axi_x_out_ARADDR": {
      "dir": "in",
      "width": "5"
    },
    "s_axi_x_out_RVALID": {
      "dir": "out",
      "width": "1"
    },
    "s_axi_x_out_RREADY": {
      "dir": "in",
      "width": "1"
    },
    "s_axi_x_out_RDATA": {
      "dir": "out",
      "width": "32"
    },
    "s_axi_x_out_RRESP": {
      "dir": "out",
      "width": "2"
    },
    "s_axi_x_out_BVALID": {
      "dir": "out",
      "width": "1"
    },
    "s_axi_x_out_BREADY": {
      "dir": "in",
      "width": "1"
    },
    "s_axi_x_out_BRESP": {
      "dir": "out",
      "width": "2"
    },
    "ap_clk": {
      "dir": "in",
      "width": "1"
    },
    "ap_rst_n": {
      "dir": "in",
      "width": "1"
    },
    "ap_start": {
      "dir": "in",
      "width": "1"
    },
    "ap_done": {
      "dir": "out",
      "width": "1"
    },
    "ap_idle": {
      "dir": "out",
      "width": "1"
    },
    "ap_ready": {
      "dir": "out",
      "width": "1"
    }
  },
  "ModuleInfo": {
    "Hierarchy": {
      "ModuleName": "LinearSolver",
      "Instances": [{
          "ModuleName": "qr_decomposition",
          "InstanceName": "grp_qr_decomposition_fu_154",
          "Instances": [
            {
              "ModuleName": "cordic",
              "InstanceName": "grp_cordic_fu_213"
            },
            {
              "ModuleName": "cordic",
              "InstanceName": "grp_cordic_fu_224"
            },
            {
              "ModuleName": "cordic",
              "InstanceName": "grp_cordic_fu_233"
            }
          ]
        }]
    },
    "Info": {
      "cordic": {
        "FunctionProtocol": "ap_ctrl_hs",
        "isTaskLevelControl": "0",
        "isPipelined": "1",
        "isCombinational": "0",
        "isOneStateSeq": "0"
      },
      "qr_decomposition": {
        "FunctionProtocol": "ap_ctrl_hs",
        "isTaskLevelControl": "0",
        "isPipelined": "1",
        "isCombinational": "0",
        "isOneStateSeq": "0"
      },
      "LinearSolver": {
        "FunctionProtocol": "ap_ctrl_hs",
        "isTaskLevelControl": "0",
        "isPipelined": "1",
        "isCombinational": "0",
        "isOneStateSeq": "0"
      }
    },
    "Metrics": {
      "cordic": {
        "Latency": {
          "LatencyBest": "27",
          "LatencyAvg": "27",
          "LatencyWorst": "27",
          "PipelineII": "1",
          "PipelineDepth": "28",
          "PipelineType": "yes"
        },
        "Timing": {
          "Target": "10.00",
          "Uncertainty": "2.70",
          "Estimate": "7.296"
        },
        "Area": {
          "FF": "2091",
          "AVAIL_FF": "106400",
          "UTIL_FF": "1",
          "LUT": "5858",
          "AVAIL_LUT": "53200",
          "UTIL_LUT": "11",
          "BRAM_18K": "0",
          "AVAIL_BRAM": "280",
          "UTIL_BRAM": "0",
          "DSP": "0",
          "AVAIL_DSP": "220",
          "UTIL_DSP": "0",
          "URAM": "0",
          "AVAIL_URAM": "0",
          "UTIL_URAM": "0"
        }
      },
      "qr_decomposition": {
        "Latency": {
          "LatencyBest": "240",
          "LatencyAvg": "240",
          "LatencyWorst": "240",
          "PipelineII": "16",
          "PipelineDepth": "241",
          "PipelineType": "yes"
        },
        "Timing": {
          "Target": "10.00",
          "Uncertainty": "2.70",
          "Estimate": "7.612"
        },
        "Area": {
          "FF": "11425",
          "AVAIL_FF": "106400",
          "UTIL_FF": "10",
          "LUT": "20267",
          "AVAIL_LUT": "53200",
          "UTIL_LUT": "38",
          "BRAM_18K": "0",
          "AVAIL_BRAM": "280",
          "UTIL_BRAM": "0",
          "DSP": "0",
          "AVAIL_DSP": "220",
          "UTIL_DSP": "0",
          "URAM": "0",
          "AVAIL_URAM": "0",
          "UTIL_URAM": "0"
        }
      },
      "LinearSolver": {
        "Latency": {
          "LatencyBest": "444",
          "LatencyAvg": "444",
          "LatencyWorst": "444",
          "PipelineII": "16",
          "PipelineDepth": "445",
          "PipelineType": "yes"
        },
        "Timing": {
          "Target": "10.00",
          "Uncertainty": "2.70",
          "Estimate": "7.612"
        },
        "Area": {
          "BRAM_18K": "0",
          "AVAIL_BRAM": "280",
          "UTIL_BRAM": "0",
          "DSP": "22",
          "AVAIL_DSP": "220",
          "UTIL_DSP": "10",
          "FF": "29574",
          "AVAIL_FF": "106400",
          "UTIL_FF": "27",
          "LUT": "33388",
          "AVAIL_LUT": "53200",
          "UTIL_LUT": "62",
          "URAM": "0",
          "AVAIL_URAM": "0",
          "UTIL_URAM": "0"
        }
      }
    }
  },
  "GenerateBdFiles": "0",
  "GenData": {
    "DataVersion": "0.2",
    "Time": "2022-12-11 20:57:54 -0600",
    "ToolName": "vitis_hls",
    "ToolVersion": "2022.1"
  }
}
