{"sourceFile": [{
      "name": "",
      "directive": [
        {
          "functionName": "cordic",
          "label": "",
          "functionLabel": "",
          "id": "1",
          "sourceFile": "C:\/ELEC522\/hl116\/Project5\/project5_final\/Vitis_HLS\/project5_final_hls\/solution1\/directives.tcl",
          "sourceLine": "6",
          "pragma": {
            "name": "TOP",
            "option": [{
                "name": "name",
                "value": "cordic"
              }]
          }
        },
        {
          "functionName": "cordic",
          "label": "",
          "functionLabel": "",
          "id": "2",
          "sourceFile": "C:\/ELEC522\/hl116\/Project5\/project5_final\/Vitis_HLS\/project5_final_hls\/solution1\/csynth.tcl",
          "sourceLine": "16",
          "pragma": {
            "name": "TOP",
            "option": [{
                "name": "name",
                "value": "cordic"
              }]
          }
        }
      ]
    }]}
