<?xml version="1.0" encoding="utf-8"?>
<xd:acceleratorMap xmlns:xd="http://www.xilinx.com/xidane" xd:functionName="LinearSolver" xd:componentRef="LinearSolver" xd:initiationInterval="693" xd:clockPeriod="10" xd:sequential="true" xd:hostMachine="64" xd:reset="control">
  <xd:controlReg xd:name="control" xd:interfaceRef="s_axi_HLS_TREEADD_PERIPH_BUS" xd:busTypeRef="axilite" xd:type="generic_axi_lite" xd:offset="0x0"/>
  <xd:arg xd:name="a11" xd:originalName="a11" xd:direction="in" xd:interfaceRef="s_axi_HLS_TREEADD_PERIPH_BUS" xd:busTypeRef="axilite" xd:offset="0x10" xd:handshakeRef="ap_none" xd:dataWidth="32"/>
  <xd:arg xd:name="a12" xd:originalName="a12" xd:direction="in" xd:interfaceRef="s_axi_HLS_TREEADD_PERIPH_BUS" xd:busTypeRef="axilite" xd:offset="0x18" xd:handshakeRef="ap_none" xd:dataWidth="32"/>
  <xd:arg xd:name="a13" xd:originalName="a13" xd:direction="in" xd:interfaceRef="s_axi_HLS_TREEADD_PERIPH_BUS" xd:busTypeRef="axilite" xd:offset="0x20" xd:handshakeRef="ap_none" xd:dataWidth="32"/>
  <xd:arg xd:name="a14" xd:originalName="a14" xd:direction="in" xd:interfaceRef="s_axi_HLS_TREEADD_PERIPH_BUS" xd:busTypeRef="axilite" xd:offset="0x28" xd:handshakeRef="ap_none" xd:dataWidth="32"/>
  <xd:arg xd:name="a21" xd:originalName="a21" xd:direction="in" xd:interfaceRef="s_axi_HLS_TREEADD_PERIPH_BUS" xd:busTypeRef="axilite" xd:offset="0x30" xd:handshakeRef="ap_none" xd:dataWidth="32"/>
  <xd:arg xd:name="a22" xd:originalName="a22" xd:direction="in" xd:interfaceRef="s_axi_HLS_TREEADD_PERIPH_BUS" xd:busTypeRef="axilite" xd:offset="0x38" xd:handshakeRef="ap_none" xd:dataWidth="32"/>
  <xd:arg xd:name="a23" xd:originalName="a23" xd:direction="in" xd:interfaceRef="s_axi_HLS_TREEADD_PERIPH_BUS" xd:busTypeRef="axilite" xd:offset="0x40" xd:handshakeRef="ap_none" xd:dataWidth="32"/>
  <xd:arg xd:name="a24" xd:originalName="a24" xd:direction="in" xd:interfaceRef="s_axi_HLS_TREEADD_PERIPH_BUS" xd:busTypeRef="axilite" xd:offset="0x48" xd:handshakeRef="ap_none" xd:dataWidth="32"/>
  <xd:arg xd:name="a31" xd:originalName="a31" xd:direction="in" xd:interfaceRef="s_axi_HLS_TREEADD_PERIPH_BUS" xd:busTypeRef="axilite" xd:offset="0x50" xd:handshakeRef="ap_none" xd:dataWidth="32"/>
  <xd:arg xd:name="a32" xd:originalName="a32" xd:direction="in" xd:interfaceRef="s_axi_HLS_TREEADD_PERIPH_BUS" xd:busTypeRef="axilite" xd:offset="0x58" xd:handshakeRef="ap_none" xd:dataWidth="32"/>
  <xd:arg xd:name="a33" xd:originalName="a33" xd:direction="in" xd:interfaceRef="s_axi_HLS_TREEADD_PERIPH_BUS" xd:busTypeRef="axilite" xd:offset="0x60" xd:handshakeRef="ap_none" xd:dataWidth="32"/>
  <xd:arg xd:name="a34" xd:originalName="a34" xd:direction="in" xd:interfaceRef="s_axi_HLS_TREEADD_PERIPH_BUS" xd:busTypeRef="axilite" xd:offset="0x68" xd:handshakeRef="ap_none" xd:dataWidth="32"/>
  <xd:arg xd:name="a41" xd:originalName="a41" xd:direction="in" xd:interfaceRef="s_axi_HLS_TREEADD_PERIPH_BUS" xd:busTypeRef="axilite" xd:offset="0x70" xd:handshakeRef="ap_none" xd:dataWidth="32"/>
  <xd:arg xd:name="a42" xd:originalName="a42" xd:direction="in" xd:interfaceRef="s_axi_HLS_TREEADD_PERIPH_BUS" xd:busTypeRef="axilite" xd:offset="0x78" xd:handshakeRef="ap_none" xd:dataWidth="32"/>
  <xd:arg xd:name="a43" xd:originalName="a43" xd:direction="in" xd:interfaceRef="s_axi_HLS_TREEADD_PERIPH_BUS" xd:busTypeRef="axilite" xd:offset="0x80" xd:handshakeRef="ap_none" xd:dataWidth="32"/>
  <xd:arg xd:name="a44" xd:originalName="a44" xd:direction="in" xd:interfaceRef="s_axi_HLS_TREEADD_PERIPH_BUS" xd:busTypeRef="axilite" xd:offset="0x88" xd:handshakeRef="ap_none" xd:dataWidth="32"/>
  <xd:arg xd:name="b1" xd:originalName="b1" xd:direction="in" xd:interfaceRef="s_axi_HLS_TREEADD_PERIPH_BUS" xd:busTypeRef="axilite" xd:offset="0x90" xd:handshakeRef="ap_none" xd:dataWidth="32"/>
  <xd:arg xd:name="b2" xd:originalName="b2" xd:direction="in" xd:interfaceRef="s_axi_HLS_TREEADD_PERIPH_BUS" xd:busTypeRef="axilite" xd:offset="0x98" xd:handshakeRef="ap_none" xd:dataWidth="32"/>
  <xd:arg xd:name="b3" xd:originalName="b3" xd:direction="in" xd:interfaceRef="s_axi_HLS_TREEADD_PERIPH_BUS" xd:busTypeRef="axilite" xd:offset="0xA0" xd:handshakeRef="ap_none" xd:dataWidth="32"/>
  <xd:arg xd:name="b4" xd:originalName="b4" xd:direction="in" xd:interfaceRef="s_axi_HLS_TREEADD_PERIPH_BUS" xd:busTypeRef="axilite" xd:offset="0xA8" xd:handshakeRef="ap_none" xd:dataWidth="32"/>
  <xd:arg xd:name="*(x1)" xd:originalName="x1" xd:direction="out" xd:interfaceRef="s_axi_HLS_TREEADD_PERIPH_BUS" xd:busTypeRef="axilite" xd:offset="0xB0" xd:statusOffset="0xB4" xd:handshakeRef="ap_vld" xd:dataWidth="32"/>
  <xd:arg xd:name="*(x2)" xd:originalName="x2" xd:direction="out" xd:interfaceRef="s_axi_HLS_TREEADD_PERIPH_BUS" xd:busTypeRef="axilite" xd:offset="0xC0" xd:statusOffset="0xC4" xd:handshakeRef="ap_vld" xd:dataWidth="32"/>
  <xd:arg xd:name="*(x3)" xd:originalName="x3" xd:direction="out" xd:interfaceRef="s_axi_HLS_TREEADD_PERIPH_BUS" xd:busTypeRef="axilite" xd:offset="0xD0" xd:statusOffset="0xD4" xd:handshakeRef="ap_vld" xd:dataWidth="32"/>
  <xd:arg xd:name="*(x4)" xd:originalName="x4" xd:direction="out" xd:interfaceRef="s_axi_HLS_TREEADD_PERIPH_BUS" xd:busTypeRef="axilite" xd:offset="0xE0" xd:statusOffset="0xE4" xd:handshakeRef="ap_vld" xd:dataWidth="32"/>
  <xd:latencyEstimates xd:best-case="692" xd:worst-case="692" xd:average-case="692"/>
  <xd:resourceEstimates xd:LUT="31996" xd:FF="21859" xd:BRAM="0" xd:DSP="58"/>
</xd:acceleratorMap>
