<?xml version="1.0" encoding="UTF-8"?>
<project>
  <core name="" type="" target="">
    <kernel name="LinearSolver" language="c" vlnv="xilinx.com:hls:LinearSolver:1.0" attributes="" hash="" preferredWorkGroupSizeMultiple="0" workGroupSize="1" debug="false" interrupt="true">
      <port name="S_AXI_HLS_TREEADD_PERIPH_BUS" mode="slave" range="0x1000" portType="addressable" base="0x00000000"/>
      <arg name="a11" addressQualifier="0" id="0" port="S_AXI_HLS_TREEADD_PERIPH_BUS" size="0x4" offset="0x10" hostOffset="0x0" hostSize="0x4" type=""/>
      <arg name="a12" addressQualifier="0" id="1" port="S_AXI_HLS_TREEADD_PERIPH_BUS" size="0x4" offset="0x18" hostOffset="0x0" hostSize="0x4" type=""/>
      <arg name="a13" addressQualifier="0" id="2" port="S_AXI_HLS_TREEADD_PERIPH_BUS" size="0x4" offset="0x20" hostOffset="0x0" hostSize="0x4" type=""/>
      <arg name="a14" addressQualifier="0" id="3" port="S_AXI_HLS_TREEADD_PERIPH_BUS" size="0x4" offset="0x28" hostOffset="0x0" hostSize="0x4" type=""/>
      <arg name="a21" addressQualifier="0" id="4" port="S_AXI_HLS_TREEADD_PERIPH_BUS" size="0x4" offset="0x30" hostOffset="0x0" hostSize="0x4" type=""/>
      <arg name="a22" addressQualifier="0" id="5" port="S_AXI_HLS_TREEADD_PERIPH_BUS" size="0x4" offset="0x38" hostOffset="0x0" hostSize="0x4" type=""/>
      <arg name="a23" addressQualifier="0" id="6" port="S_AXI_HLS_TREEADD_PERIPH_BUS" size="0x4" offset="0x40" hostOffset="0x0" hostSize="0x4" type=""/>
      <arg name="a24" addressQualifier="0" id="7" port="S_AXI_HLS_TREEADD_PERIPH_BUS" size="0x4" offset="0x48" hostOffset="0x0" hostSize="0x4" type=""/>
      <arg name="a31" addressQualifier="0" id="8" port="S_AXI_HLS_TREEADD_PERIPH_BUS" size="0x4" offset="0x50" hostOffset="0x0" hostSize="0x4" type=""/>
      <arg name="a32" addressQualifier="0" id="9" port="S_AXI_HLS_TREEADD_PERIPH_BUS" size="0x4" offset="0x58" hostOffset="0x0" hostSize="0x4" type=""/>
      <arg name="a33" addressQualifier="0" id="10" port="S_AXI_HLS_TREEADD_PERIPH_BUS" size="0x4" offset="0x60" hostOffset="0x0" hostSize="0x4" type=""/>
      <arg name="a34" addressQualifier="0" id="11" port="S_AXI_HLS_TREEADD_PERIPH_BUS" size="0x4" offset="0x68" hostOffset="0x0" hostSize="0x4" type=""/>
      <arg name="a41" addressQualifier="0" id="12" port="S_AXI_HLS_TREEADD_PERIPH_BUS" size="0x4" offset="0x70" hostOffset="0x0" hostSize="0x4" type=""/>
      <arg name="a42" addressQualifier="0" id="13" port="S_AXI_HLS_TREEADD_PERIPH_BUS" size="0x4" offset="0x78" hostOffset="0x0" hostSize="0x4" type=""/>
      <arg name="a43" addressQualifier="0" id="14" port="S_AXI_HLS_TREEADD_PERIPH_BUS" size="0x4" offset="0x80" hostOffset="0x0" hostSize="0x4" type=""/>
      <arg name="a44" addressQualifier="0" id="15" port="S_AXI_HLS_TREEADD_PERIPH_BUS" size="0x4" offset="0x88" hostOffset="0x0" hostSize="0x4" type=""/>
      <arg name="b1" addressQualifier="0" id="16" port="S_AXI_HLS_TREEADD_PERIPH_BUS" size="0x4" offset="0x90" hostOffset="0x0" hostSize="0x4" type=""/>
      <arg name="b2" addressQualifier="0" id="17" port="S_AXI_HLS_TREEADD_PERIPH_BUS" size="0x4" offset="0x98" hostOffset="0x0" hostSize="0x4" type=""/>
      <arg name="b3" addressQualifier="0" id="18" port="S_AXI_HLS_TREEADD_PERIPH_BUS" size="0x4" offset="0xA0" hostOffset="0x0" hostSize="0x4" type=""/>
      <arg name="b4" addressQualifier="0" id="19" port="S_AXI_HLS_TREEADD_PERIPH_BUS" size="0x4" offset="0xA8" hostOffset="0x0" hostSize="0x4" type=""/>
      <arg name="x1" addressQualifier="0" id="20" port="S_AXI_HLS_TREEADD_PERIPH_BUS" size="0x4" offset="0xB0" hostOffset="0x0" hostSize="0x4" type=""/>
      <arg name="x2" addressQualifier="0" id="21" port="S_AXI_HLS_TREEADD_PERIPH_BUS" size="0x4" offset="0xC0" hostOffset="0x0" hostSize="0x4" type=""/>
      <arg name="x3" addressQualifier="0" id="22" port="S_AXI_HLS_TREEADD_PERIPH_BUS" size="0x4" offset="0xD0" hostOffset="0x0" hostSize="0x4" type=""/>
      <arg name="x4" addressQualifier="0" id="23" port="S_AXI_HLS_TREEADD_PERIPH_BUS" size="0x4" offset="0xE0" hostOffset="0x0" hostSize="0x4" type=""/>
      <compileWorkGroupSize x="1" y="1" z="1"/>
    </kernel>
  </core>
</project>
