{
  "Top": "LinearSolver",
  "RtlTop": "LinearSolver",
  "RtlPrefix": "",
  "RtlSubPrefix": "LinearSolver_",
  "SourceLanguage": "cpp",
  "HostMachineBits": "64",
  "FunctionProtocol": "ap_ctrl_hs",
  "ResetStyle": "control",
  "Target": {
    "Family": "zynq",
    "Device": "xc7z020",
    "Package": "-clg484",
    "Speed": "-1",
    "Triple": "fpga64-xilinx-none"
  },
  "Args": {
    "a": {
      "index": "0",
      "direction": "in",
      "srcType": "ap_fixed<16, 3, AP_TRN, AP_WRAP, 0>*",
      "srcSize": "16",
      "hwRefs": [
        {
          "type": "port",
          "interface": "a_address0",
          "name": "a_address0",
          "usage": "address",
          "direction": "out"
        },
        {
          "type": "port",
          "interface": "a_ce0",
          "name": "a_ce0",
          "usage": "control",
          "direction": "out"
        },
        {
          "type": "port",
          "interface": "a_q0",
          "name": "a_q0",
          "usage": "data",
          "direction": "in"
        },
        {
          "type": "port",
          "interface": "a_address1",
          "name": "a_address1",
          "usage": "address",
          "direction": "out"
        },
        {
          "type": "port",
          "interface": "a_ce1",
          "name": "a_ce1",
          "usage": "control",
          "direction": "out"
        },
        {
          "type": "port",
          "interface": "a_q1",
          "name": "a_q1",
          "usage": "data",
          "direction": "in"
        }
      ]
    },
    "b": {
      "index": "1",
      "direction": "in",
      "srcType": "ap_fixed<16, 3, AP_TRN, AP_WRAP, 0>*",
      "srcSize": "16",
      "hwRefs": [
        {
          "type": "port",
          "interface": "b_address0",
          "name": "b_address0",
          "usage": "address",
          "direction": "out"
        },
        {
          "type": "port",
          "interface": "b_ce0",
          "name": "b_ce0",
          "usage": "control",
          "direction": "out"
        },
        {
          "type": "port",
          "interface": "b_q0",
          "name": "b_q0",
          "usage": "data",
          "direction": "in"
        },
        {
          "type": "port",
          "interface": "b_address1",
          "name": "b_address1",
          "usage": "address",
          "direction": "out"
        },
        {
          "type": "port",
          "interface": "b_ce1",
          "name": "b_ce1",
          "usage": "control",
          "direction": "out"
        },
        {
          "type": "port",
          "interface": "b_q1",
          "name": "b_q1",
          "usage": "data",
          "direction": "in"
        }
      ]
    },
    "x": {
      "index": "2",
      "direction": "out",
      "srcType": "ap_fixed<16, 3, AP_TRN, AP_WRAP, 0>*",
      "srcSize": "16",
      "hwRefs": [
        {
          "type": "port",
          "interface": "x_address0",
          "name": "x_address0",
          "usage": "address",
          "direction": "out"
        },
        {
          "type": "port",
          "interface": "x_ce0",
          "name": "x_ce0",
          "usage": "control",
          "direction": "out"
        },
        {
          "type": "port",
          "interface": "x_we0",
          "name": "x_we0",
          "usage": "control",
          "direction": "out"
        },
        {
          "type": "port",
          "interface": "x_d0",
          "name": "x_d0",
          "usage": "data",
          "direction": "out"
        },
        {
          "type": "port",
          "interface": "x_address1",
          "name": "x_address1",
          "usage": "address",
          "direction": "out"
        },
        {
          "type": "port",
          "interface": "x_ce1",
          "name": "x_ce1",
          "usage": "control",
          "direction": "out"
        },
        {
          "type": "port",
          "interface": "x_we1",
          "name": "x_we1",
          "usage": "control",
          "direction": "out"
        },
        {
          "type": "port",
          "interface": "x_d1",
          "name": "x_d1",
          "usage": "data",
          "direction": "out"
        }
      ]
    }
  },
  "HlsSolution": {
    "FlowTarget": "vivado",
    "ConfigTcl": [
      "config_export -format=sysgen",
      "config_export -output=F:\/VLSI\/Project6\/project6_final\/Vitis_HLS\/project6_final_hls_linearsolver\/solution2-without_axilite",
      "config_export -rtl=verilog"
    ],
    "DirectiveTcl": ["set_directive_top -name LinearSolver \"LinearSolver\""],
    "ProfileOption": "0",
    "ProfileType": "none",
    "KernelName": "LinearSolver"
  },
  "ClockInfo": {
    "ClockName": "ap_clk",
    "ClockPeriod": "10",
    "Uncertainty": "2.7",
    "IsCombinational": "0",
    "II": "8",
    "Latency": "445"
  },
  "Xdc": {"OocClocks": ["create_clock -name ap_clk -period 10.000 [get_ports ap_clk]"]},
  "Ipx": {
    "Vendor": "xilinx.com",
    "Library": "hls",
    "Name": "LinearSolver",
    "Version": "1.0",
    "DisplayName": "Linearsolver",
    "Revision": "2112808811",
    "Description": "An IP generated by Vitis HLS",
    "Taxonomy": "\/VITIS_HLS_IP",
    "AutoFamilySupport": "",
    "ZipFile": "xilinx_com_hls_LinearSolver_1_0.zip"
  },
  "Files": {
    "CSource": ["..\/..\/..\/fpga_hls_LinearSolver\/linearsolver.cpp"],
    "Vhdl": [
      "impl\/vhdl\/LinearSolver_cordic.vhd",
      "impl\/vhdl\/LinearSolver_mac_muladd_16s_16s_29ns_29_4_1.vhd",
      "impl\/vhdl\/LinearSolver_mac_mulsub_16s_16s_29s_32_4_1.vhd",
      "impl\/vhdl\/LinearSolver_mac_mulsub_16s_16s_32s_33_4_1.vhd",
      "impl\/vhdl\/LinearSolver_mac_mulsub_16s_16s_33s_33_4_1.vhd",
      "impl\/vhdl\/LinearSolver_mul_mul_16s_16s_29_4_1.vhd",
      "impl\/vhdl\/LinearSolver_qr_sw.vhd",
      "impl\/vhdl\/LinearSolver_sdiv_29ns_16s_16_33_1.vhd",
      "impl\/vhdl\/LinearSolver_sdiv_45ns_16s_45_49_1.vhd",
      "impl\/vhdl\/LinearSolver_sdiv_46ns_16s_46_50_1.vhd",
      "impl\/vhdl\/LinearSolver.vhd"
    ],
    "Verilog": [
      "impl\/verilog\/LinearSolver_cordic.v",
      "impl\/verilog\/LinearSolver_mac_muladd_16s_16s_29ns_29_4_1.v",
      "impl\/verilog\/LinearSolver_mac_mulsub_16s_16s_29s_32_4_1.v",
      "impl\/verilog\/LinearSolver_mac_mulsub_16s_16s_32s_33_4_1.v",
      "impl\/verilog\/LinearSolver_mac_mulsub_16s_16s_33s_33_4_1.v",
      "impl\/verilog\/LinearSolver_mul_mul_16s_16s_29_4_1.v",
      "impl\/verilog\/LinearSolver_qr_sw.v",
      "impl\/verilog\/LinearSolver_sdiv_29ns_16s_16_33_1.v",
      "impl\/verilog\/LinearSolver_sdiv_45ns_16s_45_49_1.v",
      "impl\/verilog\/LinearSolver_sdiv_46ns_16s_46_50_1.v",
      "impl\/verilog\/LinearSolver.v"
    ],
    "IpMisc": ["impl\/misc\/logo.png"],
    "CsynthXml": "syn\/report\/csynth.xml",
    "DebugDir": ".debug",
    "KernelXml": ".autopilot\/db\/kernel.internal.xml",
    "Xo": "",
    "XoHlsDir": "",
    "ProtoInst": [".debug\/LinearSolver.protoinst"]
  },
  "SubcoreInfo": {
    "HasXpmMemory": false,
    "HasClockedDsp": false,
    "Ip": []
  },
  "Interfaces": {
    "ap_clk": {
      "type": "clock",
      "busTypeName": "clock",
      "mode": "slave",
      "busParams": {"ASSOCIATED_RESET": "ap_rst"},
      "portMap": {"ap_clk": "CLK"},
      "ports": ["ap_clk"]
    },
    "ap_rst": {
      "type": "reset",
      "busTypeName": "reset",
      "mode": "slave",
      "busParams": {"POLARITY": "ACTIVE_HIGH"},
      "portMap": {"ap_rst": "RST"},
      "ports": ["ap_rst"]
    },
    "ap_ctrl": {
      "type": "ap_ctrl",
      "busTypeName": "acc_handshake",
      "mode": "slave",
      "portMap": {
        "ap_start": "start",
        "ap_done": "done",
        "ap_idle": "idle",
        "ap_ready": "ready"
      },
      "ports": [
        "ap_done",
        "ap_idle",
        "ap_ready",
        "ap_start"
      ]
    },
    "a_address0": {
      "type": "data",
      "busTypeName": "data",
      "protocol": "ap_memory",
      "mode": "master",
      "dataWidth": "4",
      "portMap": {"a_address0": "DATA"},
      "ports": ["a_address0"],
      "constraints": [{
          "constraint_type": "pragma interface",
          "mode": "ap_memory",
          "register_option": "0",
          "argName": "a"
        }]
    },
    "a_q0": {
      "type": "data",
      "busTypeName": "data",
      "protocol": "ap_memory",
      "mode": "slave",
      "dataWidth": "16",
      "portMap": {"a_q0": "DATA"},
      "ports": ["a_q0"],
      "constraints": [{
          "constraint_type": "pragma interface",
          "mode": "ap_memory",
          "register_option": "0",
          "argName": "a"
        }]
    },
    "a_address1": {
      "type": "data",
      "busTypeName": "data",
      "protocol": "ap_memory",
      "mode": "master",
      "dataWidth": "4",
      "portMap": {"a_address1": "DATA"},
      "ports": ["a_address1"],
      "constraints": [{
          "constraint_type": "pragma interface",
          "mode": "ap_memory",
          "register_option": "0",
          "argName": "a"
        }]
    },
    "a_q1": {
      "type": "data",
      "busTypeName": "data",
      "protocol": "ap_memory",
      "mode": "slave",
      "dataWidth": "16",
      "portMap": {"a_q1": "DATA"},
      "ports": ["a_q1"],
      "constraints": [{
          "constraint_type": "pragma interface",
          "mode": "ap_memory",
          "register_option": "0",
          "argName": "a"
        }]
    },
    "b_address0": {
      "type": "data",
      "busTypeName": "data",
      "protocol": "ap_memory",
      "mode": "master",
      "dataWidth": "2",
      "portMap": {"b_address0": "DATA"},
      "ports": ["b_address0"],
      "constraints": [{
          "constraint_type": "pragma interface",
          "mode": "ap_memory",
          "register_option": "0",
          "argName": "b"
        }]
    },
    "b_q0": {
      "type": "data",
      "busTypeName": "data",
      "protocol": "ap_memory",
      "mode": "slave",
      "dataWidth": "16",
      "portMap": {"b_q0": "DATA"},
      "ports": ["b_q0"],
      "constraints": [{
          "constraint_type": "pragma interface",
          "mode": "ap_memory",
          "register_option": "0",
          "argName": "b"
        }]
    },
    "b_address1": {
      "type": "data",
      "busTypeName": "data",
      "protocol": "ap_memory",
      "mode": "master",
      "dataWidth": "2",
      "portMap": {"b_address1": "DATA"},
      "ports": ["b_address1"],
      "constraints": [{
          "constraint_type": "pragma interface",
          "mode": "ap_memory",
          "register_option": "0",
          "argName": "b"
        }]
    },
    "b_q1": {
      "type": "data",
      "busTypeName": "data",
      "protocol": "ap_memory",
      "mode": "slave",
      "dataWidth": "16",
      "portMap": {"b_q1": "DATA"},
      "ports": ["b_q1"],
      "constraints": [{
          "constraint_type": "pragma interface",
          "mode": "ap_memory",
          "register_option": "0",
          "argName": "b"
        }]
    },
    "x_address0": {
      "type": "data",
      "busTypeName": "data",
      "protocol": "ap_memory",
      "mode": "master",
      "dataWidth": "2",
      "portMap": {"x_address0": "DATA"},
      "ports": ["x_address0"],
      "constraints": [{
          "constraint_type": "pragma interface",
          "mode": "ap_memory",
          "register_option": "0",
          "argName": "x"
        }]
    },
    "x_d0": {
      "type": "data",
      "busTypeName": "data",
      "protocol": "ap_memory",
      "mode": "master",
      "dataWidth": "16",
      "portMap": {"x_d0": "DATA"},
      "ports": ["x_d0"],
      "constraints": [{
          "constraint_type": "pragma interface",
          "mode": "ap_memory",
          "register_option": "0",
          "argName": "x"
        }]
    },
    "x_address1": {
      "type": "data",
      "busTypeName": "data",
      "protocol": "ap_memory",
      "mode": "master",
      "dataWidth": "2",
      "portMap": {"x_address1": "DATA"},
      "ports": ["x_address1"],
      "constraints": [{
          "constraint_type": "pragma interface",
          "mode": "ap_memory",
          "register_option": "0",
          "argName": "x"
        }]
    },
    "x_d1": {
      "type": "data",
      "busTypeName": "data",
      "protocol": "ap_memory",
      "mode": "master",
      "dataWidth": "16",
      "portMap": {"x_d1": "DATA"},
      "ports": ["x_d1"],
      "constraints": [{
          "constraint_type": "pragma interface",
          "mode": "ap_memory",
          "register_option": "0",
          "argName": "x"
        }]
    }
  },
  "RtlPorts": {
    "ap_clk": {
      "dir": "in",
      "width": "1"
    },
    "ap_rst": {
      "dir": "in",
      "width": "1"
    },
    "ap_start": {
      "dir": "in",
      "width": "1"
    },
    "ap_done": {
      "dir": "out",
      "width": "1"
    },
    "ap_idle": {
      "dir": "out",
      "width": "1"
    },
    "ap_ready": {
      "dir": "out",
      "width": "1"
    },
    "a_address0": {
      "dir": "out",
      "width": "4"
    },
    "a_ce0": {
      "dir": "out",
      "width": "1"
    },
    "a_q0": {
      "dir": "in",
      "width": "16"
    },
    "a_address1": {
      "dir": "out",
      "width": "4"
    },
    "a_ce1": {
      "dir": "out",
      "width": "1"
    },
    "a_q1": {
      "dir": "in",
      "width": "16"
    },
    "b_address0": {
      "dir": "out",
      "width": "2"
    },
    "b_ce0": {
      "dir": "out",
      "width": "1"
    },
    "b_q0": {
      "dir": "in",
      "width": "16"
    },
    "b_address1": {
      "dir": "out",
      "width": "2"
    },
    "b_ce1": {
      "dir": "out",
      "width": "1"
    },
    "b_q1": {
      "dir": "in",
      "width": "16"
    },
    "x_address0": {
      "dir": "out",
      "width": "2"
    },
    "x_ce0": {
      "dir": "out",
      "width": "1"
    },
    "x_we0": {
      "dir": "out",
      "width": "1"
    },
    "x_d0": {
      "dir": "out",
      "width": "16"
    },
    "x_address1": {
      "dir": "out",
      "width": "2"
    },
    "x_ce1": {
      "dir": "out",
      "width": "1"
    },
    "x_we1": {
      "dir": "out",
      "width": "1"
    },
    "x_d1": {
      "dir": "out",
      "width": "16"
    }
  },
  "ModuleInfo": {
    "Hierarchy": {
      "ModuleName": "LinearSolver",
      "Instances": [{
          "ModuleName": "qr_sw",
          "InstanceName": "grp_qr_sw_fu_319",
          "Instances": [
            {
              "ModuleName": "cordic",
              "InstanceName": "grp_cordic_fu_142"
            },
            {
              "ModuleName": "cordic",
              "InstanceName": "grp_cordic_fu_152"
            },
            {
              "ModuleName": "cordic",
              "InstanceName": "grp_cordic_fu_161"
            },
            {
              "ModuleName": "cordic",
              "InstanceName": "grp_cordic_fu_171"
            },
            {
              "ModuleName": "cordic",
              "InstanceName": "grp_cordic_fu_180"
            },
            {
              "ModuleName": "cordic",
              "InstanceName": "grp_cordic_fu_189"
            },
            {
              "ModuleName": "cordic",
              "InstanceName": "grp_cordic_fu_199"
            },
            {
              "ModuleName": "cordic",
              "InstanceName": "grp_cordic_fu_208"
            },
            {
              "ModuleName": "cordic",
              "InstanceName": "grp_cordic_fu_219"
            },
            {
              "ModuleName": "cordic",
              "InstanceName": "grp_cordic_fu_230"
            },
            {
              "ModuleName": "cordic",
              "InstanceName": "grp_cordic_fu_241"
            },
            {
              "ModuleName": "cordic",
              "InstanceName": "grp_cordic_fu_250"
            },
            {
              "ModuleName": "cordic",
              "InstanceName": "grp_cordic_fu_259"
            },
            {
              "ModuleName": "cordic",
              "InstanceName": "grp_cordic_fu_269"
            },
            {
              "ModuleName": "cordic",
              "InstanceName": "grp_cordic_fu_278"
            },
            {
              "ModuleName": "cordic",
              "InstanceName": "grp_cordic_fu_288"
            },
            {
              "ModuleName": "cordic",
              "InstanceName": "grp_cordic_fu_298"
            },
            {
              "ModuleName": "cordic",
              "InstanceName": "grp_cordic_fu_308"
            },
            {
              "ModuleName": "cordic",
              "InstanceName": "grp_cordic_fu_318"
            },
            {
              "ModuleName": "cordic",
              "InstanceName": "grp_cordic_fu_327"
            },
            {
              "ModuleName": "cordic",
              "InstanceName": "grp_cordic_fu_336"
            },
            {
              "ModuleName": "cordic",
              "InstanceName": "grp_cordic_fu_346"
            },
            {
              "ModuleName": "cordic",
              "InstanceName": "grp_cordic_fu_355"
            },
            {
              "ModuleName": "cordic",
              "InstanceName": "grp_cordic_fu_365"
            },
            {
              "ModuleName": "cordic",
              "InstanceName": "grp_cordic_fu_375"
            },
            {
              "ModuleName": "cordic",
              "InstanceName": "grp_cordic_fu_385"
            },
            {
              "ModuleName": "cordic",
              "InstanceName": "grp_cordic_fu_395"
            },
            {
              "ModuleName": "cordic",
              "InstanceName": "grp_cordic_fu_404"
            },
            {
              "ModuleName": "cordic",
              "InstanceName": "grp_cordic_fu_413"
            },
            {
              "ModuleName": "cordic",
              "InstanceName": "grp_cordic_fu_422"
            },
            {
              "ModuleName": "cordic",
              "InstanceName": "grp_cordic_fu_431"
            },
            {
              "ModuleName": "cordic",
              "InstanceName": "grp_cordic_fu_440"
            },
            {
              "ModuleName": "cordic",
              "InstanceName": "grp_cordic_fu_449"
            },
            {
              "ModuleName": "cordic",
              "InstanceName": "grp_cordic_fu_458"
            },
            {
              "ModuleName": "cordic",
              "InstanceName": "grp_cordic_fu_467"
            },
            {
              "ModuleName": "cordic",
              "InstanceName": "grp_cordic_fu_476"
            },
            {
              "ModuleName": "cordic",
              "InstanceName": "grp_cordic_fu_485"
            },
            {
              "ModuleName": "cordic",
              "InstanceName": "grp_cordic_fu_494"
            },
            {
              "ModuleName": "cordic",
              "InstanceName": "grp_cordic_fu_504"
            },
            {
              "ModuleName": "cordic",
              "InstanceName": "grp_cordic_fu_513"
            },
            {
              "ModuleName": "cordic",
              "InstanceName": "grp_cordic_fu_522"
            },
            {
              "ModuleName": "cordic",
              "InstanceName": "grp_cordic_fu_531"
            },
            {
              "ModuleName": "cordic",
              "InstanceName": "grp_cordic_fu_540"
            }
          ]
        }]
    },
    "Info": {
      "cordic": {
        "FunctionProtocol": "ap_ctrl_hs",
        "isTaskLevelControl": "0",
        "isPipelined": "1",
        "isCombinational": "0",
        "isOneStateSeq": "0"
      },
      "qr_sw": {
        "FunctionProtocol": "ap_ctrl_hs",
        "isTaskLevelControl": "0",
        "isPipelined": "1",
        "isCombinational": "0",
        "isOneStateSeq": "0"
      },
      "LinearSolver": {
        "FunctionProtocol": "ap_ctrl_hs",
        "isTaskLevelControl": "0",
        "isPipelined": "1",
        "isCombinational": "0",
        "isOneStateSeq": "0"
      }
    },
    "Metrics": {
      "cordic": {
        "Latency": {
          "LatencyBest": "27",
          "LatencyAvg": "27",
          "LatencyWorst": "27",
          "PipelineII": "1",
          "PipelineDepth": "28",
          "PipelineType": "yes"
        },
        "Timing": {
          "Target": "10.00",
          "Uncertainty": "2.70",
          "Estimate": "7.296"
        },
        "Area": {
          "FF": "2042",
          "AVAIL_FF": "106400",
          "UTIL_FF": "1",
          "LUT": "5816",
          "AVAIL_LUT": "53200",
          "UTIL_LUT": "10",
          "BRAM_18K": "0",
          "AVAIL_BRAM": "280",
          "UTIL_BRAM": "0",
          "DSP": "0",
          "AVAIL_DSP": "220",
          "UTIL_DSP": "0",
          "URAM": "0",
          "AVAIL_URAM": "0",
          "UTIL_URAM": "0"
        }
      },
      "qr_sw": {
        "Latency": {
          "LatencyBest": "232",
          "LatencyAvg": "232",
          "LatencyWorst": "232",
          "PipelineII": "1",
          "PipelineDepth": "233",
          "PipelineType": "yes"
        },
        "Timing": {
          "Target": "10.00",
          "Uncertainty": "2.70",
          "Estimate": "7.296"
        },
        "Area": {
          "FF": "92959",
          "AVAIL_FF": "106400",
          "UTIL_FF": "87",
          "LUT": "252094",
          "AVAIL_LUT": "53200",
          "UTIL_LUT": "473",
          "BRAM_18K": "0",
          "AVAIL_BRAM": "280",
          "UTIL_BRAM": "0",
          "DSP": "0",
          "AVAIL_DSP": "220",
          "UTIL_DSP": "0",
          "URAM": "0",
          "AVAIL_URAM": "0",
          "UTIL_URAM": "0"
        }
      },
      "LinearSolver": {
        "Latency": {
          "LatencyBest": "445",
          "LatencyAvg": "445",
          "LatencyWorst": "445",
          "PipelineII": "8",
          "PipelineDepth": "446",
          "PipelineType": "yes"
        },
        "Timing": {
          "Target": "10.00",
          "Uncertainty": "2.70",
          "Estimate": "7.296"
        },
        "Area": {
          "DSP": "22",
          "AVAIL_DSP": "220",
          "UTIL_DSP": "10",
          "FF": "111070",
          "AVAIL_FF": "106400",
          "UTIL_FF": "104",
          "LUT": "264949",
          "AVAIL_LUT": "53200",
          "UTIL_LUT": "498",
          "BRAM_18K": "0",
          "AVAIL_BRAM": "280",
          "UTIL_BRAM": "0",
          "URAM": "0",
          "AVAIL_URAM": "0",
          "UTIL_URAM": "0"
        }
      }
    }
  },
  "GenerateBdFiles": "0",
  "GenData": {
    "DataVersion": "0.2",
    "Time": "2022-12-11 18:11:40 -0600",
    "ToolName": "vitis_hls",
    "ToolVersion": "2022.1"
  }
}
