<?xml version="1.0" encoding="UTF-8"?>
<GenRun Id="systolic_c_counter_binary_v12_0_i0_synth_1" LaunchPart="xc7z020clg484-1" LaunchTime="1664420533">
  <File Type="PA-TCL" Name="systolic_c_counter_binary_v12_0_i0.tcl"/>
  <File Type="RDS-PROPCONSTRS" Name="systolic_c_counter_binary_v12_0_i0_drc_synth.rpt"/>
  <File Type="REPORTS-TCL" Name="systolic_c_counter_binary_v12_0_i0_reports.tcl"/>
  <File Type="RDS-RDS" Name="systolic_c_counter_binary_v12_0_i0.vds"/>
  <File Type="RDS-UTIL" Name="systolic_c_counter_binary_v12_0_i0_utilization_synth.rpt"/>
  <File Type="RDS-UTIL-PB" Name="systolic_c_counter_binary_v12_0_i0_utilization_synth.pb"/>
  <File Type="RDS-DCP" Name="systolic_c_counter_binary_v12_0_i0.dcp"/>
  <File Type="VDS-TIMINGSUMMARY" Name="systolic_c_counter_binary_v12_0_i0_timing_summary_synth.rpt"/>
  <File Type="VDS-TIMING-PB" Name="systolic_c_counter_binary_v12_0_i0_timing_summary_synth.pb"/>
  <FileSet Name="sources" Type="BlockSrcs" RelSrcDir="$PSRCDIR/systolic_c_counter_binary_v12_0_i0">
    <File Path="$PSRCDIR/sources_1/ip/systolic_c_counter_binary_v12_0_i0/systolic_c_counter_binary_v12_0_i0.xci">
      <FileInfo>
        <Attr Name="UsedIn" Val="synthesis"/>
        <Attr Name="UsedIn" Val="implementation"/>
        <Attr Name="UsedIn" Val="simulation"/>
      </FileInfo>
    </File>
    <Config>
      <Option Name="TopModule" Val="systolic_c_counter_binary_v12_0_i0"/>
      <Option Name="UseBlackboxStub" Val="1"/>
    </Config>
  </FileSet>
  <FileSet Name="constrs_in" Type="BlockSrcs" RelSrcDir="$PSRCDIR/systolic_c_counter_binary_v12_0_i0">
    <File Path="$PSRCDIR/sources_1/ip/systolic_c_counter_binary_v12_0_i0/systolic_c_counter_binary_v12_0_i0.xci">
      <FileInfo>
        <Attr Name="UsedIn" Val="synthesis"/>
        <Attr Name="UsedIn" Val="implementation"/>
        <Attr Name="UsedIn" Val="simulation"/>
      </FileInfo>
    </File>
    <Config>
      <Option Name="TopModule" Val="systolic_c_counter_binary_v12_0_i0"/>
      <Option Name="UseBlackboxStub" Val="1"/>
    </Config>
  </FileSet>
  <FileSet Name="utils" Type="Utils" RelSrcDir="$PSRCDIR/utils_1">
    <Filter Type="Utils"/>
    <Config>
      <Option Name="TopAutoSet" Val="TRUE"/>
    </Config>
  </FileSet>
  <Strategy Version="1" Minor="2">
    <StratHandle Name="Vivado Synthesis Defaults" Flow="Vivado Synthesis 2022">
      <Desc>Vivado Synthesis Defaults</Desc>
    </StratHandle>
    <Step Id="synth_design"/>
  </Strategy>
</GenRun>
