<?xml version="1.0" encoding="utf-8"?>
<xd:acceleratorMap xmlns:xd="http://www.xilinx.com/xidane" xd:functionName="circular_cordic" xd:componentRef="circular_cordic" xd:initiationInterval="20" xd:clockPeriod="10" xd:sequential="true" xd:hostMachine="64" xd:reset="control">
  <xd:controlReg xd:name="control" xd:interfaceRef="ap_ctrl" xd:busTypeRef="acc_handshake" xd:type="acc_handshake"/>
  <xd:arg xd:name="angle_in" xd:originalName="angle_in" xd:direction="in" xd:interfaceRef="angle_in" xd:busTypeRef="register" xd:dataWidth="16"/>
  <xd:arg xd:name="cosine_In" xd:originalName="cosine_In" xd:direction="in" xd:interfaceRef="cosine_In" xd:busTypeRef="register" xd:dataWidth="16"/>
  <xd:arg xd:name="sine_In" xd:originalName="sine_In" xd:direction="in" xd:interfaceRef="sine_In" xd:busTypeRef="register" xd:dataWidth="16"/>
  <xd:arg xd:name="*(angle_Out)" xd:originalName="angle_Out" xd:direction="out" xd:interfaceRef="angle_Out" xd:busTypeRef="register" xd:handshakeRef="ap_vld" xd:dataWidth="16"/>
  <xd:arg xd:name="*(cosine_Out)" xd:originalName="cosine_Out" xd:direction="out" xd:interfaceRef="cosine_Out" xd:busTypeRef="register" xd:handshakeRef="ap_vld" xd:dataWidth="16"/>
  <xd:arg xd:name="*(sine_Out)" xd:originalName="sine_Out" xd:direction="out" xd:interfaceRef="sine_Out" xd:busTypeRef="register" xd:handshakeRef="ap_vld" xd:dataWidth="16"/>
  <xd:arg xd:name="arc_tan" xd:originalName="arc_tan" xd:direction="in" xd:interfaceRef="arc_tan" xd:busTypeRef="register" xd:dataWidth="1"/>
  <xd:latencyEstimates xd:best-case="19" xd:worst-case="19" xd:average-case="19"/>
  <xd:resourceEstimates xd:LUT="1058" xd:FF="247" xd:BRAM="0" xd:DSP="0"/>
</xd:acceleratorMap>
