<?xml version="1.0" encoding="utf-8"?>
<AdditionalInfo>
  <CTypeInfo>
      <RtlPort>
        <name>angle_in</name>
        <type>Signed</type>
        <fractionWidth>12</fractionWidth>
      </RtlPort>
      <RtlPort>
        <name>angle_Out</name>
        <type>Signed</type>
        <fractionWidth>12</fractionWidth>
      </RtlPort>
      <RtlPort>
        <name>angle_Out_ap_vld</name>
        <type>bool</type>
        <fractionWidth>0</fractionWidth>
      </RtlPort>
      <RtlPort>
        <name>arc_tan</name>
        <type>Unsigned</type>
        <fractionWidth>0</fractionWidth>
      </RtlPort>
      <RtlPort>
        <name>cosine_In</name>
        <type>Signed</type>
        <fractionWidth>12</fractionWidth>
      </RtlPort>
      <RtlPort>
        <name>cosine_Out</name>
        <type>Signed</type>
        <fractionWidth>12</fractionWidth>
      </RtlPort>
      <RtlPort>
        <name>cosine_Out_ap_vld</name>
        <type>bool</type>
        <fractionWidth>0</fractionWidth>
      </RtlPort>
      <RtlPort>
        <name>sine_In</name>
        <type>Signed</type>
        <fractionWidth>12</fractionWidth>
      </RtlPort>
      <RtlPort>
        <name>sine_Out</name>
        <type>Signed</type>
        <fractionWidth>12</fractionWidth>
      </RtlPort>
      <RtlPort>
        <name>sine_Out_ap_vld</name>
        <type>bool</type>
        <fractionWidth>0</fractionWidth>
      </RtlPort>
  </CTypeInfo>
  <DesignConstraint>
    <clk_period>10</clk_period>
  </DesignConstraint>
  <Machine>64</Machine>
  <modelParameters>
    <combinational>0</combinational>
    <latency>19</latency>
    <II>20</II>
  </modelParameters>
</AdditionalInfo>
