<?xml version="1.0" encoding="utf-8"?>
<xd:acceleratorMap xmlns:xd="http://www.xilinx.com/xidane" xd:functionName="cordic" xd:componentRef="cordic" xd:initiationInterval="2" xd:clockPeriod="10" xd:sequential="true" xd:hostMachine="64" xd:reset="control">
  <xd:controlReg xd:name="control" xd:interfaceRef="s_axi_HLS_CORDIC_PERIPH_BUS" xd:busTypeRef="axilite" xd:type="generic_axi_lite" xd:offset="0x0"/>
  <xd:arg xd:name="theta_in" xd:originalName="theta_in" xd:direction="in" xd:interfaceRef="s_axi_HLS_CORDIC_PERIPH_BUS" xd:busTypeRef="axilite" xd:offset="0x10" xd:handshakeRef="ap_none" xd:dataWidth="32"/>
  <xd:arg xd:name="x_in" xd:originalName="x_in" xd:direction="in" xd:interfaceRef="s_axi_HLS_CORDIC_PERIPH_BUS" xd:busTypeRef="axilite" xd:offset="0x18" xd:handshakeRef="ap_none" xd:dataWidth="32"/>
  <xd:arg xd:name="y_in" xd:originalName="y_in" xd:direction="in" xd:interfaceRef="s_axi_HLS_CORDIC_PERIPH_BUS" xd:busTypeRef="axilite" xd:offset="0x20" xd:handshakeRef="ap_none" xd:dataWidth="32"/>
  <xd:arg xd:name="*(out_x)" xd:originalName="out_x" xd:direction="out" xd:interfaceRef="s_axi_HLS_CORDIC_PERIPH_BUS" xd:busTypeRef="axilite" xd:offset="0x28" xd:statusOffset="0x2C" xd:handshakeRef="ap_vld" xd:dataWidth="32"/>
  <xd:arg xd:name="*(out_y)" xd:originalName="out_y" xd:direction="out" xd:interfaceRef="s_axi_HLS_CORDIC_PERIPH_BUS" xd:busTypeRef="axilite" xd:offset="0x38" xd:statusOffset="0x3C" xd:handshakeRef="ap_vld" xd:dataWidth="32"/>
  <xd:arg xd:name="mode" xd:originalName="mode" xd:direction="in" xd:interfaceRef="s_axi_HLS_CORDIC_PERIPH_BUS" xd:busTypeRef="axilite" xd:offset="0x48" xd:handshakeRef="ap_none" xd:dataWidth="32"/>
  <xd:latencyEstimates xd:best-case="15" xd:worst-case="15" xd:average-case="15"/>
  <xd:resourceEstimates xd:LUT="5181" xd:FF="2306" xd:BRAM="0" xd:DSP="0"/>
</xd:acceleratorMap>
