<?xml version="1.0" encoding="UTF-8"?>
<project>
  <core name="" type="" target="">
    <kernel name="cordic" language="c" vlnv="xilinx.com:hls:cordic:1.0" attributes="" hash="" preferredWorkGroupSizeMultiple="0" workGroupSize="1" debug="false" interrupt="true">
      <port name="S_AXI_HLS_CORDIC_PERIPH_BUS" mode="slave" range="0x1000" portType="addressable" base="0x00000000"/>
      <arg name="theta_in" addressQualifier="0" id="0" port="S_AXI_HLS_CORDIC_PERIPH_BUS" size="0x4" offset="0x10" hostOffset="0x0" hostSize="0x4" type=""/>
      <arg name="x_in" addressQualifier="0" id="1" port="S_AXI_HLS_CORDIC_PERIPH_BUS" size="0x4" offset="0x18" hostOffset="0x0" hostSize="0x4" type=""/>
      <arg name="y_in" addressQualifier="0" id="2" port="S_AXI_HLS_CORDIC_PERIPH_BUS" size="0x4" offset="0x20" hostOffset="0x0" hostSize="0x4" type=""/>
      <arg name="out_x" addressQualifier="0" id="3" port="S_AXI_HLS_CORDIC_PERIPH_BUS" size="0x4" offset="0x28" hostOffset="0x0" hostSize="0x4" type=""/>
      <arg name="out_y" addressQualifier="0" id="4" port="S_AXI_HLS_CORDIC_PERIPH_BUS" size="0x4" offset="0x38" hostOffset="0x0" hostSize="0x4" type=""/>
      <arg name="mode" addressQualifier="0" id="5" port="S_AXI_HLS_CORDIC_PERIPH_BUS" size="0x4" offset="0x48" hostOffset="0x0" hostSize="0x4" type=""/>
      <compileWorkGroupSize x="1" y="1" z="1"/>
    </kernel>
  </core>
</project>
