<?xml version="1.0" encoding="UTF-8"?>
<vivadoHLSLog:LogRoot xmlns:vivadoHLSLog="www.xilinx.com/vivadoHLSLog">
  <errorLogs>
    <logs>
      <synLog/>
      <simLog/>
      <mgLog/>
      <packageLog/>
      <csimLog/>
    </logs>
  </errorLogs>
  <warningLogs>
    <logs>
      <synLog>
        <logs message="WARNING: [RTGEN 206-101] Design contains AXI ports. Reset is fixed to synchronous and active low." projectName="cordic" solutionName="solution2" date="2022-11-08T13:05:14.198-0600" type="Warning"/>
        <logs message="WARNING: [RTGEN 206-101] Design contains AXI ports. Reset is fixed to synchronous and active low." projectName="cordic" solutionName="solution1" date="2022-11-08T09:10:31.617-0600" type="Warning"/>
        <logs message="WARNING: [HLS 200-880] The II Violation in module 'cordic' (function 'cordic'): Unable to enforce a carried dependence constraint (II = 1, distance = 1, offset = 1) between s_axi write operation ('out_x_write_ln188', source_files/cordic_fixed.cpp:188) on port 'out_x' (source_files/cordic_fixed.cpp:188) and s_axi write operation ('out_x_write_ln182', source_files/cordic_fixed.cpp:182) on port 'out_x' (source_files/cordic_fixed.cpp:182).&#xD;&#xA;Resolution: For help on HLS 200-880 see www.xilinx.com/cgi-bin/docs/rdoc?v=2022.1;t=hls+guidance;d=200-880.html" projectName="cordic" solutionName="solution1" date="2022-11-08T09:10:30.864-0600" type="Warning"/>
      </synLog>
      <simLog/>
      <mgLog/>
      <packageLog/>
      <csimLog/>
    </logs>
  </warningLogs>
</vivadoHLSLog:LogRoot>
