{
  "Top": "atan",
  "RtlTop": "atan",
  "RtlPrefix": "",
  "RtlSubPrefix": "atan_",
  "SourceLanguage": "cpp",
  "HostMachineBits": "64",
  "FunctionProtocol": "ap_ctrl_hs",
  "ResetStyle": "control",
  "Target": {
    "Family": "zynq",
    "Device": "xc7z020",
    "Package": "-clg484",
    "Speed": "-1",
    "Triple": "fpga64-xilinx-none"
  },
  "Args": {
    "x": {
      "index": "0",
      "direction": "in",
      "srcType": "ap_fixed<20, 10, AP_TRN, AP_WRAP, 0>",
      "srcSize": "32",
      "hwRefs": [{
          "type": "port",
          "interface": "x",
          "name": "x",
          "usage": "data",
          "direction": "in"
        }]
    },
    "y": {
      "index": "1",
      "direction": "in",
      "srcType": "ap_fixed<20, 10, AP_TRN, AP_WRAP, 0>",
      "srcSize": "32",
      "hwRefs": [{
          "type": "port",
          "interface": "y",
          "name": "y",
          "usage": "data",
          "direction": "in"
        }]
    },
    "atan": {
      "index": "2",
      "direction": "out",
      "srcType": "ap_fixed<20, 10, AP_TRN, AP_WRAP, 0>&",
      "srcSize": "32",
      "hwRefs": [
        {
          "type": "port",
          "interface": "atan_r",
          "name": "atan_r",
          "usage": "data",
          "direction": "out"
        },
        {
          "type": "port",
          "interface": "atan_r_ap_vld",
          "name": "atan_r_ap_vld",
          "usage": "control",
          "direction": "out"
        }
      ]
    },
    "R": {
      "index": "3",
      "direction": "out",
      "srcType": "ap_fixed<20, 10, AP_TRN, AP_WRAP, 0>&",
      "srcSize": "32",
      "hwRefs": [
        {
          "type": "port",
          "interface": "R",
          "name": "R",
          "usage": "data",
          "direction": "out"
        },
        {
          "type": "port",
          "interface": "R_ap_vld",
          "name": "R_ap_vld",
          "usage": "control",
          "direction": "out"
        }
      ]
    }
  },
  "HlsSolution": {
    "FlowTarget": "vivado",
    "ConfigTcl": [
      "config_export -format=sysgen",
      "config_export -rtl=verilog"
    ],
    "DirectiveTcl": ["set_directive_pipeline \"atan\""],
    "ProfileOption": "0",
    "ProfileType": "none",
    "KernelName": "atan"
  },
  "ClockInfo": {
    "ClockName": "ap_clk",
    "ClockPeriod": "10",
    "Uncertainty": "2.7",
    "IsCombinational": "0",
    "II": "1",
    "Latency": "19"
  },
  "Xdc": {"OocClocks": ["create_clock -name ap_clk -period 10.000 [get_ports ap_clk]"]},
  "Ipx": {
    "Vendor": "xilinx.com",
    "Library": "hls",
    "Name": "atan",
    "Version": "1.0",
    "DisplayName": "Atan",
    "Revision": "2112808821",
    "Description": "An IP generated by Vitis HLS",
    "Taxonomy": "\/VITIS_HLS_IP",
    "AutoFamilySupport": "",
    "ZipFile": "xilinx_com_hls_atan_1_0.zip"
  },
  "Files": {
    "CSource": ["..\/..\/cordic_fixed.cpp"],
    "Vhdl": ["impl\/vhdl\/atan.vhd"],
    "Verilog": ["impl\/verilog\/atan.v"],
    "IpMisc": ["impl\/misc\/logo.png"],
    "CsynthXml": "syn\/report\/csynth.xml",
    "DebugDir": ".debug",
    "KernelXml": ".autopilot\/db\/kernel.internal.xml",
    "Xo": "",
    "XoHlsDir": "",
    "ProtoInst": [".debug\/atan.protoinst"]
  },
  "SubcoreInfo": {
    "HasXpmMemory": false,
    "HasClockedDsp": false,
    "Ip": []
  },
  "Interfaces": {
    "ap_clk": {
      "type": "clock",
      "busTypeName": "clock",
      "mode": "slave",
      "busParams": {"ASSOCIATED_RESET": "ap_rst"},
      "portMap": {"ap_clk": "CLK"},
      "ports": ["ap_clk"]
    },
    "ap_rst": {
      "type": "reset",
      "busTypeName": "reset",
      "mode": "slave",
      "busParams": {"POLARITY": "ACTIVE_HIGH"},
      "portMap": {"ap_rst": "RST"},
      "ports": ["ap_rst"]
    },
    "ap_ctrl": {
      "type": "ap_ctrl",
      "busTypeName": "acc_handshake",
      "mode": "slave",
      "portMap": {
        "ap_start": "start",
        "ap_done": "done",
        "ap_idle": "idle",
        "ap_ready": "ready"
      },
      "ports": [
        "ap_done",
        "ap_idle",
        "ap_ready",
        "ap_start"
      ]
    },
    "x": {
      "type": "data",
      "busTypeName": "data",
      "protocol": "ap_none",
      "mode": "slave",
      "dataWidth": "20",
      "portMap": {"x": "DATA"},
      "ports": ["x"],
      "constraints": [{
          "constraint_type": "pragma interface",
          "mode": "ap_none",
          "register_option": "0",
          "argName": "x"
        }]
    },
    "y": {
      "type": "data",
      "busTypeName": "data",
      "protocol": "ap_none",
      "mode": "slave",
      "dataWidth": "20",
      "portMap": {"y": "DATA"},
      "ports": ["y"],
      "constraints": [{
          "constraint_type": "pragma interface",
          "mode": "ap_none",
          "register_option": "0",
          "argName": "y"
        }]
    },
    "atan_r": {
      "type": "data",
      "busTypeName": "data",
      "protocol": "ap_vld",
      "mode": "master",
      "dataWidth": "20",
      "portMap": {"atan_r": "DATA"},
      "ports": ["atan_r"],
      "constraints": [{
          "constraint_type": "pragma interface",
          "mode": "ap_none",
          "register_option": "0",
          "argName": "atan"
        }]
    },
    "R": {
      "type": "data",
      "busTypeName": "data",
      "protocol": "ap_vld",
      "mode": "master",
      "dataWidth": "20",
      "portMap": {"R": "DATA"},
      "ports": ["R"],
      "constraints": [{
          "constraint_type": "pragma interface",
          "mode": "ap_none",
          "register_option": "0",
          "argName": "R"
        }]
    }
  },
  "RtlPorts": {
    "ap_clk": {
      "dir": "in",
      "width": "1"
    },
    "ap_rst": {
      "dir": "in",
      "width": "1"
    },
    "ap_start": {
      "dir": "in",
      "width": "1"
    },
    "ap_done": {
      "dir": "out",
      "width": "1"
    },
    "ap_idle": {
      "dir": "out",
      "width": "1"
    },
    "ap_ready": {
      "dir": "out",
      "width": "1"
    },
    "x": {
      "dir": "in",
      "width": "20"
    },
    "y": {
      "dir": "in",
      "width": "20"
    },
    "atan_r": {
      "dir": "out",
      "width": "20"
    },
    "atan_r_ap_vld": {
      "dir": "out",
      "width": "1"
    },
    "R": {
      "dir": "out",
      "width": "20"
    },
    "R_ap_vld": {
      "dir": "out",
      "width": "1"
    }
  },
  "ModuleInfo": {
    "Hierarchy": {"ModuleName": "atan"},
    "Info": {"atan": {
        "FunctionProtocol": "ap_ctrl_hs",
        "isTaskLevelControl": "0",
        "isPipelined": "1",
        "isCombinational": "0",
        "isOneStateSeq": "0"
      }},
    "Metrics": {"atan": {
        "Latency": {
          "LatencyBest": "19",
          "LatencyAvg": "19",
          "LatencyWorst": "19",
          "PipelineII": "1",
          "PipelineDepth": "20",
          "PipelineType": "yes"
        },
        "Timing": {
          "Target": "10.00",
          "Uncertainty": "2.70",
          "Estimate": "7.295"
        },
        "Area": {
          "FF": "1851",
          "AVAIL_FF": "106400",
          "UTIL_FF": "1",
          "LUT": "5706",
          "AVAIL_LUT": "53200",
          "UTIL_LUT": "10",
          "BRAM_18K": "0",
          "AVAIL_BRAM": "280",
          "UTIL_BRAM": "0",
          "DSP": "0",
          "AVAIL_DSP": "220",
          "UTIL_DSP": "0",
          "URAM": "0",
          "AVAIL_URAM": "0",
          "UTIL_URAM": "0"
        }
      }}
  },
  "GenerateBdFiles": "0",
  "GenData": {
    "DataVersion": "0.2",
    "Time": "2022-12-11 18:21:46 -0600",
    "ToolName": "vitis_hls",
    "ToolVersion": "2022.1"
  }
}
