<?xml version="1.0" encoding="UTF-8"?>
<vivadoHLSLog:LogRoot xmlns:vivadoHLSLog="www.xilinx.com/vivadoHLSLog">
  <errorLogs>
    <logs>
      <synLog/>
      <simLog/>
      <mgLog/>
      <packageLog/>
      <csimLog/>
    </logs>
  </errorLogs>
  <warningLogs>
    <logs>
      <synLog>
        <logs message="WARNING: [RTGEN 206-101] Port 'cordic/done' has no fanin or fanout and is left dangling.&#xD;&#xA;               Please use C simulation to confirm this function argument can be read from or written to." projectName="project6_final_hls_mc" solutionName="solution2_add_back_substitution" date="2022-12-12T09:29:40.048-0600" type="Warning"/>
        <logs message="WARNING: [RTGEN 206-101] Port 'cordic/done' has no fanin or fanout and is left dangling.&#xD;&#xA;               Please use C simulation to confirm this function argument can be read from or written to." projectName="project6_final_hls_mc" solutionName="solution1_without_back_substitution" date="2022-12-12T09:26:13.237-0600" type="Warning"/>
      </synLog>
      <simLog/>
      <mgLog/>
      <packageLog/>
      <csimLog/>
    </logs>
  </warningLogs>
</vivadoHLSLog:LogRoot>
