<?xml version="1.0" encoding="utf-8"?>
<xd:acceleratorMap xmlns:xd="http://www.xilinx.com/xidane" xd:functionName="qr" xd:componentRef="qr" xd:initiationInterval="427" xd:clockPeriod="10" xd:sequential="true" xd:hostMachine="64" xd:reset="control">
  <xd:controlReg xd:name="control" xd:interfaceRef="ap_ctrl" xd:busTypeRef="acc_handshake" xd:type="acc_handshake"/>
  <xd:arg xd:name="a11" xd:originalName="a11" xd:direction="in" xd:interfaceRef="a11" xd:busTypeRef="register" xd:dataWidth="24"/>
  <xd:arg xd:name="a12" xd:originalName="a12" xd:direction="in" xd:interfaceRef="a12" xd:busTypeRef="register" xd:dataWidth="24"/>
  <xd:arg xd:name="a13" xd:originalName="a13" xd:direction="in" xd:interfaceRef="a13" xd:busTypeRef="register" xd:dataWidth="24"/>
  <xd:arg xd:name="a14" xd:originalName="a14" xd:direction="in" xd:interfaceRef="a14" xd:busTypeRef="register" xd:dataWidth="24"/>
  <xd:arg xd:name="a21" xd:originalName="a21" xd:direction="in" xd:interfaceRef="a21" xd:busTypeRef="register" xd:dataWidth="24"/>
  <xd:arg xd:name="a22" xd:originalName="a22" xd:direction="in" xd:interfaceRef="a22" xd:busTypeRef="register" xd:dataWidth="24"/>
  <xd:arg xd:name="a23" xd:originalName="a23" xd:direction="in" xd:interfaceRef="a23" xd:busTypeRef="register" xd:dataWidth="24"/>
  <xd:arg xd:name="a24" xd:originalName="a24" xd:direction="in" xd:interfaceRef="a24" xd:busTypeRef="register" xd:dataWidth="24"/>
  <xd:arg xd:name="a31" xd:originalName="a31" xd:direction="in" xd:interfaceRef="a31" xd:busTypeRef="register" xd:dataWidth="24"/>
  <xd:arg xd:name="a32" xd:originalName="a32" xd:direction="in" xd:interfaceRef="a32" xd:busTypeRef="register" xd:dataWidth="24"/>
  <xd:arg xd:name="a33" xd:originalName="a33" xd:direction="in" xd:interfaceRef="a33" xd:busTypeRef="register" xd:dataWidth="24"/>
  <xd:arg xd:name="a34" xd:originalName="a34" xd:direction="in" xd:interfaceRef="a34" xd:busTypeRef="register" xd:dataWidth="24"/>
  <xd:arg xd:name="a41" xd:originalName="a41" xd:direction="in" xd:interfaceRef="a41" xd:busTypeRef="register" xd:dataWidth="24"/>
  <xd:arg xd:name="a42" xd:originalName="a42" xd:direction="in" xd:interfaceRef="a42" xd:busTypeRef="register" xd:dataWidth="24"/>
  <xd:arg xd:name="a43" xd:originalName="a43" xd:direction="in" xd:interfaceRef="a43" xd:busTypeRef="register" xd:dataWidth="24"/>
  <xd:arg xd:name="a44" xd:originalName="a44" xd:direction="in" xd:interfaceRef="a44" xd:busTypeRef="register" xd:dataWidth="24"/>
  <xd:arg xd:name="*(q11)" xd:originalName="q11" xd:direction="out" xd:interfaceRef="q11" xd:busTypeRef="register" xd:handshakeRef="ap_vld" xd:dataWidth="24"/>
  <xd:arg xd:name="*(q12)" xd:originalName="q12" xd:direction="out" xd:interfaceRef="q12" xd:busTypeRef="register" xd:handshakeRef="ap_vld" xd:dataWidth="24"/>
  <xd:arg xd:name="*(q13)" xd:originalName="q13" xd:direction="out" xd:interfaceRef="q13" xd:busTypeRef="register" xd:handshakeRef="ap_vld" xd:dataWidth="24"/>
  <xd:arg xd:name="*(q14)" xd:originalName="q14" xd:direction="out" xd:interfaceRef="q14" xd:busTypeRef="register" xd:handshakeRef="ap_vld" xd:dataWidth="24"/>
  <xd:arg xd:name="*(q21)" xd:originalName="q21" xd:direction="out" xd:interfaceRef="q21" xd:busTypeRef="register" xd:handshakeRef="ap_vld" xd:dataWidth="24"/>
  <xd:arg xd:name="*(q22)" xd:originalName="q22" xd:direction="out" xd:interfaceRef="q22" xd:busTypeRef="register" xd:handshakeRef="ap_vld" xd:dataWidth="24"/>
  <xd:arg xd:name="*(q23)" xd:originalName="q23" xd:direction="out" xd:interfaceRef="q23" xd:busTypeRef="register" xd:handshakeRef="ap_vld" xd:dataWidth="24"/>
  <xd:arg xd:name="*(q24)" xd:originalName="q24" xd:direction="out" xd:interfaceRef="q24" xd:busTypeRef="register" xd:handshakeRef="ap_vld" xd:dataWidth="24"/>
  <xd:arg xd:name="*(q31)" xd:originalName="q31" xd:direction="out" xd:interfaceRef="q31" xd:busTypeRef="register" xd:handshakeRef="ap_vld" xd:dataWidth="24"/>
  <xd:arg xd:name="*(q32)" xd:originalName="q32" xd:direction="out" xd:interfaceRef="q32" xd:busTypeRef="register" xd:handshakeRef="ap_vld" xd:dataWidth="24"/>
  <xd:arg xd:name="*(q33)" xd:originalName="q33" xd:direction="out" xd:interfaceRef="q33" xd:busTypeRef="register" xd:handshakeRef="ap_vld" xd:dataWidth="24"/>
  <xd:arg xd:name="*(q34)" xd:originalName="q34" xd:direction="out" xd:interfaceRef="q34" xd:busTypeRef="register" xd:handshakeRef="ap_vld" xd:dataWidth="24"/>
  <xd:arg xd:name="*(q41)" xd:originalName="q41" xd:direction="out" xd:interfaceRef="q41" xd:busTypeRef="register" xd:handshakeRef="ap_vld" xd:dataWidth="24"/>
  <xd:arg xd:name="*(q42)" xd:originalName="q42" xd:direction="out" xd:interfaceRef="q42" xd:busTypeRef="register" xd:handshakeRef="ap_vld" xd:dataWidth="24"/>
  <xd:arg xd:name="*(q43)" xd:originalName="q43" xd:direction="out" xd:interfaceRef="q43" xd:busTypeRef="register" xd:handshakeRef="ap_vld" xd:dataWidth="24"/>
  <xd:arg xd:name="*(q44)" xd:originalName="q44" xd:direction="out" xd:interfaceRef="q44" xd:busTypeRef="register" xd:handshakeRef="ap_vld" xd:dataWidth="24"/>
  <xd:arg xd:name="*(r11)" xd:originalName="r11" xd:direction="out" xd:interfaceRef="r11" xd:busTypeRef="register" xd:handshakeRef="ap_vld" xd:dataWidth="24"/>
  <xd:arg xd:name="*(r12)" xd:originalName="r12" xd:direction="out" xd:interfaceRef="r12" xd:busTypeRef="register" xd:handshakeRef="ap_vld" xd:dataWidth="24"/>
  <xd:arg xd:name="*(r13)" xd:originalName="r13" xd:direction="out" xd:interfaceRef="r13" xd:busTypeRef="register" xd:handshakeRef="ap_vld" xd:dataWidth="24"/>
  <xd:arg xd:name="*(r14)" xd:originalName="r14" xd:direction="out" xd:interfaceRef="r14" xd:busTypeRef="register" xd:handshakeRef="ap_vld" xd:dataWidth="24"/>
  <xd:arg xd:name="*(r22)" xd:originalName="r22" xd:direction="out" xd:interfaceRef="r22" xd:busTypeRef="register" xd:handshakeRef="ap_vld" xd:dataWidth="24"/>
  <xd:arg xd:name="*(r23)" xd:originalName="r23" xd:direction="out" xd:interfaceRef="r23" xd:busTypeRef="register" xd:handshakeRef="ap_vld" xd:dataWidth="24"/>
  <xd:arg xd:name="*(r24)" xd:originalName="r24" xd:direction="out" xd:interfaceRef="r24" xd:busTypeRef="register" xd:handshakeRef="ap_vld" xd:dataWidth="24"/>
  <xd:arg xd:name="*(r33)" xd:originalName="r33" xd:direction="out" xd:interfaceRef="r33" xd:busTypeRef="register" xd:handshakeRef="ap_vld" xd:dataWidth="24"/>
  <xd:arg xd:name="*(r34)" xd:originalName="r34" xd:direction="out" xd:interfaceRef="r34" xd:busTypeRef="register" xd:handshakeRef="ap_vld" xd:dataWidth="24"/>
  <xd:arg xd:name="*(r44)" xd:originalName="r44" xd:direction="out" xd:interfaceRef="r44" xd:busTypeRef="register" xd:handshakeRef="ap_vld" xd:dataWidth="24"/>
  <xd:arg xd:name="din" xd:originalName="din" xd:direction="in" xd:interfaceRef="din" xd:busTypeRef="register" xd:dataWidth="24"/>
  <xd:arg xd:name="*(done)" xd:originalName="done" xd:direction="out" xd:interfaceRef="done" xd:busTypeRef="register" xd:handshakeRef="ap_vld" xd:dataWidth="24"/>
  <xd:latencyEstimates xd:best-case="426" xd:worst-case="426" xd:average-case="426"/>
  <xd:resourceEstimates xd:LUT="26746" xd:FF="15665" xd:BRAM="0" xd:DSP="48"/>
</xd:acceleratorMap>
