<?xml version="1.0" encoding="utf-8"?>
<AdditionalInfo>
  <CTypeInfo>
      <RtlPort>
        <name>a11</name>
        <type>Signed</type>
        <fractionWidth>16</fractionWidth>
      </RtlPort>
      <RtlPort>
        <name>a12</name>
        <type>Signed</type>
        <fractionWidth>16</fractionWidth>
      </RtlPort>
      <RtlPort>
        <name>a13</name>
        <type>Signed</type>
        <fractionWidth>16</fractionWidth>
      </RtlPort>
      <RtlPort>
        <name>a14</name>
        <type>Signed</type>
        <fractionWidth>16</fractionWidth>
      </RtlPort>
      <RtlPort>
        <name>a21</name>
        <type>Signed</type>
        <fractionWidth>16</fractionWidth>
      </RtlPort>
      <RtlPort>
        <name>a22</name>
        <type>Signed</type>
        <fractionWidth>16</fractionWidth>
      </RtlPort>
      <RtlPort>
        <name>a23</name>
        <type>Signed</type>
        <fractionWidth>16</fractionWidth>
      </RtlPort>
      <RtlPort>
        <name>a24</name>
        <type>Signed</type>
        <fractionWidth>16</fractionWidth>
      </RtlPort>
      <RtlPort>
        <name>a31</name>
        <type>Signed</type>
        <fractionWidth>16</fractionWidth>
      </RtlPort>
      <RtlPort>
        <name>a32</name>
        <type>Signed</type>
        <fractionWidth>16</fractionWidth>
      </RtlPort>
      <RtlPort>
        <name>a33</name>
        <type>Signed</type>
        <fractionWidth>16</fractionWidth>
      </RtlPort>
      <RtlPort>
        <name>a34</name>
        <type>Signed</type>
        <fractionWidth>16</fractionWidth>
      </RtlPort>
      <RtlPort>
        <name>a41</name>
        <type>Signed</type>
        <fractionWidth>16</fractionWidth>
      </RtlPort>
      <RtlPort>
        <name>a42</name>
        <type>Signed</type>
        <fractionWidth>16</fractionWidth>
      </RtlPort>
      <RtlPort>
        <name>a43</name>
        <type>Signed</type>
        <fractionWidth>16</fractionWidth>
      </RtlPort>
      <RtlPort>
        <name>a44</name>
        <type>Signed</type>
        <fractionWidth>16</fractionWidth>
      </RtlPort>
      <RtlPort>
        <name>din</name>
        <type>Signed</type>
        <fractionWidth>16</fractionWidth>
      </RtlPort>
      <RtlPort>
        <name>done</name>
        <type>Signed</type>
        <fractionWidth>0</fractionWidth>
      </RtlPort>
      <RtlPort>
        <name>done_ap_vld</name>
        <type>bool</type>
        <fractionWidth>0</fractionWidth>
      </RtlPort>
      <RtlPort>
        <name>q11</name>
        <type>Signed</type>
        <fractionWidth>0</fractionWidth>
      </RtlPort>
      <RtlPort>
        <name>q11_ap_vld</name>
        <type>bool</type>
        <fractionWidth>0</fractionWidth>
      </RtlPort>
      <RtlPort>
        <name>q12</name>
        <type>Signed</type>
        <fractionWidth>0</fractionWidth>
      </RtlPort>
      <RtlPort>
        <name>q12_ap_vld</name>
        <type>bool</type>
        <fractionWidth>0</fractionWidth>
      </RtlPort>
      <RtlPort>
        <name>q13</name>
        <type>Signed</type>
        <fractionWidth>0</fractionWidth>
      </RtlPort>
      <RtlPort>
        <name>q13_ap_vld</name>
        <type>bool</type>
        <fractionWidth>0</fractionWidth>
      </RtlPort>
      <RtlPort>
        <name>q14</name>
        <type>Signed</type>
        <fractionWidth>0</fractionWidth>
      </RtlPort>
      <RtlPort>
        <name>q14_ap_vld</name>
        <type>bool</type>
        <fractionWidth>0</fractionWidth>
      </RtlPort>
      <RtlPort>
        <name>q21</name>
        <type>Signed</type>
        <fractionWidth>0</fractionWidth>
      </RtlPort>
      <RtlPort>
        <name>q21_ap_vld</name>
        <type>bool</type>
        <fractionWidth>0</fractionWidth>
      </RtlPort>
      <RtlPort>
        <name>q22</name>
        <type>Signed</type>
        <fractionWidth>0</fractionWidth>
      </RtlPort>
      <RtlPort>
        <name>q22_ap_vld</name>
        <type>bool</type>
        <fractionWidth>0</fractionWidth>
      </RtlPort>
      <RtlPort>
        <name>q23</name>
        <type>Signed</type>
        <fractionWidth>0</fractionWidth>
      </RtlPort>
      <RtlPort>
        <name>q23_ap_vld</name>
        <type>bool</type>
        <fractionWidth>0</fractionWidth>
      </RtlPort>
      <RtlPort>
        <name>q24</name>
        <type>Signed</type>
        <fractionWidth>0</fractionWidth>
      </RtlPort>
      <RtlPort>
        <name>q24_ap_vld</name>
        <type>bool</type>
        <fractionWidth>0</fractionWidth>
      </RtlPort>
      <RtlPort>
        <name>q31</name>
        <type>Signed</type>
        <fractionWidth>0</fractionWidth>
      </RtlPort>
      <RtlPort>
        <name>q31_ap_vld</name>
        <type>bool</type>
        <fractionWidth>0</fractionWidth>
      </RtlPort>
      <RtlPort>
        <name>q32</name>
        <type>Signed</type>
        <fractionWidth>0</fractionWidth>
      </RtlPort>
      <RtlPort>
        <name>q32_ap_vld</name>
        <type>bool</type>
        <fractionWidth>0</fractionWidth>
      </RtlPort>
      <RtlPort>
        <name>q33</name>
        <type>Signed</type>
        <fractionWidth>0</fractionWidth>
      </RtlPort>
      <RtlPort>
        <name>q33_ap_vld</name>
        <type>bool</type>
        <fractionWidth>0</fractionWidth>
      </RtlPort>
      <RtlPort>
        <name>q34</name>
        <type>Signed</type>
        <fractionWidth>0</fractionWidth>
      </RtlPort>
      <RtlPort>
        <name>q34_ap_vld</name>
        <type>bool</type>
        <fractionWidth>0</fractionWidth>
      </RtlPort>
      <RtlPort>
        <name>q41</name>
        <type>Signed</type>
        <fractionWidth>0</fractionWidth>
      </RtlPort>
      <RtlPort>
        <name>q41_ap_vld</name>
        <type>bool</type>
        <fractionWidth>0</fractionWidth>
      </RtlPort>
      <RtlPort>
        <name>q42</name>
        <type>Signed</type>
        <fractionWidth>0</fractionWidth>
      </RtlPort>
      <RtlPort>
        <name>q42_ap_vld</name>
        <type>bool</type>
        <fractionWidth>0</fractionWidth>
      </RtlPort>
      <RtlPort>
        <name>q43</name>
        <type>Signed</type>
        <fractionWidth>0</fractionWidth>
      </RtlPort>
      <RtlPort>
        <name>q43_ap_vld</name>
        <type>bool</type>
        <fractionWidth>0</fractionWidth>
      </RtlPort>
      <RtlPort>
        <name>q44</name>
        <type>Signed</type>
        <fractionWidth>0</fractionWidth>
      </RtlPort>
      <RtlPort>
        <name>q44_ap_vld</name>
        <type>bool</type>
        <fractionWidth>0</fractionWidth>
      </RtlPort>
      <RtlPort>
        <name>r11</name>
        <type>Signed</type>
        <fractionWidth>0</fractionWidth>
      </RtlPort>
      <RtlPort>
        <name>r11_ap_vld</name>
        <type>bool</type>
        <fractionWidth>0</fractionWidth>
      </RtlPort>
      <RtlPort>
        <name>r12</name>
        <type>Signed</type>
        <fractionWidth>0</fractionWidth>
      </RtlPort>
      <RtlPort>
        <name>r12_ap_vld</name>
        <type>bool</type>
        <fractionWidth>0</fractionWidth>
      </RtlPort>
      <RtlPort>
        <name>r13</name>
        <type>Signed</type>
        <fractionWidth>0</fractionWidth>
      </RtlPort>
      <RtlPort>
        <name>r13_ap_vld</name>
        <type>bool</type>
        <fractionWidth>0</fractionWidth>
      </RtlPort>
      <RtlPort>
        <name>r14</name>
        <type>Signed</type>
        <fractionWidth>0</fractionWidth>
      </RtlPort>
      <RtlPort>
        <name>r14_ap_vld</name>
        <type>bool</type>
        <fractionWidth>0</fractionWidth>
      </RtlPort>
      <RtlPort>
        <name>r22</name>
        <type>Signed</type>
        <fractionWidth>0</fractionWidth>
      </RtlPort>
      <RtlPort>
        <name>r22_ap_vld</name>
        <type>bool</type>
        <fractionWidth>0</fractionWidth>
      </RtlPort>
      <RtlPort>
        <name>r23</name>
        <type>Signed</type>
        <fractionWidth>0</fractionWidth>
      </RtlPort>
      <RtlPort>
        <name>r23_ap_vld</name>
        <type>bool</type>
        <fractionWidth>0</fractionWidth>
      </RtlPort>
      <RtlPort>
        <name>r24</name>
        <type>Signed</type>
        <fractionWidth>0</fractionWidth>
      </RtlPort>
      <RtlPort>
        <name>r24_ap_vld</name>
        <type>bool</type>
        <fractionWidth>0</fractionWidth>
      </RtlPort>
      <RtlPort>
        <name>r33</name>
        <type>Signed</type>
        <fractionWidth>0</fractionWidth>
      </RtlPort>
      <RtlPort>
        <name>r33_ap_vld</name>
        <type>bool</type>
        <fractionWidth>0</fractionWidth>
      </RtlPort>
      <RtlPort>
        <name>r34</name>
        <type>Signed</type>
        <fractionWidth>0</fractionWidth>
      </RtlPort>
      <RtlPort>
        <name>r34_ap_vld</name>
        <type>bool</type>
        <fractionWidth>0</fractionWidth>
      </RtlPort>
      <RtlPort>
        <name>r44</name>
        <type>Signed</type>
        <fractionWidth>0</fractionWidth>
      </RtlPort>
      <RtlPort>
        <name>r44_ap_vld</name>
        <type>bool</type>
        <fractionWidth>0</fractionWidth>
      </RtlPort>
  </CTypeInfo>
  <DesignConstraint>
    <clk_period>10</clk_period>
  </DesignConstraint>
  <Machine>64</Machine>
  <modelParameters>
    <combinational>0</combinational>
    <latency>426</latency>
    <II>427</II>
  </modelParameters>
</AdditionalInfo>
