<?xml version="1.0" encoding="utf-8"?>
<AdditionalInfo>
  <CTypeInfo>
      <RtlPort>
        <name>c</name>
        <type>Signed</type>
        <fractionWidth>0</fractionWidth>
      </RtlPort>
      <RtlPort>
        <name>c_ap_vld</name>
        <type>bool</type>
        <fractionWidth>0</fractionWidth>
      </RtlPort>
      <RtlPort>
        <name>s</name>
        <type>Signed</type>
        <fractionWidth>0</fractionWidth>
      </RtlPort>
      <RtlPort>
        <name>s_ap_vld</name>
        <type>bool</type>
        <fractionWidth>0</fractionWidth>
      </RtlPort>
      <RtlPort>
        <name>state</name>
        <type>Unsigned</type>
        <fractionWidth>0</fractionWidth>
      </RtlPort>
      <RtlPort>
        <name>t</name>
        <type>Signed</type>
        <fractionWidth>0</fractionWidth>
      </RtlPort>
      <RtlPort>
        <name>t_ap_vld</name>
        <type>bool</type>
        <fractionWidth>0</fractionWidth>
      </RtlPort>
      <RtlPort>
        <name>theta</name>
        <type>Signed</type>
        <fractionWidth>13</fractionWidth>
      </RtlPort>
      <RtlPort>
        <name>x</name>
        <type>Signed</type>
        <fractionWidth>13</fractionWidth>
      </RtlPort>
      <RtlPort>
        <name>y</name>
        <type>Signed</type>
        <fractionWidth>13</fractionWidth>
      </RtlPort>
  </CTypeInfo>
  <DesignConstraint>
    <clk_period>10</clk_period>
  </DesignConstraint>
  <Machine>64</Machine>
  <modelParameters>
    <combinational>0</combinational>
    <latency>24</latency>
    <II>1</II>
  </modelParameters>
</AdditionalInfo>
