<?xml version="1.0" encoding="UTF-8"?>
<vivadoHLSLog:LogRoot xmlns:vivadoHLSLog="www.xilinx.com/vivadoHLSLog">
  <errorLogs>
    <logs>
      <synLog/>
    </logs>
  </errorLogs>
  <warningLogs>
    <logs>
      <synLog>
        <logs message="WARNING: [RTGEN 206-101] Design contains AXI ports. Reset is fixed to synchronous and active low." projectName="A6HLS" solutionName="solution1" date="2022-12-01T13:05:56.355-0600" type="Warning"/>
        <logs message="WARNING: [HLS 200-880] The II Violation in module 'LinearSolver_Pipeline_VITIS_LOOP_319_26' (loop 'VITIS_LOOP_319_26'): Unable to enforce a carried dependence constraint (II = 11, distance = 1, offset = 1) between 'call' operation ('cordic_ret', src_fromA5V3/linearsolver.cpp:321) to 'cordic' and 'select' operation ('r.V').&#xD;&#xA;Resolution: For help on HLS 200-880 see www.xilinx.com/cgi-bin/docs/rdoc?v=2022.1;t=hls+guidance;d=200-880.html" projectName="A6HLS" solutionName="solution1" date="2022-12-01T13:05:36.805-0600" type="Warning"/>
        <logs message="WARNING: [HLS 200-880] The II Violation in module 'LinearSolver_Pipeline_VITIS_LOOP_319_26' (loop 'VITIS_LOOP_319_26'): Unable to enforce a carried dependence constraint (II = 4, distance = 1, offset = 1) between 'call' operation ('cordic_ret', src_fromA5V3/linearsolver.cpp:321) to 'cordic' and 'select' operation ('r.V').&#xD;&#xA;Resolution: For help on HLS 200-880 see www.xilinx.com/cgi-bin/docs/rdoc?v=2022.1;t=hls+guidance;d=200-880.html" projectName="A6HLS" solutionName="solution1" date="2022-12-01T13:05:36.780-0600" type="Warning"/>
        <logs message="WARNING: [HLS 200-880] The II Violation in module 'LinearSolver_Pipeline_VITIS_LOOP_319_26' (loop 'VITIS_LOOP_319_26'): Unable to enforce a carried dependence constraint (II = 3, distance = 1, offset = 1) between 'call' operation ('cordic_ret', src_fromA5V3/linearsolver.cpp:321) to 'cordic' and 'select' operation ('r.V').&#xD;&#xA;Resolution: For help on HLS 200-880 see www.xilinx.com/cgi-bin/docs/rdoc?v=2022.1;t=hls+guidance;d=200-880.html" projectName="A6HLS" solutionName="solution1" date="2022-12-01T13:05:36.755-0600" type="Warning"/>
        <logs message="WARNING: [HLS 200-880] The II Violation in module 'LinearSolver_Pipeline_VITIS_LOOP_319_26' (loop 'VITIS_LOOP_319_26'): Unable to enforce a carried dependence constraint (II = 2, distance = 1, offset = 1) between 'call' operation ('cordic_ret', src_fromA5V3/linearsolver.cpp:321) to 'cordic' and 'select' operation ('r.V').&#xD;&#xA;Resolution: For help on HLS 200-880 see www.xilinx.com/cgi-bin/docs/rdoc?v=2022.1;t=hls+guidance;d=200-880.html" projectName="A6HLS" solutionName="solution1" date="2022-12-01T13:05:36.730-0600" type="Warning"/>
        <logs message="WARNING: [HLS 200-880] The II Violation in module 'LinearSolver_Pipeline_VITIS_LOOP_319_26' (loop 'VITIS_LOOP_319_26'): Unable to enforce a carried dependence constraint (II = 1, distance = 1, offset = 1) between 'call' operation ('cordic_ret', src_fromA5V3/linearsolver.cpp:321) to 'cordic' and 'select' operation ('r.V').&#xD;&#xA;Resolution: For help on HLS 200-880 see www.xilinx.com/cgi-bin/docs/rdoc?v=2022.1;t=hls+guidance;d=200-880.html" projectName="A6HLS" solutionName="solution1" date="2022-12-01T13:05:36.705-0600" type="Warning"/>
        <logs message="WARNING: [HLS 200-880] The II Violation in module 'LinearSolver_Pipeline_VITIS_LOOP_311_25' (loop 'VITIS_LOOP_311_25'): Unable to enforce a carried dependence constraint (II = 11, distance = 1, offset = 1) between 'call' operation ('cordic_ret', src_fromA5V3/linearsolver.cpp:313) to 'cordic' and 'select' operation ('r.V').&#xD;&#xA;Resolution: For help on HLS 200-880 see www.xilinx.com/cgi-bin/docs/rdoc?v=2022.1;t=hls+guidance;d=200-880.html" projectName="A6HLS" solutionName="solution1" date="2022-12-01T13:05:36.105-0600" type="Warning"/>
        <logs message="WARNING: [HLS 200-880] The II Violation in module 'LinearSolver_Pipeline_VITIS_LOOP_311_25' (loop 'VITIS_LOOP_311_25'): Unable to enforce a carried dependence constraint (II = 4, distance = 1, offset = 1) between 'call' operation ('cordic_ret', src_fromA5V3/linearsolver.cpp:313) to 'cordic' and 'select' operation ('r.V').&#xD;&#xA;Resolution: For help on HLS 200-880 see www.xilinx.com/cgi-bin/docs/rdoc?v=2022.1;t=hls+guidance;d=200-880.html" projectName="A6HLS" solutionName="solution1" date="2022-12-01T13:05:36.079-0600" type="Warning"/>
        <logs message="WARNING: [HLS 200-880] The II Violation in module 'LinearSolver_Pipeline_VITIS_LOOP_311_25' (loop 'VITIS_LOOP_311_25'): Unable to enforce a carried dependence constraint (II = 3, distance = 1, offset = 1) between 'call' operation ('cordic_ret', src_fromA5V3/linearsolver.cpp:313) to 'cordic' and 'select' operation ('r.V').&#xD;&#xA;Resolution: For help on HLS 200-880 see www.xilinx.com/cgi-bin/docs/rdoc?v=2022.1;t=hls+guidance;d=200-880.html" projectName="A6HLS" solutionName="solution1" date="2022-12-01T13:05:36.053-0600" type="Warning"/>
        <logs message="WARNING: [HLS 200-880] The II Violation in module 'LinearSolver_Pipeline_VITIS_LOOP_311_25' (loop 'VITIS_LOOP_311_25'): Unable to enforce a carried dependence constraint (II = 2, distance = 1, offset = 1) between 'call' operation ('cordic_ret', src_fromA5V3/linearsolver.cpp:313) to 'cordic' and 'select' operation ('r.V').&#xD;&#xA;Resolution: For help on HLS 200-880 see www.xilinx.com/cgi-bin/docs/rdoc?v=2022.1;t=hls+guidance;d=200-880.html" projectName="A6HLS" solutionName="solution1" date="2022-12-01T13:05:36.029-0600" type="Warning"/>
        <logs message="WARNING: [HLS 200-880] The II Violation in module 'LinearSolver_Pipeline_VITIS_LOOP_311_25' (loop 'VITIS_LOOP_311_25'): Unable to enforce a carried dependence constraint (II = 1, distance = 1, offset = 1) between 'call' operation ('cordic_ret', src_fromA5V3/linearsolver.cpp:313) to 'cordic' and 'select' operation ('r.V').&#xD;&#xA;Resolution: For help on HLS 200-880 see www.xilinx.com/cgi-bin/docs/rdoc?v=2022.1;t=hls+guidance;d=200-880.html" projectName="A6HLS" solutionName="solution1" date="2022-12-01T13:05:36.004-0600" type="Warning"/>
        <logs message="WARNING: [HLS 200-880] The II Violation in module 'LinearSolver_Pipeline_VITIS_LOOP_303_24' (loop 'VITIS_LOOP_303_24'): Unable to enforce a carried dependence constraint (II = 11, distance = 1, offset = 1) between 'call' operation ('cordic_ret', src_fromA5V3/linearsolver.cpp:305) to 'cordic' and 'select' operation ('r.V').&#xD;&#xA;Resolution: For help on HLS 200-880 see www.xilinx.com/cgi-bin/docs/rdoc?v=2022.1;t=hls+guidance;d=200-880.html" projectName="A6HLS" solutionName="solution1" date="2022-12-01T13:05:35.404-0600" type="Warning"/>
        <logs message="WARNING: [HLS 200-880] The II Violation in module 'LinearSolver_Pipeline_VITIS_LOOP_303_24' (loop 'VITIS_LOOP_303_24'): Unable to enforce a carried dependence constraint (II = 4, distance = 1, offset = 1) between 'call' operation ('cordic_ret', src_fromA5V3/linearsolver.cpp:305) to 'cordic' and 'select' operation ('r.V').&#xD;&#xA;Resolution: For help on HLS 200-880 see www.xilinx.com/cgi-bin/docs/rdoc?v=2022.1;t=hls+guidance;d=200-880.html" projectName="A6HLS" solutionName="solution1" date="2022-12-01T13:05:35.379-0600" type="Warning"/>
        <logs message="WARNING: [HLS 200-880] The II Violation in module 'LinearSolver_Pipeline_VITIS_LOOP_303_24' (loop 'VITIS_LOOP_303_24'): Unable to enforce a carried dependence constraint (II = 3, distance = 1, offset = 1) between 'call' operation ('cordic_ret', src_fromA5V3/linearsolver.cpp:305) to 'cordic' and 'select' operation ('r.V').&#xD;&#xA;Resolution: For help on HLS 200-880 see www.xilinx.com/cgi-bin/docs/rdoc?v=2022.1;t=hls+guidance;d=200-880.html" projectName="A6HLS" solutionName="solution1" date="2022-12-01T13:05:35.355-0600" type="Warning"/>
        <logs message="WARNING: [HLS 200-880] The II Violation in module 'LinearSolver_Pipeline_VITIS_LOOP_303_24' (loop 'VITIS_LOOP_303_24'): Unable to enforce a carried dependence constraint (II = 2, distance = 1, offset = 1) between 'call' operation ('cordic_ret', src_fromA5V3/linearsolver.cpp:305) to 'cordic' and 'select' operation ('r.V').&#xD;&#xA;Resolution: For help on HLS 200-880 see www.xilinx.com/cgi-bin/docs/rdoc?v=2022.1;t=hls+guidance;d=200-880.html" projectName="A6HLS" solutionName="solution1" date="2022-12-01T13:05:35.329-0600" type="Warning"/>
        <logs message="WARNING: [HLS 200-880] The II Violation in module 'LinearSolver_Pipeline_VITIS_LOOP_303_24' (loop 'VITIS_LOOP_303_24'): Unable to enforce a carried dependence constraint (II = 1, distance = 1, offset = 1) between 'call' operation ('cordic_ret', src_fromA5V3/linearsolver.cpp:305) to 'cordic' and 'select' operation ('r.V').&#xD;&#xA;Resolution: For help on HLS 200-880 see www.xilinx.com/cgi-bin/docs/rdoc?v=2022.1;t=hls+guidance;d=200-880.html" projectName="A6HLS" solutionName="solution1" date="2022-12-01T13:05:35.303-0600" type="Warning"/>
        <logs message="WARNING: [HLS 200-880] The II Violation in module 'LinearSolver_Pipeline_VITIS_LOOP_295_23' (loop 'VITIS_LOOP_295_23'): Unable to enforce a carried dependence constraint (II = 11, distance = 1, offset = 1) between 'call' operation ('cordic_ret', src_fromA5V3/linearsolver.cpp:297) to 'cordic' and 'select' operation ('r.V').&#xD;&#xA;Resolution: For help on HLS 200-880 see www.xilinx.com/cgi-bin/docs/rdoc?v=2022.1;t=hls+guidance;d=200-880.html" projectName="A6HLS" solutionName="solution1" date="2022-12-01T13:05:34.706-0600" type="Warning"/>
        <logs message="WARNING: [HLS 200-880] The II Violation in module 'LinearSolver_Pipeline_VITIS_LOOP_295_23' (loop 'VITIS_LOOP_295_23'): Unable to enforce a carried dependence constraint (II = 4, distance = 1, offset = 1) between 'call' operation ('cordic_ret', src_fromA5V3/linearsolver.cpp:297) to 'cordic' and 'select' operation ('r.V').&#xD;&#xA;Resolution: For help on HLS 200-880 see www.xilinx.com/cgi-bin/docs/rdoc?v=2022.1;t=hls+guidance;d=200-880.html" projectName="A6HLS" solutionName="solution1" date="2022-12-01T13:05:34.679-0600" type="Warning"/>
        <logs message="WARNING: [HLS 200-880] The II Violation in module 'LinearSolver_Pipeline_VITIS_LOOP_295_23' (loop 'VITIS_LOOP_295_23'): Unable to enforce a carried dependence constraint (II = 3, distance = 1, offset = 1) between 'call' operation ('cordic_ret', src_fromA5V3/linearsolver.cpp:297) to 'cordic' and 'select' operation ('r.V').&#xD;&#xA;Resolution: For help on HLS 200-880 see www.xilinx.com/cgi-bin/docs/rdoc?v=2022.1;t=hls+guidance;d=200-880.html" projectName="A6HLS" solutionName="solution1" date="2022-12-01T13:05:34.655-0600" type="Warning"/>
        <logs message="WARNING: [HLS 200-880] The II Violation in module 'LinearSolver_Pipeline_VITIS_LOOP_295_23' (loop 'VITIS_LOOP_295_23'): Unable to enforce a carried dependence constraint (II = 2, distance = 1, offset = 1) between 'call' operation ('cordic_ret', src_fromA5V3/linearsolver.cpp:297) to 'cordic' and 'select' operation ('r.V').&#xD;&#xA;Resolution: For help on HLS 200-880 see www.xilinx.com/cgi-bin/docs/rdoc?v=2022.1;t=hls+guidance;d=200-880.html" projectName="A6HLS" solutionName="solution1" date="2022-12-01T13:05:34.631-0600" type="Warning"/>
        <logs message="WARNING: [HLS 200-880] The II Violation in module 'LinearSolver_Pipeline_VITIS_LOOP_295_23' (loop 'VITIS_LOOP_295_23'): Unable to enforce a carried dependence constraint (II = 1, distance = 1, offset = 1) between 'call' operation ('cordic_ret', src_fromA5V3/linearsolver.cpp:297) to 'cordic' and 'select' operation ('r.V').&#xD;&#xA;Resolution: For help on HLS 200-880 see www.xilinx.com/cgi-bin/docs/rdoc?v=2022.1;t=hls+guidance;d=200-880.html" projectName="A6HLS" solutionName="solution1" date="2022-12-01T13:05:34.607-0600" type="Warning"/>
        <logs message="WARNING: [HLS 200-880] The II Violation in module 'LinearSolver_Pipeline_VITIS_LOOP_285_22' (loop 'VITIS_LOOP_285_22'): Unable to enforce a carried dependence constraint (II = 11, distance = 1, offset = 1) between 'call' operation ('cordic_ret', src_fromA5V3/linearsolver.cpp:287) to 'cordic' and 'select' operation ('r.V').&#xD;&#xA;Resolution: For help on HLS 200-880 see www.xilinx.com/cgi-bin/docs/rdoc?v=2022.1;t=hls+guidance;d=200-880.html" projectName="A6HLS" solutionName="solution1" date="2022-12-01T13:05:33.994-0600" type="Warning"/>
        <logs message="WARNING: [HLS 200-880] The II Violation in module 'LinearSolver_Pipeline_VITIS_LOOP_285_22' (loop 'VITIS_LOOP_285_22'): Unable to enforce a carried dependence constraint (II = 4, distance = 1, offset = 1) between 'call' operation ('cordic_ret', src_fromA5V3/linearsolver.cpp:287) to 'cordic' and 'select' operation ('r.V').&#xD;&#xA;Resolution: For help on HLS 200-880 see www.xilinx.com/cgi-bin/docs/rdoc?v=2022.1;t=hls+guidance;d=200-880.html" projectName="A6HLS" solutionName="solution1" date="2022-12-01T13:05:33.969-0600" type="Warning"/>
        <logs message="WARNING: [HLS 200-880] The II Violation in module 'LinearSolver_Pipeline_VITIS_LOOP_285_22' (loop 'VITIS_LOOP_285_22'): Unable to enforce a carried dependence constraint (II = 3, distance = 1, offset = 1) between 'call' operation ('cordic_ret', src_fromA5V3/linearsolver.cpp:287) to 'cordic' and 'select' operation ('r.V').&#xD;&#xA;Resolution: For help on HLS 200-880 see www.xilinx.com/cgi-bin/docs/rdoc?v=2022.1;t=hls+guidance;d=200-880.html" projectName="A6HLS" solutionName="solution1" date="2022-12-01T13:05:33.945-0600" type="Warning"/>
        <logs message="WARNING: [HLS 200-880] The II Violation in module 'LinearSolver_Pipeline_VITIS_LOOP_285_22' (loop 'VITIS_LOOP_285_22'): Unable to enforce a carried dependence constraint (II = 2, distance = 1, offset = 1) between 'call' operation ('cordic_ret', src_fromA5V3/linearsolver.cpp:287) to 'cordic' and 'select' operation ('r.V').&#xD;&#xA;Resolution: For help on HLS 200-880 see www.xilinx.com/cgi-bin/docs/rdoc?v=2022.1;t=hls+guidance;d=200-880.html" projectName="A6HLS" solutionName="solution1" date="2022-12-01T13:05:33.920-0600" type="Warning"/>
        <logs message="WARNING: [HLS 200-880] The II Violation in module 'LinearSolver_Pipeline_VITIS_LOOP_285_22' (loop 'VITIS_LOOP_285_22'): Unable to enforce a carried dependence constraint (II = 1, distance = 1, offset = 1) between 'call' operation ('cordic_ret', src_fromA5V3/linearsolver.cpp:287) to 'cordic' and 'select' operation ('r.V').&#xD;&#xA;Resolution: For help on HLS 200-880 see www.xilinx.com/cgi-bin/docs/rdoc?v=2022.1;t=hls+guidance;d=200-880.html" projectName="A6HLS" solutionName="solution1" date="2022-12-01T13:05:33.896-0600" type="Warning"/>
        <logs message="WARNING: [HLS 200-880] The II Violation in module 'LinearSolver_Pipeline_VITIS_LOOP_277_21' (loop 'VITIS_LOOP_277_21'): Unable to enforce a carried dependence constraint (II = 11, distance = 1, offset = 1) between 'call' operation ('cordic_ret', src_fromA5V3/linearsolver.cpp:279) to 'cordic' and 'select' operation ('r.V').&#xD;&#xA;Resolution: For help on HLS 200-880 see www.xilinx.com/cgi-bin/docs/rdoc?v=2022.1;t=hls+guidance;d=200-880.html" projectName="A6HLS" solutionName="solution1" date="2022-12-01T13:05:33.295-0600" type="Warning"/>
        <logs message="WARNING: [HLS 200-880] The II Violation in module 'LinearSolver_Pipeline_VITIS_LOOP_277_21' (loop 'VITIS_LOOP_277_21'): Unable to enforce a carried dependence constraint (II = 4, distance = 1, offset = 1) between 'call' operation ('cordic_ret', src_fromA5V3/linearsolver.cpp:279) to 'cordic' and 'select' operation ('r.V').&#xD;&#xA;Resolution: For help on HLS 200-880 see www.xilinx.com/cgi-bin/docs/rdoc?v=2022.1;t=hls+guidance;d=200-880.html" projectName="A6HLS" solutionName="solution1" date="2022-12-01T13:05:33.271-0600" type="Warning"/>
        <logs message="WARNING: [HLS 200-880] The II Violation in module 'LinearSolver_Pipeline_VITIS_LOOP_277_21' (loop 'VITIS_LOOP_277_21'): Unable to enforce a carried dependence constraint (II = 3, distance = 1, offset = 1) between 'call' operation ('cordic_ret', src_fromA5V3/linearsolver.cpp:279) to 'cordic' and 'select' operation ('r.V').&#xD;&#xA;Resolution: For help on HLS 200-880 see www.xilinx.com/cgi-bin/docs/rdoc?v=2022.1;t=hls+guidance;d=200-880.html" projectName="A6HLS" solutionName="solution1" date="2022-12-01T13:05:33.247-0600" type="Warning"/>
        <logs message="WARNING: [HLS 200-880] The II Violation in module 'LinearSolver_Pipeline_VITIS_LOOP_277_21' (loop 'VITIS_LOOP_277_21'): Unable to enforce a carried dependence constraint (II = 2, distance = 1, offset = 1) between 'call' operation ('cordic_ret', src_fromA5V3/linearsolver.cpp:279) to 'cordic' and 'select' operation ('r.V').&#xD;&#xA;Resolution: For help on HLS 200-880 see www.xilinx.com/cgi-bin/docs/rdoc?v=2022.1;t=hls+guidance;d=200-880.html" projectName="A6HLS" solutionName="solution1" date="2022-12-01T13:05:33.221-0600" type="Warning"/>
        <logs message="WARNING: [HLS 200-880] The II Violation in module 'LinearSolver_Pipeline_VITIS_LOOP_277_21' (loop 'VITIS_LOOP_277_21'): Unable to enforce a carried dependence constraint (II = 1, distance = 1, offset = 1) between 'call' operation ('cordic_ret', src_fromA5V3/linearsolver.cpp:279) to 'cordic' and 'select' operation ('r.V').&#xD;&#xA;Resolution: For help on HLS 200-880 see www.xilinx.com/cgi-bin/docs/rdoc?v=2022.1;t=hls+guidance;d=200-880.html" projectName="A6HLS" solutionName="solution1" date="2022-12-01T13:05:33.196-0600" type="Warning"/>
        <logs message="WARNING: [HLS 200-880] The II Violation in module 'LinearSolver_Pipeline_VITIS_LOOP_269_20' (loop 'VITIS_LOOP_269_20'): Unable to enforce a carried dependence constraint (II = 11, distance = 1, offset = 1) between 'call' operation ('cordic_ret', src_fromA5V3/linearsolver.cpp:271) to 'cordic' and 'select' operation ('r.V').&#xD;&#xA;Resolution: For help on HLS 200-880 see www.xilinx.com/cgi-bin/docs/rdoc?v=2022.1;t=hls+guidance;d=200-880.html" projectName="A6HLS" solutionName="solution1" date="2022-12-01T13:05:32.594-0600" type="Warning"/>
        <logs message="WARNING: [HLS 200-880] The II Violation in module 'LinearSolver_Pipeline_VITIS_LOOP_269_20' (loop 'VITIS_LOOP_269_20'): Unable to enforce a carried dependence constraint (II = 4, distance = 1, offset = 1) between 'call' operation ('cordic_ret', src_fromA5V3/linearsolver.cpp:271) to 'cordic' and 'select' operation ('r.V').&#xD;&#xA;Resolution: For help on HLS 200-880 see www.xilinx.com/cgi-bin/docs/rdoc?v=2022.1;t=hls+guidance;d=200-880.html" projectName="A6HLS" solutionName="solution1" date="2022-12-01T13:05:32.569-0600" type="Warning"/>
        <logs message="WARNING: [HLS 200-880] The II Violation in module 'LinearSolver_Pipeline_VITIS_LOOP_269_20' (loop 'VITIS_LOOP_269_20'): Unable to enforce a carried dependence constraint (II = 3, distance = 1, offset = 1) between 'call' operation ('cordic_ret', src_fromA5V3/linearsolver.cpp:271) to 'cordic' and 'select' operation ('r.V').&#xD;&#xA;Resolution: For help on HLS 200-880 see www.xilinx.com/cgi-bin/docs/rdoc?v=2022.1;t=hls+guidance;d=200-880.html" projectName="A6HLS" solutionName="solution1" date="2022-12-01T13:05:32.546-0600" type="Warning"/>
        <logs message="WARNING: [HLS 200-880] The II Violation in module 'LinearSolver_Pipeline_VITIS_LOOP_269_20' (loop 'VITIS_LOOP_269_20'): Unable to enforce a carried dependence constraint (II = 2, distance = 1, offset = 1) between 'call' operation ('cordic_ret', src_fromA5V3/linearsolver.cpp:271) to 'cordic' and 'select' operation ('r.V').&#xD;&#xA;Resolution: For help on HLS 200-880 see www.xilinx.com/cgi-bin/docs/rdoc?v=2022.1;t=hls+guidance;d=200-880.html" projectName="A6HLS" solutionName="solution1" date="2022-12-01T13:05:32.522-0600" type="Warning"/>
        <logs message="WARNING: [HLS 200-880] The II Violation in module 'LinearSolver_Pipeline_VITIS_LOOP_269_20' (loop 'VITIS_LOOP_269_20'): Unable to enforce a carried dependence constraint (II = 1, distance = 1, offset = 1) between 'call' operation ('cordic_ret', src_fromA5V3/linearsolver.cpp:271) to 'cordic' and 'select' operation ('r.V').&#xD;&#xA;Resolution: For help on HLS 200-880 see www.xilinx.com/cgi-bin/docs/rdoc?v=2022.1;t=hls+guidance;d=200-880.html" projectName="A6HLS" solutionName="solution1" date="2022-12-01T13:05:32.498-0600" type="Warning"/>
        <logs message="WARNING: [HLS 200-880] The II Violation in module 'LinearSolver_Pipeline_VITIS_LOOP_261_19' (loop 'VITIS_LOOP_261_19'): Unable to enforce a carried dependence constraint (II = 11, distance = 1, offset = 1) between 'call' operation ('cordic_ret', src_fromA5V3/linearsolver.cpp:263) to 'cordic' and 'select' operation ('r.V').&#xD;&#xA;Resolution: For help on HLS 200-880 see www.xilinx.com/cgi-bin/docs/rdoc?v=2022.1;t=hls+guidance;d=200-880.html" projectName="A6HLS" solutionName="solution1" date="2022-12-01T13:05:31.894-0600" type="Warning"/>
        <logs message="WARNING: [HLS 200-880] The II Violation in module 'LinearSolver_Pipeline_VITIS_LOOP_261_19' (loop 'VITIS_LOOP_261_19'): Unable to enforce a carried dependence constraint (II = 4, distance = 1, offset = 1) between 'call' operation ('cordic_ret', src_fromA5V3/linearsolver.cpp:263) to 'cordic' and 'select' operation ('r.V').&#xD;&#xA;Resolution: For help on HLS 200-880 see www.xilinx.com/cgi-bin/docs/rdoc?v=2022.1;t=hls+guidance;d=200-880.html" projectName="A6HLS" solutionName="solution1" date="2022-12-01T13:05:31.869-0600" type="Warning"/>
        <logs message="WARNING: [HLS 200-880] The II Violation in module 'LinearSolver_Pipeline_VITIS_LOOP_261_19' (loop 'VITIS_LOOP_261_19'): Unable to enforce a carried dependence constraint (II = 3, distance = 1, offset = 1) between 'call' operation ('cordic_ret', src_fromA5V3/linearsolver.cpp:263) to 'cordic' and 'select' operation ('r.V').&#xD;&#xA;Resolution: For help on HLS 200-880 see www.xilinx.com/cgi-bin/docs/rdoc?v=2022.1;t=hls+guidance;d=200-880.html" projectName="A6HLS" solutionName="solution1" date="2022-12-01T13:05:31.845-0600" type="Warning"/>
        <logs message="WARNING: [HLS 200-880] The II Violation in module 'LinearSolver_Pipeline_VITIS_LOOP_261_19' (loop 'VITIS_LOOP_261_19'): Unable to enforce a carried dependence constraint (II = 2, distance = 1, offset = 1) between 'call' operation ('cordic_ret', src_fromA5V3/linearsolver.cpp:263) to 'cordic' and 'select' operation ('r.V').&#xD;&#xA;Resolution: For help on HLS 200-880 see www.xilinx.com/cgi-bin/docs/rdoc?v=2022.1;t=hls+guidance;d=200-880.html" projectName="A6HLS" solutionName="solution1" date="2022-12-01T13:05:31.821-0600" type="Warning"/>
        <logs message="WARNING: [HLS 200-880] The II Violation in module 'LinearSolver_Pipeline_VITIS_LOOP_261_19' (loop 'VITIS_LOOP_261_19'): Unable to enforce a carried dependence constraint (II = 1, distance = 1, offset = 1) between 'call' operation ('cordic_ret', src_fromA5V3/linearsolver.cpp:263) to 'cordic' and 'select' operation ('r.V').&#xD;&#xA;Resolution: For help on HLS 200-880 see www.xilinx.com/cgi-bin/docs/rdoc?v=2022.1;t=hls+guidance;d=200-880.html" projectName="A6HLS" solutionName="solution1" date="2022-12-01T13:05:31.798-0600" type="Warning"/>
        <logs message="WARNING: [HLS 200-880] The II Violation in module 'LinearSolver_Pipeline_VITIS_LOOP_252_18' (loop 'VITIS_LOOP_252_18'): Unable to enforce a carried dependence constraint (II = 11, distance = 1, offset = 1) between 'call' operation ('cordic_ret', src_fromA5V3/linearsolver.cpp:254) to 'cordic' and 'select' operation ('r.V').&#xD;&#xA;Resolution: For help on HLS 200-880 see www.xilinx.com/cgi-bin/docs/rdoc?v=2022.1;t=hls+guidance;d=200-880.html" projectName="A6HLS" solutionName="solution1" date="2022-12-01T13:05:31.167-0600" type="Warning"/>
        <logs message="WARNING: [HLS 200-880] The II Violation in module 'LinearSolver_Pipeline_VITIS_LOOP_252_18' (loop 'VITIS_LOOP_252_18'): Unable to enforce a carried dependence constraint (II = 4, distance = 1, offset = 1) between 'call' operation ('cordic_ret', src_fromA5V3/linearsolver.cpp:254) to 'cordic' and 'select' operation ('r.V').&#xD;&#xA;Resolution: For help on HLS 200-880 see www.xilinx.com/cgi-bin/docs/rdoc?v=2022.1;t=hls+guidance;d=200-880.html" projectName="A6HLS" solutionName="solution1" date="2022-12-01T13:05:31.143-0600" type="Warning"/>
        <logs message="WARNING: [HLS 200-880] The II Violation in module 'LinearSolver_Pipeline_VITIS_LOOP_252_18' (loop 'VITIS_LOOP_252_18'): Unable to enforce a carried dependence constraint (II = 3, distance = 1, offset = 1) between 'call' operation ('cordic_ret', src_fromA5V3/linearsolver.cpp:254) to 'cordic' and 'select' operation ('r.V').&#xD;&#xA;Resolution: For help on HLS 200-880 see www.xilinx.com/cgi-bin/docs/rdoc?v=2022.1;t=hls+guidance;d=200-880.html" projectName="A6HLS" solutionName="solution1" date="2022-12-01T13:05:31.120-0600" type="Warning"/>
        <logs message="WARNING: [HLS 200-880] The II Violation in module 'LinearSolver_Pipeline_VITIS_LOOP_252_18' (loop 'VITIS_LOOP_252_18'): Unable to enforce a carried dependence constraint (II = 2, distance = 1, offset = 1) between 'call' operation ('cordic_ret', src_fromA5V3/linearsolver.cpp:254) to 'cordic' and 'select' operation ('r.V').&#xD;&#xA;Resolution: For help on HLS 200-880 see www.xilinx.com/cgi-bin/docs/rdoc?v=2022.1;t=hls+guidance;d=200-880.html" projectName="A6HLS" solutionName="solution1" date="2022-12-01T13:05:31.097-0600" type="Warning"/>
        <logs message="WARNING: [HLS 200-880] The II Violation in module 'LinearSolver_Pipeline_VITIS_LOOP_252_18' (loop 'VITIS_LOOP_252_18'): Unable to enforce a carried dependence constraint (II = 1, distance = 1, offset = 1) between 'call' operation ('cordic_ret', src_fromA5V3/linearsolver.cpp:254) to 'cordic' and 'select' operation ('r.V').&#xD;&#xA;Resolution: For help on HLS 200-880 see www.xilinx.com/cgi-bin/docs/rdoc?v=2022.1;t=hls+guidance;d=200-880.html" projectName="A6HLS" solutionName="solution1" date="2022-12-01T13:05:31.068-0600" type="Warning"/>
        <logs message="WARNING: [HLS 200-880] The II Violation in module 'LinearSolver_Pipeline_VITIS_LOOP_244_17' (loop 'VITIS_LOOP_244_17'): Unable to enforce a carried dependence constraint (II = 11, distance = 1, offset = 1) between 'call' operation ('cordic_ret', src_fromA5V3/linearsolver.cpp:246) to 'cordic' and 'select' operation ('r.V').&#xD;&#xA;Resolution: For help on HLS 200-880 see www.xilinx.com/cgi-bin/docs/rdoc?v=2022.1;t=hls+guidance;d=200-880.html" projectName="A6HLS" solutionName="solution1" date="2022-12-01T13:05:30.464-0600" type="Warning"/>
        <logs message="WARNING: [HLS 200-880] The II Violation in module 'LinearSolver_Pipeline_VITIS_LOOP_244_17' (loop 'VITIS_LOOP_244_17'): Unable to enforce a carried dependence constraint (II = 4, distance = 1, offset = 1) between 'call' operation ('cordic_ret', src_fromA5V3/linearsolver.cpp:246) to 'cordic' and 'select' operation ('r.V').&#xD;&#xA;Resolution: For help on HLS 200-880 see www.xilinx.com/cgi-bin/docs/rdoc?v=2022.1;t=hls+guidance;d=200-880.html" projectName="A6HLS" solutionName="solution1" date="2022-12-01T13:05:30.441-0600" type="Warning"/>
        <logs message="WARNING: [HLS 200-880] The II Violation in module 'LinearSolver_Pipeline_VITIS_LOOP_244_17' (loop 'VITIS_LOOP_244_17'): Unable to enforce a carried dependence constraint (II = 3, distance = 1, offset = 1) between 'call' operation ('cordic_ret', src_fromA5V3/linearsolver.cpp:246) to 'cordic' and 'select' operation ('r.V').&#xD;&#xA;Resolution: For help on HLS 200-880 see www.xilinx.com/cgi-bin/docs/rdoc?v=2022.1;t=hls+guidance;d=200-880.html" projectName="A6HLS" solutionName="solution1" date="2022-12-01T13:05:30.416-0600" type="Warning"/>
        <logs message="WARNING: [HLS 200-880] The II Violation in module 'LinearSolver_Pipeline_VITIS_LOOP_244_17' (loop 'VITIS_LOOP_244_17'): Unable to enforce a carried dependence constraint (II = 2, distance = 1, offset = 1) between 'call' operation ('cordic_ret', src_fromA5V3/linearsolver.cpp:246) to 'cordic' and 'select' operation ('r.V').&#xD;&#xA;Resolution: For help on HLS 200-880 see www.xilinx.com/cgi-bin/docs/rdoc?v=2022.1;t=hls+guidance;d=200-880.html" projectName="A6HLS" solutionName="solution1" date="2022-12-01T13:05:30.394-0600" type="Warning"/>
        <logs message="WARNING: [HLS 200-880] The II Violation in module 'LinearSolver_Pipeline_VITIS_LOOP_244_17' (loop 'VITIS_LOOP_244_17'): Unable to enforce a carried dependence constraint (II = 1, distance = 1, offset = 1) between 'call' operation ('cordic_ret', src_fromA5V3/linearsolver.cpp:246) to 'cordic' and 'select' operation ('r.V').&#xD;&#xA;Resolution: For help on HLS 200-880 see www.xilinx.com/cgi-bin/docs/rdoc?v=2022.1;t=hls+guidance;d=200-880.html" projectName="A6HLS" solutionName="solution1" date="2022-12-01T13:05:30.370-0600" type="Warning"/>
        <logs message="WARNING: [HLS 200-880] The II Violation in module 'LinearSolver_Pipeline_VITIS_LOOP_236_16' (loop 'VITIS_LOOP_236_16'): Unable to enforce a carried dependence constraint (II = 11, distance = 1, offset = 1) between 'call' operation ('cordic_ret', src_fromA5V3/linearsolver.cpp:238) to 'cordic' and 'select' operation ('r.V').&#xD;&#xA;Resolution: For help on HLS 200-880 see www.xilinx.com/cgi-bin/docs/rdoc?v=2022.1;t=hls+guidance;d=200-880.html" projectName="A6HLS" solutionName="solution1" date="2022-12-01T13:05:29.778-0600" type="Warning"/>
        <logs message="WARNING: [HLS 200-880] The II Violation in module 'LinearSolver_Pipeline_VITIS_LOOP_236_16' (loop 'VITIS_LOOP_236_16'): Unable to enforce a carried dependence constraint (II = 4, distance = 1, offset = 1) between 'call' operation ('cordic_ret', src_fromA5V3/linearsolver.cpp:238) to 'cordic' and 'select' operation ('r.V').&#xD;&#xA;Resolution: For help on HLS 200-880 see www.xilinx.com/cgi-bin/docs/rdoc?v=2022.1;t=hls+guidance;d=200-880.html" projectName="A6HLS" solutionName="solution1" date="2022-12-01T13:05:29.755-0600" type="Warning"/>
      </synLog>
    </logs>
  </warningLogs>
</vivadoHLSLog:LogRoot>
