<?xml version="1.0" encoding="UTF-8"?>
<GenRun Id="synth_1" LaunchPart="xc7z020clg484-1" LaunchTime="1664506949">
  <File Type="PA-TCL" Name="hwcosim_top_wrapper.tcl"/>
  <File Type="RDS-PROPCONSTRS" Name="hwcosim_top_wrapper_drc_synth.rpt"/>
  <File Type="REPORTS-TCL" Name="hwcosim_top_wrapper_reports.tcl"/>
  <File Type="RDS-RDS" Name="hwcosim_top_wrapper.vds"/>
  <File Type="RDS-UTIL" Name="hwcosim_top_wrapper_utilization_synth.rpt"/>
  <File Type="RDS-UTIL-PB" Name="hwcosim_top_wrapper_utilization_synth.pb"/>
  <File Type="RDS-DCP" Name="hwcosim_top_wrapper.dcp"/>
  <File Type="VDS-TIMINGSUMMARY" Name="hwcosim_top_wrapper_timing_summary_synth.rpt"/>
  <File Type="VDS-TIMING-PB" Name="hwcosim_top_wrapper_timing_summary_synth.pb"/>
  <FileSet Name="sources" Type="DesignSrcs" RelSrcDir="$PSRCDIR/sources_1" RelGenDir="$PGENDIR/sources_1">
    <Filter Type="Srcs"/>
    <File Path="$PSRCDIR/sources_1/bd/hwcosim_top/hwcosim_top.bd">
      <FileInfo>
        <Attr Name="UsedIn" Val="synthesis"/>
        <Attr Name="UsedIn" Val="implementation"/>
        <Attr Name="UsedIn" Val="simulation"/>
      </FileInfo>
    </File>
    <File Path="$PGENDIR/sources_1/bd/hwcosim_top/hdl/hwcosim_top_wrapper.v">
      <FileInfo>
        <Attr Name="UsedIn" Val="synthesis"/>
        <Attr Name="UsedIn" Val="implementation"/>
        <Attr Name="UsedIn" Val="simulation"/>
      </FileInfo>
    </File>
    <File Path="$PSRCDIR/sources_1/ip/systolic_0/systolic_0.xci">
      <FileInfo>
        <Attr Name="AutoDisabled" Val="1"/>
        <Attr Name="UsedIn" Val="synthesis"/>
        <Attr Name="UsedIn" Val="implementation"/>
        <Attr Name="UsedIn" Val="simulation"/>
      </FileInfo>
    </File>
    <File Path="$PSRCDIR/sources_1/imports/sysgen/systolic_mod.v">
      <FileInfo>
        <Attr Name="AutoDisabled" Val="1"/>
        <Attr Name="ImportPath" Val="$PPRDIR/../sysgen/systolic_mod.v"/>
        <Attr Name="ImportTime" Val="1664506934"/>
        <Attr Name="UsedIn" Val="synthesis"/>
        <Attr Name="UsedIn" Val="implementation"/>
        <Attr Name="UsedIn" Val="simulation"/>
      </FileInfo>
    </File>
    <Config>
      <Option Name="DesignMode" Val="RTL"/>
      <Option Name="TopModule" Val="hwcosim_top_wrapper"/>
    </Config>
  </FileSet>
  <FileSet Name="constrs_in" Type="Constrs" RelSrcDir="$PSRCDIR/constrs_1">
    <Filter Type="Constrs"/>
    <File Path="$PSRCDIR/constrs_1/imports/sysgen/systolic_clock.xdc">
      <FileInfo>
        <Attr Name="ImportPath" Val="$PPRDIR/../sysgen/systolic_clock.xdc"/>
        <Attr Name="ImportTime" Val="1664506926"/>
        <Attr Name="UsedIn" Val="synthesis"/>
        <Attr Name="UsedIn" Val="implementation"/>
      </FileInfo>
    </File>
    <File Path="$PSRCDIR/constrs_1/imports/sysgen/systolic.xdc">
      <FileInfo>
        <Attr Name="ImportPath" Val="$PPRDIR/../sysgen/systolic.xdc"/>
        <Attr Name="ImportTime" Val="1664506926"/>
        <Attr Name="UsedIn" Val="synthesis"/>
        <Attr Name="UsedIn" Val="implementation"/>
      </FileInfo>
    </File>
    <File Path="$PSRCDIR/constrs_1/imports/common/jtag_hwcosim_top.xdc">
      <FileInfo>
        <Attr Name="ImportPath" Val="$PPRDIR/../../../../../Xilinx/Vivado/2022.1/data/sysgen/hwcosim_ip_repos/common/jtag_hwcosim_top.xdc"/>
        <Attr Name="ImportTime" Val="1650319087"/>
        <Attr Name="UsedIn" Val="synthesis"/>
        <Attr Name="UsedIn" Val="implementation"/>
      </FileInfo>
    </File>
    <Config>
      <Option Name="ConstrsType" Val="XDC"/>
    </Config>
  </FileSet>
  <FileSet Name="utils" Type="Utils" RelSrcDir="$PSRCDIR/utils_1">
    <Filter Type="Utils"/>
    <Config>
      <Option Name="TopAutoSet" Val="TRUE"/>
    </Config>
  </FileSet>
  <Strategy Version="1" Minor="2">
    <StratHandle Name="Vivado Synthesis Defaults" Flow="Vivado Synthesis 2022"/>
    <Step Id="synth_design"/>
  </Strategy>
  <BlockFileSet Type="BlockSrcs" Name="hwcosim_top_systolic_0_0"/>
  <BlockFileSet Type="BlockSrcs" Name="hwcosim_top_sys_clk_wiz_0"/>
  <BlockFileSet Type="BlockSrcs" Name="hwcosim_top_axis_dwidth_converter_rx_0"/>
  <BlockFileSet Type="BlockSrcs" Name="hwcosim_top_proc_sys_reset_0"/>
  <BlockFileSet Type="BlockSrcs" Name="hwcosim_top_hwc_jtag_axi_transport_0_0"/>
  <BlockFileSet Type="BlockSrcs" Name="hwcosim_top_axis_data_fifo_tx_0"/>
  <BlockFileSet Type="BlockSrcs" Name="hwcosim_top_hwcosim_cmd_proc_0"/>
  <BlockFileSet Type="BlockSrcs" Name="hwcosim_top_axis_dwidth_converter_tx_0"/>
  <BlockFileSet Type="BlockSrcs" Name="hwcosim_top_axis_data_fifo_rx_0"/>
</GenRun>
