{
  "Top": "sin_cos",
  "RtlTop": "sin_cos",
  "RtlPrefix": "",
  "RtlSubPrefix": "sin_cos_",
  "SourceLanguage": "cpp",
  "HostMachineBits": "64",
  "FunctionProtocol": "ap_ctrl_hs",
  "ResetStyle": "control",
  "Target": {
    "Family": "zynq",
    "Device": "xc7z020",
    "Package": "-clg484",
    "Speed": "-1",
    "Triple": "fpga64-xilinx-none"
  },
  "Args": {
    "theta": {
      "index": "0",
      "direction": "in",
      "srcType": "ap_fixed<20, 10, AP_TRN, AP_WRAP, 0>",
      "srcSize": "32",
      "hwRefs": [{
          "type": "port",
          "interface": "theta",
          "name": "theta",
          "usage": "data",
          "direction": "in"
        }]
    },
    "x": {
      "index": "1",
      "direction": "in",
      "srcType": "ap_fixed<20, 10, AP_TRN, AP_WRAP, 0>",
      "srcSize": "32",
      "hwRefs": [{
          "type": "port",
          "interface": "x",
          "name": "x",
          "usage": "data",
          "direction": "in"
        }]
    },
    "y": {
      "index": "2",
      "direction": "in",
      "srcType": "ap_fixed<20, 10, AP_TRN, AP_WRAP, 0>",
      "srcSize": "32",
      "hwRefs": [{
          "type": "port",
          "interface": "y",
          "name": "y",
          "usage": "data",
          "direction": "in"
        }]
    },
    "s": {
      "index": "3",
      "direction": "out",
      "srcType": "ap_fixed<20, 10, AP_TRN, AP_WRAP, 0>&",
      "srcSize": "32",
      "hwRefs": [
        {
          "type": "port",
          "interface": "s",
          "name": "s",
          "usage": "data",
          "direction": "out"
        },
        {
          "type": "port",
          "interface": "s_ap_vld",
          "name": "s_ap_vld",
          "usage": "control",
          "direction": "out"
        }
      ]
    },
    "c": {
      "index": "4",
      "direction": "out",
      "srcType": "ap_fixed<20, 10, AP_TRN, AP_WRAP, 0>&",
      "srcSize": "32",
      "hwRefs": [
        {
          "type": "port",
          "interface": "c",
          "name": "c",
          "usage": "data",
          "direction": "out"
        },
        {
          "type": "port",
          "interface": "c_ap_vld",
          "name": "c_ap_vld",
          "usage": "control",
          "direction": "out"
        }
      ]
    }
  },
  "HlsSolution": {
    "FlowTarget": "vivado",
    "ConfigTcl": [
      "config_export -format=sysgen",
      "config_export -rtl=verilog"
    ],
    "DirectiveTcl": [
      "set_directive_top -name sin_cos \"sin_cos\"",
      "set_directive_pipeline \"sin_cos\"",
      "set_directive_top sin_cos -name sin_cos"
    ],
    "ProfileOption": "0",
    "ProfileType": "none",
    "KernelName": "sin_cos"
  },
  "ClockInfo": {
    "ClockName": "ap_clk",
    "ClockPeriod": "10",
    "Uncertainty": "2.7",
    "IsCombinational": "0",
    "II": "1",
    "Latency": "23"
  },
  "Xdc": {"OocClocks": ["create_clock -name ap_clk -period 10.000 [get_ports ap_clk]"]},
  "Ipx": {
    "Vendor": "xilinx.com",
    "Library": "hls",
    "Name": "sin_cos",
    "Version": "1.0",
    "DisplayName": "Sin_cos",
    "Revision": "2112808654",
    "Description": "An IP generated by Vitis HLS",
    "Taxonomy": "\/VITIS_HLS_IP",
    "AutoFamilySupport": "",
    "ZipFile": "xilinx_com_hls_sin_cos_1_0.zip"
  },
  "Files": {
    "CSource": ["..\/..\/cordic_fixed.cpp"],
    "Vhdl": ["impl\/vhdl\/sin_cos.vhd"],
    "Verilog": ["impl\/verilog\/sin_cos.v"],
    "IpMisc": ["impl\/misc\/logo.png"],
    "CsynthXml": "syn\/report\/csynth.xml",
    "DebugDir": ".debug",
    "KernelXml": ".autopilot\/db\/kernel.internal.xml",
    "Xo": "",
    "XoHlsDir": "",
    "ProtoInst": [".debug\/sin_cos.protoinst"]
  },
  "SubcoreInfo": {
    "HasXpmMemory": false,
    "HasClockedDsp": false,
    "Ip": []
  },
  "Interfaces": {
    "ap_clk": {
      "type": "clock",
      "busTypeName": "clock",
      "mode": "slave",
      "busParams": {"ASSOCIATED_RESET": "ap_rst"},
      "portMap": {"ap_clk": "CLK"},
      "ports": ["ap_clk"]
    },
    "ap_rst": {
      "type": "reset",
      "busTypeName": "reset",
      "mode": "slave",
      "busParams": {"POLARITY": "ACTIVE_HIGH"},
      "portMap": {"ap_rst": "RST"},
      "ports": ["ap_rst"]
    },
    "ap_ctrl": {
      "type": "ap_ctrl",
      "busTypeName": "acc_handshake",
      "mode": "slave",
      "portMap": {
        "ap_start": "start",
        "ap_done": "done",
        "ap_idle": "idle",
        "ap_ready": "ready"
      },
      "ports": [
        "ap_done",
        "ap_idle",
        "ap_ready",
        "ap_start"
      ]
    },
    "theta": {
      "type": "data",
      "busTypeName": "data",
      "protocol": "ap_none",
      "mode": "slave",
      "dataWidth": "20",
      "portMap": {"theta": "DATA"},
      "ports": ["theta"],
      "constraints": [{
          "constraint_type": "pragma interface",
          "mode": "ap_none",
          "register_option": "0",
          "argName": "theta"
        }]
    },
    "x": {
      "type": "data",
      "busTypeName": "data",
      "protocol": "ap_none",
      "mode": "slave",
      "dataWidth": "20",
      "portMap": {"x": "DATA"},
      "ports": ["x"],
      "constraints": [{
          "constraint_type": "pragma interface",
          "mode": "ap_none",
          "register_option": "0",
          "argName": "x"
        }]
    },
    "y": {
      "type": "data",
      "busTypeName": "data",
      "protocol": "ap_none",
      "mode": "slave",
      "dataWidth": "20",
      "portMap": {"y": "DATA"},
      "ports": ["y"],
      "constraints": [{
          "constraint_type": "pragma interface",
          "mode": "ap_none",
          "register_option": "0",
          "argName": "y"
        }]
    },
    "s": {
      "type": "data",
      "busTypeName": "data",
      "protocol": "ap_vld",
      "mode": "master",
      "dataWidth": "20",
      "portMap": {"s": "DATA"},
      "ports": ["s"],
      "constraints": [{
          "constraint_type": "pragma interface",
          "mode": "ap_none",
          "register_option": "0",
          "argName": "s"
        }]
    },
    "c": {
      "type": "data",
      "busTypeName": "data",
      "protocol": "ap_vld",
      "mode": "master",
      "dataWidth": "20",
      "portMap": {"c": "DATA"},
      "ports": ["c"],
      "constraints": [{
          "constraint_type": "pragma interface",
          "mode": "ap_none",
          "register_option": "0",
          "argName": "c"
        }]
    }
  },
  "RtlPorts": {
    "ap_clk": {
      "dir": "in",
      "width": "1"
    },
    "ap_rst": {
      "dir": "in",
      "width": "1"
    },
    "ap_start": {
      "dir": "in",
      "width": "1"
    },
    "ap_done": {
      "dir": "out",
      "width": "1"
    },
    "ap_idle": {
      "dir": "out",
      "width": "1"
    },
    "ap_ready": {
      "dir": "out",
      "width": "1"
    },
    "theta": {
      "dir": "in",
      "width": "20"
    },
    "x": {
      "dir": "in",
      "width": "20"
    },
    "y": {
      "dir": "in",
      "width": "20"
    },
    "s": {
      "dir": "out",
      "width": "20"
    },
    "s_ap_vld": {
      "dir": "out",
      "width": "1"
    },
    "c": {
      "dir": "out",
      "width": "20"
    },
    "c_ap_vld": {
      "dir": "out",
      "width": "1"
    }
  },
  "ModuleInfo": {
    "Hierarchy": {"ModuleName": "sin_cos"},
    "Info": {"sin_cos": {
        "FunctionProtocol": "ap_ctrl_hs",
        "isTaskLevelControl": "0",
        "isPipelined": "1",
        "isCombinational": "0",
        "isOneStateSeq": "0"
      }},
    "Metrics": {"sin_cos": {
        "Latency": {
          "LatencyBest": "23",
          "LatencyAvg": "23",
          "LatencyWorst": "23",
          "PipelineII": "1",
          "PipelineDepth": "24",
          "PipelineType": "yes"
        },
        "Timing": {
          "Target": "10.00",
          "Uncertainty": "2.70",
          "Estimate": "7.085"
        },
        "Area": {
          "FF": "2041",
          "AVAIL_FF": "106400",
          "UTIL_FF": "1",
          "LUT": "6389",
          "AVAIL_LUT": "53200",
          "UTIL_LUT": "12",
          "BRAM_18K": "0",
          "AVAIL_BRAM": "280",
          "UTIL_BRAM": "0",
          "DSP": "0",
          "AVAIL_DSP": "220",
          "UTIL_DSP": "0",
          "URAM": "0",
          "AVAIL_URAM": "0",
          "UTIL_URAM": "0"
        }
      }}
  },
  "GenerateBdFiles": "0",
  "GenData": {
    "DataVersion": "0.2",
    "Time": "2022-12-11 15:34:20 -0600",
    "ToolName": "vitis_hls",
    "ToolVersion": "2022.1"
  }
}
