{
  "Top": "LinearSolver",
  "RtlTop": "LinearSolver",
  "RtlPrefix": "",
  "RtlSubPrefix": "LinearSolver_",
  "SourceLanguage": "cpp",
  "HostMachineBits": "64",
  "FunctionProtocol": "ap_ctrl_hs",
  "ResetStyle": "control",
  "Target": {
    "Family": "zynq",
    "Device": "xc7z020",
    "Package": "-clg484",
    "Speed": "-1",
    "Triple": "fpga64-xilinx-none"
  },
  "Args": {
    "a11": {
      "index": "0",
      "direction": "in",
      "srcType": "ap_fixed<24, 8, AP_TRN, AP_WRAP, 0>",
      "srcSize": "32",
      "hwRefs": [{
          "type": "register",
          "interface": "s_axi_HLS_TREEADD_PERIPH_BUS",
          "name": "a11",
          "usage": "data",
          "direction": "in"
        }]
    },
    "a12": {
      "index": "1",
      "direction": "in",
      "srcType": "ap_fixed<24, 8, AP_TRN, AP_WRAP, 0>",
      "srcSize": "32",
      "hwRefs": [{
          "type": "register",
          "interface": "s_axi_HLS_TREEADD_PERIPH_BUS",
          "name": "a12",
          "usage": "data",
          "direction": "in"
        }]
    },
    "a13": {
      "index": "2",
      "direction": "in",
      "srcType": "ap_fixed<24, 8, AP_TRN, AP_WRAP, 0>",
      "srcSize": "32",
      "hwRefs": [{
          "type": "register",
          "interface": "s_axi_HLS_TREEADD_PERIPH_BUS",
          "name": "a13",
          "usage": "data",
          "direction": "in"
        }]
    },
    "a14": {
      "index": "3",
      "direction": "in",
      "srcType": "ap_fixed<24, 8, AP_TRN, AP_WRAP, 0>",
      "srcSize": "32",
      "hwRefs": [{
          "type": "register",
          "interface": "s_axi_HLS_TREEADD_PERIPH_BUS",
          "name": "a14",
          "usage": "data",
          "direction": "in"
        }]
    },
    "a21": {
      "index": "4",
      "direction": "in",
      "srcType": "ap_fixed<24, 8, AP_TRN, AP_WRAP, 0>",
      "srcSize": "32",
      "hwRefs": [{
          "type": "register",
          "interface": "s_axi_HLS_TREEADD_PERIPH_BUS",
          "name": "a21",
          "usage": "data",
          "direction": "in"
        }]
    },
    "a22": {
      "index": "5",
      "direction": "in",
      "srcType": "ap_fixed<24, 8, AP_TRN, AP_WRAP, 0>",
      "srcSize": "32",
      "hwRefs": [{
          "type": "register",
          "interface": "s_axi_HLS_TREEADD_PERIPH_BUS",
          "name": "a22",
          "usage": "data",
          "direction": "in"
        }]
    },
    "a23": {
      "index": "6",
      "direction": "in",
      "srcType": "ap_fixed<24, 8, AP_TRN, AP_WRAP, 0>",
      "srcSize": "32",
      "hwRefs": [{
          "type": "register",
          "interface": "s_axi_HLS_TREEADD_PERIPH_BUS",
          "name": "a23",
          "usage": "data",
          "direction": "in"
        }]
    },
    "a24": {
      "index": "7",
      "direction": "in",
      "srcType": "ap_fixed<24, 8, AP_TRN, AP_WRAP, 0>",
      "srcSize": "32",
      "hwRefs": [{
          "type": "register",
          "interface": "s_axi_HLS_TREEADD_PERIPH_BUS",
          "name": "a24",
          "usage": "data",
          "direction": "in"
        }]
    },
    "a31": {
      "index": "8",
      "direction": "in",
      "srcType": "ap_fixed<24, 8, AP_TRN, AP_WRAP, 0>",
      "srcSize": "32",
      "hwRefs": [{
          "type": "register",
          "interface": "s_axi_HLS_TREEADD_PERIPH_BUS",
          "name": "a31",
          "usage": "data",
          "direction": "in"
        }]
    },
    "a32": {
      "index": "9",
      "direction": "in",
      "srcType": "ap_fixed<24, 8, AP_TRN, AP_WRAP, 0>",
      "srcSize": "32",
      "hwRefs": [{
          "type": "register",
          "interface": "s_axi_HLS_TREEADD_PERIPH_BUS",
          "name": "a32",
          "usage": "data",
          "direction": "in"
        }]
    },
    "a33": {
      "index": "10",
      "direction": "in",
      "srcType": "ap_fixed<24, 8, AP_TRN, AP_WRAP, 0>",
      "srcSize": "32",
      "hwRefs": [{
          "type": "register",
          "interface": "s_axi_HLS_TREEADD_PERIPH_BUS",
          "name": "a33",
          "usage": "data",
          "direction": "in"
        }]
    },
    "a34": {
      "index": "11",
      "direction": "in",
      "srcType": "ap_fixed<24, 8, AP_TRN, AP_WRAP, 0>",
      "srcSize": "32",
      "hwRefs": [{
          "type": "register",
          "interface": "s_axi_HLS_TREEADD_PERIPH_BUS",
          "name": "a34",
          "usage": "data",
          "direction": "in"
        }]
    },
    "a41": {
      "index": "12",
      "direction": "in",
      "srcType": "ap_fixed<24, 8, AP_TRN, AP_WRAP, 0>",
      "srcSize": "32",
      "hwRefs": [{
          "type": "register",
          "interface": "s_axi_HLS_TREEADD_PERIPH_BUS",
          "name": "a41",
          "usage": "data",
          "direction": "in"
        }]
    },
    "a42": {
      "index": "13",
      "direction": "in",
      "srcType": "ap_fixed<24, 8, AP_TRN, AP_WRAP, 0>",
      "srcSize": "32",
      "hwRefs": [{
          "type": "register",
          "interface": "s_axi_HLS_TREEADD_PERIPH_BUS",
          "name": "a42",
          "usage": "data",
          "direction": "in"
        }]
    },
    "a43": {
      "index": "14",
      "direction": "in",
      "srcType": "ap_fixed<24, 8, AP_TRN, AP_WRAP, 0>",
      "srcSize": "32",
      "hwRefs": [{
          "type": "register",
          "interface": "s_axi_HLS_TREEADD_PERIPH_BUS",
          "name": "a43",
          "usage": "data",
          "direction": "in"
        }]
    },
    "a44": {
      "index": "15",
      "direction": "in",
      "srcType": "ap_fixed<24, 8, AP_TRN, AP_WRAP, 0>",
      "srcSize": "32",
      "hwRefs": [{
          "type": "register",
          "interface": "s_axi_HLS_TREEADD_PERIPH_BUS",
          "name": "a44",
          "usage": "data",
          "direction": "in"
        }]
    },
    "b1": {
      "index": "16",
      "direction": "in",
      "srcType": "ap_fixed<24, 8, AP_TRN, AP_WRAP, 0>",
      "srcSize": "32",
      "hwRefs": [{
          "type": "register",
          "interface": "s_axi_HLS_TREEADD_PERIPH_BUS",
          "name": "b1",
          "usage": "data",
          "direction": "in"
        }]
    },
    "b2": {
      "index": "17",
      "direction": "in",
      "srcType": "ap_fixed<24, 8, AP_TRN, AP_WRAP, 0>",
      "srcSize": "32",
      "hwRefs": [{
          "type": "register",
          "interface": "s_axi_HLS_TREEADD_PERIPH_BUS",
          "name": "b2",
          "usage": "data",
          "direction": "in"
        }]
    },
    "b3": {
      "index": "18",
      "direction": "in",
      "srcType": "ap_fixed<24, 8, AP_TRN, AP_WRAP, 0>",
      "srcSize": "32",
      "hwRefs": [{
          "type": "register",
          "interface": "s_axi_HLS_TREEADD_PERIPH_BUS",
          "name": "b3",
          "usage": "data",
          "direction": "in"
        }]
    },
    "b4": {
      "index": "19",
      "direction": "in",
      "srcType": "ap_fixed<24, 8, AP_TRN, AP_WRAP, 0>",
      "srcSize": "32",
      "hwRefs": [{
          "type": "register",
          "interface": "s_axi_HLS_TREEADD_PERIPH_BUS",
          "name": "b4",
          "usage": "data",
          "direction": "in"
        }]
    },
    "x1": {
      "index": "20",
      "direction": "out",
      "srcType": "ap_fixed<24, 8, AP_TRN, AP_WRAP, 0>&",
      "srcSize": "32",
      "hwRefs": [
        {
          "type": "register",
          "interface": "s_axi_HLS_TREEADD_PERIPH_BUS",
          "name": "x1",
          "usage": "data",
          "direction": "out"
        },
        {
          "type": "register",
          "interface": "s_axi_HLS_TREEADD_PERIPH_BUS",
          "name": "x1_ctrl",
          "usage": "control",
          "direction": "out"
        }
      ]
    },
    "x2": {
      "index": "21",
      "direction": "out",
      "srcType": "ap_fixed<24, 8, AP_TRN, AP_WRAP, 0>&",
      "srcSize": "32",
      "hwRefs": [
        {
          "type": "register",
          "interface": "s_axi_HLS_TREEADD_PERIPH_BUS",
          "name": "x2",
          "usage": "data",
          "direction": "out"
        },
        {
          "type": "register",
          "interface": "s_axi_HLS_TREEADD_PERIPH_BUS",
          "name": "x2_ctrl",
          "usage": "control",
          "direction": "out"
        }
      ]
    },
    "x3": {
      "index": "22",
      "direction": "out",
      "srcType": "ap_fixed<24, 8, AP_TRN, AP_WRAP, 0>&",
      "srcSize": "32",
      "hwRefs": [
        {
          "type": "register",
          "interface": "s_axi_HLS_TREEADD_PERIPH_BUS",
          "name": "x3",
          "usage": "data",
          "direction": "out"
        },
        {
          "type": "register",
          "interface": "s_axi_HLS_TREEADD_PERIPH_BUS",
          "name": "x3_ctrl",
          "usage": "control",
          "direction": "out"
        }
      ]
    },
    "x4": {
      "index": "23",
      "direction": "out",
      "srcType": "ap_fixed<24, 8, AP_TRN, AP_WRAP, 0>&",
      "srcSize": "32",
      "hwRefs": [
        {
          "type": "register",
          "interface": "s_axi_HLS_TREEADD_PERIPH_BUS",
          "name": "x4",
          "usage": "data",
          "direction": "out"
        },
        {
          "type": "register",
          "interface": "s_axi_HLS_TREEADD_PERIPH_BUS",
          "name": "x4_ctrl",
          "usage": "control",
          "direction": "out"
        }
      ]
    }
  },
  "HlsSolution": {
    "FlowTarget": "vivado",
    "ConfigTcl": [
      "config_export -format=ip_catalog",
      "config_export -rtl=verilog"
    ],
    "DirectiveTcl": ["set_directive_top -name LinearSolver \"LinearSolver\""],
    "ProfileOption": "0",
    "ProfileType": "none",
    "KernelName": "LinearSolver"
  },
  "ClockInfo": {
    "ClockName": "ap_clk",
    "ClockPeriod": "10",
    "Uncertainty": "2.7",
    "IsCombinational": "0",
    "II": "693",
    "Latency": "692"
  },
  "Xdc": {"OocClocks": ["create_clock -name ap_clk -period 10.000 [get_ports ap_clk]"]},
  "Ipx": {
    "Vendor": "xilinx.com",
    "Library": "hls",
    "Name": "LinearSolver",
    "Version": "1.0",
    "DisplayName": "Linearsolver",
    "Revision": "2112795310",
    "Description": "An IP generated by Vitis HLS",
    "Taxonomy": "\/VITIS_HLS_IP",
    "AutoFamilySupport": "",
    "ZipFile": "xilinx_com_hls_LinearSolver_1_0.zip"
  },
  "Files": {
    "CSource": [
      "..\/..\/src_fromA5V3\/qr.cpp",
      "..\/..\/src_fromA5V3\/linearsolver.cpp",
      "..\/..\/src_fromA5V3\/cordic.cpp"
    ],
    "Vhdl": [
      "impl\/vhdl\/LinearSolver_cordic.vhd",
      "impl\/vhdl\/LinearSolver_cordic_1.vhd",
      "impl\/vhdl\/LinearSolver_flow_control_loop_pipe_sequential_init.vhd",
      "impl\/vhdl\/LinearSolver_HLS_TREEADD_PERIPH_BUS_s_axi.vhd",
      "impl\/vhdl\/LinearSolver_LinearSolver_Pipeline_VITIS_LOOP_78_1.vhd",
      "impl\/vhdl\/LinearSolver_LinearSolver_Pipeline_VITIS_LOOP_87_2.vhd",
      "impl\/vhdl\/LinearSolver_LinearSolver_Pipeline_VITIS_LOOP_95_3.vhd",
      "impl\/vhdl\/LinearSolver_LinearSolver_Pipeline_VITIS_LOOP_103_4.vhd",
      "impl\/vhdl\/LinearSolver_LinearSolver_Pipeline_VITIS_LOOP_112_5.vhd",
      "impl\/vhdl\/LinearSolver_LinearSolver_Pipeline_VITIS_LOOP_121_6.vhd",
      "impl\/vhdl\/LinearSolver_LinearSolver_Pipeline_VITIS_LOOP_129_7.vhd",
      "impl\/vhdl\/LinearSolver_LinearSolver_Pipeline_VITIS_LOOP_138_8.vhd",
      "impl\/vhdl\/LinearSolver_LinearSolver_Pipeline_VITIS_LOOP_148_9.vhd",
      "impl\/vhdl\/LinearSolver_LinearSolver_Pipeline_VITIS_LOOP_158_10.vhd",
      "impl\/vhdl\/LinearSolver_LinearSolver_Pipeline_VITIS_LOOP_195_11.vhd",
      "impl\/vhdl\/LinearSolver_LinearSolver_Pipeline_VITIS_LOOP_203_12.vhd",
      "impl\/vhdl\/LinearSolver_LinearSolver_Pipeline_VITIS_LOOP_211_13.vhd",
      "impl\/vhdl\/LinearSolver_LinearSolver_Pipeline_VITIS_LOOP_219_14.vhd",
      "impl\/vhdl\/LinearSolver_LinearSolver_Pipeline_VITIS_LOOP_228_15.vhd",
      "impl\/vhdl\/LinearSolver_LinearSolver_Pipeline_VITIS_LOOP_236_16.vhd",
      "impl\/vhdl\/LinearSolver_LinearSolver_Pipeline_VITIS_LOOP_244_17.vhd",
      "impl\/vhdl\/LinearSolver_LinearSolver_Pipeline_VITIS_LOOP_252_18.vhd",
      "impl\/vhdl\/LinearSolver_LinearSolver_Pipeline_VITIS_LOOP_261_19.vhd",
      "impl\/vhdl\/LinearSolver_LinearSolver_Pipeline_VITIS_LOOP_269_20.vhd",
      "impl\/vhdl\/LinearSolver_LinearSolver_Pipeline_VITIS_LOOP_277_21.vhd",
      "impl\/vhdl\/LinearSolver_LinearSolver_Pipeline_VITIS_LOOP_285_22.vhd",
      "impl\/vhdl\/LinearSolver_LinearSolver_Pipeline_VITIS_LOOP_295_23.vhd",
      "impl\/vhdl\/LinearSolver_LinearSolver_Pipeline_VITIS_LOOP_303_24.vhd",
      "impl\/vhdl\/LinearSolver_LinearSolver_Pipeline_VITIS_LOOP_311_25.vhd",
      "impl\/vhdl\/LinearSolver_LinearSolver_Pipeline_VITIS_LOOP_319_26.vhd",
      "impl\/vhdl\/LinearSolver_LinearSolver_Pipeline_VITIS_LOOP_357_27.vhd",
      "impl\/vhdl\/LinearSolver_mul_24s_24s_40_1_1.vhd",
      "impl\/vhdl\/LinearSolver_mul_24s_24s_48_1_1.vhd",
      "impl\/vhdl\/LinearSolver_mul_mul_24ns_16ns_40_4_1.vhd",
      "impl\/vhdl\/LinearSolver_mul_mul_24s_16ns_40_4_1.vhd",
      "impl\/vhdl\/LinearSolver_mux_42_24_1_1.vhd",
      "impl\/vhdl\/LinearSolver_sdiv_40ns_24s_24_44_seq_1.vhd",
      "impl\/vhdl\/LinearSolver_sdiv_64ns_24s_64_68_seq_1.vhd",
      "impl\/vhdl\/LinearSolver_sdiv_65ns_24s_65_69_seq_1.vhd",
      "impl\/vhdl\/LinearSolver_TempV1_V_RAM_AUTO_1R1W.vhd",
      "impl\/vhdl\/LinearSolver.vhd"
    ],
    "Verilog": [
      "impl\/verilog\/LinearSolver_cordic.v",
      "impl\/verilog\/LinearSolver_cordic_1.v",
      "impl\/verilog\/LinearSolver_flow_control_loop_pipe_sequential_init.v",
      "impl\/verilog\/LinearSolver_HLS_TREEADD_PERIPH_BUS_s_axi.v",
      "impl\/verilog\/LinearSolver_LinearSolver_Pipeline_VITIS_LOOP_78_1.v",
      "impl\/verilog\/LinearSolver_LinearSolver_Pipeline_VITIS_LOOP_87_2.v",
      "impl\/verilog\/LinearSolver_LinearSolver_Pipeline_VITIS_LOOP_95_3.v",
      "impl\/verilog\/LinearSolver_LinearSolver_Pipeline_VITIS_LOOP_103_4.v",
      "impl\/verilog\/LinearSolver_LinearSolver_Pipeline_VITIS_LOOP_112_5.v",
      "impl\/verilog\/LinearSolver_LinearSolver_Pipeline_VITIS_LOOP_121_6.v",
      "impl\/verilog\/LinearSolver_LinearSolver_Pipeline_VITIS_LOOP_129_7.v",
      "impl\/verilog\/LinearSolver_LinearSolver_Pipeline_VITIS_LOOP_138_8.v",
      "impl\/verilog\/LinearSolver_LinearSolver_Pipeline_VITIS_LOOP_148_9.v",
      "impl\/verilog\/LinearSolver_LinearSolver_Pipeline_VITIS_LOOP_158_10.v",
      "impl\/verilog\/LinearSolver_LinearSolver_Pipeline_VITIS_LOOP_195_11.v",
      "impl\/verilog\/LinearSolver_LinearSolver_Pipeline_VITIS_LOOP_203_12.v",
      "impl\/verilog\/LinearSolver_LinearSolver_Pipeline_VITIS_LOOP_211_13.v",
      "impl\/verilog\/LinearSolver_LinearSolver_Pipeline_VITIS_LOOP_219_14.v",
      "impl\/verilog\/LinearSolver_LinearSolver_Pipeline_VITIS_LOOP_228_15.v",
      "impl\/verilog\/LinearSolver_LinearSolver_Pipeline_VITIS_LOOP_236_16.v",
      "impl\/verilog\/LinearSolver_LinearSolver_Pipeline_VITIS_LOOP_244_17.v",
      "impl\/verilog\/LinearSolver_LinearSolver_Pipeline_VITIS_LOOP_252_18.v",
      "impl\/verilog\/LinearSolver_LinearSolver_Pipeline_VITIS_LOOP_261_19.v",
      "impl\/verilog\/LinearSolver_LinearSolver_Pipeline_VITIS_LOOP_269_20.v",
      "impl\/verilog\/LinearSolver_LinearSolver_Pipeline_VITIS_LOOP_277_21.v",
      "impl\/verilog\/LinearSolver_LinearSolver_Pipeline_VITIS_LOOP_285_22.v",
      "impl\/verilog\/LinearSolver_LinearSolver_Pipeline_VITIS_LOOP_295_23.v",
      "impl\/verilog\/LinearSolver_LinearSolver_Pipeline_VITIS_LOOP_303_24.v",
      "impl\/verilog\/LinearSolver_LinearSolver_Pipeline_VITIS_LOOP_311_25.v",
      "impl\/verilog\/LinearSolver_LinearSolver_Pipeline_VITIS_LOOP_319_26.v",
      "impl\/verilog\/LinearSolver_LinearSolver_Pipeline_VITIS_LOOP_357_27.v",
      "impl\/verilog\/LinearSolver_mul_24s_24s_40_1_1.v",
      "impl\/verilog\/LinearSolver_mul_24s_24s_48_1_1.v",
      "impl\/verilog\/LinearSolver_mul_mul_24ns_16ns_40_4_1.v",
      "impl\/verilog\/LinearSolver_mul_mul_24s_16ns_40_4_1.v",
      "impl\/verilog\/LinearSolver_mux_42_24_1_1.v",
      "impl\/verilog\/LinearSolver_sdiv_40ns_24s_24_44_seq_1.v",
      "impl\/verilog\/LinearSolver_sdiv_64ns_24s_64_68_seq_1.v",
      "impl\/verilog\/LinearSolver_sdiv_65ns_24s_65_69_seq_1.v",
      "impl\/verilog\/LinearSolver_TempV1_V_RAM_AUTO_1R1W.v",
      "impl\/verilog\/LinearSolver.v"
    ],
    "SwDriver": [
      "impl\/misc\/drivers\/LinearSolver_v1_0\/data\/LinearSolver.mdd",
      "impl\/misc\/drivers\/LinearSolver_v1_0\/data\/LinearSolver.tcl",
      "impl\/misc\/drivers\/LinearSolver_v1_0\/src\/Makefile",
      "impl\/misc\/drivers\/LinearSolver_v1_0\/src\/xlinearsolver.c",
      "impl\/misc\/drivers\/LinearSolver_v1_0\/src\/xlinearsolver.h",
      "impl\/misc\/drivers\/LinearSolver_v1_0\/src\/xlinearsolver_hw.h",
      "impl\/misc\/drivers\/LinearSolver_v1_0\/src\/xlinearsolver_linux.c",
      "impl\/misc\/drivers\/LinearSolver_v1_0\/src\/xlinearsolver_sinit.c"
    ],
    "IpMisc": ["impl\/misc\/logo.png"],
    "CsynthXml": "syn\/report\/csynth.xml",
    "DebugDir": ".debug",
    "KernelXml": ".autopilot\/db\/kernel.internal.xml",
    "Xo": "",
    "XoHlsDir": "",
    "ProtoInst": [".debug\/LinearSolver.protoinst"]
  },
  "SubcoreInfo": {
    "HasXpmMemory": false,
    "HasClockedDsp": false,
    "Ip": []
  },
  "Interfaces": {
    "s_axi_HLS_TREEADD_PERIPH_BUS": {
      "type": "axi4lite",
      "busTypeName": "aximm",
      "mode": "slave",
      "dataWidth": "32",
      "addrWidth": "8",
      "portPrefix": "s_axi_HLS_TREEADD_PERIPH_BUS_",
      "paramPrefix": "C_S_AXI_HLS_TREEADD_PERIPH_BUS_",
      "ports": [
        "s_axi_HLS_TREEADD_PERIPH_BUS_ARADDR",
        "s_axi_HLS_TREEADD_PERIPH_BUS_ARREADY",
        "s_axi_HLS_TREEADD_PERIPH_BUS_ARVALID",
        "s_axi_HLS_TREEADD_PERIPH_BUS_AWADDR",
        "s_axi_HLS_TREEADD_PERIPH_BUS_AWREADY",
        "s_axi_HLS_TREEADD_PERIPH_BUS_AWVALID",
        "s_axi_HLS_TREEADD_PERIPH_BUS_BREADY",
        "s_axi_HLS_TREEADD_PERIPH_BUS_BRESP",
        "s_axi_HLS_TREEADD_PERIPH_BUS_BVALID",
        "s_axi_HLS_TREEADD_PERIPH_BUS_RDATA",
        "s_axi_HLS_TREEADD_PERIPH_BUS_RREADY",
        "s_axi_HLS_TREEADD_PERIPH_BUS_RRESP",
        "s_axi_HLS_TREEADD_PERIPH_BUS_RVALID",
        "s_axi_HLS_TREEADD_PERIPH_BUS_WDATA",
        "s_axi_HLS_TREEADD_PERIPH_BUS_WREADY",
        "s_axi_HLS_TREEADD_PERIPH_BUS_WSTRB",
        "s_axi_HLS_TREEADD_PERIPH_BUS_WVALID"
      ],
      "registers": [
        {
          "offset": "0x00",
          "name": "CTRL",
          "access": "RW",
          "description": "Control signals",
          "range": "32",
          "fields": [
            {
              "offset": "0",
              "width": "1",
              "name": "AP_START",
              "access": "RW",
              "description": "Control signal Register for 'ap_start'."
            },
            {
              "offset": "1",
              "width": "1",
              "name": "AP_DONE",
              "access": "R",
              "description": "Control signal Register for 'ap_done'."
            },
            {
              "offset": "2",
              "width": "1",
              "name": "AP_IDLE",
              "access": "R",
              "description": "Control signal Register for 'ap_idle'."
            },
            {
              "offset": "3",
              "width": "1",
              "name": "AP_READY",
              "access": "R",
              "description": "Control signal Register for 'ap_ready'."
            },
            {
              "offset": "4",
              "width": "3",
              "name": "RESERVED_1",
              "access": "R",
              "description": "Reserved.  0s on read."
            },
            {
              "offset": "7",
              "width": "1",
              "name": "AUTO_RESTART",
              "access": "RW",
              "description": "Control signal Register for 'auto_restart'."
            },
            {
              "offset": "8",
              "width": "1",
              "name": "RESERVED_2",
              "access": "R",
              "description": "Reserved.  0s on read."
            },
            {
              "offset": "9",
              "width": "1",
              "name": "INTERRUPT",
              "access": "R",
              "description": "Control signal Register for 'interrupt'."
            },
            {
              "offset": "10",
              "width": "22",
              "name": "RESERVED_3",
              "access": "R",
              "description": "Reserved.  0s on read."
            }
          ]
        },
        {
          "offset": "0x04",
          "name": "GIER",
          "access": "RW",
          "description": "Global Interrupt Enable Register",
          "range": "32",
          "fields": [
            {
              "offset": "0",
              "width": "1",
              "name": "Enable",
              "access": "RW",
              "description": "Master enable for the device interrupt output to the system interrupt controller: 0 = Disabled, 1 = Enabled"
            },
            {
              "offset": "1",
              "width": "31",
              "name": "RESERVED",
              "access": "R",
              "description": "Reserved.  0s on read."
            }
          ]
        },
        {
          "offset": "0x08",
          "name": "IP_IER",
          "access": "RW",
          "description": "IP Interrupt Enable Register",
          "range": "32",
          "fields": [
            {
              "offset": "0",
              "width": "1",
              "name": "CHAN0_INT_EN",
              "access": "RW",
              "description": "Enable Channel 0 (ap_done) Interrupt.  0 = Disabled, 1 = Enabled."
            },
            {
              "offset": "1",
              "width": "1",
              "name": "CHAN1_INT_EN",
              "access": "RW",
              "description": "Enable Channel 1 (ap_ready) Interrupt.  0 = Disabled, 1 = Enabled."
            },
            {
              "offset": "2",
              "width": "30",
              "name": "RESERVED_0",
              "access": "R",
              "description": "Reserved.  0s on read."
            }
          ]
        },
        {
          "offset": "0x0c",
          "name": "IP_ISR",
          "access": "RW",
          "description": "IP Interrupt Status Register",
          "range": "32",
          "fields": [
            {
              "offset": "0",
              "width": "1",
              "name": "CHAN0_INT_ST",
              "access": "R",
              "description": "Channel 0 (ap_done) Interrupt Status. 0 = No Channel 0 interrupt, 1 = Channel 0 interrupt."
            },
            {
              "offset": "1",
              "width": "1",
              "name": "CHAN1_INT_ST",
              "access": "R",
              "description": "Channel 1 (ap_ready) Interrupt Status. 0 = No Channel 1 interrupt, 1 = Channel 1 interrupt."
            },
            {
              "offset": "2",
              "width": "30",
              "name": "RESERVED_0",
              "access": "R",
              "description": "Reserved.  0s on read."
            }
          ]
        },
        {
          "offset": "0x10",
          "name": "a11",
          "access": "W",
          "description": "Data signal of a11",
          "range": "32",
          "fields": [
            {
              "offset": "0",
              "width": "24",
              "name": "a11",
              "access": "W",
              "description": "Bit 23 to 0 of a11"
            },
            {
              "offset": "24",
              "width": "8",
              "name": "RESERVED",
              "access": "R",
              "description": "Reserved.  0s on read."
            }
          ]
        },
        {
          "offset": "0x18",
          "name": "a12",
          "access": "W",
          "description": "Data signal of a12",
          "range": "32",
          "fields": [
            {
              "offset": "0",
              "width": "24",
              "name": "a12",
              "access": "W",
              "description": "Bit 23 to 0 of a12"
            },
            {
              "offset": "24",
              "width": "8",
              "name": "RESERVED",
              "access": "R",
              "description": "Reserved.  0s on read."
            }
          ]
        },
        {
          "offset": "0x20",
          "name": "a13",
          "access": "W",
          "description": "Data signal of a13",
          "range": "32",
          "fields": [
            {
              "offset": "0",
              "width": "24",
              "name": "a13",
              "access": "W",
              "description": "Bit 23 to 0 of a13"
            },
            {
              "offset": "24",
              "width": "8",
              "name": "RESERVED",
              "access": "R",
              "description": "Reserved.  0s on read."
            }
          ]
        },
        {
          "offset": "0x28",
          "name": "a14",
          "access": "W",
          "description": "Data signal of a14",
          "range": "32",
          "fields": [
            {
              "offset": "0",
              "width": "24",
              "name": "a14",
              "access": "W",
              "description": "Bit 23 to 0 of a14"
            },
            {
              "offset": "24",
              "width": "8",
              "name": "RESERVED",
              "access": "R",
              "description": "Reserved.  0s on read."
            }
          ]
        },
        {
          "offset": "0x30",
          "name": "a21",
          "access": "W",
          "description": "Data signal of a21",
          "range": "32",
          "fields": [
            {
              "offset": "0",
              "width": "24",
              "name": "a21",
              "access": "W",
              "description": "Bit 23 to 0 of a21"
            },
            {
              "offset": "24",
              "width": "8",
              "name": "RESERVED",
              "access": "R",
              "description": "Reserved.  0s on read."
            }
          ]
        },
        {
          "offset": "0x38",
          "name": "a22",
          "access": "W",
          "description": "Data signal of a22",
          "range": "32",
          "fields": [
            {
              "offset": "0",
              "width": "24",
              "name": "a22",
              "access": "W",
              "description": "Bit 23 to 0 of a22"
            },
            {
              "offset": "24",
              "width": "8",
              "name": "RESERVED",
              "access": "R",
              "description": "Reserved.  0s on read."
            }
          ]
        },
        {
          "offset": "0x40",
          "name": "a23",
          "access": "W",
          "description": "Data signal of a23",
          "range": "32",
          "fields": [
            {
              "offset": "0",
              "width": "24",
              "name": "a23",
              "access": "W",
              "description": "Bit 23 to 0 of a23"
            },
            {
              "offset": "24",
              "width": "8",
              "name": "RESERVED",
              "access": "R",
              "description": "Reserved.  0s on read."
            }
          ]
        },
        {
          "offset": "0x48",
          "name": "a24",
          "access": "W",
          "description": "Data signal of a24",
          "range": "32",
          "fields": [
            {
              "offset": "0",
              "width": "24",
              "name": "a24",
              "access": "W",
              "description": "Bit 23 to 0 of a24"
            },
            {
              "offset": "24",
              "width": "8",
              "name": "RESERVED",
              "access": "R",
              "description": "Reserved.  0s on read."
            }
          ]
        },
        {
          "offset": "0x50",
          "name": "a31",
          "access": "W",
          "description": "Data signal of a31",
          "range": "32",
          "fields": [
            {
              "offset": "0",
              "width": "24",
              "name": "a31",
              "access": "W",
              "description": "Bit 23 to 0 of a31"
            },
            {
              "offset": "24",
              "width": "8",
              "name": "RESERVED",
              "access": "R",
              "description": "Reserved.  0s on read."
            }
          ]
        },
        {
          "offset": "0x58",
          "name": "a32",
          "access": "W",
          "description": "Data signal of a32",
          "range": "32",
          "fields": [
            {
              "offset": "0",
              "width": "24",
              "name": "a32",
              "access": "W",
              "description": "Bit 23 to 0 of a32"
            },
            {
              "offset": "24",
              "width": "8",
              "name": "RESERVED",
              "access": "R",
              "description": "Reserved.  0s on read."
            }
          ]
        },
        {
          "offset": "0x60",
          "name": "a33",
          "access": "W",
          "description": "Data signal of a33",
          "range": "32",
          "fields": [
            {
              "offset": "0",
              "width": "24",
              "name": "a33",
              "access": "W",
              "description": "Bit 23 to 0 of a33"
            },
            {
              "offset": "24",
              "width": "8",
              "name": "RESERVED",
              "access": "R",
              "description": "Reserved.  0s on read."
            }
          ]
        },
        {
          "offset": "0x68",
          "name": "a34",
          "access": "W",
          "description": "Data signal of a34",
          "range": "32",
          "fields": [
            {
              "offset": "0",
              "width": "24",
              "name": "a34",
              "access": "W",
              "description": "Bit 23 to 0 of a34"
            },
            {
              "offset": "24",
              "width": "8",
              "name": "RESERVED",
              "access": "R",
              "description": "Reserved.  0s on read."
            }
          ]
        },
        {
          "offset": "0x70",
          "name": "a41",
          "access": "W",
          "description": "Data signal of a41",
          "range": "32",
          "fields": [
            {
              "offset": "0",
              "width": "24",
              "name": "a41",
              "access": "W",
              "description": "Bit 23 to 0 of a41"
            },
            {
              "offset": "24",
              "width": "8",
              "name": "RESERVED",
              "access": "R",
              "description": "Reserved.  0s on read."
            }
          ]
        },
        {
          "offset": "0x78",
          "name": "a42",
          "access": "W",
          "description": "Data signal of a42",
          "range": "32",
          "fields": [
            {
              "offset": "0",
              "width": "24",
              "name": "a42",
              "access": "W",
              "description": "Bit 23 to 0 of a42"
            },
            {
              "offset": "24",
              "width": "8",
              "name": "RESERVED",
              "access": "R",
              "description": "Reserved.  0s on read."
            }
          ]
        },
        {
          "offset": "0x80",
          "name": "a43",
          "access": "W",
          "description": "Data signal of a43",
          "range": "32",
          "fields": [
            {
              "offset": "0",
              "width": "24",
              "name": "a43",
              "access": "W",
              "description": "Bit 23 to 0 of a43"
            },
            {
              "offset": "24",
              "width": "8",
              "name": "RESERVED",
              "access": "R",
              "description": "Reserved.  0s on read."
            }
          ]
        },
        {
          "offset": "0x88",
          "name": "a44",
          "access": "W",
          "description": "Data signal of a44",
          "range": "32",
          "fields": [
            {
              "offset": "0",
              "width": "24",
              "name": "a44",
              "access": "W",
              "description": "Bit 23 to 0 of a44"
            },
            {
              "offset": "24",
              "width": "8",
              "name": "RESERVED",
              "access": "R",
              "description": "Reserved.  0s on read."
            }
          ]
        },
        {
          "offset": "0x90",
          "name": "b1",
          "access": "W",
          "description": "Data signal of b1",
          "range": "32",
          "fields": [
            {
              "offset": "0",
              "width": "24",
              "name": "b1",
              "access": "W",
              "description": "Bit 23 to 0 of b1"
            },
            {
              "offset": "24",
              "width": "8",
              "name": "RESERVED",
              "access": "R",
              "description": "Reserved.  0s on read."
            }
          ]
        },
        {
          "offset": "0x98",
          "name": "b2",
          "access": "W",
          "description": "Data signal of b2",
          "range": "32",
          "fields": [
            {
              "offset": "0",
              "width": "24",
              "name": "b2",
              "access": "W",
              "description": "Bit 23 to 0 of b2"
            },
            {
              "offset": "24",
              "width": "8",
              "name": "RESERVED",
              "access": "R",
              "description": "Reserved.  0s on read."
            }
          ]
        },
        {
          "offset": "0xa0",
          "name": "b3",
          "access": "W",
          "description": "Data signal of b3",
          "range": "32",
          "fields": [
            {
              "offset": "0",
              "width": "24",
              "name": "b3",
              "access": "W",
              "description": "Bit 23 to 0 of b3"
            },
            {
              "offset": "24",
              "width": "8",
              "name": "RESERVED",
              "access": "R",
              "description": "Reserved.  0s on read."
            }
          ]
        },
        {
          "offset": "0xa8",
          "name": "b4",
          "access": "W",
          "description": "Data signal of b4",
          "range": "32",
          "fields": [
            {
              "offset": "0",
              "width": "24",
              "name": "b4",
              "access": "W",
              "description": "Bit 23 to 0 of b4"
            },
            {
              "offset": "24",
              "width": "8",
              "name": "RESERVED",
              "access": "R",
              "description": "Reserved.  0s on read."
            }
          ]
        },
        {
          "offset": "0xb0",
          "name": "x1",
          "access": "R",
          "description": "Data signal of x1",
          "range": "32",
          "fields": [
            {
              "offset": "0",
              "width": "24",
              "name": "x1",
              "access": "R",
              "description": "Bit 23 to 0 of x1"
            },
            {
              "offset": "24",
              "width": "8",
              "name": "RESERVED",
              "access": "R",
              "description": "Reserved.  0s on read."
            }
          ]
        },
        {
          "offset": "0xb4",
          "name": "x1_ctrl",
          "access": "R",
          "description": "Control signal of x1",
          "range": "32",
          "fields": [
            {
              "offset": "0",
              "width": "1",
              "name": "x1_ap_vld",
              "access": "R",
              "description": "Control signal x1_ap_vld"
            },
            {
              "offset": "1",
              "width": "31",
              "name": "RESERVED",
              "access": "R",
              "description": "Reserved.  0s on read."
            }
          ]
        },
        {
          "offset": "0xc0",
          "name": "x2",
          "access": "R",
          "description": "Data signal of x2",
          "range": "32",
          "fields": [
            {
              "offset": "0",
              "width": "24",
              "name": "x2",
              "access": "R",
              "description": "Bit 23 to 0 of x2"
            },
            {
              "offset": "24",
              "width": "8",
              "name": "RESERVED",
              "access": "R",
              "description": "Reserved.  0s on read."
            }
          ]
        },
        {
          "offset": "0xc4",
          "name": "x2_ctrl",
          "access": "R",
          "description": "Control signal of x2",
          "range": "32",
          "fields": [
            {
              "offset": "0",
              "width": "1",
              "name": "x2_ap_vld",
              "access": "R",
              "description": "Control signal x2_ap_vld"
            },
            {
              "offset": "1",
              "width": "31",
              "name": "RESERVED",
              "access": "R",
              "description": "Reserved.  0s on read."
            }
          ]
        },
        {
          "offset": "0xd0",
          "name": "x3",
          "access": "R",
          "description": "Data signal of x3",
          "range": "32",
          "fields": [
            {
              "offset": "0",
              "width": "24",
              "name": "x3",
              "access": "R",
              "description": "Bit 23 to 0 of x3"
            },
            {
              "offset": "24",
              "width": "8",
              "name": "RESERVED",
              "access": "R",
              "description": "Reserved.  0s on read."
            }
          ]
        },
        {
          "offset": "0xd4",
          "name": "x3_ctrl",
          "access": "R",
          "description": "Control signal of x3",
          "range": "32",
          "fields": [
            {
              "offset": "0",
              "width": "1",
              "name": "x3_ap_vld",
              "access": "R",
              "description": "Control signal x3_ap_vld"
            },
            {
              "offset": "1",
              "width": "31",
              "name": "RESERVED",
              "access": "R",
              "description": "Reserved.  0s on read."
            }
          ]
        },
        {
          "offset": "0xe0",
          "name": "x4",
          "access": "R",
          "description": "Data signal of x4",
          "range": "32",
          "fields": [
            {
              "offset": "0",
              "width": "24",
              "name": "x4",
              "access": "R",
              "description": "Bit 23 to 0 of x4"
            },
            {
              "offset": "24",
              "width": "8",
              "name": "RESERVED",
              "access": "R",
              "description": "Reserved.  0s on read."
            }
          ]
        },
        {
          "offset": "0xe4",
          "name": "x4_ctrl",
          "access": "R",
          "description": "Control signal of x4",
          "range": "32",
          "fields": [
            {
              "offset": "0",
              "width": "1",
              "name": "x4_ap_vld",
              "access": "R",
              "description": "Control signal x4_ap_vld"
            },
            {
              "offset": "1",
              "width": "31",
              "name": "RESERVED",
              "access": "R",
              "description": "Reserved.  0s on read."
            }
          ]
        }
      ],
      "constraints": [
        {
          "constraint_type": "pragma interface",
          "mode": "s_axilite",
          "register_option": "0",
          "offset": "16",
          "argName": "a11"
        },
        {
          "constraint_type": "pragma interface",
          "mode": "s_axilite",
          "register_option": "0",
          "offset": "24",
          "argName": "a12"
        },
        {
          "constraint_type": "pragma interface",
          "mode": "s_axilite",
          "register_option": "0",
          "offset": "32",
          "argName": "a13"
        },
        {
          "constraint_type": "pragma interface",
          "mode": "s_axilite",
          "register_option": "0",
          "offset": "40",
          "argName": "a14"
        },
        {
          "constraint_type": "pragma interface",
          "mode": "s_axilite",
          "register_option": "0",
          "offset": "48",
          "argName": "a21"
        },
        {
          "constraint_type": "pragma interface",
          "mode": "s_axilite",
          "register_option": "0",
          "offset": "56",
          "argName": "a22"
        },
        {
          "constraint_type": "pragma interface",
          "mode": "s_axilite",
          "register_option": "0",
          "offset": "64",
          "argName": "a23"
        },
        {
          "constraint_type": "pragma interface",
          "mode": "s_axilite",
          "register_option": "0",
          "offset": "72",
          "argName": "a24"
        },
        {
          "constraint_type": "pragma interface",
          "mode": "s_axilite",
          "register_option": "0",
          "offset": "80",
          "argName": "a31"
        },
        {
          "constraint_type": "pragma interface",
          "mode": "s_axilite",
          "register_option": "0",
          "offset": "88",
          "argName": "a32"
        },
        {
          "constraint_type": "pragma interface",
          "mode": "s_axilite",
          "register_option": "0",
          "offset": "96",
          "argName": "a33"
        },
        {
          "constraint_type": "pragma interface",
          "mode": "s_axilite",
          "register_option": "0",
          "offset": "104",
          "argName": "a34"
        },
        {
          "constraint_type": "pragma interface",
          "mode": "s_axilite",
          "register_option": "0",
          "offset": "112",
          "argName": "a41"
        },
        {
          "constraint_type": "pragma interface",
          "mode": "s_axilite",
          "register_option": "0",
          "offset": "120",
          "argName": "a42"
        },
        {
          "constraint_type": "pragma interface",
          "mode": "s_axilite",
          "register_option": "0",
          "offset": "128",
          "argName": "a43"
        },
        {
          "constraint_type": "pragma interface",
          "mode": "s_axilite",
          "register_option": "0",
          "offset": "136",
          "argName": "a44"
        },
        {
          "constraint_type": "pragma interface",
          "mode": "s_axilite",
          "register_option": "0",
          "offset": "144",
          "argName": "b1"
        },
        {
          "constraint_type": "pragma interface",
          "mode": "s_axilite",
          "register_option": "0",
          "offset": "152",
          "argName": "b2"
        },
        {
          "constraint_type": "pragma interface",
          "mode": "s_axilite",
          "register_option": "0",
          "offset": "160",
          "argName": "b3"
        },
        {
          "constraint_type": "pragma interface",
          "mode": "s_axilite",
          "register_option": "0",
          "offset": "168",
          "argName": "b4"
        },
        {
          "constraint_type": "pragma interface",
          "mode": "s_axilite",
          "register_option": "0",
          "offset": "176",
          "argName": "x1"
        },
        {
          "constraint_type": "pragma interface",
          "mode": "s_axilite",
          "register_option": "0",
          "offset": "192",
          "argName": "x2"
        },
        {
          "constraint_type": "pragma interface",
          "mode": "s_axilite",
          "register_option": "0",
          "offset": "208",
          "argName": "x3"
        },
        {
          "constraint_type": "pragma interface",
          "mode": "s_axilite",
          "register_option": "0",
          "offset": "224",
          "argName": "x4"
        }
      ]
    },
    "ap_clk": {
      "type": "clock",
      "busTypeName": "clock",
      "mode": "slave",
      "busParams": {
        "ASSOCIATED_BUSIF": "s_axi_HLS_TREEADD_PERIPH_BUS",
        "ASSOCIATED_RESET": "ap_rst_n"
      },
      "portMap": {"ap_clk": "CLK"},
      "ports": ["ap_clk"]
    },
    "ap_rst_n": {
      "type": "reset",
      "busTypeName": "reset",
      "mode": "slave",
      "busParams": {"POLARITY": "ACTIVE_LOW"},
      "portMap": {"ap_rst_n": "RST"},
      "ports": ["ap_rst_n"]
    },
    "interrupt": {
      "type": "interrupt",
      "busTypeName": "interrupt",
      "mode": "master",
      "dataWidth": "1",
      "busParams": {"SENSITIVITY": "LEVEL_HIGH"},
      "portMap": {"interrupt": "INTERRUPT"},
      "ports": ["interrupt"]
    }
  },
  "RtlPorts": {
    "s_axi_HLS_TREEADD_PERIPH_BUS_AWVALID": {
      "dir": "in",
      "width": "1"
    },
    "s_axi_HLS_TREEADD_PERIPH_BUS_AWREADY": {
      "dir": "out",
      "width": "1"
    },
    "s_axi_HLS_TREEADD_PERIPH_BUS_AWADDR": {
      "dir": "in",
      "width": "8"
    },
    "s_axi_HLS_TREEADD_PERIPH_BUS_WVALID": {
      "dir": "in",
      "width": "1"
    },
    "s_axi_HLS_TREEADD_PERIPH_BUS_WREADY": {
      "dir": "out",
      "width": "1"
    },
    "s_axi_HLS_TREEADD_PERIPH_BUS_WDATA": {
      "dir": "in",
      "width": "32"
    },
    "s_axi_HLS_TREEADD_PERIPH_BUS_WSTRB": {
      "dir": "in",
      "width": "4"
    },
    "s_axi_HLS_TREEADD_PERIPH_BUS_ARVALID": {
      "dir": "in",
      "width": "1"
    },
    "s_axi_HLS_TREEADD_PERIPH_BUS_ARREADY": {
      "dir": "out",
      "width": "1"
    },
    "s_axi_HLS_TREEADD_PERIPH_BUS_ARADDR": {
      "dir": "in",
      "width": "8"
    },
    "s_axi_HLS_TREEADD_PERIPH_BUS_RVALID": {
      "dir": "out",
      "width": "1"
    },
    "s_axi_HLS_TREEADD_PERIPH_BUS_RREADY": {
      "dir": "in",
      "width": "1"
    },
    "s_axi_HLS_TREEADD_PERIPH_BUS_RDATA": {
      "dir": "out",
      "width": "32"
    },
    "s_axi_HLS_TREEADD_PERIPH_BUS_RRESP": {
      "dir": "out",
      "width": "2"
    },
    "s_axi_HLS_TREEADD_PERIPH_BUS_BVALID": {
      "dir": "out",
      "width": "1"
    },
    "s_axi_HLS_TREEADD_PERIPH_BUS_BREADY": {
      "dir": "in",
      "width": "1"
    },
    "s_axi_HLS_TREEADD_PERIPH_BUS_BRESP": {
      "dir": "out",
      "width": "2"
    },
    "ap_clk": {
      "dir": "in",
      "width": "1"
    },
    "ap_rst_n": {
      "dir": "in",
      "width": "1"
    },
    "interrupt": {
      "dir": "out",
      "width": "1"
    }
  },
  "ModuleInfo": {
    "Hierarchy": {
      "ModuleName": "LinearSolver",
      "Instances": [
        {
          "ModuleName": "LinearSolver_Pipeline_VITIS_LOOP_78_1",
          "InstanceName": "grp_LinearSolver_Pipeline_VITIS_LOOP_78_1_fu_1416",
          "Instances": [{
              "ModuleName": "cordic_1",
              "InstanceName": "grp_cordic_1_fu_170"
            }]
        },
        {
          "ModuleName": "LinearSolver_Pipeline_VITIS_LOOP_87_2",
          "InstanceName": "grp_LinearSolver_Pipeline_VITIS_LOOP_87_2_fu_1433",
          "Instances": [{
              "ModuleName": "cordic",
              "InstanceName": "grp_cordic_fu_202"
            }]
        },
        {
          "ModuleName": "LinearSolver_Pipeline_VITIS_LOOP_95_3",
          "InstanceName": "grp_LinearSolver_Pipeline_VITIS_LOOP_95_3_fu_1450",
          "Instances": [{
              "ModuleName": "cordic",
              "InstanceName": "grp_cordic_fu_202"
            }]
        },
        {
          "ModuleName": "LinearSolver_Pipeline_VITIS_LOOP_103_4",
          "InstanceName": "grp_LinearSolver_Pipeline_VITIS_LOOP_103_4_fu_1467",
          "Instances": [{
              "ModuleName": "cordic",
              "InstanceName": "grp_cordic_fu_202"
            }]
        },
        {
          "ModuleName": "LinearSolver_Pipeline_VITIS_LOOP_195_11",
          "InstanceName": "grp_LinearSolver_Pipeline_VITIS_LOOP_195_11_fu_1484",
          "Instances": [{
              "ModuleName": "cordic",
              "InstanceName": "grp_cordic_fu_172"
            }]
        },
        {
          "ModuleName": "LinearSolver_Pipeline_VITIS_LOOP_203_12",
          "InstanceName": "grp_LinearSolver_Pipeline_VITIS_LOOP_203_12_fu_1497",
          "Instances": [{
              "ModuleName": "cordic",
              "InstanceName": "grp_cordic_fu_172"
            }]
        },
        {
          "ModuleName": "LinearSolver_Pipeline_VITIS_LOOP_211_13",
          "InstanceName": "grp_LinearSolver_Pipeline_VITIS_LOOP_211_13_fu_1510",
          "Instances": [{
              "ModuleName": "cordic",
              "InstanceName": "grp_cordic_fu_172"
            }]
        },
        {
          "ModuleName": "LinearSolver_Pipeline_VITIS_LOOP_219_14",
          "InstanceName": "grp_LinearSolver_Pipeline_VITIS_LOOP_219_14_fu_1523",
          "Instances": [{
              "ModuleName": "cordic",
              "InstanceName": "grp_cordic_fu_172"
            }]
        },
        {
          "ModuleName": "LinearSolver_Pipeline_VITIS_LOOP_112_5",
          "InstanceName": "grp_LinearSolver_Pipeline_VITIS_LOOP_112_5_fu_1536",
          "Instances": [{
              "ModuleName": "cordic_1",
              "InstanceName": "grp_cordic_1_fu_170"
            }]
        },
        {
          "ModuleName": "LinearSolver_Pipeline_VITIS_LOOP_121_6",
          "InstanceName": "grp_LinearSolver_Pipeline_VITIS_LOOP_121_6_fu_1549",
          "Instances": [{
              "ModuleName": "cordic",
              "InstanceName": "grp_cordic_fu_202"
            }]
        },
        {
          "ModuleName": "LinearSolver_Pipeline_VITIS_LOOP_129_7",
          "InstanceName": "grp_LinearSolver_Pipeline_VITIS_LOOP_129_7_fu_1566",
          "Instances": [{
              "ModuleName": "cordic",
              "InstanceName": "grp_cordic_fu_202"
            }]
        },
        {
          "ModuleName": "LinearSolver_Pipeline_VITIS_LOOP_228_15",
          "InstanceName": "grp_LinearSolver_Pipeline_VITIS_LOOP_228_15_fu_1583",
          "Instances": [{
              "ModuleName": "cordic",
              "InstanceName": "grp_cordic_fu_202"
            }]
        },
        {
          "ModuleName": "LinearSolver_Pipeline_VITIS_LOOP_236_16",
          "InstanceName": "grp_LinearSolver_Pipeline_VITIS_LOOP_236_16_fu_1600",
          "Instances": [{
              "ModuleName": "cordic",
              "InstanceName": "grp_cordic_fu_202"
            }]
        },
        {
          "ModuleName": "LinearSolver_Pipeline_VITIS_LOOP_244_17",
          "InstanceName": "grp_LinearSolver_Pipeline_VITIS_LOOP_244_17_fu_1617",
          "Instances": [{
              "ModuleName": "cordic",
              "InstanceName": "grp_cordic_fu_202"
            }]
        },
        {
          "ModuleName": "LinearSolver_Pipeline_VITIS_LOOP_252_18",
          "InstanceName": "grp_LinearSolver_Pipeline_VITIS_LOOP_252_18_fu_1634",
          "Instances": [{
              "ModuleName": "cordic",
              "InstanceName": "grp_cordic_fu_202"
            }]
        },
        {
          "ModuleName": "LinearSolver_Pipeline_VITIS_LOOP_138_8",
          "InstanceName": "grp_LinearSolver_Pipeline_VITIS_LOOP_138_8_fu_1651",
          "Instances": [{
              "ModuleName": "cordic_1",
              "InstanceName": "grp_cordic_1_fu_170"
            }]
        },
        {
          "ModuleName": "LinearSolver_Pipeline_VITIS_LOOP_148_9",
          "InstanceName": "grp_LinearSolver_Pipeline_VITIS_LOOP_148_9_fu_1664",
          "Instances": [{
              "ModuleName": "cordic",
              "InstanceName": "grp_cordic_fu_202"
            }]
        },
        {
          "ModuleName": "LinearSolver_Pipeline_VITIS_LOOP_261_19",
          "InstanceName": "grp_LinearSolver_Pipeline_VITIS_LOOP_261_19_fu_1681",
          "Instances": [{
              "ModuleName": "cordic",
              "InstanceName": "grp_cordic_fu_202"
            }]
        },
        {
          "ModuleName": "LinearSolver_Pipeline_VITIS_LOOP_269_20",
          "InstanceName": "grp_LinearSolver_Pipeline_VITIS_LOOP_269_20_fu_1698",
          "Instances": [{
              "ModuleName": "cordic",
              "InstanceName": "grp_cordic_fu_202"
            }]
        },
        {
          "ModuleName": "LinearSolver_Pipeline_VITIS_LOOP_277_21",
          "InstanceName": "grp_LinearSolver_Pipeline_VITIS_LOOP_277_21_fu_1715",
          "Instances": [{
              "ModuleName": "cordic",
              "InstanceName": "grp_cordic_fu_202"
            }]
        },
        {
          "ModuleName": "LinearSolver_Pipeline_VITIS_LOOP_285_22",
          "InstanceName": "grp_LinearSolver_Pipeline_VITIS_LOOP_285_22_fu_1732",
          "Instances": [{
              "ModuleName": "cordic",
              "InstanceName": "grp_cordic_fu_202"
            }]
        },
        {
          "ModuleName": "LinearSolver_Pipeline_VITIS_LOOP_158_10",
          "InstanceName": "grp_LinearSolver_Pipeline_VITIS_LOOP_158_10_fu_1749",
          "Instances": [{
              "ModuleName": "cordic_1",
              "InstanceName": "grp_cordic_1_fu_170"
            }]
        },
        {
          "ModuleName": "LinearSolver_Pipeline_VITIS_LOOP_295_23",
          "InstanceName": "grp_LinearSolver_Pipeline_VITIS_LOOP_295_23_fu_1762",
          "Instances": [{
              "ModuleName": "cordic",
              "InstanceName": "grp_cordic_fu_143"
            }]
        },
        {
          "ModuleName": "LinearSolver_Pipeline_VITIS_LOOP_303_24",
          "InstanceName": "grp_LinearSolver_Pipeline_VITIS_LOOP_303_24_fu_1775",
          "Instances": [{
              "ModuleName": "cordic",
              "InstanceName": "grp_cordic_fu_143"
            }]
        },
        {
          "ModuleName": "LinearSolver_Pipeline_VITIS_LOOP_311_25",
          "InstanceName": "grp_LinearSolver_Pipeline_VITIS_LOOP_311_25_fu_1788",
          "Instances": [{
              "ModuleName": "cordic",
              "InstanceName": "grp_cordic_fu_143"
            }]
        },
        {
          "ModuleName": "LinearSolver_Pipeline_VITIS_LOOP_319_26",
          "InstanceName": "grp_LinearSolver_Pipeline_VITIS_LOOP_319_26_fu_1801",
          "Instances": [{
              "ModuleName": "cordic",
              "InstanceName": "grp_cordic_fu_143"
            }]
        },
        {
          "ModuleName": "LinearSolver_Pipeline_VITIS_LOOP_357_27",
          "InstanceName": "grp_LinearSolver_Pipeline_VITIS_LOOP_357_27_fu_1814"
        }
      ]
    },
    "Info": {
      "cordic_1": {
        "FunctionProtocol": "ap_ctrl_hs",
        "isTaskLevelControl": "0",
        "isPipelined": "1",
        "isCombinational": "0",
        "isOneStateSeq": "0"
      },
      "LinearSolver_Pipeline_VITIS_LOOP_78_1": {
        "FunctionProtocol": "ap_ctrl_hs",
        "isTaskLevelControl": "0",
        "isPipelined": "1",
        "isCombinational": "0",
        "isOneStateSeq": "0"
      },
      "cordic": {
        "FunctionProtocol": "ap_ctrl_hs",
        "isTaskLevelControl": "0",
        "isPipelined": "1",
        "isCombinational": "0",
        "isOneStateSeq": "0"
      },
      "LinearSolver_Pipeline_VITIS_LOOP_87_2": {
        "FunctionProtocol": "ap_ctrl_hs",
        "isTaskLevelControl": "0",
        "isPipelined": "1",
        "isCombinational": "0",
        "isOneStateSeq": "0"
      },
      "LinearSolver_Pipeline_VITIS_LOOP_95_3": {
        "FunctionProtocol": "ap_ctrl_hs",
        "isTaskLevelControl": "0",
        "isPipelined": "1",
        "isCombinational": "0",
        "isOneStateSeq": "0"
      },
      "LinearSolver_Pipeline_VITIS_LOOP_103_4": {
        "FunctionProtocol": "ap_ctrl_hs",
        "isTaskLevelControl": "0",
        "isPipelined": "1",
        "isCombinational": "0",
        "isOneStateSeq": "0"
      },
      "LinearSolver_Pipeline_VITIS_LOOP_112_5": {
        "FunctionProtocol": "ap_ctrl_hs",
        "isTaskLevelControl": "0",
        "isPipelined": "1",
        "isCombinational": "0",
        "isOneStateSeq": "0"
      },
      "LinearSolver_Pipeline_VITIS_LOOP_121_6": {
        "FunctionProtocol": "ap_ctrl_hs",
        "isTaskLevelControl": "0",
        "isPipelined": "1",
        "isCombinational": "0",
        "isOneStateSeq": "0"
      },
      "LinearSolver_Pipeline_VITIS_LOOP_129_7": {
        "FunctionProtocol": "ap_ctrl_hs",
        "isTaskLevelControl": "0",
        "isPipelined": "1",
        "isCombinational": "0",
        "isOneStateSeq": "0"
      },
      "LinearSolver_Pipeline_VITIS_LOOP_138_8": {
        "FunctionProtocol": "ap_ctrl_hs",
        "isTaskLevelControl": "0",
        "isPipelined": "1",
        "isCombinational": "0",
        "isOneStateSeq": "0"
      },
      "LinearSolver_Pipeline_VITIS_LOOP_148_9": {
        "FunctionProtocol": "ap_ctrl_hs",
        "isTaskLevelControl": "0",
        "isPipelined": "1",
        "isCombinational": "0",
        "isOneStateSeq": "0"
      },
      "LinearSolver_Pipeline_VITIS_LOOP_158_10": {
        "FunctionProtocol": "ap_ctrl_hs",
        "isTaskLevelControl": "0",
        "isPipelined": "1",
        "isCombinational": "0",
        "isOneStateSeq": "0"
      },
      "LinearSolver_Pipeline_VITIS_LOOP_195_11": {
        "FunctionProtocol": "ap_ctrl_hs",
        "isTaskLevelControl": "0",
        "isPipelined": "1",
        "isCombinational": "0",
        "isOneStateSeq": "0"
      },
      "LinearSolver_Pipeline_VITIS_LOOP_203_12": {
        "FunctionProtocol": "ap_ctrl_hs",
        "isTaskLevelControl": "0",
        "isPipelined": "1",
        "isCombinational": "0",
        "isOneStateSeq": "0"
      },
      "LinearSolver_Pipeline_VITIS_LOOP_211_13": {
        "FunctionProtocol": "ap_ctrl_hs",
        "isTaskLevelControl": "0",
        "isPipelined": "1",
        "isCombinational": "0",
        "isOneStateSeq": "0"
      },
      "LinearSolver_Pipeline_VITIS_LOOP_219_14": {
        "FunctionProtocol": "ap_ctrl_hs",
        "isTaskLevelControl": "0",
        "isPipelined": "1",
        "isCombinational": "0",
        "isOneStateSeq": "0"
      },
      "LinearSolver_Pipeline_VITIS_LOOP_228_15": {
        "FunctionProtocol": "ap_ctrl_hs",
        "isTaskLevelControl": "0",
        "isPipelined": "1",
        "isCombinational": "0",
        "isOneStateSeq": "0"
      },
      "LinearSolver_Pipeline_VITIS_LOOP_236_16": {
        "FunctionProtocol": "ap_ctrl_hs",
        "isTaskLevelControl": "0",
        "isPipelined": "1",
        "isCombinational": "0",
        "isOneStateSeq": "0"
      },
      "LinearSolver_Pipeline_VITIS_LOOP_244_17": {
        "FunctionProtocol": "ap_ctrl_hs",
        "isTaskLevelControl": "0",
        "isPipelined": "1",
        "isCombinational": "0",
        "isOneStateSeq": "0"
      },
      "LinearSolver_Pipeline_VITIS_LOOP_252_18": {
        "FunctionProtocol": "ap_ctrl_hs",
        "isTaskLevelControl": "0",
        "isPipelined": "1",
        "isCombinational": "0",
        "isOneStateSeq": "0"
      },
      "LinearSolver_Pipeline_VITIS_LOOP_261_19": {
        "FunctionProtocol": "ap_ctrl_hs",
        "isTaskLevelControl": "0",
        "isPipelined": "1",
        "isCombinational": "0",
        "isOneStateSeq": "0"
      },
      "LinearSolver_Pipeline_VITIS_LOOP_269_20": {
        "FunctionProtocol": "ap_ctrl_hs",
        "isTaskLevelControl": "0",
        "isPipelined": "1",
        "isCombinational": "0",
        "isOneStateSeq": "0"
      },
      "LinearSolver_Pipeline_VITIS_LOOP_277_21": {
        "FunctionProtocol": "ap_ctrl_hs",
        "isTaskLevelControl": "0",
        "isPipelined": "1",
        "isCombinational": "0",
        "isOneStateSeq": "0"
      },
      "LinearSolver_Pipeline_VITIS_LOOP_285_22": {
        "FunctionProtocol": "ap_ctrl_hs",
        "isTaskLevelControl": "0",
        "isPipelined": "1",
        "isCombinational": "0",
        "isOneStateSeq": "0"
      },
      "LinearSolver_Pipeline_VITIS_LOOP_295_23": {
        "FunctionProtocol": "ap_ctrl_hs",
        "isTaskLevelControl": "0",
        "isPipelined": "1",
        "isCombinational": "0",
        "isOneStateSeq": "0"
      },
      "LinearSolver_Pipeline_VITIS_LOOP_303_24": {
        "FunctionProtocol": "ap_ctrl_hs",
        "isTaskLevelControl": "0",
        "isPipelined": "1",
        "isCombinational": "0",
        "isOneStateSeq": "0"
      },
      "LinearSolver_Pipeline_VITIS_LOOP_311_25": {
        "FunctionProtocol": "ap_ctrl_hs",
        "isTaskLevelControl": "0",
        "isPipelined": "1",
        "isCombinational": "0",
        "isOneStateSeq": "0"
      },
      "LinearSolver_Pipeline_VITIS_LOOP_319_26": {
        "FunctionProtocol": "ap_ctrl_hs",
        "isTaskLevelControl": "0",
        "isPipelined": "1",
        "isCombinational": "0",
        "isOneStateSeq": "0"
      },
      "LinearSolver_Pipeline_VITIS_LOOP_357_27": {
        "FunctionProtocol": "ap_ctrl_hs",
        "isTaskLevelControl": "0",
        "isPipelined": "1",
        "isCombinational": "0",
        "isOneStateSeq": "0"
      },
      "LinearSolver": {
        "FunctionProtocol": "ap_ctrl_hs",
        "isTaskLevelControl": "0",
        "isPipelined": "0",
        "isCombinational": "0",
        "isOneStateSeq": "0"
      }
    },
    "Metrics": {
      "cordic_1": {
        "Latency": {
          "LatencyBest": "6",
          "LatencyAvg": "6",
          "LatencyWorst": "6",
          "PipelineII": "1",
          "PipelineDepth": "7",
          "PipelineType": "yes"
        },
        "Timing": {
          "Target": "10.00",
          "Uncertainty": "2.70",
          "Estimate": "7.257"
        },
        "Area": {
          "FF": "674",
          "AVAIL_FF": "106400",
          "UTIL_FF": "~0",
          "LUT": "1867",
          "AVAIL_LUT": "53200",
          "UTIL_LUT": "3",
          "BRAM_18K": "0",
          "AVAIL_BRAM": "280",
          "UTIL_BRAM": "0",
          "DSP": "0",
          "AVAIL_DSP": "220",
          "UTIL_DSP": "0",
          "URAM": "0",
          "AVAIL_URAM": "0",
          "UTIL_URAM": "0"
        }
      },
      "LinearSolver_Pipeline_VITIS_LOOP_78_1": {
        "Latency": {
          "LatencyBest": "51",
          "LatencyAvg": "51",
          "LatencyWorst": "51",
          "PipelineII": "51",
          "PipelineDepth": "",
          "PipelineType": "no"
        },
        "Timing": {
          "Target": "10.00",
          "Uncertainty": "2.70",
          "Estimate": "7.257"
        },
        "Loops": [{
            "Name": "VITIS_LOOP_78_1",
            "TripCount": "4",
            "Latency": "49",
            "PipelineII": "12",
            "PipelineDepth": "14"
          }],
        "Area": {
          "DSP": "1",
          "AVAIL_DSP": "220",
          "UTIL_DSP": "~0",
          "FF": "308",
          "AVAIL_FF": "106400",
          "UTIL_FF": "~0",
          "LUT": "255",
          "AVAIL_LUT": "53200",
          "UTIL_LUT": "~0",
          "BRAM_18K": "0",
          "AVAIL_BRAM": "280",
          "UTIL_BRAM": "0",
          "URAM": "0",
          "AVAIL_URAM": "0",
          "UTIL_URAM": "0"
        }
      },
      "cordic": {
        "Latency": {
          "LatencyBest": "6",
          "LatencyAvg": "6",
          "LatencyWorst": "6",
          "PipelineII": "1",
          "PipelineDepth": "7",
          "PipelineType": "yes"
        },
        "Timing": {
          "Target": "10.00",
          "Uncertainty": "2.70",
          "Estimate": "6.943"
        },
        "Area": {
          "FF": "890",
          "AVAIL_FF": "106400",
          "UTIL_FF": "~0",
          "LUT": "2222",
          "AVAIL_LUT": "53200",
          "UTIL_LUT": "4",
          "BRAM_18K": "0",
          "AVAIL_BRAM": "280",
          "UTIL_BRAM": "0",
          "DSP": "0",
          "AVAIL_DSP": "220",
          "UTIL_DSP": "0",
          "URAM": "0",
          "AVAIL_URAM": "0",
          "UTIL_URAM": "0"
        }
      },
      "LinearSolver_Pipeline_VITIS_LOOP_87_2": {
        "Latency": {
          "LatencyBest": "51",
          "LatencyAvg": "51",
          "LatencyWorst": "51",
          "PipelineII": "51",
          "PipelineDepth": "",
          "PipelineType": "no"
        },
        "Timing": {
          "Target": "10.00",
          "Uncertainty": "2.70",
          "Estimate": "6.943"
        },
        "Loops": [{
            "Name": "VITIS_LOOP_87_2",
            "TripCount": "4",
            "Latency": "49",
            "PipelineII": "12",
            "PipelineDepth": "14"
          }],
        "Area": {
          "DSP": "2",
          "AVAIL_DSP": "220",
          "UTIL_DSP": "~0",
          "FF": "334",
          "AVAIL_FF": "106400",
          "UTIL_FF": "~0",
          "LUT": "275",
          "AVAIL_LUT": "53200",
          "UTIL_LUT": "~0",
          "BRAM_18K": "0",
          "AVAIL_BRAM": "280",
          "UTIL_BRAM": "0",
          "URAM": "0",
          "AVAIL_URAM": "0",
          "UTIL_URAM": "0"
        }
      },
      "LinearSolver_Pipeline_VITIS_LOOP_95_3": {
        "Latency": {
          "LatencyBest": "51",
          "LatencyAvg": "51",
          "LatencyWorst": "51",
          "PipelineII": "51",
          "PipelineDepth": "",
          "PipelineType": "no"
        },
        "Timing": {
          "Target": "10.00",
          "Uncertainty": "2.70",
          "Estimate": "6.943"
        },
        "Loops": [{
            "Name": "VITIS_LOOP_95_3",
            "TripCount": "4",
            "Latency": "49",
            "PipelineII": "12",
            "PipelineDepth": "14"
          }],
        "Area": {
          "DSP": "2",
          "AVAIL_DSP": "220",
          "UTIL_DSP": "~0",
          "FF": "1224",
          "AVAIL_FF": "106400",
          "UTIL_FF": "1",
          "LUT": "2497",
          "AVAIL_LUT": "53200",
          "UTIL_LUT": "4",
          "BRAM_18K": "0",
          "AVAIL_BRAM": "280",
          "UTIL_BRAM": "0",
          "URAM": "0",
          "AVAIL_URAM": "0",
          "UTIL_URAM": "0"
        }
      },
      "LinearSolver_Pipeline_VITIS_LOOP_103_4": {
        "Latency": {
          "LatencyBest": "51",
          "LatencyAvg": "51",
          "LatencyWorst": "51",
          "PipelineII": "51",
          "PipelineDepth": "",
          "PipelineType": "no"
        },
        "Timing": {
          "Target": "10.00",
          "Uncertainty": "2.70",
          "Estimate": "6.943"
        },
        "Loops": [{
            "Name": "VITIS_LOOP_103_4",
            "TripCount": "4",
            "Latency": "49",
            "PipelineII": "12",
            "PipelineDepth": "14"
          }],
        "Area": {
          "DSP": "2",
          "AVAIL_DSP": "220",
          "UTIL_DSP": "~0",
          "FF": "334",
          "AVAIL_FF": "106400",
          "UTIL_FF": "~0",
          "LUT": "275",
          "AVAIL_LUT": "53200",
          "UTIL_LUT": "~0",
          "BRAM_18K": "0",
          "AVAIL_BRAM": "280",
          "UTIL_BRAM": "0",
          "URAM": "0",
          "AVAIL_URAM": "0",
          "UTIL_URAM": "0"
        }
      },
      "LinearSolver_Pipeline_VITIS_LOOP_112_5": {
        "Latency": {
          "LatencyBest": "51",
          "LatencyAvg": "51",
          "LatencyWorst": "51",
          "PipelineII": "51",
          "PipelineDepth": "",
          "PipelineType": "no"
        },
        "Timing": {
          "Target": "10.00",
          "Uncertainty": "2.70",
          "Estimate": "7.257"
        },
        "Loops": [{
            "Name": "VITIS_LOOP_112_5",
            "TripCount": "4",
            "Latency": "49",
            "PipelineII": "12",
            "PipelineDepth": "14"
          }],
        "Area": {
          "DSP": "1",
          "AVAIL_DSP": "220",
          "UTIL_DSP": "~0",
          "FF": "308",
          "AVAIL_FF": "106400",
          "UTIL_FF": "~0",
          "LUT": "255",
          "AVAIL_LUT": "53200",
          "UTIL_LUT": "~0",
          "BRAM_18K": "0",
          "AVAIL_BRAM": "280",
          "UTIL_BRAM": "0",
          "URAM": "0",
          "AVAIL_URAM": "0",
          "UTIL_URAM": "0"
        }
      },
      "LinearSolver_Pipeline_VITIS_LOOP_121_6": {
        "Latency": {
          "LatencyBest": "51",
          "LatencyAvg": "51",
          "LatencyWorst": "51",
          "PipelineII": "51",
          "PipelineDepth": "",
          "PipelineType": "no"
        },
        "Timing": {
          "Target": "10.00",
          "Uncertainty": "2.70",
          "Estimate": "6.943"
        },
        "Loops": [{
            "Name": "VITIS_LOOP_121_6",
            "TripCount": "4",
            "Latency": "49",
            "PipelineII": "12",
            "PipelineDepth": "14"
          }],
        "Area": {
          "DSP": "2",
          "AVAIL_DSP": "220",
          "UTIL_DSP": "~0",
          "FF": "334",
          "AVAIL_FF": "106400",
          "UTIL_FF": "~0",
          "LUT": "275",
          "AVAIL_LUT": "53200",
          "UTIL_LUT": "~0",
          "BRAM_18K": "0",
          "AVAIL_BRAM": "280",
          "UTIL_BRAM": "0",
          "URAM": "0",
          "AVAIL_URAM": "0",
          "UTIL_URAM": "0"
        }
      },
      "LinearSolver_Pipeline_VITIS_LOOP_129_7": {
        "Latency": {
          "LatencyBest": "51",
          "LatencyAvg": "51",
          "LatencyWorst": "51",
          "PipelineII": "51",
          "PipelineDepth": "",
          "PipelineType": "no"
        },
        "Timing": {
          "Target": "10.00",
          "Uncertainty": "2.70",
          "Estimate": "6.943"
        },
        "Loops": [{
            "Name": "VITIS_LOOP_129_7",
            "TripCount": "4",
            "Latency": "49",
            "PipelineII": "12",
            "PipelineDepth": "14"
          }],
        "Area": {
          "DSP": "2",
          "AVAIL_DSP": "220",
          "UTIL_DSP": "~0",
          "FF": "334",
          "AVAIL_FF": "106400",
          "UTIL_FF": "~0",
          "LUT": "275",
          "AVAIL_LUT": "53200",
          "UTIL_LUT": "~0",
          "BRAM_18K": "0",
          "AVAIL_BRAM": "280",
          "UTIL_BRAM": "0",
          "URAM": "0",
          "AVAIL_URAM": "0",
          "UTIL_URAM": "0"
        }
      },
      "LinearSolver_Pipeline_VITIS_LOOP_138_8": {
        "Latency": {
          "LatencyBest": "51",
          "LatencyAvg": "51",
          "LatencyWorst": "51",
          "PipelineII": "51",
          "PipelineDepth": "",
          "PipelineType": "no"
        },
        "Timing": {
          "Target": "10.00",
          "Uncertainty": "2.70",
          "Estimate": "7.257"
        },
        "Loops": [{
            "Name": "VITIS_LOOP_138_8",
            "TripCount": "4",
            "Latency": "49",
            "PipelineII": "12",
            "PipelineDepth": "14"
          }],
        "Area": {
          "DSP": "1",
          "AVAIL_DSP": "220",
          "UTIL_DSP": "~0",
          "FF": "308",
          "AVAIL_FF": "106400",
          "UTIL_FF": "~0",
          "LUT": "255",
          "AVAIL_LUT": "53200",
          "UTIL_LUT": "~0",
          "BRAM_18K": "0",
          "AVAIL_BRAM": "280",
          "UTIL_BRAM": "0",
          "URAM": "0",
          "AVAIL_URAM": "0",
          "UTIL_URAM": "0"
        }
      },
      "LinearSolver_Pipeline_VITIS_LOOP_148_9": {
        "Latency": {
          "LatencyBest": "51",
          "LatencyAvg": "51",
          "LatencyWorst": "51",
          "PipelineII": "51",
          "PipelineDepth": "",
          "PipelineType": "no"
        },
        "Timing": {
          "Target": "10.00",
          "Uncertainty": "2.70",
          "Estimate": "6.943"
        },
        "Loops": [{
            "Name": "VITIS_LOOP_148_9",
            "TripCount": "4",
            "Latency": "49",
            "PipelineII": "12",
            "PipelineDepth": "14"
          }],
        "Area": {
          "DSP": "2",
          "AVAIL_DSP": "220",
          "UTIL_DSP": "~0",
          "FF": "334",
          "AVAIL_FF": "106400",
          "UTIL_FF": "~0",
          "LUT": "275",
          "AVAIL_LUT": "53200",
          "UTIL_LUT": "~0",
          "BRAM_18K": "0",
          "AVAIL_BRAM": "280",
          "UTIL_BRAM": "0",
          "URAM": "0",
          "AVAIL_URAM": "0",
          "UTIL_URAM": "0"
        }
      },
      "LinearSolver_Pipeline_VITIS_LOOP_158_10": {
        "Latency": {
          "LatencyBest": "51",
          "LatencyAvg": "51",
          "LatencyWorst": "51",
          "PipelineII": "51",
          "PipelineDepth": "",
          "PipelineType": "no"
        },
        "Timing": {
          "Target": "10.00",
          "Uncertainty": "2.70",
          "Estimate": "7.257"
        },
        "Loops": [{
            "Name": "VITIS_LOOP_158_10",
            "TripCount": "4",
            "Latency": "49",
            "PipelineII": "12",
            "PipelineDepth": "14"
          }],
        "Area": {
          "DSP": "1",
          "AVAIL_DSP": "220",
          "UTIL_DSP": "~0",
          "FF": "308",
          "AVAIL_FF": "106400",
          "UTIL_FF": "~0",
          "LUT": "255",
          "AVAIL_LUT": "53200",
          "UTIL_LUT": "~0",
          "BRAM_18K": "0",
          "AVAIL_BRAM": "280",
          "UTIL_BRAM": "0",
          "URAM": "0",
          "AVAIL_URAM": "0",
          "UTIL_URAM": "0"
        }
      },
      "LinearSolver_Pipeline_VITIS_LOOP_195_11": {
        "Latency": {
          "LatencyBest": "51",
          "LatencyAvg": "51",
          "LatencyWorst": "51",
          "PipelineII": "51",
          "PipelineDepth": "",
          "PipelineType": "no"
        },
        "Timing": {
          "Target": "10.00",
          "Uncertainty": "2.70",
          "Estimate": "6.943"
        },
        "Loops": [{
            "Name": "VITIS_LOOP_195_11",
            "TripCount": "4",
            "Latency": "49",
            "PipelineII": "12",
            "PipelineDepth": "14"
          }],
        "Area": {
          "DSP": "2",
          "AVAIL_DSP": "220",
          "UTIL_DSP": "~0",
          "FF": "334",
          "AVAIL_FF": "106400",
          "UTIL_FF": "~0",
          "LUT": "275",
          "AVAIL_LUT": "53200",
          "UTIL_LUT": "~0",
          "BRAM_18K": "0",
          "AVAIL_BRAM": "280",
          "UTIL_BRAM": "0",
          "URAM": "0",
          "AVAIL_URAM": "0",
          "UTIL_URAM": "0"
        }
      },
      "LinearSolver_Pipeline_VITIS_LOOP_203_12": {
        "Latency": {
          "LatencyBest": "51",
          "LatencyAvg": "51",
          "LatencyWorst": "51",
          "PipelineII": "51",
          "PipelineDepth": "",
          "PipelineType": "no"
        },
        "Timing": {
          "Target": "10.00",
          "Uncertainty": "2.70",
          "Estimate": "6.943"
        },
        "Loops": [{
            "Name": "VITIS_LOOP_203_12",
            "TripCount": "4",
            "Latency": "49",
            "PipelineII": "12",
            "PipelineDepth": "14"
          }],
        "Area": {
          "DSP": "2",
          "AVAIL_DSP": "220",
          "UTIL_DSP": "~0",
          "FF": "334",
          "AVAIL_FF": "106400",
          "UTIL_FF": "~0",
          "LUT": "275",
          "AVAIL_LUT": "53200",
          "UTIL_LUT": "~0",
          "BRAM_18K": "0",
          "AVAIL_BRAM": "280",
          "UTIL_BRAM": "0",
          "URAM": "0",
          "AVAIL_URAM": "0",
          "UTIL_URAM": "0"
        }
      },
      "LinearSolver_Pipeline_VITIS_LOOP_211_13": {
        "Latency": {
          "LatencyBest": "51",
          "LatencyAvg": "51",
          "LatencyWorst": "51",
          "PipelineII": "51",
          "PipelineDepth": "",
          "PipelineType": "no"
        },
        "Timing": {
          "Target": "10.00",
          "Uncertainty": "2.70",
          "Estimate": "6.943"
        },
        "Loops": [{
            "Name": "VITIS_LOOP_211_13",
            "TripCount": "4",
            "Latency": "49",
            "PipelineII": "12",
            "PipelineDepth": "14"
          }],
        "Area": {
          "DSP": "2",
          "AVAIL_DSP": "220",
          "UTIL_DSP": "~0",
          "FF": "334",
          "AVAIL_FF": "106400",
          "UTIL_FF": "~0",
          "LUT": "275",
          "AVAIL_LUT": "53200",
          "UTIL_LUT": "~0",
          "BRAM_18K": "0",
          "AVAIL_BRAM": "280",
          "UTIL_BRAM": "0",
          "URAM": "0",
          "AVAIL_URAM": "0",
          "UTIL_URAM": "0"
        }
      },
      "LinearSolver_Pipeline_VITIS_LOOP_219_14": {
        "Latency": {
          "LatencyBest": "51",
          "LatencyAvg": "51",
          "LatencyWorst": "51",
          "PipelineII": "51",
          "PipelineDepth": "",
          "PipelineType": "no"
        },
        "Timing": {
          "Target": "10.00",
          "Uncertainty": "2.70",
          "Estimate": "6.943"
        },
        "Loops": [{
            "Name": "VITIS_LOOP_219_14",
            "TripCount": "4",
            "Latency": "49",
            "PipelineII": "12",
            "PipelineDepth": "14"
          }],
        "Area": {
          "DSP": "2",
          "AVAIL_DSP": "220",
          "UTIL_DSP": "~0",
          "FF": "334",
          "AVAIL_FF": "106400",
          "UTIL_FF": "~0",
          "LUT": "275",
          "AVAIL_LUT": "53200",
          "UTIL_LUT": "~0",
          "BRAM_18K": "0",
          "AVAIL_BRAM": "280",
          "UTIL_BRAM": "0",
          "URAM": "0",
          "AVAIL_URAM": "0",
          "UTIL_URAM": "0"
        }
      },
      "LinearSolver_Pipeline_VITIS_LOOP_228_15": {
        "Latency": {
          "LatencyBest": "51",
          "LatencyAvg": "51",
          "LatencyWorst": "51",
          "PipelineII": "51",
          "PipelineDepth": "",
          "PipelineType": "no"
        },
        "Timing": {
          "Target": "10.00",
          "Uncertainty": "2.70",
          "Estimate": "6.943"
        },
        "Loops": [{
            "Name": "VITIS_LOOP_228_15",
            "TripCount": "4",
            "Latency": "49",
            "PipelineII": "12",
            "PipelineDepth": "14"
          }],
        "Area": {
          "DSP": "2",
          "AVAIL_DSP": "220",
          "UTIL_DSP": "~0",
          "FF": "334",
          "AVAIL_FF": "106400",
          "UTIL_FF": "~0",
          "LUT": "275",
          "AVAIL_LUT": "53200",
          "UTIL_LUT": "~0",
          "BRAM_18K": "0",
          "AVAIL_BRAM": "280",
          "UTIL_BRAM": "0",
          "URAM": "0",
          "AVAIL_URAM": "0",
          "UTIL_URAM": "0"
        }
      },
      "LinearSolver_Pipeline_VITIS_LOOP_236_16": {
        "Latency": {
          "LatencyBest": "51",
          "LatencyAvg": "51",
          "LatencyWorst": "51",
          "PipelineII": "51",
          "PipelineDepth": "",
          "PipelineType": "no"
        },
        "Timing": {
          "Target": "10.00",
          "Uncertainty": "2.70",
          "Estimate": "6.943"
        },
        "Loops": [{
            "Name": "VITIS_LOOP_236_16",
            "TripCount": "4",
            "Latency": "49",
            "PipelineII": "12",
            "PipelineDepth": "14"
          }],
        "Area": {
          "DSP": "2",
          "AVAIL_DSP": "220",
          "UTIL_DSP": "~0",
          "FF": "334",
          "AVAIL_FF": "106400",
          "UTIL_FF": "~0",
          "LUT": "275",
          "AVAIL_LUT": "53200",
          "UTIL_LUT": "~0",
          "BRAM_18K": "0",
          "AVAIL_BRAM": "280",
          "UTIL_BRAM": "0",
          "URAM": "0",
          "AVAIL_URAM": "0",
          "UTIL_URAM": "0"
        }
      },
      "LinearSolver_Pipeline_VITIS_LOOP_244_17": {
        "Latency": {
          "LatencyBest": "51",
          "LatencyAvg": "51",
          "LatencyWorst": "51",
          "PipelineII": "51",
          "PipelineDepth": "",
          "PipelineType": "no"
        },
        "Timing": {
          "Target": "10.00",
          "Uncertainty": "2.70",
          "Estimate": "6.943"
        },
        "Loops": [{
            "Name": "VITIS_LOOP_244_17",
            "TripCount": "4",
            "Latency": "49",
            "PipelineII": "12",
            "PipelineDepth": "14"
          }],
        "Area": {
          "DSP": "2",
          "AVAIL_DSP": "220",
          "UTIL_DSP": "~0",
          "FF": "334",
          "AVAIL_FF": "106400",
          "UTIL_FF": "~0",
          "LUT": "275",
          "AVAIL_LUT": "53200",
          "UTIL_LUT": "~0",
          "BRAM_18K": "0",
          "AVAIL_BRAM": "280",
          "UTIL_BRAM": "0",
          "URAM": "0",
          "AVAIL_URAM": "0",
          "UTIL_URAM": "0"
        }
      },
      "LinearSolver_Pipeline_VITIS_LOOP_252_18": {
        "Latency": {
          "LatencyBest": "51",
          "LatencyAvg": "51",
          "LatencyWorst": "51",
          "PipelineII": "51",
          "PipelineDepth": "",
          "PipelineType": "no"
        },
        "Timing": {
          "Target": "10.00",
          "Uncertainty": "2.70",
          "Estimate": "6.943"
        },
        "Loops": [{
            "Name": "VITIS_LOOP_252_18",
            "TripCount": "4",
            "Latency": "49",
            "PipelineII": "12",
            "PipelineDepth": "14"
          }],
        "Area": {
          "DSP": "2",
          "AVAIL_DSP": "220",
          "UTIL_DSP": "~0",
          "FF": "334",
          "AVAIL_FF": "106400",
          "UTIL_FF": "~0",
          "LUT": "275",
          "AVAIL_LUT": "53200",
          "UTIL_LUT": "~0",
          "BRAM_18K": "0",
          "AVAIL_BRAM": "280",
          "UTIL_BRAM": "0",
          "URAM": "0",
          "AVAIL_URAM": "0",
          "UTIL_URAM": "0"
        }
      },
      "LinearSolver_Pipeline_VITIS_LOOP_261_19": {
        "Latency": {
          "LatencyBest": "51",
          "LatencyAvg": "51",
          "LatencyWorst": "51",
          "PipelineII": "51",
          "PipelineDepth": "",
          "PipelineType": "no"
        },
        "Timing": {
          "Target": "10.00",
          "Uncertainty": "2.70",
          "Estimate": "6.943"
        },
        "Loops": [{
            "Name": "VITIS_LOOP_261_19",
            "TripCount": "4",
            "Latency": "49",
            "PipelineII": "12",
            "PipelineDepth": "14"
          }],
        "Area": {
          "DSP": "2",
          "AVAIL_DSP": "220",
          "UTIL_DSP": "~0",
          "FF": "334",
          "AVAIL_FF": "106400",
          "UTIL_FF": "~0",
          "LUT": "275",
          "AVAIL_LUT": "53200",
          "UTIL_LUT": "~0",
          "BRAM_18K": "0",
          "AVAIL_BRAM": "280",
          "UTIL_BRAM": "0",
          "URAM": "0",
          "AVAIL_URAM": "0",
          "UTIL_URAM": "0"
        }
      },
      "LinearSolver_Pipeline_VITIS_LOOP_269_20": {
        "Latency": {
          "LatencyBest": "51",
          "LatencyAvg": "51",
          "LatencyWorst": "51",
          "PipelineII": "51",
          "PipelineDepth": "",
          "PipelineType": "no"
        },
        "Timing": {
          "Target": "10.00",
          "Uncertainty": "2.70",
          "Estimate": "6.943"
        },
        "Loops": [{
            "Name": "VITIS_LOOP_269_20",
            "TripCount": "4",
            "Latency": "49",
            "PipelineII": "12",
            "PipelineDepth": "14"
          }],
        "Area": {
          "DSP": "2",
          "AVAIL_DSP": "220",
          "UTIL_DSP": "~0",
          "FF": "334",
          "AVAIL_FF": "106400",
          "UTIL_FF": "~0",
          "LUT": "275",
          "AVAIL_LUT": "53200",
          "UTIL_LUT": "~0",
          "BRAM_18K": "0",
          "AVAIL_BRAM": "280",
          "UTIL_BRAM": "0",
          "URAM": "0",
          "AVAIL_URAM": "0",
          "UTIL_URAM": "0"
        }
      },
      "LinearSolver_Pipeline_VITIS_LOOP_277_21": {
        "Latency": {
          "LatencyBest": "51",
          "LatencyAvg": "51",
          "LatencyWorst": "51",
          "PipelineII": "51",
          "PipelineDepth": "",
          "PipelineType": "no"
        },
        "Timing": {
          "Target": "10.00",
          "Uncertainty": "2.70",
          "Estimate": "6.943"
        },
        "Loops": [{
            "Name": "VITIS_LOOP_277_21",
            "TripCount": "4",
            "Latency": "49",
            "PipelineII": "12",
            "PipelineDepth": "14"
          }],
        "Area": {
          "DSP": "2",
          "AVAIL_DSP": "220",
          "UTIL_DSP": "~0",
          "FF": "334",
          "AVAIL_FF": "106400",
          "UTIL_FF": "~0",
          "LUT": "275",
          "AVAIL_LUT": "53200",
          "UTIL_LUT": "~0",
          "BRAM_18K": "0",
          "AVAIL_BRAM": "280",
          "UTIL_BRAM": "0",
          "URAM": "0",
          "AVAIL_URAM": "0",
          "UTIL_URAM": "0"
        }
      },
      "LinearSolver_Pipeline_VITIS_LOOP_285_22": {
        "Latency": {
          "LatencyBest": "51",
          "LatencyAvg": "51",
          "LatencyWorst": "51",
          "PipelineII": "51",
          "PipelineDepth": "",
          "PipelineType": "no"
        },
        "Timing": {
          "Target": "10.00",
          "Uncertainty": "2.70",
          "Estimate": "6.943"
        },
        "Loops": [{
            "Name": "VITIS_LOOP_285_22",
            "TripCount": "4",
            "Latency": "49",
            "PipelineII": "12",
            "PipelineDepth": "14"
          }],
        "Area": {
          "DSP": "2",
          "AVAIL_DSP": "220",
          "UTIL_DSP": "~0",
          "FF": "334",
          "AVAIL_FF": "106400",
          "UTIL_FF": "~0",
          "LUT": "275",
          "AVAIL_LUT": "53200",
          "UTIL_LUT": "~0",
          "BRAM_18K": "0",
          "AVAIL_BRAM": "280",
          "UTIL_BRAM": "0",
          "URAM": "0",
          "AVAIL_URAM": "0",
          "UTIL_URAM": "0"
        }
      },
      "LinearSolver_Pipeline_VITIS_LOOP_295_23": {
        "Latency": {
          "LatencyBest": "51",
          "LatencyAvg": "51",
          "LatencyWorst": "51",
          "PipelineII": "51",
          "PipelineDepth": "",
          "PipelineType": "no"
        },
        "Timing": {
          "Target": "10.00",
          "Uncertainty": "2.70",
          "Estimate": "6.943"
        },
        "Loops": [{
            "Name": "VITIS_LOOP_295_23",
            "TripCount": "4",
            "Latency": "49",
            "PipelineII": "12",
            "PipelineDepth": "14"
          }],
        "Area": {
          "DSP": "2",
          "AVAIL_DSP": "220",
          "UTIL_DSP": "~0",
          "FF": "212",
          "AVAIL_FF": "106400",
          "UTIL_FF": "~0",
          "LUT": "275",
          "AVAIL_LUT": "53200",
          "UTIL_LUT": "~0",
          "BRAM_18K": "0",
          "AVAIL_BRAM": "280",
          "UTIL_BRAM": "0",
          "URAM": "0",
          "AVAIL_URAM": "0",
          "UTIL_URAM": "0"
        }
      },
      "LinearSolver_Pipeline_VITIS_LOOP_303_24": {
        "Latency": {
          "LatencyBest": "51",
          "LatencyAvg": "51",
          "LatencyWorst": "51",
          "PipelineII": "51",
          "PipelineDepth": "",
          "PipelineType": "no"
        },
        "Timing": {
          "Target": "10.00",
          "Uncertainty": "2.70",
          "Estimate": "6.943"
        },
        "Loops": [{
            "Name": "VITIS_LOOP_303_24",
            "TripCount": "4",
            "Latency": "49",
            "PipelineII": "12",
            "PipelineDepth": "14"
          }],
        "Area": {
          "DSP": "2",
          "AVAIL_DSP": "220",
          "UTIL_DSP": "~0",
          "FF": "212",
          "AVAIL_FF": "106400",
          "UTIL_FF": "~0",
          "LUT": "275",
          "AVAIL_LUT": "53200",
          "UTIL_LUT": "~0",
          "BRAM_18K": "0",
          "AVAIL_BRAM": "280",
          "UTIL_BRAM": "0",
          "URAM": "0",
          "AVAIL_URAM": "0",
          "UTIL_URAM": "0"
        }
      },
      "LinearSolver_Pipeline_VITIS_LOOP_311_25": {
        "Latency": {
          "LatencyBest": "51",
          "LatencyAvg": "51",
          "LatencyWorst": "51",
          "PipelineII": "51",
          "PipelineDepth": "",
          "PipelineType": "no"
        },
        "Timing": {
          "Target": "10.00",
          "Uncertainty": "2.70",
          "Estimate": "6.943"
        },
        "Loops": [{
            "Name": "VITIS_LOOP_311_25",
            "TripCount": "4",
            "Latency": "49",
            "PipelineII": "12",
            "PipelineDepth": "14"
          }],
        "Area": {
          "DSP": "2",
          "AVAIL_DSP": "220",
          "UTIL_DSP": "~0",
          "FF": "212",
          "AVAIL_FF": "106400",
          "UTIL_FF": "~0",
          "LUT": "275",
          "AVAIL_LUT": "53200",
          "UTIL_LUT": "~0",
          "BRAM_18K": "0",
          "AVAIL_BRAM": "280",
          "UTIL_BRAM": "0",
          "URAM": "0",
          "AVAIL_URAM": "0",
          "UTIL_URAM": "0"
        }
      },
      "LinearSolver_Pipeline_VITIS_LOOP_319_26": {
        "Latency": {
          "LatencyBest": "51",
          "LatencyAvg": "51",
          "LatencyWorst": "51",
          "PipelineII": "51",
          "PipelineDepth": "",
          "PipelineType": "no"
        },
        "Timing": {
          "Target": "10.00",
          "Uncertainty": "2.70",
          "Estimate": "6.943"
        },
        "Loops": [{
            "Name": "VITIS_LOOP_319_26",
            "TripCount": "4",
            "Latency": "49",
            "PipelineII": "12",
            "PipelineDepth": "14"
          }],
        "Area": {
          "DSP": "2",
          "AVAIL_DSP": "220",
          "UTIL_DSP": "~0",
          "FF": "212",
          "AVAIL_FF": "106400",
          "UTIL_FF": "~0",
          "LUT": "275",
          "AVAIL_LUT": "53200",
          "UTIL_LUT": "~0",
          "BRAM_18K": "0",
          "AVAIL_BRAM": "280",
          "UTIL_BRAM": "0",
          "URAM": "0",
          "AVAIL_URAM": "0",
          "UTIL_URAM": "0"
        }
      },
      "LinearSolver_Pipeline_VITIS_LOOP_357_27": {
        "Latency": {
          "LatencyBest": "8",
          "LatencyAvg": "8",
          "LatencyWorst": "8",
          "PipelineII": "8",
          "PipelineDepth": "",
          "PipelineType": "no"
        },
        "Timing": {
          "Target": "10.00",
          "Uncertainty": "2.70",
          "Estimate": "6.540"
        },
        "Loops": [{
            "Name": "VITIS_LOOP_357_27",
            "TripCount": "4",
            "Latency": "6",
            "PipelineII": "1",
            "PipelineDepth": "4"
          }],
        "Area": {
          "DSP": "4",
          "AVAIL_DSP": "220",
          "UTIL_DSP": "1",
          "FF": "598",
          "AVAIL_FF": "106400",
          "UTIL_FF": "~0",
          "LUT": "463",
          "AVAIL_LUT": "53200",
          "UTIL_LUT": "~0",
          "BRAM_18K": "0",
          "AVAIL_BRAM": "280",
          "UTIL_BRAM": "0",
          "URAM": "0",
          "AVAIL_URAM": "0",
          "UTIL_URAM": "0"
        }
      },
      "LinearSolver": {
        "Latency": {
          "LatencyBest": "692",
          "LatencyAvg": "692",
          "LatencyWorst": "692",
          "PipelineII": "693",
          "PipelineDepth": "",
          "PipelineType": "no"
        },
        "Timing": {
          "Target": "10.00",
          "Uncertainty": "2.70",
          "Estimate": "7.257"
        },
        "Area": {
          "BRAM_18K": "0",
          "AVAIL_BRAM": "280",
          "UTIL_BRAM": "0",
          "DSP": "58",
          "AVAIL_DSP": "220",
          "UTIL_DSP": "26",
          "FF": "21859",
          "AVAIL_FF": "106400",
          "UTIL_FF": "20",
          "LUT": "31996",
          "AVAIL_LUT": "53200",
          "UTIL_LUT": "60",
          "URAM": "0",
          "AVAIL_URAM": "0",
          "UTIL_URAM": "0"
        }
      }
    }
  },
  "GenerateBdFiles": "0",
  "GenData": {
    "DataVersion": "0.2",
    "Time": "2022-12-02 09:10:53 -0600",
    "ToolName": "vitis_hls",
    "ToolVersion": "2022.1"
  }
}
