{"sourceFile": [{
      "name": "",
      "directive": [{
          "functionName": "cordic",
          "label": "",
          "functionLabel": "",
          "id": "1",
          "sourceFile": "C:\/ELEC522\/jag33\/Proj5_real\/cordic_proj5\/solution1\/csynth.tcl",
          "sourceLine": "15",
          "pragma": {
            "name": "TOP",
            "option": [{
                "name": "name",
                "value": "cordic"
              }]
          }
        }]
    }]}
