<profile>

<section name = "Vitis HLS Report for 'cordic'" level="0">
<item name = "Date">Sun Nov 20 23:47:19 2022
</item>
<item name = "Version">2022.1 (Build 3526262 on Mon Apr 18 15:48:16 MDT 2022)</item>
<item name = "Project">cordic_proj5</item>
<item name = "Solution">solution1 (Vivado IP Flow Target)</item>
<item name = "Product family">zynq</item>
<item name = "Target device">xc7z020-clg484-1</item>
</section>

<section name = "Performance Estimates" level="0">
<item name = "Timing">
<section name = "" level="1">
<item name = "Summary"><table name="" hasTotal="0">
<keys size="4">Clock, Target, Estimated, Uncertainty</keys>
<column name="ap_clk">10.00 ns, 7.292 ns, 2.70 ns</column>
</table>
</item>
</section>
</item>
<item name = "Latency">
<section name = "" level="1">
<item name = "Summary"><table name="" hasTotal="0">
<keys size="8">, min, max, min, max, min, max, Type</keys>
<column name="">24, 24, 0.240 us, 0.240 us, 1, 1, yes</column>
</table>
</item>
<item name = "Detail">
<section name = "" level="1">
<item name = "Instance"><table name="" hasTotal="0">
<keys size="9">Instance, Module, min, max, min, max, min, max, Type</keys>
</table>
</item>
<item name = "Loop"><table name="" hasTotal="0">
<keys size="8">Loop Name, min, max, Latency, achieved, target, Count, Pipelined</keys>
</table>
</item>
</section>
</item>
</section>
</item>
</section>

<section name = "Utilization Estimates" level="0">
<item name = "Summary"><table name="" hasTotal="1">
<keys size="6">Name, BRAM_18K, DSP, FF, LUT, URAM</keys>
<column name="DSP">-, -, -, -, -</column>
<column name="Expression">-, -, 0, 9541, -</column>
<column name="FIFO">-, -, -, -, -</column>
<column name="Instance">-, -, -, -, -</column>
<column name="Memory">-, -, -, -, -</column>
<column name="Multiplexer">-, -, -, -, -</column>
<column name="Register">-, -, 3585, 544, -</column>
<specialColumn name="Available">280, 220, 106400, 53200, 0</specialColumn>
<specialColumn name="Utilization (%)">0, 0, 3, 18, 0</specialColumn>
</table>
</item>
<item name = "Detail">
<section name = "" level="1">
<item name = "Instance"><table name="" hasTotal="1">
<keys size="7">Instance, Module, BRAM_18K, DSP, FF, LUT, URAM</keys>
</table>
</item>
<item name = "DSP"><table name="" hasTotal="0">
<keys size="3">Instance, Module, Expression</keys>
</table>
</item>
<item name = "Memory"><table name="" hasTotal="1">
<keys size="10">Memory, Module, BRAM_18K, FF, LUT, URAM, Words, Bits, Banks, W*Bits*Banks</keys>
</table>
</item>
<item name = "FIFO"><table name="" hasTotal="1">
<keys size="8">Name, BRAM_18K, FF, LUT, URAM, Depth, Bits, Size:D*B</keys>
</table>
</item>
<item name = "Expression"><table name="" hasTotal="1">
<keys size="7">Variable Name, Operation, DSP, FF, LUT, Bitwidth P0, Bitwidth P1</keys>
<column name="add_ln1697_10_fu_1283_p2">+, 0, 0, 16, 16, 8</column>
<column name="add_ln1697_12_fu_1560_p2">+, 0, 0, 16, 16, 7</column>
<column name="add_ln1697_14_fu_1813_p2">+, 0, 0, 16, 16, 6</column>
<column name="add_ln1697_16_fu_2027_p2">+, 0, 0, 16, 16, 5</column>
<column name="add_ln1697_18_fu_2207_p2">+, 0, 0, 16, 16, 4</column>
<column name="add_ln1697_20_fu_2486_p2">+, 0, 0, 16, 16, 3</column>
<column name="add_ln1697_22_fu_2745_p2">+, 0, 0, 16, 16, 2</column>
<column name="add_ln1697_24_fu_1607_p2">+, 0, 0, 15, 15, 15</column>
<column name="add_ln1697_25_fu_1310_p2">+, 0, 0, 12, 12, 12</column>
<column name="add_ln1697_26_fu_1320_p2">+, 0, 0, 14, 13, 13</column>
<column name="add_ln1697_27_fu_1616_p2">+, 0, 0, 15, 15, 15</column>
<column name="add_ln1697_28_fu_1988_p2">+, 0, 0, 14, 9, 9</column>
<column name="add_ln1697_29_fu_2619_p2">+, 0, 0, 10, 10, 10</column>
<column name="add_ln1697_2_fu_350_p2">+, 0, 0, 16, 16, 12</column>
<column name="add_ln1697_30_fu_2456_p2">+, 0, 0, 14, 6, 6</column>
<column name="add_ln1697_31_fu_2466_p2">+, 0, 0, 14, 7, 7</column>
<column name="add_ln1697_32_fu_2628_p2">+, 0, 0, 10, 10, 10</column>
<column name="add_ln1697_33_fu_2860_p2">+, 0, 0, 15, 15, 15</column>
<column name="add_ln1697_4_fu_384_p2">+, 0, 0, 16, 16, 11</column>
<column name="add_ln1697_6_fu_632_p2">+, 0, 0, 16, 16, 10</column>
<column name="add_ln1697_8_fu_946_p2">+, 0, 0, 16, 16, 9</column>
<column name="add_ln1697_fu_315_p2">+, 0, 0, 16, 16, 13</column>
<column name="current_cos_V_100_fu_3930_p2">+, 0, 0, 23, 16, 16</column>
<column name="current_cos_V_103_fu_3996_p2">+, 0, 0, 23, 16, 16</column>
<column name="current_cos_V_106_fu_4181_p2">+, 0, 0, 23, 16, 16</column>
<column name="current_cos_V_109_fu_4249_p2">+, 0, 0, 23, 16, 16</column>
<column name="current_cos_V_112_fu_4421_p2">+, 0, 0, 23, 16, 16</column>
<column name="current_cos_V_115_fu_4606_p2">+, 0, 0, 23, 16, 16</column>
<column name="current_cos_V_118_fu_4672_p2">+, 0, 0, 23, 16, 16</column>
<column name="current_cos_V_11_fu_705_p2">+, 0, 0, 23, 16, 16</column>
<column name="current_cos_V_121_fu_4852_p2">+, 0, 0, 23, 16, 16</column>
<column name="current_cos_V_124_fu_4920_p2">+, 0, 0, 23, 16, 16</column>
<column name="current_cos_V_127_fu_5120_p2">+, 0, 0, 23, 16, 16</column>
<column name="current_cos_V_12_fu_715_p2">+, 0, 0, 23, 16, 16</column>
<column name="current_cos_V_130_fu_5298_p2">+, 0, 0, 23, 16, 16</column>
<column name="current_cos_V_133_fu_2677_p2">+, 0, 0, 23, 16, 16</column>
<column name="current_cos_V_136_fu_2884_p2">+, 0, 0, 23, 16, 16</column>
<column name="current_cos_V_139_fu_2958_p2">+, 0, 0, 23, 16, 16</column>
<column name="current_cos_V_142_fu_3148_p2">+, 0, 0, 23, 16, 16</column>
<column name="current_cos_V_145_fu_3222_p2">+, 0, 0, 23, 16, 16</column>
<column name="current_cos_V_148_fu_3412_p2">+, 0, 0, 23, 16, 16</column>
<column name="current_cos_V_151_fu_3596_p2">+, 0, 0, 23, 16, 16</column>
<column name="current_cos_V_154_fu_3666_p2">+, 0, 0, 23, 16, 16</column>
<column name="current_cos_V_157_fu_3856_p2">+, 0, 0, 23, 16, 16</column>
<column name="current_cos_V_160_fu_4045_p2">+, 0, 0, 23, 16, 16</column>
<column name="current_cos_V_163_fu_4117_p2">+, 0, 0, 23, 16, 16</column>
<column name="current_cos_V_166_fu_4297_p2">+, 0, 0, 23, 16, 16</column>
<column name="current_cos_V_169_fu_4486_p2">+, 0, 0, 23, 16, 16</column>
<column name="current_cos_V_172_fu_4558_p2">+, 0, 0, 23, 16, 16</column>
<column name="current_cos_V_175_fu_4750_p2">+, 0, 0, 23, 16, 16</column>
<column name="current_cos_V_178_fu_4932_p2">+, 0, 0, 23, 16, 16</column>
<column name="current_cos_V_17_fu_851_p2">+, 0, 0, 23, 16, 16</column>
<column name="current_cos_V_181_fu_5002_p2">+, 0, 0, 23, 16, 16</column>
<column name="current_cos_V_184_fu_5192_p2">+, 0, 0, 23, 16, 16</column>
<column name="current_cos_V_187_fu_5266_p2">+, 0, 0, 23, 16, 16</column>
<column name="current_cos_V_18_fu_863_p2">+, 0, 0, 23, 16, 16</column>
<column name="current_cos_V_23_fu_1034_p2">+, 0, 0, 23, 16, 16</column>
<column name="current_cos_V_24_fu_1044_p2">+, 0, 0, 23, 16, 16</column>
<column name="current_cos_V_29_fu_1184_p2">+, 0, 0, 23, 16, 16</column>
<column name="current_cos_V_30_fu_1196_p2">+, 0, 0, 23, 16, 16</column>
<column name="current_cos_V_35_fu_1415_p2">+, 0, 0, 23, 16, 16</column>
<column name="current_cos_V_36_fu_1425_p2">+, 0, 0, 23, 16, 16</column>
<column name="current_cos_V_41_fu_1527_p2">+, 0, 0, 23, 16, 16</column>
<column name="current_cos_V_42_fu_1652_p2">+, 0, 0, 23, 16, 16</column>
<column name="current_cos_V_47_fu_1758_p2">+, 0, 0, 23, 16, 16</column>
<column name="current_cos_V_48_fu_1768_p2">+, 0, 0, 23, 16, 16</column>
<column name="current_cos_V_53_fu_1932_p2">+, 0, 0, 23, 16, 16</column>
<column name="current_cos_V_54_fu_2000_p2">+, 0, 0, 23, 16, 16</column>
<column name="current_cos_V_59_fu_2079_p2">+, 0, 0, 23, 16, 16</column>
<column name="current_cos_V_5_fu_537_p2">+, 0, 0, 23, 16, 16</column>
<column name="current_cos_V_60_fu_2178_p2">+, 0, 0, 23, 16, 16</column>
<column name="current_cos_V_65_fu_2310_p2">+, 0, 0, 23, 16, 16</column>
<column name="current_cos_V_66_fu_2320_p2">+, 0, 0, 23, 16, 16</column>
<column name="current_cos_V_6_fu_549_p2">+, 0, 0, 23, 16, 16</column>
<column name="current_cos_V_71_fu_2527_p2">+, 0, 0, 23, 16, 16</column>
<column name="current_cos_V_72_fu_2537_p2">+, 0, 0, 23, 16, 16</column>
<column name="current_cos_V_76_fu_2779_p2">+, 0, 0, 23, 16, 16</column>
<column name="current_cos_V_79_fu_2845_p2">+, 0, 0, 23, 16, 16</column>
<column name="current_cos_V_82_fu_3076_p2">+, 0, 0, 23, 16, 16</column>
<column name="current_cos_V_85_fu_3254_p2">+, 0, 0, 23, 16, 16</column>
<column name="current_cos_V_88_fu_3320_p2">+, 0, 0, 23, 16, 16</column>
<column name="current_cos_V_91_fu_3516_p2">+, 0, 0, 23, 16, 16</column>
<column name="current_cos_V_94_fu_3584_p2">+, 0, 0, 23, 16, 16</column>
<column name="current_cos_V_97_fu_3784_p2">+, 0, 0, 23, 16, 16</column>
<column name="current_sin_V_102_fu_3990_p2">+, 0, 0, 23, 16, 16</column>
<column name="current_sin_V_105_fu_4176_p2">+, 0, 0, 23, 16, 16</column>
<column name="current_sin_V_108_fu_4243_p2">+, 0, 0, 23, 16, 16</column>
<column name="current_sin_V_10_fu_700_p2">+, 0, 0, 23, 16, 16</column>
<column name="current_sin_V_111_fu_4415_p2">+, 0, 0, 23, 16, 16</column>
<column name="current_sin_V_114_fu_4602_p2">+, 0, 0, 23, 16, 16</column>
<column name="current_sin_V_117_fu_4666_p2">+, 0, 0, 23, 16, 16</column>
<column name="current_sin_V_120_fu_4847_p2">+, 0, 0, 23, 16, 16</column>
<column name="current_sin_V_123_fu_4914_p2">+, 0, 0, 23, 16, 16</column>
<column name="current_sin_V_126_fu_5114_p2">+, 0, 0, 23, 16, 16</column>
<column name="current_sin_V_129_fu_5294_p2">+, 0, 0, 23, 16, 16</column>
<column name="current_sin_V_16_fu_845_p2">+, 0, 0, 23, 16, 16</column>
<column name="current_sin_V_190_fu_421_p2">+, 0, 0, 23, 16, 16</column>
<column name="current_sin_V_194_fu_567_p2">+, 0, 0, 23, 16, 16</column>
<column name="current_sin_V_196_fu_731_p2">+, 0, 0, 23, 16, 16</column>
<column name="current_sin_V_198_fu_881_p2">+, 0, 0, 23, 16, 16</column>
<column name="current_sin_V_200_fu_1060_p2">+, 0, 0, 23, 16, 16</column>
<column name="current_sin_V_202_fu_1362_p2">+, 0, 0, 23, 16, 16</column>
<column name="current_sin_V_204_fu_1441_p2">+, 0, 0, 23, 16, 16</column>
<column name="current_sin_V_206_fu_1668_p2">+, 0, 0, 23, 16, 16</column>
<column name="current_sin_V_208_fu_1786_p2">+, 0, 0, 23, 16, 16</column>
<column name="current_sin_V_210_fu_2015_p2">+, 0, 0, 23, 16, 16</column>
<column name="current_sin_V_212_fu_2194_p2">+, 0, 0, 23, 16, 16</column>
<column name="current_sin_V_214_fu_2338_p2">+, 0, 0, 23, 16, 16</column>
<column name="current_sin_V_216_fu_2552_p2">+, 0, 0, 23, 16, 16</column>
<column name="current_sin_V_218_fu_2695_p2">+, 0, 0, 23, 16, 16</column>
<column name="current_sin_V_221_fu_2899_p2">+, 0, 0, 23, 16, 16</column>
<column name="current_sin_V_224_fu_2976_p2">+, 0, 0, 23, 16, 16</column>
<column name="current_sin_V_227_fu_3163_p2">+, 0, 0, 23, 16, 16</column>
<column name="current_sin_V_22_fu_1029_p2">+, 0, 0, 23, 16, 16</column>
<column name="current_sin_V_230_fu_3240_p2">+, 0, 0, 23, 16, 16</column>
<column name="current_sin_V_233_fu_3430_p2">+, 0, 0, 23, 16, 16</column>
<column name="current_sin_V_236_fu_3608_p2">+, 0, 0, 23, 16, 16</column>
<column name="current_sin_V_239_fu_3684_p2">+, 0, 0, 23, 16, 16</column>
<column name="current_sin_V_242_fu_3871_p2">+, 0, 0, 23, 16, 16</column>
<column name="current_sin_V_245_fu_4059_p2">+, 0, 0, 23, 16, 16</column>
<column name="current_sin_V_248_fu_4135_p2">+, 0, 0, 23, 16, 16</column>
<column name="current_sin_V_251_fu_4313_p2">+, 0, 0, 23, 16, 16</column>
<column name="current_sin_V_254_fu_4500_p2">+, 0, 0, 23, 16, 16</column>
<column name="current_sin_V_257_fu_4576_p2">+, 0, 0, 23, 16, 16</column>
<column name="current_sin_V_260_fu_4766_p2">+, 0, 0, 23, 16, 16</column>
<column name="current_sin_V_263_fu_4944_p2">+, 0, 0, 23, 16, 16</column>
<column name="current_sin_V_266_fu_5020_p2">+, 0, 0, 23, 16, 16</column>
<column name="current_sin_V_269_fu_5207_p2">+, 0, 0, 23, 16, 16</column>
<column name="current_sin_V_272_fu_5284_p2">+, 0, 0, 23, 16, 16</column>
<column name="current_sin_V_28_fu_1178_p2">+, 0, 0, 23, 16, 16</column>
<column name="current_sin_V_34_fu_1410_p2">+, 0, 0, 23, 16, 16</column>
<column name="current_sin_V_40_fu_1521_p2">+, 0, 0, 23, 16, 16</column>
<column name="current_sin_V_46_fu_1753_p2">+, 0, 0, 23, 16, 16</column>
<column name="current_sin_V_52_fu_1926_p2">+, 0, 0, 23, 16, 16</column>
<column name="current_sin_V_58_fu_2074_p2">+, 0, 0, 23, 16, 16</column>
<column name="current_sin_V_64_fu_2305_p2">+, 0, 0, 23, 16, 16</column>
<column name="current_sin_V_70_fu_2522_p2">+, 0, 0, 23, 16, 16</column>
<column name="current_sin_V_75_fu_2774_p2">+, 0, 0, 23, 16, 16</column>
<column name="current_sin_V_78_fu_2839_p2">+, 0, 0, 23, 16, 16</column>
<column name="current_sin_V_81_fu_3070_p2">+, 0, 0, 23, 16, 16</column>
<column name="current_sin_V_84_fu_3250_p2">+, 0, 0, 23, 16, 16</column>
<column name="current_sin_V_87_fu_3314_p2">+, 0, 0, 23, 16, 16</column>
<column name="current_sin_V_90_fu_3511_p2">+, 0, 0, 23, 16, 16</column>
<column name="current_sin_V_93_fu_3578_p2">+, 0, 0, 23, 16, 16</column>
<column name="current_sin_V_96_fu_3778_p2">+, 0, 0, 23, 16, 16</column>
<column name="current_sin_V_99_fu_3926_p2">+, 0, 0, 23, 16, 16</column>
<column name="current_sin_V_fu_531_p2">+, 0, 0, 23, 16, 16</column>
<column name="current_t_V_3_fu_2872_p2">+, 0, 0, 15, 15, 15</column>
<column name="theta_V_10_fu_2212_p2">+, 0, 0, 16, 16, 16</column>
<column name="theta_V_11_fu_2491_p2">+, 0, 0, 16, 16, 16</column>
<column name="theta_V_12_fu_2750_p2">+, 0, 0, 16, 16, 16</column>
<column name="theta_V_1_fu_321_p2">+, 0, 0, 16, 16, 16</column>
<column name="theta_V_2_fu_355_p2">+, 0, 0, 16, 16, 16</column>
<column name="theta_V_3_fu_389_p2">+, 0, 0, 16, 16, 16</column>
<column name="theta_V_4_fu_637_p2">+, 0, 0, 16, 16, 16</column>
<column name="theta_V_5_fu_951_p2">+, 0, 0, 16, 16, 16</column>
<column name="theta_V_6_fu_1288_p2">+, 0, 0, 16, 16, 16</column>
<column name="theta_V_7_fu_1565_p2">+, 0, 0, 16, 16, 16</column>
<column name="theta_V_8_fu_1818_p2">+, 0, 0, 16, 16, 16</column>
<column name="theta_V_9_fu_2032_p2">+, 0, 0, 16, 16, 16</column>
<column name="theta_V_fu_269_p2">+, 0, 0, 23, 16, 16</column>
<column name="x_s_V_10_fu_5673_p2">+, 0, 0, 23, 16, 16</column>
<column name="x_s_V_11_fu_5694_p2">+, 0, 0, 23, 16, 16</column>
<column name="x_s_V_12_fu_5716_p2">+, 0, 0, 23, 16, 16</column>
<column name="x_s_V_13_fu_5873_p2">+, 0, 0, 23, 16, 16</column>
<column name="x_s_V_1_fu_5354_p2">+, 0, 0, 23, 16, 16</column>
<column name="x_s_V_3_fu_5592_p2">+, 0, 0, 23, 16, 16</column>
<column name="x_s_V_4_fu_5614_p2">+, 0, 0, 23, 16, 16</column>
<column name="x_s_V_5_fu_5789_p2">+, 0, 0, 23, 16, 16</column>
<column name="x_s_V_6_fu_5810_p2">+, 0, 0, 23, 16, 16</column>
<column name="x_s_V_8_fu_5464_p2">+, 0, 0, 23, 16, 16</column>
<column name="y_s_V_10_fu_5725_p2">+, 0, 0, 23, 16, 16</column>
<column name="y_s_V_11_fu_5746_p2">+, 0, 0, 23, 16, 16</column>
<column name="y_s_V_12_fu_5768_p2">+, 0, 0, 23, 16, 16</column>
<column name="y_s_V_13_fu_5893_p2">+, 0, 0, 23, 16, 16</column>
<column name="y_s_V_1_fu_5404_p2">+, 0, 0, 23, 16, 16</column>
<column name="y_s_V_3_fu_5642_p2">+, 0, 0, 23, 16, 16</column>
<column name="y_s_V_4_fu_5664_p2">+, 0, 0, 23, 16, 16</column>
<column name="y_s_V_5_fu_5831_p2">+, 0, 0, 23, 16, 16</column>
<column name="y_s_V_6_fu_5852_p2">+, 0, 0, 23, 16, 16</column>
<column name="y_s_V_8_fu_5534_p2">+, 0, 0, 23, 16, 16</column>
<column name="current_cos_V_102_fu_3984_p2">-, 0, 0, 23, 16, 16</column>
<column name="current_cos_V_105_fu_4171_p2">-, 0, 0, 23, 16, 16</column>
<column name="current_cos_V_108_fu_4237_p2">-, 0, 0, 23, 16, 16</column>
<column name="current_cos_V_10_fu_695_p2">-, 0, 0, 23, 16, 16</column>
<column name="current_cos_V_111_fu_4409_p2">-, 0, 0, 23, 16, 16</column>
<column name="current_cos_V_114_fu_4598_p2">-, 0, 0, 23, 16, 16</column>
<column name="current_cos_V_117_fu_4660_p2">-, 0, 0, 23, 16, 16</column>
<column name="current_cos_V_120_fu_4842_p2">-, 0, 0, 23, 16, 16</column>
<column name="current_cos_V_123_fu_4908_p2">-, 0, 0, 23, 16, 16</column>
<column name="current_cos_V_126_fu_5108_p2">-, 0, 0, 23, 16, 16</column>
<column name="current_cos_V_129_fu_5290_p2">-, 0, 0, 23, 16, 16</column>
<column name="current_cos_V_134_fu_2689_p2">-, 0, 0, 23, 16, 16</column>
<column name="current_cos_V_137_fu_2894_p2">-, 0, 0, 23, 16, 16</column>
<column name="current_cos_V_13_fu_726_p2">-, 0, 0, 23, 16, 16</column>
<column name="current_cos_V_140_fu_2970_p2">-, 0, 0, 23, 16, 16</column>
<column name="current_cos_V_143_fu_3158_p2">-, 0, 0, 23, 16, 16</column>
<column name="current_cos_V_146_fu_3234_p2">-, 0, 0, 23, 16, 16</column>
<column name="current_cos_V_149_fu_3424_p2">-, 0, 0, 23, 16, 16</column>
<column name="current_cos_V_152_fu_3604_p2">-, 0, 0, 23, 16, 16</column>
<column name="current_cos_V_155_fu_3678_p2">-, 0, 0, 23, 16, 16</column>
<column name="current_cos_V_158_fu_3866_p2">-, 0, 0, 23, 16, 16</column>
<column name="current_cos_V_161_fu_4054_p2">-, 0, 0, 23, 16, 16</column>
<column name="current_cos_V_164_fu_4129_p2">-, 0, 0, 23, 16, 16</column>
<column name="current_cos_V_167_fu_4308_p2">-, 0, 0, 23, 16, 16</column>
<column name="current_cos_V_16_fu_839_p2">-, 0, 0, 23, 16, 16</column>
<column name="current_cos_V_170_fu_4495_p2">-, 0, 0, 23, 16, 16</column>
<column name="current_cos_V_173_fu_4570_p2">-, 0, 0, 23, 16, 16</column>
<column name="current_cos_V_176_fu_4761_p2">-, 0, 0, 23, 16, 16</column>
<column name="current_cos_V_179_fu_4940_p2">-, 0, 0, 23, 16, 16</column>
<column name="current_cos_V_182_fu_5014_p2">-, 0, 0, 23, 16, 16</column>
<column name="current_cos_V_185_fu_5202_p2">-, 0, 0, 23, 16, 16</column>
<column name="current_cos_V_188_fu_5278_p2">-, 0, 0, 23, 16, 16</column>
<column name="current_cos_V_19_fu_875_p2">-, 0, 0, 23, 16, 16</column>
<column name="current_cos_V_22_fu_1024_p2">-, 0, 0, 23, 16, 16</column>
<column name="current_cos_V_25_fu_1055_p2">-, 0, 0, 23, 16, 16</column>
<column name="current_cos_V_28_fu_1172_p2">-, 0, 0, 23, 16, 16</column>
<column name="current_cos_V_31_fu_1202_p2">-, 0, 0, 23, 16, 16</column>
<column name="current_cos_V_34_fu_1405_p2">-, 0, 0, 23, 16, 16</column>
<column name="current_cos_V_37_fu_1436_p2">-, 0, 0, 23, 16, 16</column>
<column name="current_cos_V_40_fu_1515_p2">-, 0, 0, 23, 16, 16</column>
<column name="current_cos_V_43_fu_1663_p2">-, 0, 0, 23, 16, 16</column>
<column name="current_cos_V_46_fu_1748_p2">-, 0, 0, 23, 16, 16</column>
<column name="current_cos_V_49_fu_1780_p2">-, 0, 0, 23, 16, 16</column>
<column name="current_cos_V_4_fu_525_p2">-, 0, 0, 23, 16, 16</column>
<column name="current_cos_V_52_fu_1920_p2">-, 0, 0, 23, 16, 16</column>
<column name="current_cos_V_55_fu_2010_p2">-, 0, 0, 23, 16, 16</column>
<column name="current_cos_V_58_fu_2069_p2">-, 0, 0, 23, 16, 16</column>
<column name="current_cos_V_61_fu_2189_p2">-, 0, 0, 23, 16, 16</column>
<column name="current_cos_V_64_fu_2300_p2">-, 0, 0, 23, 16, 16</column>
<column name="current_cos_V_67_fu_2332_p2">-, 0, 0, 23, 16, 16</column>
<column name="current_cos_V_70_fu_2517_p2">-, 0, 0, 23, 16, 16</column>
<column name="current_cos_V_73_fu_2547_p2">-, 0, 0, 23, 16, 16</column>
<column name="current_cos_V_75_fu_2769_p2">-, 0, 0, 23, 16, 16</column>
<column name="current_cos_V_78_fu_2833_p2">-, 0, 0, 23, 16, 16</column>
<column name="current_cos_V_7_fu_561_p2">-, 0, 0, 23, 16, 16</column>
<column name="current_cos_V_81_fu_3064_p2">-, 0, 0, 23, 16, 16</column>
<column name="current_cos_V_84_fu_3246_p2">-, 0, 0, 23, 16, 16</column>
<column name="current_cos_V_87_fu_3308_p2">-, 0, 0, 23, 16, 16</column>
<column name="current_cos_V_90_fu_3506_p2">-, 0, 0, 23, 16, 16</column>
<column name="current_cos_V_93_fu_3572_p2">-, 0, 0, 23, 16, 16</column>
<column name="current_cos_V_96_fu_3772_p2">-, 0, 0, 23, 16, 16</column>
<column name="current_cos_V_99_fu_3922_p2">-, 0, 0, 23, 16, 16</column>
<column name="current_cos_V_fu_425_p2">-, 0, 0, 23, 16, 16</column>
<column name="current_sin_V_100_fu_3934_p2">-, 0, 0, 23, 16, 16</column>
<column name="current_sin_V_103_fu_4002_p2">-, 0, 0, 23, 16, 16</column>
<column name="current_sin_V_106_fu_4186_p2">-, 0, 0, 23, 16, 16</column>
<column name="current_sin_V_109_fu_4255_p2">-, 0, 0, 23, 16, 16</column>
<column name="current_sin_V_112_fu_4427_p2">-, 0, 0, 23, 16, 16</column>
<column name="current_sin_V_115_fu_4610_p2">-, 0, 0, 23, 16, 16</column>
<column name="current_sin_V_118_fu_4678_p2">-, 0, 0, 23, 16, 16</column>
<column name="current_sin_V_11_fu_710_p2">-, 0, 0, 23, 16, 16</column>
<column name="current_sin_V_121_fu_4857_p2">-, 0, 0, 23, 16, 16</column>
<column name="current_sin_V_124_fu_4926_p2">-, 0, 0, 23, 16, 16</column>
<column name="current_sin_V_127_fu_5126_p2">-, 0, 0, 23, 16, 16</column>
<column name="current_sin_V_130_fu_5302_p2">-, 0, 0, 23, 16, 16</column>
<column name="current_sin_V_17_fu_857_p2">-, 0, 0, 23, 16, 16</column>
<column name="current_sin_V_191_fu_429_p2">-, 0, 0, 23, 16, 16</column>
<column name="current_sin_V_193_fu_555_p2">-, 0, 0, 23, 16, 16</column>
<column name="current_sin_V_195_fu_720_p2">-, 0, 0, 23, 16, 16</column>
<column name="current_sin_V_197_fu_869_p2">-, 0, 0, 23, 16, 16</column>
<column name="current_sin_V_199_fu_1049_p2">-, 0, 0, 23, 16, 16</column>
<column name="current_sin_V_201_fu_1357_p2">-, 0, 0, 23, 16, 16</column>
<column name="current_sin_V_203_fu_1430_p2">-, 0, 0, 23, 16, 16</column>
<column name="current_sin_V_205_fu_1657_p2">-, 0, 0, 23, 16, 16</column>
<column name="current_sin_V_207_fu_1774_p2">-, 0, 0, 23, 16, 16</column>
<column name="current_sin_V_209_fu_2005_p2">-, 0, 0, 23, 16, 16</column>
<column name="current_sin_V_211_fu_2183_p2">-, 0, 0, 23, 16, 16</column>
<column name="current_sin_V_213_fu_2326_p2">-, 0, 0, 23, 16, 16</column>
<column name="current_sin_V_215_fu_2542_p2">-, 0, 0, 23, 16, 16</column>
<column name="current_sin_V_217_fu_2683_p2">-, 0, 0, 23, 16, 16</column>
<column name="current_sin_V_220_fu_2889_p2">-, 0, 0, 23, 16, 16</column>
<column name="current_sin_V_223_fu_2964_p2">-, 0, 0, 23, 16, 16</column>
<column name="current_sin_V_226_fu_3153_p2">-, 0, 0, 23, 16, 16</column>
<column name="current_sin_V_229_fu_3228_p2">-, 0, 0, 23, 16, 16</column>
<column name="current_sin_V_232_fu_3418_p2">-, 0, 0, 23, 16, 16</column>
<column name="current_sin_V_235_fu_3600_p2">-, 0, 0, 23, 16, 16</column>
<column name="current_sin_V_238_fu_3672_p2">-, 0, 0, 23, 16, 16</column>
<column name="current_sin_V_23_fu_1039_p2">-, 0, 0, 23, 16, 16</column>
<column name="current_sin_V_241_fu_3861_p2">-, 0, 0, 23, 16, 16</column>
<column name="current_sin_V_244_fu_4050_p2">-, 0, 0, 23, 16, 16</column>
<column name="current_sin_V_247_fu_4123_p2">-, 0, 0, 23, 16, 16</column>
<column name="current_sin_V_250_fu_4302_p2">-, 0, 0, 23, 16, 16</column>
<column name="current_sin_V_253_fu_4491_p2">-, 0, 0, 23, 16, 16</column>
<column name="current_sin_V_256_fu_4564_p2">-, 0, 0, 23, 16, 16</column>
<column name="current_sin_V_259_fu_4755_p2">-, 0, 0, 23, 16, 16</column>
<column name="current_sin_V_262_fu_4936_p2">-, 0, 0, 23, 16, 16</column>
<column name="current_sin_V_265_fu_5008_p2">-, 0, 0, 23, 16, 16</column>
<column name="current_sin_V_268_fu_5197_p2">-, 0, 0, 23, 16, 16</column>
<column name="current_sin_V_271_fu_5272_p2">-, 0, 0, 23, 16, 16</column>
<column name="current_sin_V_29_fu_1190_p2">-, 0, 0, 23, 16, 16</column>
<column name="current_sin_V_35_fu_1420_p2">-, 0, 0, 23, 16, 16</column>
<column name="current_sin_V_41_fu_1533_p2">-, 0, 0, 23, 16, 16</column>
<column name="current_sin_V_47_fu_1763_p2">-, 0, 0, 23, 16, 16</column>
<column name="current_sin_V_53_fu_1938_p2">-, 0, 0, 23, 16, 16</column>
<column name="current_sin_V_59_fu_2084_p2">-, 0, 0, 23, 16, 16</column>
<column name="current_sin_V_5_fu_543_p2">-, 0, 0, 23, 16, 16</column>
<column name="current_sin_V_65_fu_2315_p2">-, 0, 0, 23, 16, 16</column>
<column name="current_sin_V_71_fu_2532_p2">-, 0, 0, 23, 16, 16</column>
<column name="current_sin_V_76_fu_2784_p2">-, 0, 0, 23, 16, 16</column>
<column name="current_sin_V_79_fu_2851_p2">-, 0, 0, 23, 16, 16</column>
<column name="current_sin_V_82_fu_3082_p2">-, 0, 0, 23, 16, 16</column>
<column name="current_sin_V_85_fu_3258_p2">-, 0, 0, 23, 16, 16</column>
<column name="current_sin_V_88_fu_3326_p2">-, 0, 0, 23, 16, 16</column>
<column name="current_sin_V_91_fu_3521_p2">-, 0, 0, 23, 16, 16</column>
<column name="current_sin_V_94_fu_3590_p2">-, 0, 0, 23, 16, 16</column>
<column name="current_sin_V_97_fu_3790_p2">-, 0, 0, 23, 16, 16</column>
<column name="x_s_V_2_fu_5573_p2">-, 0, 0, 23, 16, 16</column>
<column name="x_s_V_7_fu_5444_p2">-, 0, 0, 23, 16, 16</column>
<column name="x_s_V_9_fu_5484_p2">-, 0, 0, 23, 16, 16</column>
<column name="x_s_V_fu_5334_p2">-, 0, 0, 23, 16, 16</column>
<column name="y_s_V_2_fu_5623_p2">-, 0, 0, 23, 16, 16</column>
<column name="y_s_V_7_fu_5514_p2">-, 0, 0, 23, 16, 16</column>
<column name="y_s_V_9_fu_5554_p2">-, 0, 0, 23, 16, 16</column>
<column name="y_s_V_fu_5384_p2">-, 0, 0, 23, 16, 16</column>
<column name="and_ln81_fu_5915_p2">and, 0, 0, 2, 1, 1</column>
<column name="icmp_ln81_fu_415_p2">icmp, 0, 0, 13, 16, 1</column>
<column name="or_ln81_1_fu_5898_p2">or, 0, 0, 2, 1, 1</column>
<column name="or_ln81_fu_411_p2">or, 0, 0, 16, 16, 16</column>
<column name="c">select, 0, 0, 16, 1, 16</column>
<column name="current_cos_V_101_fu_3945_p3">select, 0, 0, 16, 1, 16</column>
<column name="current_cos_V_104_fu_4015_p3">select, 0, 0, 16, 1, 16</column>
<column name="current_cos_V_107_fu_4198_p3">select, 0, 0, 16, 1, 16</column>
<column name="current_cos_V_110_fu_4372_p3">select, 0, 0, 16, 1, 16</column>
<column name="current_cos_V_113_fu_4440_p3">select, 0, 0, 16, 1, 16</column>
<column name="current_cos_V_116_fu_4621_p3">select, 0, 0, 16, 1, 16</column>
<column name="current_cos_V_119_fu_4691_p3">select, 0, 0, 16, 1, 16</column>
<column name="current_cos_V_122_fu_4869_p3">select, 0, 0, 16, 1, 16</column>
<column name="current_cos_V_125_fu_5071_p3">select, 0, 0, 16, 1, 16</column>
<column name="current_cos_V_128_fu_5139_p3">select, 0, 0, 16, 1, 16</column>
<column name="current_cos_V_131_fu_5313_p3">select, 0, 0, 16, 1, 16</column>
<column name="current_cos_V_132_fu_2634_p3">select, 0, 0, 16, 1, 16</column>
<column name="current_cos_V_135_fu_2709_p3">select, 0, 0, 16, 1, 16</column>
<column name="current_cos_V_138_fu_2911_p3">select, 0, 0, 16, 1, 16</column>
<column name="current_cos_V_141_fu_2990_p3">select, 0, 0, 16, 1, 16</column>
<column name="current_cos_V_144_fu_3175_p3">select, 0, 0, 16, 1, 16</column>
<column name="current_cos_V_147_fu_3367_p3">select, 0, 0, 16, 1, 16</column>
<column name="current_cos_V_14_fu_744_p3">select, 0, 0, 16, 1, 16</column>
<column name="current_cos_V_150_fu_3444_p3">select, 0, 0, 16, 1, 16</column>
<column name="current_cos_V_153_fu_3619_p3">select, 0, 0, 16, 1, 16</column>
<column name="current_cos_V_156_fu_3698_p3">select, 0, 0, 16, 1, 16</column>
<column name="current_cos_V_159_fu_3883_p3">select, 0, 0, 16, 1, 16</column>
<column name="current_cos_V_15_fu_795_p3">select, 0, 0, 16, 1, 16</column>
<column name="current_cos_V_162_fu_4070_p3">select, 0, 0, 16, 1, 16</column>
<column name="current_cos_V_165_fu_4141_p3">select, 0, 0, 16, 1, 16</column>
<column name="current_cos_V_168_fu_4327_p3">select, 0, 0, 16, 1, 16</column>
<column name="current_cos_V_171_fu_4511_p3">select, 0, 0, 16, 1, 16</column>
<column name="current_cos_V_174_fu_4582_p3">select, 0, 0, 16, 1, 16</column>
<column name="current_cos_V_177_fu_4780_p3">select, 0, 0, 16, 1, 16</column>
<column name="current_cos_V_180_fu_4955_p3">select, 0, 0, 16, 1, 16</column>
<column name="current_cos_V_183_fu_5034_p3">select, 0, 0, 16, 1, 16</column>
<column name="current_cos_V_186_fu_5219_p3">select, 0, 0, 16, 1, 16</column>
<column name="current_cos_V_189_fu_5425_p3">select, 0, 0, 16, 1, 16</column>
<column name="current_cos_V_20_fu_894_p3">select, 0, 0, 16, 1, 16</column>
<column name="current_cos_V_21_fu_921_p3">select, 0, 0, 16, 1, 16</column>
<column name="current_cos_V_26_fu_1073_p3">select, 0, 0, 16, 1, 16</column>
<column name="current_cos_V_27_fu_1132_p3">select, 0, 0, 16, 1, 16</column>
<column name="current_cos_V_2_fu_440_p3">select, 0, 0, 16, 1, 16</column>
<column name="current_cos_V_32_fu_1215_p3">select, 0, 0, 16, 1, 16</column>
<column name="current_cos_V_33_fu_1258_p3">select, 0, 0, 16, 1, 16</column>
<column name="current_cos_V_38_fu_1454_p3">select, 0, 0, 16, 1, 16</column>
<column name="current_cos_V_39_fu_1497_p3">select, 0, 0, 16, 1, 16</column>
<column name="current_cos_V_3_fu_482_p3">select, 0, 0, 16, 1, 16</column>
<column name="current_cos_V_44_fu_1546_p3">select, 0, 0, 16, 1, 16</column>
<column name="current_cos_V_45_fu_1704_p3">select, 0, 0, 16, 1, 16</column>
<column name="current_cos_V_50_fu_1799_p3">select, 0, 0, 16, 1, 16</column>
<column name="current_cos_V_51_fu_1884_p3">select, 0, 0, 16, 1, 16</column>
<column name="current_cos_V_56_fu_1952_p3">select, 0, 0, 16, 1, 16</column>
<column name="current_cos_V_57_fu_2052_p3">select, 0, 0, 16, 1, 16</column>
<column name="current_cos_V_62_fu_2097_p3">select, 0, 0, 16, 1, 16</column>
<column name="current_cos_V_63_fu_2256_p3">select, 0, 0, 16, 1, 16</column>
<column name="current_cos_V_68_fu_2352_p3">select, 0, 0, 16, 1, 16</column>
<column name="current_cos_V_69_fu_2412_p3">select, 0, 0, 16, 1, 16</column>
<column name="current_cos_V_74_fu_2565_p3">select, 0, 0, 16, 1, 16</column>
<column name="current_cos_V_77_fu_2797_p3">select, 0, 0, 16, 1, 16</column>
<column name="current_cos_V_80_fu_3027_p3">select, 0, 0, 16, 1, 16</column>
<column name="current_cos_V_83_fu_3095_p3">select, 0, 0, 16, 1, 16</column>
<column name="current_cos_V_86_fu_3269_p3">select, 0, 0, 16, 1, 16</column>
<column name="current_cos_V_89_fu_3339_p3">select, 0, 0, 16, 1, 16</column>
<column name="current_cos_V_8_fu_580_p3">select, 0, 0, 16, 1, 16</column>
<column name="current_cos_V_92_fu_3533_p3">select, 0, 0, 16, 1, 16</column>
<column name="current_cos_V_95_fu_3735_p3">select, 0, 0, 16, 1, 16</column>
<column name="current_cos_V_98_fu_3803_p3">select, 0, 0, 16, 1, 16</column>
<column name="current_cos_V_9_fu_607_p3">select, 0, 0, 16, 1, 16</column>
<column name="current_sin_V_101_fu_3938_p3">select, 0, 0, 16, 1, 16</column>
<column name="current_sin_V_104_fu_4008_p3">select, 0, 0, 16, 1, 16</column>
<column name="current_sin_V_107_fu_4191_p3">select, 0, 0, 16, 1, 16</column>
<column name="current_sin_V_110_fu_4367_p3">select, 0, 0, 16, 1, 16</column>
<column name="current_sin_V_113_fu_4433_p3">select, 0, 0, 16, 1, 16</column>
<column name="current_sin_V_116_fu_4614_p3">select, 0, 0, 16, 1, 16</column>
<column name="current_sin_V_119_fu_4684_p3">select, 0, 0, 16, 1, 16</column>
<column name="current_sin_V_122_fu_4862_p3">select, 0, 0, 16, 1, 16</column>
<column name="current_sin_V_125_fu_5066_p3">select, 0, 0, 16, 1, 16</column>
<column name="current_sin_V_128_fu_5132_p3">select, 0, 0, 16, 1, 16</column>
<column name="current_sin_V_131_fu_5306_p3">select, 0, 0, 16, 1, 16</column>
<column name="current_sin_V_14_fu_737_p3">select, 0, 0, 16, 1, 16</column>
<column name="current_sin_V_189_fu_5420_p3">select, 0, 0, 16, 1, 16</column>
<column name="current_sin_V_192_fu_475_p3">select, 0, 0, 16, 1, 16</column>
<column name="current_sin_V_20_fu_887_p3">select, 0, 0, 16, 1, 16</column>
<column name="current_sin_V_219_fu_2701_p3">select, 0, 0, 16, 1, 16</column>
<column name="current_sin_V_222_fu_2904_p3">select, 0, 0, 16, 1, 16</column>
<column name="current_sin_V_225_fu_2982_p3">select, 0, 0, 16, 1, 16</column>
<column name="current_sin_V_228_fu_3168_p3">select, 0, 0, 16, 1, 16</column>
<column name="current_sin_V_231_fu_3362_p3">select, 0, 0, 16, 1, 16</column>
<column name="current_sin_V_234_fu_3436_p3">select, 0, 0, 16, 1, 16</column>
<column name="current_sin_V_237_fu_3612_p3">select, 0, 0, 16, 1, 16</column>
<column name="current_sin_V_240_fu_3690_p3">select, 0, 0, 16, 1, 16</column>
<column name="current_sin_V_243_fu_3876_p3">select, 0, 0, 16, 1, 16</column>
<column name="current_sin_V_246_fu_4063_p3">select, 0, 0, 16, 1, 16</column>
<column name="current_sin_V_249_fu_4261_p3">select, 0, 0, 16, 1, 16</column>
<column name="current_sin_V_252_fu_4319_p3">select, 0, 0, 16, 1, 16</column>
<column name="current_sin_V_255_fu_4504_p3">select, 0, 0, 16, 1, 16</column>
<column name="current_sin_V_258_fu_4714_p3">select, 0, 0, 16, 1, 16</column>
<column name="current_sin_V_261_fu_4772_p3">select, 0, 0, 16, 1, 16</column>
<column name="current_sin_V_264_fu_4948_p3">select, 0, 0, 16, 1, 16</column>
<column name="current_sin_V_267_fu_5026_p3">select, 0, 0, 16, 1, 16</column>
<column name="current_sin_V_26_fu_1066_p3">select, 0, 0, 16, 1, 16</column>
<column name="current_sin_V_270_fu_5212_p3">select, 0, 0, 16, 1, 16</column>
<column name="current_sin_V_32_fu_1208_p3">select, 0, 0, 16, 1, 16</column>
<column name="current_sin_V_38_fu_1447_p3">select, 0, 0, 16, 1, 16</column>
<column name="current_sin_V_3_fu_433_p3">select, 0, 0, 16, 1, 16</column>
<column name="current_sin_V_44_fu_1539_p3">select, 0, 0, 16, 1, 16</column>
<column name="current_sin_V_50_fu_1792_p3">select, 0, 0, 16, 1, 16</column>
<column name="current_sin_V_56_fu_1944_p3">select, 0, 0, 16, 1, 16</column>
<column name="current_sin_V_62_fu_2089_p3">select, 0, 0, 16, 1, 16</column>
<column name="current_sin_V_68_fu_2344_p3">select, 0, 0, 16, 1, 16</column>
<column name="current_sin_V_74_fu_2557_p3">select, 0, 0, 16, 1, 16</column>
<column name="current_sin_V_77_fu_2789_p3">select, 0, 0, 16, 1, 16</column>
<column name="current_sin_V_80_fu_3022_p3">select, 0, 0, 16, 1, 16</column>
<column name="current_sin_V_83_fu_3088_p3">select, 0, 0, 16, 1, 16</column>
<column name="current_sin_V_86_fu_3262_p3">select, 0, 0, 16, 1, 16</column>
<column name="current_sin_V_89_fu_3332_p3">select, 0, 0, 16, 1, 16</column>
<column name="current_sin_V_8_fu_573_p3">select, 0, 0, 16, 1, 16</column>
<column name="current_sin_V_92_fu_3526_p3">select, 0, 0, 16, 1, 16</column>
<column name="current_sin_V_95_fu_3730_p3">select, 0, 0, 16, 1, 16</column>
<column name="current_sin_V_98_fu_3796_p3">select, 0, 0, 16, 1, 16</column>
<column name="current_t_V_1_fu_1333_p3">select, 0, 0, 15, 1, 15</column>
<column name="current_t_V_2_fu_1340_p3">select, 0, 0, 15, 1, 15</column>
<column name="current_t_V_4_fu_5946_p3">select, 0, 0, 15, 1, 1</column>
<column name="current_t_V_fu_1326_p3">select, 0, 0, 14, 1, 13</column>
<column name="s">select, 0, 0, 16, 1, 16</column>
<column name="select_ln1534_10_fu_3748_p3">select, 0, 0, 2, 1, 2</column>
<column name="select_ln1534_11_fu_3764_p3">select, 0, 0, 2, 1, 2</column>
<column name="select_ln1534_12_fu_3818_p3">select, 0, 0, 2, 1, 2</column>
<column name="select_ln1534_13_fu_3834_p3">select, 0, 0, 2, 1, 2</column>
<column name="select_ln1534_14_fu_3960_p3">select, 0, 0, 2, 1, 2</column>
<column name="select_ln1534_15_fu_3976_p3">select, 0, 0, 2, 1, 2</column>
<column name="select_ln1534_16_fu_4157_p3">select, 0, 0, 2, 1, 2</column>
<column name="select_ln1534_17_fu_4164_p3">select, 0, 0, 2, 1, 2</column>
<column name="select_ln1534_18_fu_4213_p3">select, 0, 0, 2, 1, 2</column>
<column name="select_ln1534_19_fu_4229_p3">select, 0, 0, 2, 1, 2</column>
<column name="select_ln1534_1_fu_3056_p3">select, 0, 0, 2, 1, 2</column>
<column name="select_ln1534_20_fu_4385_p3">select, 0, 0, 2, 1, 2</column>
<column name="select_ln1534_21_fu_4401_p3">select, 0, 0, 2, 1, 2</column>
<column name="select_ln1534_22_fu_4455_p3">select, 0, 0, 2, 1, 2</column>
<column name="select_ln1534_23_fu_4471_p3">select, 0, 0, 2, 1, 2</column>
<column name="select_ln1534_24_fu_4636_p3">select, 0, 0, 2, 1, 2</column>
<column name="select_ln1534_25_fu_4652_p3">select, 0, 0, 2, 1, 2</column>
<column name="select_ln1534_26_fu_4828_p3">select, 0, 0, 2, 1, 2</column>
<column name="select_ln1534_27_fu_4835_p3">select, 0, 0, 2, 1, 2</column>
<column name="select_ln1534_28_fu_4884_p3">select, 0, 0, 2, 1, 2</column>
<column name="select_ln1534_29_fu_4900_p3">select, 0, 0, 2, 1, 2</column>
<column name="select_ln1534_2_fu_3110_p3">select, 0, 0, 2, 1, 2</column>
<column name="select_ln1534_30_fu_5084_p3">select, 0, 0, 2, 1, 2</column>
<column name="select_ln1534_31_fu_5100_p3">select, 0, 0, 2, 1, 2</column>
<column name="select_ln1534_32_fu_5154_p3">select, 0, 0, 2, 1, 2</column>
<column name="select_ln1534_33_fu_5170_p3">select, 0, 0, 2, 1, 2</column>
<column name="select_ln1534_34_fu_5606_p3">select, 0, 0, 2, 1, 2</column>
<column name="select_ln1534_35_fu_5781_p3">select, 0, 0, 2, 1, 2</column>
<column name="select_ln1534_36_fu_5802_p3">select, 0, 0, 2, 1, 2</column>
<column name="select_ln1534_37_fu_5656_p3">select, 0, 0, 2, 1, 2</column>
<column name="select_ln1534_38_fu_5823_p3">select, 0, 0, 2, 1, 2</column>
<column name="select_ln1534_39_fu_5844_p3">select, 0, 0, 2, 1, 2</column>
<column name="select_ln1534_3_fu_3126_p3">select, 0, 0, 2, 1, 2</column>
<column name="select_ln1534_40_fu_2926_p3">select, 0, 0, 2, 1, 2</column>
<column name="select_ln1534_41_fu_2942_p3">select, 0, 0, 2, 1, 2</column>
<column name="select_ln1534_42_fu_3134_p3">select, 0, 0, 2, 1, 2</column>
<column name="select_ln1534_43_fu_3141_p3">select, 0, 0, 2, 1, 2</column>
<column name="select_ln1534_44_fu_3190_p3">select, 0, 0, 2, 1, 2</column>
<column name="select_ln1534_45_fu_3206_p3">select, 0, 0, 2, 1, 2</column>
<column name="select_ln1534_46_fu_3380_p3">select, 0, 0, 2, 1, 2</column>
<column name="select_ln1534_47_fu_3396_p3">select, 0, 0, 2, 1, 2</column>
<column name="select_ln1534_48_fu_3460_p3">select, 0, 0, 2, 1, 2</column>
<column name="select_ln1534_49_fu_3476_p3">select, 0, 0, 2, 1, 2</column>
<column name="select_ln1534_4_fu_3284_p3">select, 0, 0, 2, 1, 2</column>
<column name="select_ln1534_50_fu_3634_p3">select, 0, 0, 2, 1, 2</column>
<column name="select_ln1534_51_fu_3650_p3">select, 0, 0, 2, 1, 2</column>
<column name="select_ln1534_52_fu_3842_p3">select, 0, 0, 2, 1, 2</column>
<column name="select_ln1534_53_fu_3849_p3">select, 0, 0, 2, 1, 2</column>
<column name="select_ln1534_54_fu_3898_p3">select, 0, 0, 2, 1, 2</column>
<column name="select_ln1534_55_fu_4038_p3">select, 0, 0, 2, 1, 2</column>
<column name="select_ln1534_56_fu_4085_p3">select, 0, 0, 2, 1, 2</column>
<column name="select_ln1534_57_fu_4101_p3">select, 0, 0, 2, 1, 2</column>
<column name="select_ln1534_58_fu_4266_p3">select, 0, 0, 2, 1, 2</column>
<column name="select_ln1534_59_fu_4281_p3">select, 0, 0, 2, 1, 2</column>
<column name="select_ln1534_5_fu_3300_p3">select, 0, 0, 2, 1, 2</column>
<column name="select_ln1534_60_fu_4343_p3">select, 0, 0, 2, 1, 2</column>
<column name="select_ln1534_61_fu_4479_p3">select, 0, 0, 2, 1, 2</column>
<column name="select_ln1534_62_fu_4526_p3">select, 0, 0, 2, 1, 2</column>
<column name="select_ln1534_63_fu_4542_p3">select, 0, 0, 2, 1, 2</column>
<column name="select_ln1534_64_fu_4719_p3">select, 0, 0, 2, 1, 2</column>
<column name="select_ln1534_65_fu_4734_p3">select, 0, 0, 2, 1, 2</column>
<column name="select_ln1534_66_fu_4796_p3">select, 0, 0, 2, 1, 2</column>
<column name="select_ln1534_67_fu_4812_p3">select, 0, 0, 2, 1, 2</column>
<column name="select_ln1534_68_fu_4970_p3">select, 0, 0, 2, 1, 2</column>
<column name="select_ln1534_69_fu_4986_p3">select, 0, 0, 2, 1, 2</column>
<column name="select_ln1534_6_fu_3492_p3">select, 0, 0, 2, 1, 2</column>
<column name="select_ln1534_70_fu_5178_p3">select, 0, 0, 2, 1, 2</column>
<column name="select_ln1534_71_fu_5185_p3">select, 0, 0, 2, 1, 2</column>
<column name="select_ln1534_72_fu_5234_p3">select, 0, 0, 2, 1, 2</column>
<column name="select_ln1534_73_fu_5250_p3">select, 0, 0, 2, 1, 2</column>
<column name="select_ln1534_74_fu_5686_p3">select, 0, 0, 2, 1, 2</column>
<column name="select_ln1534_75_fu_5708_p3">select, 0, 0, 2, 1, 2</column>
<column name="select_ln1534_76_fu_5865_p3">select, 0, 0, 2, 1, 2</column>
<column name="select_ln1534_77_fu_5738_p3">select, 0, 0, 2, 1, 2</column>
<column name="select_ln1534_78_fu_5760_p3">select, 0, 0, 2, 1, 2</column>
<column name="select_ln1534_79_fu_5885_p3">select, 0, 0, 2, 1, 2</column>
<column name="select_ln1534_7_fu_3499_p3">select, 0, 0, 2, 1, 2</column>
<column name="select_ln1534_8_fu_3548_p3">select, 0, 0, 2, 1, 2</column>
<column name="select_ln1534_9_fu_3564_p3">select, 0, 0, 2, 1, 2</column>
<column name="select_ln1534_fu_3040_p3">select, 0, 0, 2, 1, 2</column>
<column name="select_ln1697_12_fu_377_p3">select, 0, 0, 11, 1, 11</column>
<column name="select_ln1697_14_fu_991_p3">select, 0, 0, 12, 1, 12</column>
<column name="select_ln1697_18_fu_625_p3">select, 0, 0, 10, 1, 10</column>
<column name="select_ln1697_20_fu_1124_p3">select, 0, 0, 11, 1, 11</column>
<column name="select_ln1697_24_fu_939_p3">select, 0, 0, 9, 1, 9</column>
<column name="select_ln1697_26_fu_1250_p3">select, 0, 0, 10, 1, 10</column>
<column name="select_ln1697_30_fu_1276_p3">select, 0, 0, 8, 1, 8</column>
<column name="select_ln1697_32_fu_2472_p3">select, 0, 0, 9, 1, 9</column>
<column name="select_ln1697_36_fu_1553_p3">select, 0, 0, 7, 1, 7</column>
<column name="select_ln1697_38_fu_1696_p3">select, 0, 0, 8, 1, 8</column>
<column name="select_ln1697_42_fu_1806_p3">select, 0, 0, 6, 1, 6</column>
<column name="select_ln1697_44_fu_1876_p3">select, 0, 0, 7, 1, 7</column>
<column name="select_ln1697_48_fu_2020_p3">select, 0, 0, 5, 1, 5</column>
<column name="select_ln1697_50_fu_2145_p3">select, 0, 0, 6, 1, 6</column>
<column name="select_ln1697_54_fu_2200_p3">select, 0, 0, 4, 1, 4</column>
<column name="select_ln1697_56_fu_2248_p3">select, 0, 0, 5, 1, 5</column>
<column name="select_ln1697_60_fu_2479_p3">select, 0, 0, 3, 1, 3</column>
<column name="select_ln1697_62_fu_2404_p3">select, 0, 0, 4, 1, 4</column>
<column name="select_ln1697_66_fu_2581_p3">select, 0, 0, 2, 1, 2</column>
<column name="select_ln1697_68_fu_2865_p3">select, 0, 0, 12, 1, 12</column>
<column name="select_ln1697_6_fu_343_p3">select, 0, 0, 12, 1, 12</column>
<column name="select_ln1697_8_fu_1347_p3">select, 0, 0, 13, 1, 13</column>
<column name="select_ln1697_fu_307_p3">select, 0, 0, 13, 1, 13</column>
<column name="select_ln44_2_fu_261_p3">select, 0, 0, 14, 1, 13</column>
<column name="x_s_V_14_fu_5929_p3">select, 0, 0, 16, 1, 1</column>
<column name="y_compare_V_100_fu_1860_p3">select, 0, 0, 16, 1, 16</column>
<column name="y_compare_V_101_fu_2133_p3">select, 0, 0, 16, 1, 16</column>
<column name="y_compare_V_102_fu_2232_p3">select, 0, 0, 16, 1, 16</column>
<column name="y_compare_V_103_fu_2388_p3">select, 0, 0, 16, 1, 16</column>
<column name="y_compare_V_104_fu_2609_p3">select, 0, 0, 16, 1, 16</column>
<column name="y_compare_V_94_fu_665_p3">select, 0, 0, 16, 1, 16</column>
<column name="y_compare_V_95_fu_779_p3">select, 0, 0, 16, 1, 16</column>
<column name="y_compare_V_96_fu_1108_p3">select, 0, 0, 16, 1, 16</column>
<column name="y_compare_V_97_fu_1373_p3">select, 0, 0, 16, 1, 16</column>
<column name="y_compare_V_98_fu_1622_p3">select, 0, 0, 16, 1, 16</column>
<column name="y_compare_V_99_fu_1680_p3">select, 0, 0, 16, 1, 16</column>
<column name="y_compare_V_fu_979_p3">select, 0, 0, 16, 1, 16</column>
<column name="y_s_V_14_fu_5902_p3">select, 0, 0, 16, 1, 1</column>
<column name="ap_enable_pp0">xor, 0, 0, 2, 1, 2</column>
<column name="xor_ln81_fu_5910_p2">xor, 0, 0, 2, 1, 2</column>
</table>
</item>
<item name = "Multiplexer"><table name="" hasTotal="1">
<keys size="5">Name, LUT, Input Size, Bits, Total Bits</keys>
</table>
</item>
<item name = "Register"><table name="" hasTotal="1">
<keys size="5">Name, FF, LUT, Bits, Const Bits</keys>
<column name="add_ln1697_26_reg_6262">12, 0, 13, 1</column>
<column name="add_ln1697_27_reg_6336">14, 0, 15, 1</column>
<column name="add_ln1697_28_reg_6402">8, 0, 9, 1</column>
<column name="add_ln1697_31_reg_6525">6, 0, 7, 1</column>
<column name="add_ln1697_32_reg_6562">9, 0, 10, 1</column>
<column name="ap_CS_fsm">1, 0, 1, 0</column>
<column name="ap_enable_reg_pp0_iter1">1, 0, 1, 0</column>
<column name="ap_enable_reg_pp0_iter10">1, 0, 1, 0</column>
<column name="ap_enable_reg_pp0_iter11">1, 0, 1, 0</column>
<column name="ap_enable_reg_pp0_iter12">1, 0, 1, 0</column>
<column name="ap_enable_reg_pp0_iter13">1, 0, 1, 0</column>
<column name="ap_enable_reg_pp0_iter14">1, 0, 1, 0</column>
<column name="ap_enable_reg_pp0_iter15">1, 0, 1, 0</column>
<column name="ap_enable_reg_pp0_iter16">1, 0, 1, 0</column>
<column name="ap_enable_reg_pp0_iter17">1, 0, 1, 0</column>
<column name="ap_enable_reg_pp0_iter18">1, 0, 1, 0</column>
<column name="ap_enable_reg_pp0_iter19">1, 0, 1, 0</column>
<column name="ap_enable_reg_pp0_iter2">1, 0, 1, 0</column>
<column name="ap_enable_reg_pp0_iter20">1, 0, 1, 0</column>
<column name="ap_enable_reg_pp0_iter21">1, 0, 1, 0</column>
<column name="ap_enable_reg_pp0_iter22">1, 0, 1, 0</column>
<column name="ap_enable_reg_pp0_iter23">1, 0, 1, 0</column>
<column name="ap_enable_reg_pp0_iter24">1, 0, 1, 0</column>
<column name="ap_enable_reg_pp0_iter3">1, 0, 1, 0</column>
<column name="ap_enable_reg_pp0_iter4">1, 0, 1, 0</column>
<column name="ap_enable_reg_pp0_iter5">1, 0, 1, 0</column>
<column name="ap_enable_reg_pp0_iter6">1, 0, 1, 0</column>
<column name="ap_enable_reg_pp0_iter7">1, 0, 1, 0</column>
<column name="ap_enable_reg_pp0_iter8">1, 0, 1, 0</column>
<column name="ap_enable_reg_pp0_iter9">1, 0, 1, 0</column>
<column name="current_cos_V_104_reg_6897">16, 0, 16, 0</column>
<column name="current_cos_V_108_reg_6939">16, 0, 16, 0</column>
<column name="current_cos_V_109_reg_6949">16, 0, 16, 0</column>
<column name="current_cos_V_113_reg_6994">16, 0, 16, 0</column>
<column name="current_cos_V_119_reg_7044">16, 0, 16, 0</column>
<column name="current_cos_V_123_reg_7090">16, 0, 16, 0</column>
<column name="current_cos_V_124_reg_7100">16, 0, 16, 0</column>
<column name="current_cos_V_128_reg_7144">16, 0, 16, 0</column>
<column name="current_cos_V_135_reg_6573">16, 0, 16, 0</column>
<column name="current_cos_V_141_reg_6666">16, 0, 16, 0</column>
<column name="current_cos_V_145_reg_6718">16, 0, 16, 0</column>
<column name="current_cos_V_146_reg_6728">16, 0, 16, 0</column>
<column name="current_cos_V_150_reg_6766">16, 0, 16, 0</column>
<column name="current_cos_V_156_reg_6816">16, 0, 16, 0</column>
<column name="current_cos_V_159_reg_6868">16, 0, 16, 0</column>
<column name="current_cos_V_165_reg_6928">16, 0, 16, 0</column>
<column name="current_cos_V_168_reg_6965">16, 0, 16, 0</column>
<column name="current_cos_V_174_reg_7027">16, 0, 16, 0</column>
<column name="current_cos_V_177_reg_7066">16, 0, 16, 0</column>
<column name="current_cos_V_183_reg_7116">16, 0, 16, 0</column>
<column name="current_cos_V_187_reg_7168">16, 0, 16, 0</column>
<column name="current_cos_V_188_reg_7178">16, 0, 16, 0</column>
<column name="current_cos_V_20_reg_6154">16, 0, 16, 0</column>
<column name="current_cos_V_21_reg_6170">16, 0, 16, 0</column>
<column name="current_cos_V_32_reg_6219">16, 0, 16, 0</column>
<column name="current_cos_V_33_reg_6235">16, 0, 16, 0</column>
<column name="current_cos_V_39_reg_6287">16, 0, 16, 0</column>
<column name="current_cos_V_44_reg_6304">16, 0, 16, 0</column>
<column name="current_cos_V_51_reg_6353">16, 0, 16, 0</column>
<column name="current_cos_V_56_reg_6381">16, 0, 16, 0</column>
<column name="current_cos_V_57_reg_6422">16, 0, 16, 0</column>
<column name="current_cos_V_62_reg_6439">16, 0, 16, 0</column>
<column name="current_cos_V_68_reg_6471">16, 0, 16, 0</column>
<column name="current_cos_V_69_reg_6498">16, 0, 16, 0</column>
<column name="current_cos_V_74_reg_6541">16, 0, 16, 0</column>
<column name="current_cos_V_78_reg_6635">16, 0, 16, 0</column>
<column name="current_cos_V_79_reg_6645">16, 0, 16, 0</column>
<column name="current_cos_V_83_reg_6694">16, 0, 16, 0</column>
<column name="current_cos_V_89_reg_6744">16, 0, 16, 0</column>
<column name="current_cos_V_8_reg_6080">16, 0, 16, 0</column>
<column name="current_cos_V_93_reg_6790">16, 0, 16, 0</column>
<column name="current_cos_V_94_reg_6800">16, 0, 16, 0</column>
<column name="current_cos_V_98_reg_6844">16, 0, 16, 0</column>
<column name="current_cos_V_9_reg_6096">16, 0, 16, 0</column>
<column name="current_sin_V_104_reg_6891">16, 0, 16, 0</column>
<column name="current_sin_V_108_reg_6944">16, 0, 16, 0</column>
<column name="current_sin_V_109_reg_6954">16, 0, 16, 0</column>
<column name="current_sin_V_113_reg_6988">16, 0, 16, 0</column>
<column name="current_sin_V_119_reg_7038">16, 0, 16, 0</column>
<column name="current_sin_V_123_reg_7095">16, 0, 16, 0</column>
<column name="current_sin_V_124_reg_7105">16, 0, 16, 0</column>
<column name="current_sin_V_128_reg_7138">16, 0, 16, 0</column>
<column name="current_sin_V_193_reg_6064">16, 0, 16, 0</column>
<column name="current_sin_V_194_reg_6069">16, 0, 16, 0</column>
<column name="current_sin_V_197_reg_6138">16, 0, 16, 0</column>
<column name="current_sin_V_198_reg_6143">16, 0, 16, 0</column>
<column name="current_sin_V_203_reg_6272">16, 0, 16, 0</column>
<column name="current_sin_V_204_reg_6277">16, 0, 16, 0</column>
<column name="current_sin_V_209_reg_6407">16, 0, 16, 0</column>
<column name="current_sin_V_20_reg_6148">16, 0, 16, 0</column>
<column name="current_sin_V_210_reg_6412">16, 0, 16, 0</column>
<column name="current_sin_V_219_reg_6567">16, 0, 16, 0</column>
<column name="current_sin_V_225_reg_6660">16, 0, 16, 0</column>
<column name="current_sin_V_229_reg_6723">16, 0, 16, 0</column>
<column name="current_sin_V_230_reg_6733">16, 0, 16, 0</column>
<column name="current_sin_V_234_reg_6760">16, 0, 16, 0</column>
<column name="current_sin_V_240_reg_6810">16, 0, 16, 0</column>
<column name="current_sin_V_243_reg_6862">16, 0, 16, 0</column>
<column name="current_sin_V_247_reg_6918">16, 0, 16, 0</column>
<column name="current_sin_V_248_reg_6923">16, 0, 16, 0</column>
<column name="current_sin_V_252_reg_6959">16, 0, 16, 0</column>
<column name="current_sin_V_256_reg_7017">16, 0, 16, 0</column>
<column name="current_sin_V_257_reg_7022">16, 0, 16, 0</column>
<column name="current_sin_V_261_reg_7060">16, 0, 16, 0</column>
<column name="current_sin_V_267_reg_7110">16, 0, 16, 0</column>
<column name="current_sin_V_271_reg_7173">16, 0, 16, 0</column>
<column name="current_sin_V_272_reg_7183">16, 0, 16, 0</column>
<column name="current_sin_V_32_reg_6213">16, 0, 16, 0</column>
<column name="current_sin_V_44_reg_6298">16, 0, 16, 0</column>
<column name="current_sin_V_56_reg_6375">16, 0, 16, 0</column>
<column name="current_sin_V_62_reg_6433">16, 0, 16, 0</column>
<column name="current_sin_V_68_reg_6465">16, 0, 16, 0</column>
<column name="current_sin_V_74_reg_6535">16, 0, 16, 0</column>
<column name="current_sin_V_78_reg_6640">16, 0, 16, 0</column>
<column name="current_sin_V_79_reg_6650">16, 0, 16, 0</column>
<column name="current_sin_V_83_reg_6688">16, 0, 16, 0</column>
<column name="current_sin_V_89_reg_6738">16, 0, 16, 0</column>
<column name="current_sin_V_8_reg_6074">16, 0, 16, 0</column>
<column name="current_sin_V_93_reg_6795">16, 0, 16, 0</column>
<column name="current_sin_V_94_reg_6805">16, 0, 16, 0</column>
<column name="current_sin_V_98_reg_6838">16, 0, 16, 0</column>
<column name="current_t_V_3_reg_6655">14, 0, 15, 1</column>
<column name="icmp_ln81_reg_6052">1, 0, 1, 0</column>
<column name="r_V_137_reg_7213">6, 0, 6, 0</column>
<column name="r_V_144_reg_7223">6, 0, 6, 0</column>
<column name="r_V_152_reg_6086">14, 0, 14, 0</column>
<column name="r_V_153_reg_6091">14, 0, 14, 0</column>
<column name="r_V_154_reg_6102">14, 0, 14, 0</column>
<column name="r_V_160_reg_6160">12, 0, 12, 0</column>
<column name="r_V_161_reg_6165">12, 0, 12, 0</column>
<column name="r_V_162_reg_6176">12, 0, 12, 0</column>
<column name="r_V_166_reg_6203">11, 0, 11, 0</column>
<column name="r_V_168_reg_6225">10, 0, 10, 0</column>
<column name="r_V_169_reg_6230">10, 0, 10, 0</column>
<column name="r_V_170_reg_6241">10, 0, 10, 0</column>
<column name="r_V_174_reg_6293">9, 0, 9, 0</column>
<column name="r_V_176_reg_6315">8, 0, 8, 0</column>
<column name="r_V_177_reg_6320">8, 0, 8, 0</column>
<column name="r_V_182_reg_6359">7, 0, 7, 0</column>
<column name="r_V_183_reg_6364">7, 0, 7, 0</column>
<column name="r_V_184_reg_6392">6, 0, 6, 0</column>
<column name="r_V_185_reg_6397">6, 0, 6, 0</column>
<column name="r_V_186_reg_6428">6, 0, 6, 0</column>
<column name="r_V_188_reg_6450">5, 0, 5, 0</column>
<column name="r_V_189_reg_6455">5, 0, 5, 0</column>
<column name="r_V_192_reg_6482">4, 0, 4, 0</column>
<column name="r_V_193_reg_6487">4, 0, 4, 0</column>
<column name="r_V_194_reg_6504">4, 0, 4, 0</column>
<column name="r_V_195_reg_6509">4, 0, 4, 0</column>
<column name="r_V_196_reg_6552">3, 0, 3, 0</column>
<column name="r_V_197_reg_6557">3, 0, 3, 0</column>
<column name="r_V_206_reg_6750">1, 0, 1, 0</column>
<column name="r_V_207_reg_6755">1, 0, 1, 0</column>
<column name="r_V_216_reg_6903">1, 0, 1, 0</column>
<column name="r_V_217_reg_6908">1, 0, 1, 0</column>
<column name="r_V_226_reg_7050">1, 0, 1, 0</column>
<column name="r_V_227_reg_7055">1, 0, 1, 0</column>
<column name="r_V_236_reg_6579">2, 0, 2, 0</column>
<column name="r_V_237_reg_6584">2, 0, 2, 0</column>
<column name="r_V_240_reg_6672">1, 0, 1, 0</column>
<column name="r_V_241_reg_6677">1, 0, 1, 0</column>
<column name="r_V_250_reg_6822">1, 0, 1, 0</column>
<column name="r_V_251_reg_6827">1, 0, 1, 0</column>
<column name="r_V_253_reg_6880">1, 0, 1, 0</column>
<column name="r_V_256_reg_6934">1, 0, 1, 0</column>
<column name="r_V_259_reg_6977">1, 0, 1, 0</column>
<column name="r_V_262_reg_7033">1, 0, 1, 0</column>
<column name="r_V_268_reg_7122">1, 0, 1, 0</column>
<column name="r_V_269_reg_7127">1, 0, 1, 0</column>
<column name="r_V_93_reg_7203">11, 0, 11, 0</column>
<column name="r_V_reg_7193">11, 0, 11, 0</column>
<column name="select_ln1534_12_reg_6850">16, 0, 16, 0</column>
<column name="select_ln1534_13_reg_6856">16, 0, 16, 0</column>
<column name="select_ln1534_22_reg_7000">16, 0, 16, 0</column>
<column name="select_ln1534_23_reg_7006">16, 0, 16, 0</column>
<column name="select_ln1534_2_reg_6700">16, 0, 16, 0</column>
<column name="select_ln1534_32_reg_7150">16, 0, 16, 0</column>
<column name="select_ln1534_33_reg_7156">16, 0, 16, 0</column>
<column name="select_ln1534_3_reg_6706">16, 0, 16, 0</column>
<column name="select_ln1534_48_reg_6772">16, 0, 16, 0</column>
<column name="select_ln1534_49_reg_6778">16, 0, 16, 0</column>
<column name="select_ln1534_54_reg_6874">16, 0, 16, 0</column>
<column name="select_ln1534_60_reg_6971">16, 0, 16, 0</column>
<column name="select_ln1534_66_reg_7072">16, 0, 16, 0</column>
<column name="select_ln1534_67_reg_7078">16, 0, 16, 0</column>
<column name="select_ln1697_66_reg_6547">1, 0, 16, 15</column>
<column name="state_read_reg_5974">1, 0, 1, 0</column>
<column name="theta_V_10_reg_6460">16, 0, 16, 0</column>
<column name="theta_V_11_reg_6530">16, 0, 16, 0</column>
<column name="theta_V_1_reg_6004">16, 0, 16, 0</column>
<column name="theta_V_2_reg_6020">16, 0, 16, 0</column>
<column name="theta_V_3_reg_6036">16, 0, 16, 0</column>
<column name="theta_V_4_reg_6107">16, 0, 16, 0</column>
<column name="theta_V_5_reg_6181">16, 0, 16, 0</column>
<column name="theta_V_6_reg_6246">16, 0, 16, 0</column>
<column name="theta_V_7_reg_6310">16, 0, 16, 0</column>
<column name="theta_V_8_reg_6341">16, 0, 16, 0</column>
<column name="theta_V_9_reg_6417">16, 0, 16, 0</column>
<column name="tmp_102_reg_6712">1, 0, 1, 0</column>
<column name="tmp_108_reg_6784">1, 0, 1, 0</column>
<column name="tmp_10_reg_6025">1, 0, 1, 0</column>
<column name="tmp_114_reg_6832">1, 0, 1, 0</column>
<column name="tmp_117_reg_6885">1, 0, 1, 0</column>
<column name="tmp_11_reg_6128">1, 0, 1, 0</column>
<column name="tmp_11_reg_6128_pp0_iter5_reg">1, 0, 1, 0</column>
<column name="tmp_120_reg_6913">1, 0, 1, 0</column>
<column name="tmp_126_reg_6982">1, 0, 1, 0</column>
<column name="tmp_129_reg_7012">1, 0, 1, 0</column>
<column name="tmp_12_reg_6133">1, 0, 1, 0</column>
<column name="tmp_135_reg_7084">1, 0, 1, 0</column>
<column name="tmp_13_reg_6031">1, 0, 1, 0</column>
<column name="tmp_141_reg_7132">1, 0, 1, 0</column>
<column name="tmp_144_reg_7162">1, 0, 1, 0</column>
<column name="tmp_14_reg_6041">1, 0, 1, 0</column>
<column name="tmp_17_reg_6047">1, 0, 1, 0</column>
<column name="tmp_18_reg_6112">1, 0, 1, 0</column>
<column name="tmp_18_reg_6112_pp0_iter4_reg">1, 0, 1, 0</column>
<column name="tmp_20_reg_6208">1, 0, 1, 0</column>
<column name="tmp_21_reg_6118">1, 0, 1, 0</column>
<column name="tmp_22_reg_6186">1, 0, 1, 0</column>
<column name="tmp_22_reg_6186_pp0_iter5_reg">1, 0, 1, 0</column>
<column name="tmp_24_reg_6267">1, 0, 1, 0</column>
<column name="tmp_25_reg_6192">1, 0, 1, 0</column>
<column name="tmp_26_reg_6251">1, 0, 1, 0</column>
<column name="tmp_27_reg_6282">1, 0, 1, 0</column>
<column name="tmp_29_reg_6257">1, 0, 1, 0</column>
<column name="tmp_2_reg_5986">1, 0, 1, 0</column>
<column name="tmp_30_reg_6325">1, 0, 1, 0</column>
<column name="tmp_33_reg_6331">1, 0, 1, 0</column>
<column name="tmp_36_reg_6369">1, 0, 1, 0</column>
<column name="tmp_36_reg_6369_pp0_iter8_reg">1, 0, 1, 0</column>
<column name="tmp_37_reg_6387">1, 0, 1, 0</column>
<column name="tmp_3_reg_5992">1, 0, 1, 0</column>
<column name="tmp_41_reg_6445">1, 0, 1, 0</column>
<column name="tmp_45_reg_6477">1, 0, 1, 0</column>
<column name="tmp_48_reg_6514">1, 0, 1, 0</column>
<column name="tmp_4_reg_5998">1, 0, 1, 0</column>
<column name="tmp_50_reg_6595">1, 0, 1, 0</column>
<column name="tmp_5_reg_6058">1, 0, 1, 0</column>
<column name="tmp_7_reg_6009">1, 0, 1, 0</column>
<column name="tmp_91_reg_6520">1, 0, 1, 0</column>
<column name="tmp_91_reg_6520_pp0_iter10_reg">1, 0, 1, 0</column>
<column name="tmp_93_reg_6589">1, 0, 1, 0</column>
<column name="tmp_99_reg_6682">1, 0, 1, 0</column>
<column name="tmp_9_reg_6015">1, 0, 1, 0</column>
<column name="tmp_reg_5980">1, 0, 1, 0</column>
<column name="x_read_reg_5966">16, 0, 16, 0</column>
<column name="x_s_V_12_reg_7240">16, 0, 16, 0</column>
<column name="x_s_V_1_reg_7188">16, 0, 16, 0</column>
<column name="x_s_V_4_reg_7228">16, 0, 16, 0</column>
<column name="x_s_V_9_reg_7208">16, 0, 16, 0</column>
<column name="y_compare_V_100_reg_6346">16, 0, 16, 0</column>
<column name="y_compare_V_100_reg_6346_pp0_iter8_reg">16, 0, 16, 0</column>
<column name="y_compare_V_103_reg_6492">16, 0, 16, 0</column>
<column name="y_compare_V_95_reg_6123">16, 0, 16, 0</column>
<column name="y_compare_V_96_reg_6197">16, 0, 16, 0</column>
<column name="y_read_reg_5958">16, 0, 16, 0</column>
<column name="y_s_V_12_reg_7246">16, 0, 16, 0</column>
<column name="y_s_V_1_reg_7198">16, 0, 16, 0</column>
<column name="y_s_V_4_reg_7234">16, 0, 16, 0</column>
<column name="y_s_V_9_reg_7218">16, 0, 16, 0</column>
<column name="add_ln1697_27_reg_6336">64, 32, 15, 1</column>
<column name="add_ln1697_28_reg_6402">64, 32, 9, 1</column>
<column name="current_t_V_3_reg_6655">64, 32, 15, 1</column>
<column name="icmp_ln81_reg_6052">64, 32, 1, 0</column>
<column name="state_read_reg_5974">64, 32, 1, 0</column>
<column name="tmp_10_reg_6025">64, 32, 1, 0</column>
<column name="tmp_14_reg_6041">64, 32, 1, 0</column>
<column name="tmp_27_reg_6282">64, 32, 1, 0</column>
<column name="tmp_2_reg_5986">64, 32, 1, 0</column>
<column name="tmp_3_reg_5992">64, 32, 1, 0</column>
<column name="tmp_4_reg_5998">64, 32, 1, 0</column>
<column name="tmp_50_reg_6595">64, 32, 1, 0</column>
<column name="tmp_5_reg_6058">64, 32, 1, 0</column>
<column name="tmp_7_reg_6009">64, 32, 1, 0</column>
<column name="tmp_reg_5980">64, 32, 1, 0</column>
<column name="x_read_reg_5966">64, 32, 16, 0</column>
<column name="y_read_reg_5958">64, 32, 16, 0</column>
</table>
</item>
</section>
</item>
</section>

<section name = "Interface" level="0">
<item name = "Summary"><table name="" hasTotal="0">
<keys size="6">RTL Ports, Dir, Bits, Protocol, Source Object, C Type</keys>
<column name="ap_clk">in, 1, ap_ctrl_hs, cordic, return value</column>
<column name="ap_rst">in, 1, ap_ctrl_hs, cordic, return value</column>
<column name="ap_start">in, 1, ap_ctrl_hs, cordic, return value</column>
<column name="ap_done">out, 1, ap_ctrl_hs, cordic, return value</column>
<column name="ap_idle">out, 1, ap_ctrl_hs, cordic, return value</column>
<column name="ap_ready">out, 1, ap_ctrl_hs, cordic, return value</column>
<column name="state">in, 1, ap_none, state, scalar</column>
<column name="theta">in, 16, ap_none, theta, scalar</column>
<column name="x">in, 16, ap_none, x, scalar</column>
<column name="y">in, 16, ap_none, y, scalar</column>
<column name="s">out, 16, ap_vld, s, pointer</column>
<column name="s_ap_vld">out, 1, ap_vld, s, pointer</column>
<column name="c">out, 16, ap_vld, c, pointer</column>
<column name="c_ap_vld">out, 1, ap_vld, c, pointer</column>
<column name="t">out, 16, ap_vld, t, pointer</column>
<column name="t_ap_vld">out, 1, ap_vld, t, pointer</column>
</table>
</item>
</section>
</profile>
